gid_2,gid_1,state_name,county_name,county_name_norm,type_2,engtype_2,hasc_2,state_fips,is_waterbody,geom_type
USA.1.10_1,USA.1_1,Alabama,Cherokee,cherokee,County,County,US.AL.CH,01,0,MultiPolygon
USA.1.11_1,USA.1_1,Alabama,Chilton,chilton,County,County,US.AL.CI,01,0,MultiPolygon
USA.1.12_1,USA.1_1,Alabama,Choctaw,choctaw,County,County,US.AL.CC,01,0,MultiPolygon
USA.1.13_1,USA.1_1,Alabama,Clarke,clarke,County,County,US.AL.CK,01,0,MultiPolygon
USA.1.14_1,USA.1_1,Alabama,Clay,clay,County,County,US.AL.CY,01,0,MultiPolygon
USA.1.15_1,USA.1_1,Alabama,Cleburne,cleburne,County,County,US.AL.CB,01,0,MultiPolygon
USA.1.16_1,USA.1_1,Alabama,Coffee,coffee,County,County,US.AL.CF,01,0,MultiPolygon
USA.1.17_1,USA.1_1,Alabama,Colbert,colbert,County,County,US.AL.CL,01,0,MultiPolygon
USA.1.18_1,USA.1_1,Alabama,Conecuh,conecuh,County,County,US.AL.CO,01,0,MultiPolygon
USA.1.19_1,USA.1_1,Alabama,Coosa,coosa,County,County,US.AL.CS,01,0,MultiPolygon
USA.1.1_1,USA.1_1,Alabama,Autauga,autauga,County,County,US.AL.AU,01,0,MultiPolygon
USA.1.20_1,USA.1_1,Alabama,Covington,covington,County,County,US.AL.CV,01,0,MultiPolygon
USA.1.21_1,USA.1_1,Alabama,Crenshaw,crenshaw,County,County,US.AL.CA,01,0,MultiPolygon
USA.1.22_1,USA.1_1,Alabama,Cullman,cullman,County,County,US.AL.CU,01,0,MultiPolygon
USA.1.23_1,USA.1_1,Alabama,Dale,dale,County,County,US.AL.DE,01,0,MultiPolygon
USA.1.24_1,USA.1_1,Alabama,Dallas,dallas,County,County,US.AL.DL,01,0,MultiPolygon
USA.1.25_1,USA.1_1,Alabama,DeKalb,dekalb,County,County,US.AL.DA,01,0,MultiPolygon
USA.1.26_1,USA.1_1,Alabama,Elmore,elmore,County,County,US.AL.EL,01,0,MultiPolygon
USA.1.27_1,USA.1_1,Alabama,Escambia,escambia,County,County,US.AL.ES,01,0,MultiPolygon
USA.1.28_1,USA.1_1,Alabama,Etowah,etowah,County,County,US.AL.ET,01,0,MultiPolygon
USA.1.29_1,USA.1_1,Alabama,Fayette,fayette,County,County,US.AL.FA,01,0,MultiPolygon
USA.1.2_1,USA.1_1,Alabama,Baldwin,baldwin,County,County,US.AL.BD,01,0,MultiPolygon
USA.1.30_1,USA.1_1,Alabama,Franklin,franklin,County,County,US.AL.FR,01,0,MultiPolygon
USA.1.31_1,USA.1_1,Alabama,Geneva,geneva,County,County,US.AL.GE,01,0,MultiPolygon
USA.1.32_1,USA.1_1,Alabama,Greene,greene,County,County,US.AL.GR,01,0,MultiPolygon
USA.1.33_1,USA.1_1,Alabama,Hale,hale,County,County,US.AL.HA,01,0,MultiPolygon
USA.1.34_1,USA.1_1,Alabama,Henry,henry,County,County,US.AL.HE,01,0,MultiPolygon
USA.1.35_1,USA.1_1,Alabama,Houston,houston,County,County,US.AL.HO,01,0,MultiPolygon
USA.1.36_1,USA.1_1,Alabama,Jackson,jackson,County,County,US.AL.JA,01,0,MultiPolygon
USA.1.37_1,USA.1_1,Alabama,Jefferson,jefferson,County,County,US.AL.JE,01,0,MultiPolygon
USA.1.38_1,USA.1_1,Alabama,Lamar,lamar,County,County,US.AL.LM,01,0,MultiPolygon
USA.1.39_1,USA.1_1,Alabama,Lauderdale,lauderdale,County,County,US.AL.LU,01,0,MultiPolygon
USA.1.3_1,USA.1_1,Alabama,Barbour,barbour,County,County,US.AL.BR,01,0,MultiPolygon
USA.1.40_1,USA.1_1,Alabama,Lawrence,lawrence,County,County,US.AL.LW,01,0,MultiPolygon
USA.1.41_1,USA.1_1,Alabama,Lee,lee,County,County,US.AL.LE,01,0,MultiPolygon
USA.1.42_1,USA.1_1,Alabama,Limestone,limestone,County,County,US.AL.LI,01,0,MultiPolygon
USA.1.43_1,USA.1_1,Alabama,Lowndes,lowndes,County,County,US.AL.LO,01,0,MultiPolygon
USA.1.44_1,USA.1_1,Alabama,Macon,macon,County,County,US.AL.MC,01,0,MultiPolygon
USA.1.45_1,USA.1_1,Alabama,Madison,madison,County,County,US.AL.MD,01,0,MultiPolygon
USA.1.46_1,USA.1_1,Alabama,Marengo,marengo,County,County,US.AL.ME,01,0,MultiPolygon
USA.1.47_1,USA.1_1,Alabama,Marion,marion,County,County,US.AL.MI,01,0,MultiPolygon
USA.1.48_1,USA.1_1,Alabama,Marshall,marshall,County,County,US.AL.MS,01,0,MultiPolygon
USA.1.49_1,USA.1_1,Alabama,Mobile,mobile,County,County,US.AL.MB,01,0,MultiPolygon
USA.1.4_1,USA.1_1,Alabama,Bibb,bibb,County,County,US.AL.BI,01,0,MultiPolygon
USA.1.50_1,USA.1_1,Alabama,Monroe,monroe,County,County,US.AL.MR,01,0,MultiPolygon
USA.1.51_1,USA.1_1,Alabama,Montgomery,montgomery,County,County,US.AL.MT,01,0,MultiPolygon
USA.1.52_1,USA.1_1,Alabama,Morgan,morgan,County,County,US.AL.MG,01,0,MultiPolygon
USA.1.53_1,USA.1_1,Alabama,Perry,perry,County,County,US.AL.PE,01,0,MultiPolygon
USA.1.54_1,USA.1_1,Alabama,Pickens,pickens,County,County,US.AL.PC,01,0,MultiPolygon
USA.1.55_1,USA.1_1,Alabama,Pike,pike,County,County,US.AL.PK,01,0,MultiPolygon
USA.1.56_1,USA.1_1,Alabama,Randolph,randolph,County,County,US.AL.RA,01,0,MultiPolygon
USA.1.57_1,USA.1_1,Alabama,Russell,russell,County,County,US.AL.RU,01,0,MultiPolygon
USA.1.58_1,USA.1_1,Alabama,SaintClair,saintclair,County,County,US.AL.SA,01,0,MultiPolygon
USA.1.59_1,USA.1_1,Alabama,Shelby,shelby,County,County,US.AL.SH,01,0,MultiPolygon
USA.1.5_1,USA.1_1,Alabama,Blount,blount,County,County,US.AL.BU,01,0,MultiPolygon
USA.1.60_1,USA.1_1,Alabama,Sumter,sumter,County,County,US.AL.SU,01,0,MultiPolygon
USA.1.61_1,USA.1_1,Alabama,Talladega,talladega,County,County,US.AL.TD,01,0,MultiPolygon
USA.1.62_1,USA.1_1,Alabama,Tallapoosa,tallapoosa,County,County,US.AL.TP,01,0,MultiPolygon
USA.1.63_1,USA.1_1,Alabama,Tuscaloosa,tuscaloosa,County,County,US.AL.TU,01,0,MultiPolygon
USA.1.64_1,USA.1_1,Alabama,Walker,walker,County,County,US.AL.WK,01,0,MultiPolygon
USA.1.65_1,USA.1_1,Alabama,Washington,washington,County,County,US.AL.WS,01,0,MultiPolygon
USA.1.66_1,USA.1_1,Alabama,Wilcox,wilcox,County,County,US.AL.WC,01,0,MultiPolygon
USA.1.67_1,USA.1_1,Alabama,Winston,winston,County,County,US.AL.WN,01,0,MultiPolygon
USA.1.6_1,USA.1_1,Alabama,Bullock,bullock,County,County,US.AL.BL,01,0,MultiPolygon
USA.1.7_1,USA.1_1,Alabama,Butler,butler,County,County,US.AL.BT,01,0,MultiPolygon
USA.1.8_1,USA.1_1,Alabama,Calhoun,calhoun,County,County,US.AL.CN,01,0,MultiPolygon
USA.1.9_1,USA.1_1,Alabama,Chambers,chambers,County,County,US.AL.CM,01,0,MultiPolygon
USA.2.10_1,USA.2_1,Alaska,Juneau,juneau,CityAndBorough,CityandBorough,US.AK.JU,02,0,MultiPolygon
USA.2.11_1,USA.2_1,Alaska,KenaiPeninsula,kenaipeninsula,Borough,Borough,US.AK.KN,02,0,MultiPolygon
USA.2.12_1,USA.2_1,Alaska,KetchikanGateway,ketchikangateway,Borough,Borough,US.AK.KT,02,0,MultiPolygon
USA.2.13_1,USA.2_1,Alaska,KodiakIsland,kodiakisland,Borough,Borough,US.AK.KO,02,0,MultiPolygon
USA.2.14_1,USA.2_1,Alaska,LakeandPeninsula,lakeandpeninsula,Borough,Borough,US.AK.LA,02,0,MultiPolygon
USA.2.15_1,USA.2_1,Alaska,Matanuska-Susitna,matanuskasusitna,Borough,Borough,US.AK.MA,02,0,MultiPolygon
USA.2.16_1,USA.2_1,Alaska,Nome,nome,CensusArea,CensusArea,US.AK.NM,02,0,MultiPolygon
USA.2.17_1,USA.2_1,Alaska,NorthSlope,northslope,Borough,Borough,US.AK.NH,02,0,MultiPolygon
USA.2.18_1,USA.2_1,Alaska,NorthwestArctic,northwestarctic,Borough,Borough,US.AK.NW,02,0,MultiPolygon
USA.2.19_1,USA.2_1,Alaska,PrinceofWales-OuterKetchi,princeofwalesouterketchi,CensusArea,CensusArea,US.AK.PR,02,0,MultiPolygon
USA.2.1_1,USA.2_1,Alaska,AleutiansEast,aleutianseast,Borough,Borough,US.AK.AE,02,0,MultiPolygon
USA.2.20_1,USA.2_1,Alaska,Sitka,sitka,CityAndBorough,CityandBorough,US.AK.SI,02,0,MultiPolygon
USA.2.21_1,USA.2_1,Alaska,Skagway-Yakutat-Angoon,skagwayyakutatangoon,CensusArea,CensusArea,US.AK.SK,02,0,MultiPolygon
USA.2.22_1,USA.2_1,Alaska,SoutheastFairbanks,southeastfairbanks,CensusArea,CensusArea,US.AK.SO,02,0,MultiPolygon
USA.2.23_1,USA.2_1,Alaska,Valdez-Cordova,valdezcordova,CensusArea,CensusArea,US.AK.VA,02,0,MultiPolygon
USA.2.24_1,USA.2_1,Alaska,WadeHampton,wadehampton,CensusArea,CensusArea,US.AK.WA,02,0,MultiPolygon
USA.2.25_1,USA.2_1,Alaska,Wrangell-Petersburg,wrangellpetersburg,CensusArea,CensusArea,US.AK.WR,02,0,MultiPolygon
USA.2.26_1,USA.2_1,Alaska,Yukon-Koyukuk,yukonkoyukuk,CensusArea,CensusArea,US.AK.YU,02,0,MultiPolygon
USA.2.2_1,USA.2_1,Alaska,AleutiansWest,aleutianswest,CensusArea,CensusArea,US.AK.AW,02,0,MultiPolygon
USA.2.3_1,USA.2_1,Alaska,Anchorage,anchorage,Municipality,Municipality,US.AK.AN,02,0,MultiPolygon
USA.2.4_1,USA.2_1,Alaska,Bethel,bethel,CensusArea,CensusArea,US.AK.BE,02,0,MultiPolygon
USA.2.5_1,USA.2_1,Alaska,BristolBay,bristolbay,Borough,Borough,US.AK.BR,02,0,MultiPolygon
USA.2.6_1,USA.2_1,Alaska,Denali,denali,Borough,Borough,US.AK.DE,02,0,MultiPolygon
USA.2.7_1,USA.2_1,Alaska,Dillingham,dillingham,CensusArea,CensusArea,US.AK.DI,02,0,MultiPolygon
USA.2.8_1,USA.2_1,Alaska,FairbanksNorthStar,fairbanksnorthstar,Borough,Borough,US.AK.FA,02,0,MultiPolygon
USA.2.9_1,USA.2_1,Alaska,Haines,haines,Borough,Borough,US.AK.HA,02,0,MultiPolygon
USA.3.10_1,USA.3_1,Arizona,Navajo,navajo,County,County,US.AZ.NA,04,0,MultiPolygon
USA.3.11_1,USA.3_1,Arizona,Pima,pima,County,County,US.AZ.PM,04,0,MultiPolygon
USA.3.12_1,USA.3_1,Arizona,Pinal,pinal,County,County,US.AZ.PN,04,0,MultiPolygon
USA.3.13_1,USA.3_1,Arizona,SantaCruz,santacruz,County,County,US.AZ.SA,04,0,MultiPolygon
USA.3.14_1,USA.3_1,Arizona,Yavapai,yavapai,County,County,US.AZ.YA,04,0,MultiPolygon
USA.3.15_1,USA.3_1,Arizona,Yuma,yuma,County,County,US.AZ.YU,04,0,MultiPolygon
USA.3.1_1,USA.3_1,Arizona,Apache,apache,County,County,US.AZ.AP,04,0,MultiPolygon
USA.3.2_1,USA.3_1,Arizona,Cochise,cochise,County,County,US.AZ.CH,04,0,MultiPolygon
USA.3.3_1,USA.3_1,Arizona,Coconino,coconino,County,County,US.AZ.CO,04,0,MultiPolygon
USA.3.4_1,USA.3_1,Arizona,Gila,gila,County,County,US.AZ.GI,04,0,MultiPolygon
USA.3.5_1,USA.3_1,Arizona,Graham,graham,County,County,US.AZ.GA,04,0,MultiPolygon
USA.3.6_1,USA.3_1,Arizona,Greenlee,greenlee,County,County,US.AZ.GE,04,0,MultiPolygon
USA.3.7_1,USA.3_1,Arizona,LaPaz,lapaz,County,County,US.AZ.LA,04,0,MultiPolygon
USA.3.8_1,USA.3_1,Arizona,Maricopa,maricopa,County,County,US.AZ.MA,04,0,MultiPolygon
USA.3.9_1,USA.3_1,Arizona,Mohave,mohave,County,County,US.AZ.MO,04,0,MultiPolygon
USA.4.10_1,USA.4_1,Arkansas,Clark,clark,County,County,US.AR.CK,05,0,MultiPolygon
USA.4.11_1,USA.4_1,Arkansas,Clay,clay,County,County,US.AR.CY,05,0,MultiPolygon
USA.4.12_1,USA.4_1,Arkansas,Cleburne,cleburne,County,County,US.AR.CB,05,0,MultiPolygon
USA.4.13_1,USA.4_1,Arkansas,Cleveland,cleveland,County,County,US.AR.CV,05,0,MultiPolygon
USA.4.14_1,USA.4_1,Arkansas,Columbia,columbia,County,County,US.AR.CI,05,0,MultiPolygon
USA.4.15_1,USA.4_1,Arkansas,Conway,conway,County,County,US.AR.CN,05,0,MultiPolygon
USA.4.16_1,USA.4_1,Arkansas,Craighead,craighead,County,County,US.AR.CG,05,0,MultiPolygon
USA.4.17_1,USA.4_1,Arkansas,Crawford,crawford,County,County,US.AR.CW,05,0,MultiPolygon
USA.4.18_1,USA.4_1,Arkansas,Crittenden,crittenden,County,County,US.AR.CD,05,0,MultiPolygon
USA.4.19_1,USA.4_1,Arkansas,Cross,cross,County,County,US.AR.CO,05,0,MultiPolygon
USA.4.1_1,USA.4_1,Arkansas,Arkansas,arkansas,County,County,US.AR.AR,05,0,MultiPolygon
USA.4.20_1,USA.4_1,Arkansas,Dallas,dallas,County,County,US.AR.DA,05,0,MultiPolygon
USA.4.21_1,USA.4_1,Arkansas,Desha,desha,County,County,US.AR.DE,05,0,MultiPolygon
USA.4.22_1,USA.4_1,Arkansas,Drew,drew,County,County,US.AR.DR,05,0,MultiPolygon
USA.4.23_1,USA.4_1,Arkansas,Faulkner,faulkner,County,County,US.AR.FA,05,0,MultiPolygon
USA.4.24_1,USA.4_1,Arkansas,Franklin,franklin,County,County,US.AR.FR,05,0,MultiPolygon
USA.4.25_1,USA.4_1,Arkansas,Fulton,fulton,County,County,US.AR.FU,05,0,MultiPolygon
USA.4.26_1,USA.4_1,Arkansas,Garland,garland,County,County,US.AR.GL,05,0,MultiPolygon
USA.4.27_1,USA.4_1,Arkansas,Grant,grant,County,County,US.AR.GN,05,0,MultiPolygon
USA.4.28_1,USA.4_1,Arkansas,Greene,greene,County,County,US.AR.GE,05,0,MultiPolygon
USA.4.29_1,USA.4_1,Arkansas,Hempstead,hempstead,County,County,US.AR.HE,05,0,MultiPolygon
USA.4.2_1,USA.4_1,Arkansas,Ashley,ashley,County,County,US.AR.AS,05,0,MultiPolygon
USA.4.30_1,USA.4_1,Arkansas,HotSpring,hotspring,County,County,US.AR.HT,05,0,MultiPolygon
USA.4.31_1,USA.4_1,Arkansas,Howard,howard,County,County,US.AR.HW,05,0,MultiPolygon
USA.4.32_1,USA.4_1,Arkansas,Independence,independence,County,County,US.AR.IN,05,0,MultiPolygon
USA.4.33_1,USA.4_1,Arkansas,Izard,izard,County,County,US.AR.IZ,05,0,MultiPolygon
USA.4.34_1,USA.4_1,Arkansas,Jackson,jackson,County,County,US.AR.JA,05,0,MultiPolygon
USA.4.35_1,USA.4_1,Arkansas,Jefferson,jefferson,County,County,US.AR.JE,05,0,MultiPolygon
USA.4.36_1,USA.4_1,Arkansas,Johnson,johnson,County,County,US.AR.JO,05,0,MultiPolygon
USA.4.37_1,USA.4_1,Arkansas,Lafayette,lafayette,County,County,US.AR.LF,05,0,MultiPolygon
USA.4.38_1,USA.4_1,Arkansas,Lawrence,lawrence,County,County,US.AR.LW,05,0,MultiPolygon
USA.4.39_1,USA.4_1,Arkansas,Lee,lee,County,County,US.AR.LE,05,0,MultiPolygon
USA.4.3_1,USA.4_1,Arkansas,Baxter,baxter,County,County,US.AR.BA,05,0,MultiPolygon
USA.4.40_1,USA.4_1,Arkansas,Lincoln,lincoln,County,County,US.AR.LC,05,0,MultiPolygon
USA.4.41_1,USA.4_1,Arkansas,LittleRiver,littleriver,County,County,US.AR.LT,05,0,MultiPolygon
USA.4.42_1,USA.4_1,Arkansas,Logan,logan,County,County,US.AR.LG,05,0,MultiPolygon
USA.4.43_1,USA.4_1,Arkansas,Lonoke,lonoke,County,County,US.AR.LO,05,0,MultiPolygon
USA.4.44_1,USA.4_1,Arkansas,Madison,madison,County,County,US.AR.MD,05,0,MultiPolygon
USA.4.45_1,USA.4_1,Arkansas,Marion,marion,County,County,US.AR.MN,05,0,MultiPolygon
USA.4.46_1,USA.4_1,Arkansas,Miller,miller,County,County,US.AR.ML,05,0,MultiPolygon
USA.4.47_1,USA.4_1,Arkansas,Mississippi,mississippi,County,County,US.AR.MS,05,0,MultiPolygon
USA.4.48_1,USA.4_1,Arkansas,Monroe,monroe,County,County,US.AR.ME,05,0,MultiPolygon
USA.4.49_1,USA.4_1,Arkansas,Montgomery,montgomery,County,County,US.AR.MT,05,0,MultiPolygon
USA.4.4_1,USA.4_1,Arkansas,Benton,benton,County,County,US.AR.BE,05,0,MultiPolygon
USA.4.50_1,USA.4_1,Arkansas,Nevada,nevada,County,County,US.AR.NV,05,0,MultiPolygon
USA.4.51_1,USA.4_1,Arkansas,Newton,newton,County,County,US.AR.NW,05,0,MultiPolygon
USA.4.52_1,USA.4_1,Arkansas,Ouachita,ouachita,County,County,US.AR.OU,05,0,MultiPolygon
USA.4.53_1,USA.4_1,Arkansas,Perry,perry,County,County,US.AR.PY,05,0,MultiPolygon
USA.4.54_1,USA.4_1,Arkansas,Phillips,phillips,County,County,US.AR.PH,05,0,MultiPolygon
USA.4.55_1,USA.4_1,Arkansas,Pike,pike,County,County,US.AR.PE,05,0,MultiPolygon
USA.4.56_1,USA.4_1,Arkansas,Poinsett,poinsett,County,County,US.AR.PN,05,0,MultiPolygon
USA.4.57_1,USA.4_1,Arkansas,Polk,polk,County,County,US.AR.PL,05,0,MultiPolygon
USA.4.58_1,USA.4_1,Arkansas,Pope,pope,County,County,US.AR.PP,05,0,MultiPolygon
USA.4.59_1,USA.4_1,Arkansas,Prairie,prairie,County,County,US.AR.PR,05,0,MultiPolygon
USA.4.5_1,USA.4_1,Arkansas,Boone,boone,County,County,US.AR.BO,05,0,MultiPolygon
USA.4.60_1,USA.4_1,Arkansas,Pulaski,pulaski,County,County,US.AR.PU,05,0,MultiPolygon
USA.4.61_1,USA.4_1,Arkansas,Randolph,randolph,County,County,US.AR.RA,05,0,MultiPolygon
USA.4.62_1,USA.4_1,Arkansas,SaintFrancis,saintfrancis,County,County,US.AR.SI,05,0,MultiPolygon
USA.4.63_1,USA.4_1,Arkansas,Saline,saline,County,County,US.AR.SL,05,0,MultiPolygon
USA.4.64_1,USA.4_1,Arkansas,Scott,scott,County,County,US.AR.SC,05,0,MultiPolygon
USA.4.65_1,USA.4_1,Arkansas,Searcy,searcy,County,County,US.AR.SA,05,0,MultiPolygon
USA.4.66_1,USA.4_1,Arkansas,Sebastian,sebastian,County,County,US.AR.SB,05,0,MultiPolygon
USA.4.67_1,USA.4_1,Arkansas,Sevier,sevier,County,County,US.AR.SV,05,0,MultiPolygon
USA.4.68_1,USA.4_1,Arkansas,Sharp,sharp,County,County,US.AR.SH,05,0,MultiPolygon
USA.4.69_1,USA.4_1,Arkansas,Stone,stone,County,County,US.AR.ST,05,0,MultiPolygon
USA.4.6_1,USA.4_1,Arkansas,Bradley,bradley,County,County,US.AR.BR,05,0,MultiPolygon
USA.4.70_1,USA.4_1,Arkansas,Union,union,County,County,US.AR.UN,05,0,MultiPolygon
USA.4.71_1,USA.4_1,Arkansas,VanBuren,vanburen,County,County,US.AR.VA,05,0,MultiPolygon
USA.4.72_1,USA.4_1,Arkansas,Washington,washington,County,County,US.AR.WA,05,0,MultiPolygon
USA.4.73_1,USA.4_1,Arkansas,White,white,County,County,US.AR.WH,05,0,MultiPolygon
USA.4.74_1,USA.4_1,Arkansas,Woodruff,woodruff,County,County,US.AR.WO,05,0,MultiPolygon
USA.4.75_1,USA.4_1,Arkansas,Yell,yell,County,County,US.AR.YE,05,0,MultiPolygon
USA.4.7_1,USA.4_1,Arkansas,Calhoun,calhoun,County,County,US.AR.CA,05,0,MultiPolygon
USA.4.8_1,USA.4_1,Arkansas,Carroll,carroll,County,County,US.AR.CL,05,0,MultiPolygon
USA.4.9_1,USA.4_1,Arkansas,Chicot,chicot,County,County,US.AR.CT,05,0,MultiPolygon
USA.5.10_1,USA.5_1,California,Fresno,fresno,County,County,US.CA.FR,06,0,MultiPolygon
USA.5.11_1,USA.5_1,California,Glenn,glenn,County,County,US.CA.GL,06,0,MultiPolygon
USA.5.12_1,USA.5_1,California,Humboldt,humboldt,County,County,US.CA.HU,06,0,MultiPolygon
USA.5.13_1,USA.5_1,California,Imperial,imperial,County,County,US.CA.IM,06,0,MultiPolygon
USA.5.14_1,USA.5_1,California,Inyo,inyo,County,County,US.CA.IN,06,0,MultiPolygon
USA.5.15_1,USA.5_1,California,Kern,kern,County,County,US.CA.KE,06,0,MultiPolygon
USA.5.16_1,USA.5_1,California,Kings,kings,County,County,US.CA.KI,06,0,MultiPolygon
USA.5.17_1,USA.5_1,California,Lake,lake,County,County,US.CA.LK,06,0,MultiPolygon
USA.5.18_1,USA.5_1,California,Lassen,lassen,County,County,US.CA.LS,06,0,MultiPolygon
USA.5.19_1,USA.5_1,California,LosAngeles,losangeles,County,County,US.CA.LO,06,0,MultiPolygon
USA.5.1_1,USA.5_1,California,Alameda,alameda,County,County,US.CA.AA,06,0,MultiPolygon
USA.5.20_1,USA.5_1,California,Madera,madera,County,County,US.CA.ME,06,0,MultiPolygon
USA.5.21_1,USA.5_1,California,Marin,marin,County,County,US.CA.MN,06,0,MultiPolygon
USA.5.22_1,USA.5_1,California,Mariposa,mariposa,County,County,US.CA.MP,06,0,MultiPolygon
USA.5.23_1,USA.5_1,California,Mendocino,mendocino,County,County,US.CA.MI,06,0,MultiPolygon
USA.5.24_1,USA.5_1,California,Merced,merced,County,County,US.CA.MD,06,0,MultiPolygon
USA.5.25_1,USA.5_1,California,Modoc,modoc,County,County,US.CA.MC,06,0,MultiPolygon
USA.5.26_1,USA.5_1,California,Mono,mono,County,County,US.CA.MO,06,0,MultiPolygon
USA.5.27_1,USA.5_1,California,Monterey,monterey,County,County,US.CA.MT,06,0,MultiPolygon
USA.5.28_1,USA.5_1,California,Napa,napa,County,County,US.CA.NA,06,0,MultiPolygon
USA.5.29_1,USA.5_1,California,Nevada,nevada,County,County,US.CA.NE,06,0,MultiPolygon
USA.5.2_1,USA.5_1,California,Alpine,alpine,County,County,US.CA.AP,06,0,MultiPolygon
USA.5.30_1,USA.5_1,California,Orange,orange,County,County,US.CA.OR,06,0,MultiPolygon
USA.5.31_1,USA.5_1,California,Placer,placer,County,County,US.CA.PA,06,0,MultiPolygon
USA.5.32_1,USA.5_1,California,Plumas,plumas,County,County,US.CA.PU,06,0,MultiPolygon
USA.5.33_1,USA.5_1,California,Riverside,riverside,County,County,US.CA.RI,06,0,MultiPolygon
USA.5.34_1,USA.5_1,California,Sacramento,sacramento,County,County,US.CA.SC,06,0,MultiPolygon
USA.5.35_1,USA.5_1,California,SanBenito,sanbenito,County,County,US.CA.SI,06,0,MultiPolygon
USA.5.36_1,USA.5_1,California,SanBernardino,sanbernardino,County,County,US.CA.SA,06,0,MultiPolygon
USA.5.37_1,USA.5_1,California,SanDiego,sandiego,County,County,US.CA.SD,06,0,MultiPolygon
USA.5.38_1,USA.5_1,California,SanFrancisco,sanfrancisco,County,County,US.CA.SF,06,0,MultiPolygon
USA.5.39_1,USA.5_1,California,SanJoaquin,sanjoaquin,County,County,US.CA.SJ,06,0,MultiPolygon
USA.5.3_1,USA.5_1,California,Amador,amador,County,County,US.CA.AM,06,0,MultiPolygon
USA.5.40_1,USA.5_1,California,SanLuisObispo,sanluisobispo,County,County,US.CA.SS,06,0,MultiPolygon
USA.5.41_1,USA.5_1,California,SanMateo,sanmateo,County,County,US.CA.SM,06,0,MultiPolygon
USA.5.42_1,USA.5_1,California,SantaBarbara,santabarbara,County,County,US.CA.SB,06,0,MultiPolygon
USA.5.43_1,USA.5_1,California,SantaClara,santaclara,County,County,US.CA.SL,06,0,MultiPolygon
USA.5.44_1,USA.5_1,California,SantaCruz,santacruz,County,County,US.CA.SZ,06,0,MultiPolygon
USA.5.45_1,USA.5_1,California,Shasta,shasta,County,County,US.CA.SH,06,0,MultiPolygon
USA.5.46_1,USA.5_1,California,Sierra,sierra,County,County,US.CA.SE,06,0,MultiPolygon
USA.5.47_1,USA.5_1,California,Siskiyou,siskiyou,County,County,US.CA.SK,06,0,MultiPolygon
USA.5.48_1,USA.5_1,California,Solano,solano,County,County,US.CA.SN,06,0,MultiPolygon
USA.5.49_1,USA.5_1,California,Sonoma,sonoma,County,County,US.CA.SO,06,0,MultiPolygon
USA.5.4_1,USA.5_1,California,Butte,butte,County,County,US.CA.BU,06,0,MultiPolygon
USA.5.50_1,USA.5_1,California,Stanislaus,stanislaus,County,County,US.CA.ST,06,0,MultiPolygon
USA.5.51_1,USA.5_1,California,Sutter,sutter,County,County,US.CA.SU,06,0,MultiPolygon
USA.5.52_1,USA.5_1,California,Tehama,tehama,County,County,US.CA.TE,06,0,MultiPolygon
USA.5.53_1,USA.5_1,California,Trinity,trinity,County,County,US.CA.TR,06,0,MultiPolygon
USA.5.54_1,USA.5_1,California,Tulare,tulare,County,County,US.CA.TL,06,0,MultiPolygon
USA.5.55_1,USA.5_1,California,Tuolumne,tuolumne,County,County,US.CA.TO,06,0,MultiPolygon
USA.5.56_1,USA.5_1,California,Ventura,ventura,County,County,US.CA.VE,06,0,MultiPolygon
USA.5.57_1,USA.5_1,California,Yolo,yolo,County,County,US.CA.YO,06,0,MultiPolygon
USA.5.58_1,USA.5_1,California,Yuba,yuba,County,County,US.CA.YU,06,0,MultiPolygon
USA.5.5_1,USA.5_1,California,Calaveras,calaveras,County,County,US.CA.CA,06,0,MultiPolygon
USA.5.6_1,USA.5_1,California,Colusa,colusa,County,County,US.CA.CL,06,0,MultiPolygon
USA.5.7_1,USA.5_1,California,ContraCosta,contracosta,County,County,US.CA.CN,06,0,MultiPolygon
USA.5.8_1,USA.5_1,California,DelNorte,delnorte,County,County,US.CA.DE,06,0,MultiPolygon
USA.5.9_1,USA.5_1,California,ElDorado,eldorado,County,County,US.CA.EL,06,0,MultiPolygon
USA.6.10_1,USA.6_1,Colorado,Cheyenne,cheyenne,County,County,US.CO.CE,08,0,MultiPolygon
USA.6.11_1,USA.6_1,Colorado,ClearCreek,clearcreek,County,County,US.CO.CL,08,0,MultiPolygon
USA.6.12_1,USA.6_1,Colorado,Conejos,conejos,County,County,US.CO.CN,08,0,MultiPolygon
USA.6.13_1,USA.6_1,Colorado,Costilla,costilla,County,County,US.CO.CS,08,0,MultiPolygon
USA.6.14_1,USA.6_1,Colorado,Crowley,crowley,County,County,US.CO.CR,08,0,MultiPolygon
USA.6.15_1,USA.6_1,Colorado,Custer,custer,County,County,US.CO.CU,08,0,MultiPolygon
USA.6.16_1,USA.6_1,Colorado,Delta,delta,County,County,US.CO.DT,08,0,MultiPolygon
USA.6.17_1,USA.6_1,Colorado,Denver,denver,County,County,US.CO.DN,08,0,MultiPolygon
USA.6.18_1,USA.6_1,Colorado,Dolores,dolores,County,County,US.CO.DO,08,0,MultiPolygon
USA.6.19_1,USA.6_1,Colorado,Douglas,douglas,County,County,US.CO.DU,08,0,MultiPolygon
USA.6.1_1,USA.6_1,Colorado,Adams,adams,County,County,US.CO.AD,08,0,MultiPolygon
USA.6.20_1,USA.6_1,Colorado,Eagle,eagle,County,County,US.CO.EA,08,0,MultiPolygon
USA.6.21_1,USA.6_1,Colorado,ElPaso,elpaso,County,County,US.CO.EL,08,0,MultiPolygon
USA.6.22_1,USA.6_1,Colorado,Elbert,elbert,County,County,US.CO.EB,08,0,MultiPolygon
USA.6.23_1,USA.6_1,Colorado,Fremont,fremont,County,County,US.CO.FR,08,0,MultiPolygon
USA.6.24_1,USA.6_1,Colorado,Garfield,garfield,County,County,US.CO.GA,08,0,MultiPolygon
USA.6.25_1,USA.6_1,Colorado,Gilpin,gilpin,County,County,US.CO.GI,08,0,MultiPolygon
USA.6.26_1,USA.6_1,Colorado,Grand,grand,County,County,US.CO.GR,08,0,MultiPolygon
USA.6.27_1,USA.6_1,Colorado,Gunnison,gunnison,County,County,US.CO.GU,08,0,MultiPolygon
USA.6.28_1,USA.6_1,Colorado,Hinsdale,hinsdale,County,County,US.CO.HI,08,0,MultiPolygon
USA.6.29_1,USA.6_1,Colorado,Huerfano,huerfano,County,County,US.CO.HU,08,0,MultiPolygon
USA.6.2_1,USA.6_1,Colorado,Alamosa,alamosa,County,County,US.CO.AL,08,0,MultiPolygon
USA.6.30_1,USA.6_1,Colorado,Jackson,jackson,County,County,US.CO.JA,08,0,MultiPolygon
USA.6.31_1,USA.6_1,Colorado,Jefferson,jefferson,County,County,US.CO.JE,08,0,MultiPolygon
USA.6.32_1,USA.6_1,Colorado,Kiowa,kiowa,County,County,US.CO.KO,08,0,MultiPolygon
USA.6.33_1,USA.6_1,Colorado,KitCarson,kitcarson,County,County,US.CO.KT,08,0,MultiPolygon
USA.6.34_1,USA.6_1,Colorado,LaPlata,laplata,County,County,US.CO.LA,08,0,MultiPolygon
USA.6.35_1,USA.6_1,Colorado,Lake,lake,County,County,US.CO.LK,08,0,MultiPolygon
USA.6.36_1,USA.6_1,Colorado,Larimer,larimer,County,County,US.CO.LR,08,0,MultiPolygon
USA.6.37_1,USA.6_1,Colorado,LasAnimas,lasanimas,County,County,US.CO.LS,08,0,MultiPolygon
USA.6.38_1,USA.6_1,Colorado,Lincoln,lincoln,County,County,US.CO.LI,08,0,MultiPolygon
USA.6.39_1,USA.6_1,Colorado,Logan,logan,County,County,US.CO.LO,08,0,MultiPolygon
USA.6.3_1,USA.6_1,Colorado,Arapahoe,arapahoe,County,County,US.CO.AA,08,0,MultiPolygon
USA.6.40_1,USA.6_1,Colorado,Mesa,mesa,County,County,US.CO.ME,08,0,MultiPolygon
USA.6.41_1,USA.6_1,Colorado,Mineral,mineral,County,County,US.CO.MI,08,0,MultiPolygon
USA.6.42_1,USA.6_1,Colorado,Moffat,moffat,County,County,US.CO.MF,08,0,MultiPolygon
USA.6.43_1,USA.6_1,Colorado,Montezuma,montezuma,County,County,US.CO.MZ,08,0,MultiPolygon
USA.6.44_1,USA.6_1,Colorado,Montrose,montrose,County,County,US.CO.MO,08,0,MultiPolygon
USA.6.45_1,USA.6_1,Colorado,Morgan,morgan,County,County,US.CO.MN,08,0,MultiPolygon
USA.6.46_1,USA.6_1,Colorado,Otero,otero,County,County,US.CO.OT,08,0,MultiPolygon
USA.6.47_1,USA.6_1,Colorado,Ouray,ouray,County,County,US.CO.OU,08,0,MultiPolygon
USA.6.48_1,USA.6_1,Colorado,Park,park,County,County,US.CO.PA,08,0,MultiPolygon
USA.6.49_1,USA.6_1,Colorado,Phillips,phillips,County,County,US.CO.PH,08,0,MultiPolygon
USA.6.4_1,USA.6_1,Colorado,Archuleta,archuleta,County,County,US.CO.AC,08,0,MultiPolygon
USA.6.50_1,USA.6_1,Colorado,Pitkin,pitkin,County,County,US.CO.PI,08,0,MultiPolygon
USA.6.51_1,USA.6_1,Colorado,Prowers,prowers,County,County,US.CO.PR,08,0,MultiPolygon
USA.6.52_1,USA.6_1,Colorado,Pueblo,pueblo,County,County,US.CO.PU,08,0,MultiPolygon
USA.6.53_1,USA.6_1,Colorado,RioBlanco,rioblanco,County,County,US.CO.RB,08,0,MultiPolygon
USA.6.54_1,USA.6_1,Colorado,RioGrande,riogrande,County,County,US.CO.RG,08,0,MultiPolygon
USA.6.55_1,USA.6_1,Colorado,Routt,routt,County,County,US.CO.RT,08,0,MultiPolygon
USA.6.56_1,USA.6_1,Colorado,Saguache,saguache,County,County,US.CO.SG,08,0,MultiPolygon
USA.6.57_1,USA.6_1,Colorado,SanJuan,sanjuan,County,County,US.CO.SJ,08,0,MultiPolygon
USA.6.58_1,USA.6_1,Colorado,SanMiguel,sanmiguel,County,County,US.CO.SM,08,0,MultiPolygon
USA.6.59_1,USA.6_1,Colorado,Sedgwick,sedgwick,County,County,US.CO.SE,08,0,MultiPolygon
USA.6.5_1,USA.6_1,Colorado,Baca,baca,County,County,US.CO.BA,08,0,MultiPolygon
USA.6.60_1,USA.6_1,Colorado,Summit,summit,County,County,US.CO.SU,08,0,MultiPolygon
USA.6.61_1,USA.6_1,Colorado,Teller,teller,County,County,US.CO.TE,08,0,MultiPolygon
USA.6.62_1,USA.6_1,Colorado,Washington,washington,County,County,US.CO.WA,08,0,MultiPolygon
USA.6.63_1,USA.6_1,Colorado,Weld,weld,County,County,US.CO.WE,08,0,MultiPolygon
USA.6.64_1,USA.6_1,Colorado,Yuma,yuma,County,County,US.CO.YU,08,0,MultiPolygon
USA.6.6_1,USA.6_1,Colorado,Bent,bent,County,County,US.CO.BE,08,0,MultiPolygon
USA.6.7_1,USA.6_1,Colorado,Boulder,boulder,County,County,US.CO.BO,08,0,MultiPolygon
USA.6.8_1,USA.6_1,Colorado,Broomfield,broomfield,CityAndCounty,CityandCounty,US.CO.BR,08,0,MultiPolygon
USA.6.9_1,USA.6_1,Colorado,Chaffee,chaffee,County,County,US.CO.CA,08,0,MultiPolygon
USA.7.1_1,USA.7_1,Connecticut,Fairfield,fairfield,County,County,US.CT.FA,09,0,MultiPolygon
USA.7.2_1,USA.7_1,Connecticut,Hartford,hartford,County,County,US.CT.HA,09,0,MultiPolygon
USA.7.3_1,USA.7_1,Connecticut,Litchfield,litchfield,County,County,US.CT.LI,09,0,MultiPolygon
USA.7.4_1,USA.7_1,Connecticut,Middlesex,middlesex,County,County,US.CT.MI,09,0,MultiPolygon
USA.7.5_1,USA.7_1,Connecticut,NewHaven,newhaven,County,County,US.CT.NH,09,0,MultiPolygon
USA.7.6_1,USA.7_1,Connecticut,NewLondon,newlondon,County,County,US.CT.NL,09,0,MultiPolygon
USA.7.7_1,USA.7_1,Connecticut,Tolland,tolland,County,County,US.CT.TO,09,0,MultiPolygon
USA.7.8_1,USA.7_1,Connecticut,Windham,windham,County,County,US.CT.WI,09,0,MultiPolygon
USA.8.1_1,USA.8_1,Delaware,Kent,kent,County,County,US.DE.KE,10,0,MultiPolygon
USA.8.2_1,USA.8_1,Delaware,NewCastle,newcastle,County,County,US.DE.NE,10,0,MultiPolygon
USA.8.3_1,USA.8_1,Delaware,Sussex,sussex,County,County,US.DE.SU,10,0,MultiPolygon
USA.9.1_1,USA.9_1,DistrictofColumbia,DistrictofColumbia,districtofcolumbia,District,District,US.DC.DI,11,0,MultiPolygon
USA.10.10_1,USA.10_1,Florida,Clay,clay,County,County,US.FL.CY,12,0,MultiPolygon
USA.10.11_1,USA.10_1,Florida,Collier,collier,County,County,US.FL.CL,12,0,MultiPolygon
USA.10.12_1,USA.10_1,Florida,Columbia,columbia,County,County,US.FL.CU,12,0,MultiPolygon
USA.10.13_1,USA.10_1,Florida,Desoto,desoto,County,County,US.FL.DE,12,0,MultiPolygon
USA.10.14_1,USA.10_1,Florida,Dixie,dixie,County,County,US.FL.DI,12,0,MultiPolygon
USA.10.15_1,USA.10_1,Florida,Duval,duval,County,County,US.FL.DU,12,0,MultiPolygon
USA.10.16_1,USA.10_1,Florida,Escambia,escambia,County,County,US.FL.ES,12,0,MultiPolygon
USA.10.17_1,USA.10_1,Florida,Flagler,flagler,County,County,US.FL.FL,12,0,MultiPolygon
USA.10.18_1,USA.10_1,Florida,Franklin,franklin,County,County,US.FL.FR,12,0,MultiPolygon
USA.10.19_1,USA.10_1,Florida,Gadsden,gadsden,County,County,US.FL.GA,12,0,MultiPolygon
USA.10.1_1,USA.10_1,Florida,Alachua,alachua,County,County,US.FL.AL,12,0,MultiPolygon
USA.10.20_1,USA.10_1,Florida,Gilchrist,gilchrist,County,County,US.FL.GI,12,0,MultiPolygon
USA.10.21_1,USA.10_1,Florida,Glades,glades,County,County,US.FL.GL,12,0,MultiPolygon
USA.10.22_1,USA.10_1,Florida,Gulf,gulf,County,County,US.FL.GU,12,0,MultiPolygon
USA.10.23_1,USA.10_1,Florida,Hamilton,hamilton,County,County,US.FL.HM,12,0,MultiPolygon
USA.10.24_1,USA.10_1,Florida,Hardee,hardee,County,County,US.FL.HD,12,0,MultiPolygon
USA.10.25_1,USA.10_1,Florida,Hendry,hendry,County,County,US.FL.HR,12,0,MultiPolygon
USA.10.26_1,USA.10_1,Florida,Hernando,hernando,County,County,US.FL.HA,12,0,MultiPolygon
USA.10.27_1,USA.10_1,Florida,Highlands,highlands,County,County,US.FL.HG,12,0,MultiPolygon
USA.10.28_1,USA.10_1,Florida,Hillsborough,hills,County,County,US.FL.HL,12,0,MultiPolygon
USA.10.29_1,USA.10_1,Florida,Holmes,holmes,County,County,US.FL.HO,12,0,MultiPolygon
USA.10.2_1,USA.10_1,Florida,Baker,baker,County,County,US.FL.BK,12,0,MultiPolygon
USA.10.30_1,USA.10_1,Florida,IndianRiver,indianriver,County,County,US.FL.IN,12,0,MultiPolygon
USA.10.31_1,USA.10_1,Florida,Jackson,jackson,County,County,US.FL.JA,12,0,MultiPolygon
USA.10.32_1,USA.10_1,Florida,Jefferson,jefferson,County,County,US.FL.JE,12,0,MultiPolygon
USA.10.33_1,USA.10_1,Florida,Lafayette,lafayette,County,County,US.FL.LF,12,0,MultiPolygon
USA.10.34_1,USA.10_1,Florida,Lake,lake,County,County,US.FL.LK,12,0,MultiPolygon
USA.10.35_1,USA.10_1,Florida,Lee,lee,County,County,US.FL.LE,12,0,MultiPolygon
USA.10.36_1,USA.10_1,Florida,Leon,leon,County,County,US.FL.LO,12,0,MultiPolygon
USA.10.37_1,USA.10_1,Florida,Levy,levy,County,County,US.FL.LV,12,0,MultiPolygon
USA.10.38_1,USA.10_1,Florida,Liberty,liberty,County,County,US.FL.LI,12,0,MultiPolygon
USA.10.39_1,USA.10_1,Florida,Madison,madison,County,County,US.FL.MD,12,0,MultiPolygon
USA.10.3_1,USA.10_1,Florida,Bay,bay,County,County,US.FL.BY,12,0,MultiPolygon
USA.10.40_1,USA.10_1,Florida,Manatee,manatee,County,County,US.FL.MN,12,0,MultiPolygon
USA.10.41_1,USA.10_1,Florida,Marion,marion,County,County,US.FL.MI,12,0,MultiPolygon
USA.10.42_1,USA.10_1,Florida,Martin,martin,County,County,US.FL.MT,12,0,MultiPolygon
USA.10.43_1,USA.10_1,Florida,Miami-Dade,miamidade,County,County,US.FL.DA,12,0,MultiPolygon
USA.10.44_1,USA.10_1,Florida,Monroe,monroe,County,County,US.FL.MO,12,0,MultiPolygon
USA.10.45_1,USA.10_1,Florida,Nassau,nassau,County,County,US.FL.NA,12,0,MultiPolygon
USA.10.46_1,USA.10_1,Florida,Okaloosa,okaloosa,County,County,US.FL.OA,12,0,MultiPolygon
USA.10.47_1,USA.10_1,Florida,Okeechobee,okeechobee,County,County,US.FL.OE,12,0,MultiPolygon
USA.10.48_1,USA.10_1,Florida,Orange,orange,County,County,US.FL.OR,12,0,MultiPolygon
USA.10.49_1,USA.10_1,Florida,Osceola,osceola,County,County,US.FL.OS,12,0,MultiPolygon
USA.10.4_1,USA.10_1,Florida,Bradford,bradford,County,County,US.FL.BA,12,0,MultiPolygon
USA.10.50_1,USA.10_1,Florida,PalmBeach,palmbeach,County,County,US.FL.PL,12,0,MultiPolygon
USA.10.51_1,USA.10_1,Florida,Pasco,pasco,County,County,US.FL.PS,12,0,MultiPolygon
USA.10.52_1,USA.10_1,Florida,Pinellas,pinellas,County,County,US.FL.PI,12,0,MultiPolygon
USA.10.53_1,USA.10_1,Florida,Polk,polk,County,County,US.FL.PO,12,0,MultiPolygon
USA.10.54_1,USA.10_1,Florida,Putnam,putnam,County,County,US.FL.PU,12,0,MultiPolygon
USA.10.55_1,USA.10_1,Florida,SaintJohns,saintjohns,County,County,US.FL.SJ,12,0,MultiPolygon
USA.10.56_1,USA.10_1,Florida,SaintLucie,saintlucie,County,County,US.FL.SL,12,0,MultiPolygon
USA.10.57_1,USA.10_1,Florida,SantaRosa,santarosa,County,County,US.FL.SA,12,0,MultiPolygon
USA.10.58_1,USA.10_1,Florida,Sarasota,sarasota,County,County,US.FL.SR,12,0,MultiPolygon
USA.10.59_1,USA.10_1,Florida,Seminole,seminole,County,County,US.FL.SE,12,0,MultiPolygon
USA.10.5_1,USA.10_1,Florida,Brevard,brevard,County,County,US.FL.BE,12,0,MultiPolygon
USA.10.60_1,USA.10_1,Florida,Sumter,sumter,County,County,US.FL.SM,12,0,MultiPolygon
USA.10.61_1,USA.10_1,Florida,Suwannee,suwannee,County,County,US.FL.SW,12,0,MultiPolygon
USA.10.62_1,USA.10_1,Florida,Taylor,taylor,County,County,US.FL.TA,12,0,MultiPolygon
USA.10.63_1,USA.10_1,Florida,Union,union,County,County,US.FL.UN,12,0,MultiPolygon
USA.10.64_1,USA.10_1,Florida,Volusia,volusia,County,County,US.FL.VO,12,0,MultiPolygon
USA.10.65_1,USA.10_1,Florida,Wakulla,wakulla,County,County,US.FL.WK,12,0,MultiPolygon
USA.10.66_1,USA.10_1,Florida,Walton,walton,County,County,US.FL.WL,12,0,MultiPolygon
USA.10.67_1,USA.10_1,Florida,Washington,washington,County,County,US.FL.WS,12,0,MultiPolygon
USA.10.6_1,USA.10_1,Florida,Broward,broward,County,County,US.FL.BO,12,0,MultiPolygon
USA.10.7_1,USA.10_1,Florida,Calhoun,calhoun,County,County,US.FL.CA,12,0,MultiPolygon
USA.10.8_1,USA.10_1,Florida,Charlotte,charlotte,County,County,US.FL.CH,12,0,MultiPolygon
USA.10.9_1,USA.10_1,Florida,Citrus,citrus,County,County,US.FL.CI,12,0,MultiPolygon
USA.11.100_1,USA.11_1,Georgia,Miller,miller,County,County,US.GA.ML,13,0,MultiPolygon
USA.11.101_1,USA.11_1,Georgia,Mitchell,mitchell,County,County,US.GA.MT,13,0,MultiPolygon
USA.11.102_1,USA.11_1,Georgia,Monroe,monroe,County,County,US.GA.MN,13,0,MultiPolygon
USA.11.103_1,USA.11_1,Georgia,Montgomery,montgomery,County,County,US.GA.MM,13,0,MultiPolygon
USA.11.104_1,USA.11_1,Georgia,Morgan,morgan,County,County,US.GA.MO,13,0,MultiPolygon
USA.11.105_1,USA.11_1,Georgia,Murray,murray,County,County,US.GA.MA,13,0,MultiPolygon
USA.11.106_1,USA.11_1,Georgia,Muscogee,muscogee,County,County,US.GA.MG,13,0,MultiPolygon
USA.11.107_1,USA.11_1,Georgia,Newton,newton,County,County,US.GA.NE,13,0,MultiPolygon
USA.11.108_1,USA.11_1,Georgia,Oconee,oconee,County,County,US.GA.OC,13,0,MultiPolygon
USA.11.109_1,USA.11_1,Georgia,Oglethorpe,oglethorpe,County,County,US.GA.OG,13,0,MultiPolygon
USA.11.10_1,USA.11_1,Georgia,Berrien,berrien,County,County,US.GA.BN,13,0,MultiPolygon
USA.11.110_1,USA.11_1,Georgia,Paulding,paulding,County,County,US.GA.PA,13,0,MultiPolygon
USA.11.111_1,USA.11_1,Georgia,Peach,peach,County,County,US.GA.PH,13,0,MultiPolygon
USA.11.112_1,USA.11_1,Georgia,Pickens,pickens,County,County,US.GA.PE,13,0,MultiPolygon
USA.11.113_1,USA.11_1,Georgia,Pierce,pierce,County,County,US.GA.PR,13,0,MultiPolygon
USA.11.114_1,USA.11_1,Georgia,Pike,pike,County,County,US.GA.PK,13,0,MultiPolygon
USA.11.115_1,USA.11_1,Georgia,Polk,polk,County,County,US.GA.PO,13,0,MultiPolygon
USA.11.116_1,USA.11_1,Georgia,Pulaski,pulaski,County,County,US.GA.PL,13,0,MultiPolygon
USA.11.117_1,USA.11_1,Georgia,Putnam,putnam,County,County,US.GA.PT,13,0,MultiPolygon
USA.11.118_1,USA.11_1,Georgia,Quitman,quitman,County,County,US.GA.QU,13,0,MultiPolygon
USA.11.119_1,USA.11_1,Georgia,Rabun,rabun,County,County,US.GA.RB,13,0,MultiPolygon
USA.11.11_1,USA.11_1,Georgia,Bibb,bibb,County,County,US.GA.BI,13,0,MultiPolygon
USA.11.120_1,USA.11_1,Georgia,Randolph,randolph,County,County,US.GA.RN,13,0,MultiPolygon
USA.11.121_1,USA.11_1,Georgia,Richmond,richmond,County,County,US.GA.RI,13,0,MultiPolygon
USA.11.122_1,USA.11_1,Georgia,Rockdale,rockdale,County,County,US.GA.RO,13,0,MultiPolygon
USA.11.123_1,USA.11_1,Georgia,Schley,schley,County,County,US.GA.SY,13,0,MultiPolygon
USA.11.124_1,USA.11_1,Georgia,Screven,screven,County,County,US.GA.SR,13,0,MultiPolygon
USA.11.125_1,USA.11_1,Georgia,Seminole,seminole,County,County,US.GA.SI,13,0,MultiPolygon
USA.11.126_1,USA.11_1,Georgia,Spalding,spalding,County,County,US.GA.SD,13,0,MultiPolygon
USA.11.127_1,USA.11_1,Georgia,Stephens,stephens,County,County,US.GA.SE,13,0,MultiPolygon
USA.11.128_1,USA.11_1,Georgia,Stewart,stewart,County,County,US.GA.SW,13,0,MultiPolygon
USA.11.129_1,USA.11_1,Georgia,Sumter,sumter,County,County,US.GA.SU,13,0,MultiPolygon
USA.11.12_1,USA.11_1,Georgia,Bleckley,bleckley,County,County,US.GA.BK,13,0,MultiPolygon
USA.11.130_1,USA.11_1,Georgia,Talbot,talbot,County,County,US.GA.TB,13,0,MultiPolygon
USA.11.131_1,USA.11_1,Georgia,Taliaferro,taliaferro,County,County,US.GA.TA,13,0,MultiPolygon
USA.11.132_1,USA.11_1,Georgia,Tattnall,tattnall,County,County,US.GA.TT,13,0,MultiPolygon
USA.11.133_1,USA.11_1,Georgia,Taylor,taylor,County,County,US.GA.TY,13,0,MultiPolygon
USA.11.134_1,USA.11_1,Georgia,Telfair,telfair,County,County,US.GA.TF,13,0,MultiPolygon
USA.11.135_1,USA.11_1,Georgia,Terrell,terrell,County,County,US.GA.TL,13,0,MultiPolygon
USA.11.136_1,USA.11_1,Georgia,Thomas,thomas,County,County,US.GA.TH,13,0,MultiPolygon
USA.11.137_1,USA.11_1,Georgia,Tift,tift,County,County,US.GA.TI,13,0,MultiPolygon
USA.11.138_1,USA.11_1,Georgia,Toombs,toombs,County,County,US.GA.TM,13,0,MultiPolygon
USA.11.139_1,USA.11_1,Georgia,Towns,towns,County,County,US.GA.TW,13,0,MultiPolygon
USA.11.13_1,USA.11_1,Georgia,Brantley,brantley,County,County,US.GA.BA,13,0,MultiPolygon
USA.11.140_1,USA.11_1,Georgia,Treutlen,treutlen,County,County,US.GA.TE,13,0,MultiPolygon
USA.11.141_1,USA.11_1,Georgia,Troup,troup,County,County,US.GA.TP,13,0,MultiPolygon
USA.11.142_1,USA.11_1,Georgia,Turner,turner,County,County,US.GA.TR,13,0,MultiPolygon
USA.11.143_1,USA.11_1,Georgia,Twiggs,twiggs,County,County,US.GA.TG,13,0,MultiPolygon
USA.11.144_1,USA.11_1,Georgia,Union,union,County,County,US.GA.UN,13,0,MultiPolygon
USA.11.145_1,USA.11_1,Georgia,Upson,upson,County,County,US.GA.UP,13,0,MultiPolygon
USA.11.146_1,USA.11_1,Georgia,Walker,walker,County,County,US.GA.WK,13,0,MultiPolygon
USA.11.147_1,USA.11_1,Georgia,Walton,walton,County,County,US.GA.WA,13,0,MultiPolygon
USA.11.148_1,USA.11_1,Georgia,Ware,ware,County,County,US.GA.WE,13,0,MultiPolygon
USA.11.149_1,USA.11_1,Georgia,Warren,warren,County,County,US.GA.WR,13,0,MultiPolygon
USA.11.14_1,USA.11_1,Georgia,Brooks,brooks,County,County,US.GA.BO,13,0,MultiPolygon
USA.11.150_1,USA.11_1,Georgia,Washington,washington,County,County,US.GA.WG,13,0,MultiPolygon
USA.11.151_1,USA.11_1,Georgia,Wayne,wayne,County,County,US.GA.WY,13,0,MultiPolygon
USA.11.152_1,USA.11_1,Georgia,Webster,webster,County,County,US.GA.WT,13,0,MultiPolygon
USA.11.153_1,USA.11_1,Georgia,Wheeler,wheeler,County,County,US.GA.WL,13,0,MultiPolygon
USA.11.154_1,USA.11_1,Georgia,White,white,County,County,US.GA.WH,13,0,MultiPolygon
USA.11.155_1,USA.11_1,Georgia,Whitfield,whitfield,County,County,US.GA.WF,13,0,MultiPolygon
USA.11.156_1,USA.11_1,Georgia,Wilcox,wilcox,County,County,US.GA.WC,13,0,MultiPolygon
USA.11.157_1,USA.11_1,Georgia,Wilkes,wilkes,County,County,US.GA.WS,13,0,MultiPolygon
USA.11.158_1,USA.11_1,Georgia,Wilkinson,wilkinson,County,County,US.GA.WI,13,0,MultiPolygon
USA.11.159_1,USA.11_1,Georgia,Worth,worth,County,County,US.GA.WO,13,0,MultiPolygon
USA.11.15_1,USA.11_1,Georgia,Bryan,bryan,County,County,US.GA.BY,13,0,MultiPolygon
USA.11.16_1,USA.11_1,Georgia,Bulloch,bulloch,County,County,US.GA.BH,13,0,MultiPolygon
USA.11.17_1,USA.11_1,Georgia,Burke,burke,County,County,US.GA.BE,13,0,MultiPolygon
USA.11.18_1,USA.11_1,Georgia,Butts,butts,County,County,US.GA.BU,13,0,MultiPolygon
USA.11.19_1,USA.11_1,Georgia,Calhoun,calhoun,County,County,US.GA.CU,13,0,MultiPolygon
USA.11.1_1,USA.11_1,Georgia,Appling,appling,County,County,US.GA.AP,13,0,MultiPolygon
USA.11.20_1,USA.11_1,Georgia,Camden,camden,County,County,US.GA.CD,13,0,MultiPolygon
USA.11.21_1,USA.11_1,Georgia,Candler,candler,County,County,US.GA.CR,13,0,MultiPolygon
USA.11.22_1,USA.11_1,Georgia,Carroll,carroll,County,County,US.GA.CL,13,0,MultiPolygon
USA.11.23_1,USA.11_1,Georgia,Catoosa,catoosa,County,County,US.GA.CS,13,0,MultiPolygon
USA.11.24_1,USA.11_1,Georgia,Charlton,charlton,County,County,US.GA.CT,13,0,MultiPolygon
USA.11.25_1,USA.11_1,Georgia,Chatham,chatham,County,County,US.GA.CM,13,0,MultiPolygon
USA.11.26_1,USA.11_1,Georgia,Chattahoochee,chattahoochee,County,County,US.GA.CH,13,0,MultiPolygon
USA.11.27_1,USA.11_1,Georgia,Chattooga,chattooga,County,County,US.GA.CG,13,0,MultiPolygon
USA.11.28_1,USA.11_1,Georgia,Cherokee,cherokee,County,County,US.GA.CE,13,0,MultiPolygon
USA.11.29_1,USA.11_1,Georgia,Clarke,clarke,County,County,US.GA.CK,13,0,MultiPolygon
USA.11.2_1,USA.11_1,Georgia,Atkinson,atkinson,County,County,US.GA.AT,13,0,MultiPolygon
USA.11.30_1,USA.11_1,Georgia,Clay,clay,County,County,US.GA.CY,13,0,MultiPolygon
USA.11.31_1,USA.11_1,Georgia,Clayton,clayton,County,County,US.GA.CN,13,0,MultiPolygon
USA.11.32_1,USA.11_1,Georgia,Clinch,clinch,County,County,US.GA.CC,13,0,MultiPolygon
USA.11.33_1,USA.11_1,Georgia,Cobb,cobb,County,County,US.GA.CB,13,0,MultiPolygon
USA.11.34_1,USA.11_1,Georgia,Coffee,coffee,County,County,US.GA.CF,13,0,MultiPolygon
USA.11.35_1,USA.11_1,Georgia,Colquitt,colquitt,County,County,US.GA.CQ,13,0,MultiPolygon
USA.11.36_1,USA.11_1,Georgia,Columbia,columbia,County,County,US.GA.CI,13,0,MultiPolygon
USA.11.37_1,USA.11_1,Georgia,Cook,cook,County,County,US.GA.CO,13,0,MultiPolygon
USA.11.38_1,USA.11_1,Georgia,Coweta,coweta,County,County,US.GA.CA,13,0,MultiPolygon
USA.11.39_1,USA.11_1,Georgia,Crawford,crawford,County,County,US.GA.CW,13,0,MultiPolygon
USA.11.3_1,USA.11_1,Georgia,Bacon,bacon,County,County,US.GA.BC,13,0,MultiPolygon
USA.11.40_1,USA.11_1,Georgia,Crisp,crisp,County,County,US.GA.CP,13,0,MultiPolygon
USA.11.41_1,USA.11_1,Georgia,Dade,dade,County,County,US.GA.DD,13,0,MultiPolygon
USA.11.42_1,USA.11_1,Georgia,Dawson,dawson,County,County,US.GA.DW,13,0,MultiPolygon
USA.11.43_1,USA.11_1,Georgia,Decatur,decatur,County,County,US.GA.DC,13,0,MultiPolygon
USA.11.44_1,USA.11_1,Georgia,DeKalb,dekalb,County,County,US.GA.DA,13,0,MultiPolygon
USA.11.45_1,USA.11_1,Georgia,Dodge,dodge,County,County,US.GA.DG,13,0,MultiPolygon
USA.11.46_1,USA.11_1,Georgia,Dooly,dooly,County,County,US.GA.DO,13,0,MultiPolygon
USA.11.47_1,USA.11_1,Georgia,Dougherty,dougherty,County,County,US.GA.DH,13,0,MultiPolygon
USA.11.48_1,USA.11_1,Georgia,Douglas,douglas,County,County,US.GA.DL,13,0,MultiPolygon
USA.11.49_1,USA.11_1,Georgia,Early,early,County,County,US.GA.EA,13,0,MultiPolygon
USA.11.4_1,USA.11_1,Georgia,Baker,baker,County,County,US.GA.BR,13,0,MultiPolygon
USA.11.50_1,USA.11_1,Georgia,Echols,echols,County,County,US.GA.EC,13,0,MultiPolygon
USA.11.51_1,USA.11_1,Georgia,Effingham,effingham,County,County,US.GA.EF,13,0,MultiPolygon
USA.11.52_1,USA.11_1,Georgia,Elbert,elbert,County,County,US.GA.EL,13,0,MultiPolygon
USA.11.53_1,USA.11_1,Georgia,Emanuel,emanuel,County,County,US.GA.EM,13,0,MultiPolygon
USA.11.54_1,USA.11_1,Georgia,Evans,evans,County,County,US.GA.EV,13,0,MultiPolygon
USA.11.55_1,USA.11_1,Georgia,Fannin,fannin,County,County,US.GA.FN,13,0,MultiPolygon
USA.11.56_1,USA.11_1,Georgia,Fayette,fayette,County,County,US.GA.FY,13,0,MultiPolygon
USA.11.57_1,USA.11_1,Georgia,Floyd,floyd,County,County,US.GA.FL,13,0,MultiPolygon
USA.11.58_1,USA.11_1,Georgia,Forsyth,forsyth,County,County,US.GA.FO,13,0,MultiPolygon
USA.11.59_1,USA.11_1,Georgia,Franklin,franklin,County,County,US.GA.FR,13,0,MultiPolygon
USA.11.5_1,USA.11_1,Georgia,Baldwin,baldwin,County,County,US.GA.BD,13,0,MultiPolygon
USA.11.60_1,USA.11_1,Georgia,Fulton,fulton,County,County,US.GA.FU,13,0,MultiPolygon
USA.11.61_1,USA.11_1,Georgia,Gilmer,gilmer,County,County,US.GA.GI,13,0,MultiPolygon
USA.11.62_1,USA.11_1,Georgia,Glascock,glascock,County,County,US.GA.GS,13,0,MultiPolygon
USA.11.63_1,USA.11_1,Georgia,Glynn,glynn,County,County,US.GA.GY,13,0,MultiPolygon
USA.11.64_1,USA.11_1,Georgia,Gordon,gordon,County,County,US.GA.GO,13,0,MultiPolygon
USA.11.65_1,USA.11_1,Georgia,Grady,grady,County,County,US.GA.GD,13,0,MultiPolygon
USA.11.66_1,USA.11_1,Georgia,Greene,greene,County,County,US.GA.GE,13,0,MultiPolygon
USA.11.67_1,USA.11_1,Georgia,Gwinnett,gwinnett,County,County,US.GA.GW,13,0,MultiPolygon
USA.11.68_1,USA.11_1,Georgia,Habersham,habersham,County,County,US.GA.HB,13,0,MultiPolygon
USA.11.69_1,USA.11_1,Georgia,Hall,hall,County,County,US.GA.HL,13,0,MultiPolygon
USA.11.6_1,USA.11_1,Georgia,Banks,banks,County,County,US.GA.BS,13,0,MultiPolygon
USA.11.70_1,USA.11_1,Georgia,Hancock,hancock,County,County,US.GA.HC,13,0,MultiPolygon
USA.11.71_1,USA.11_1,Georgia,Haralson,haralson,County,County,US.GA.HS,13,0,MultiPolygon
USA.11.72_1,USA.11_1,Georgia,Harris,harris,County,County,US.GA.HI,13,0,MultiPolygon
USA.11.73_1,USA.11_1,Georgia,Hart,hart,County,County,US.GA.HT,13,0,MultiPolygon
USA.11.74_1,USA.11_1,Georgia,Heard,heard,County,County,US.GA.HD,13,0,MultiPolygon
USA.11.75_1,USA.11_1,Georgia,Henry,henry,County,County,US.GA.HY,13,0,MultiPolygon
USA.11.76_1,USA.11_1,Georgia,Houston,houston,County,County,US.GA.HO,13,0,MultiPolygon
USA.11.77_1,USA.11_1,Georgia,Irwin,irwin,County,County,US.GA.IR,13,0,MultiPolygon
USA.11.78_1,USA.11_1,Georgia,Jackson,jackson,County,County,US.GA.JC,13,0,MultiPolygon
USA.11.79_1,USA.11_1,Georgia,Jasper,jasper,County,County,US.GA.JS,13,0,MultiPolygon
USA.11.7_1,USA.11_1,Georgia,Barrow,barrow,County,County,US.GA.BW,13,0,MultiPolygon
USA.11.80_1,USA.11_1,Georgia,JeffDavis,jeffdavis,County,County,US.GA.JF,13,0,MultiPolygon
USA.11.81_1,USA.11_1,Georgia,Jefferson,jefferson,County,County,US.GA.JR,13,0,MultiPolygon
USA.11.82_1,USA.11_1,Georgia,Jenkins,jenkins,County,County,US.GA.JK,13,0,MultiPolygon
USA.11.83_1,USA.11_1,Georgia,Johnson,johnson,County,County,US.GA.JH,13,0,MultiPolygon
USA.11.84_1,USA.11_1,Georgia,Jones,jones,County,County,US.GA.JE,13,0,MultiPolygon
USA.11.85_1,USA.11_1,Georgia,Lamar,lamar,County,County,US.GA.LM,13,0,MultiPolygon
USA.11.86_1,USA.11_1,Georgia,Lanier,lanier,County,County,US.GA.LI,13,0,MultiPolygon
USA.11.87_1,USA.11_1,Georgia,Laurens,laurens,County,County,US.GA.LR,13,0,MultiPolygon
USA.11.88_1,USA.11_1,Georgia,Lee,lee,County,County,US.GA.LE,13,0,MultiPolygon
USA.11.89_1,USA.11_1,Georgia,Liberty,liberty,County,County,US.GA.LB,13,0,MultiPolygon
USA.11.8_1,USA.11_1,Georgia,Bartow,bartow,County,County,US.GA.BT,13,0,MultiPolygon
USA.11.90_1,USA.11_1,Georgia,Lincoln,lincoln,County,County,US.GA.LC,13,0,MultiPolygon
USA.11.91_1,USA.11_1,Georgia,Long,long,County,County,US.GA.LG,13,0,MultiPolygon
USA.11.92_1,USA.11_1,Georgia,Lowndes,lowndes,County,County,US.GA.LW,13,0,MultiPolygon
USA.11.93_1,USA.11_1,Georgia,Lumpkin,lumpkin,County,County,US.GA.LP,13,0,MultiPolygon
USA.11.94_1,USA.11_1,Georgia,Macon,macon,County,County,US.GA.MC,13,0,MultiPolygon
USA.11.95_1,USA.11_1,Georgia,Madison,madison,County,County,US.GA.MD,13,0,MultiPolygon
USA.11.96_1,USA.11_1,Georgia,Marion,marion,County,County,US.GA.MR,13,0,MultiPolygon
USA.11.97_1,USA.11_1,Georgia,McDuffie,mcduffie,County,County,US.GA.MU,13,0,MultiPolygon
USA.11.98_1,USA.11_1,Georgia,McIntosh,mcintosh,County,County,US.GA.MH,13,0,MultiPolygon
USA.11.99_1,USA.11_1,Georgia,Meriwether,meriwether,County,County,US.GA.MW,13,0,MultiPolygon
USA.11.9_1,USA.11_1,Georgia,BenHill,benhill,County,County,US.GA.BL,13,0,MultiPolygon
USA.12.1_1,USA.12_1,Hawaii,Hawaii,hawaii,County,County,US.HI.HA,15,0,MultiPolygon
USA.12.2_1,USA.12_1,Hawaii,Honolulu,honolulu,County,County,US.HI.HO,15,0,MultiPolygon
USA.12.3_1,USA.12_1,Hawaii,Kalawao,kalawao,County,County,US.HI.KL,15,0,MultiPolygon
USA.12.4_1,USA.12_1,Hawaii,Kauai,kauai,County,County,US.HI.KU,15,0,MultiPolygon
USA.12.5_1,USA.12_1,Hawaii,Maui,maui,County,County,US.HI.MA,15,0,MultiPolygon
USA.13.10_1,USA.13_1,Idaho,Bonneville,bonneville,County,County,US.ID.BV,16,0,MultiPolygon
USA.13.11_1,USA.13_1,Idaho,Boundary,boundary,County,County,US.ID.BD,16,0,MultiPolygon
USA.13.12_1,USA.13_1,Idaho,Butte,butte,County,County,US.ID.BT,16,0,MultiPolygon
USA.13.13_1,USA.13_1,Idaho,Camas,camas,County,County,US.ID.CM,16,0,MultiPolygon
USA.13.14_1,USA.13_1,Idaho,Canyon,canyon,County,County,US.ID.CN,16,0,MultiPolygon
USA.13.15_1,USA.13_1,Idaho,Caribou,caribou,County,County,US.ID.CR,16,0,MultiPolygon
USA.13.16_1,USA.13_1,Idaho,Cassia,cassia,County,County,US.ID.CS,16,0,MultiPolygon
USA.13.17_1,USA.13_1,Idaho,Clark,clark,County,County,US.ID.CA,16,0,MultiPolygon
USA.13.18_1,USA.13_1,Idaho,Clearwater,clearwater,County,County,US.ID.CE,16,0,MultiPolygon
USA.13.19_1,USA.13_1,Idaho,Custer,custer,County,County,US.ID.CU,16,0,MultiPolygon
USA.13.1_1,USA.13_1,Idaho,Ada,ada,County,County,US.ID.AA,16,0,MultiPolygon
USA.13.20_1,USA.13_1,Idaho,Elmore,elmore,County,County,US.ID.EL,16,0,MultiPolygon
USA.13.21_1,USA.13_1,Idaho,Franklin,franklin,County,County,US.ID.FA,16,0,MultiPolygon
USA.13.22_1,USA.13_1,Idaho,Fremont,fremont,County,County,US.ID.FE,16,0,MultiPolygon
USA.13.23_1,USA.13_1,Idaho,Gem,gem,County,County,US.ID.GE,16,0,MultiPolygon
USA.13.24_1,USA.13_1,Idaho,Gooding,gooding,County,County,US.ID.GO,16,0,MultiPolygon
USA.13.25_1,USA.13_1,Idaho,Idaho,idaho,County,County,US.ID.ID,16,0,MultiPolygon
USA.13.26_1,USA.13_1,Idaho,Jefferson,jefferson,County,County,US.ID.JF,16,0,MultiPolygon
USA.13.27_1,USA.13_1,Idaho,Jerome,jerome,County,County,US.ID.JR,16,0,MultiPolygon
USA.13.28_1,USA.13_1,Idaho,Kootenai,kootenai,County,County,US.ID.KO,16,0,MultiPolygon
USA.13.29_1,USA.13_1,Idaho,Latah,latah,County,County,US.ID.LA,16,0,MultiPolygon
USA.13.2_1,USA.13_1,Idaho,Adams,adams,County,County,US.ID.AM,16,0,MultiPolygon
USA.13.30_1,USA.13_1,Idaho,Lemhi,lemhi,County,County,US.ID.LM,16,0,MultiPolygon
USA.13.31_1,USA.13_1,Idaho,Lewis,lewis,County,County,US.ID.LW,16,0,MultiPolygon
USA.13.32_1,USA.13_1,Idaho,Lincoln,lincoln,County,County,US.ID.LI,16,0,MultiPolygon
USA.13.33_1,USA.13_1,Idaho,Madison,madison,County,County,US.ID.MA,16,0,MultiPolygon
USA.13.34_1,USA.13_1,Idaho,Minidoka,minidoka,County,County,US.ID.MI,16,0,MultiPolygon
USA.13.35_1,USA.13_1,Idaho,NezPerce,nezperce,County,County,US.ID.NE,16,0,MultiPolygon
USA.13.36_1,USA.13_1,Idaho,Oneida,oneida,County,County,US.ID.ON,16,0,MultiPolygon
USA.13.37_1,USA.13_1,Idaho,Owyhee,owyhee,County,County,US.ID.OW,16,0,MultiPolygon
USA.13.38_1,USA.13_1,Idaho,Payette,payette,County,County,US.ID.PA,16,0,MultiPolygon
USA.13.39_1,USA.13_1,Idaho,Power,power,County,County,US.ID.PO,16,0,MultiPolygon
USA.13.3_1,USA.13_1,Idaho,Bannock,bannock,County,County,US.ID.BO,16,0,MultiPolygon
USA.13.40_1,USA.13_1,Idaho,Shoshone,shoshone,County,County,US.ID.SH,16,0,MultiPolygon
USA.13.41_1,USA.13_1,Idaho,Teton,teton,County,County,US.ID.TE,16,0,MultiPolygon
USA.13.42_1,USA.13_1,Idaho,TwinFalls,twinfalls,County,County,US.ID.TW,16,0,MultiPolygon
USA.13.43_1,USA.13_1,Idaho,Valley,valley,County,County,US.ID.VA,16,0,MultiPolygon
USA.13.44_1,USA.13_1,Idaho,Washington,washington,County,County,US.ID.WA,16,0,MultiPolygon
USA.13.4_1,USA.13_1,Idaho,BearLake,bearlake,County,County,US.ID.BK,16,0,MultiPolygon
USA.13.5_1,USA.13_1,Idaho,Benewah,benewah,County,County,US.ID.BA,16,0,MultiPolygon
USA.13.6_1,USA.13_1,Idaho,Bingham,bingham,County,County,US.ID.BG,16,0,MultiPolygon
USA.13.7_1,USA.13_1,Idaho,Blaine,blaine,County,County,US.ID.BL,16,0,MultiPolygon
USA.13.8_1,USA.13_1,Idaho,Boise,boise,County,County,US.ID.BS,16,0,MultiPolygon
USA.13.9_1,USA.13_1,Idaho,Bonner,bonner,County,County,US.ID.BR,16,0,MultiPolygon
USA.14.100_1,USA.14_1,Illinois,Will,will,County,County,US.IL.WL,17,0,MultiPolygon
USA.14.101_1,USA.14_1,Illinois,Williamson,williamson,County,County,US.IL.WS,17,0,MultiPolygon
USA.14.102_1,USA.14_1,Illinois,Winnebago,winnebago,County,County,US.IL.WN,17,0,MultiPolygon
USA.14.103_1,USA.14_1,Illinois,Woodford,woodford,County,County,US.IL.WO,17,0,MultiPolygon
USA.14.10_1,USA.14_1,Illinois,Champaign,champaign,County,County,US.IL.CM,17,0,MultiPolygon
USA.14.11_1,USA.14_1,Illinois,Christian,christian,County,County,US.IL.CI,17,0,MultiPolygon
USA.14.12_1,USA.14_1,Illinois,Clark,clark,County,County,US.IL.CK,17,0,MultiPolygon
USA.14.13_1,USA.14_1,Illinois,Clay,clay,County,County,US.IL.CY,17,0,MultiPolygon
USA.14.14_1,USA.14_1,Illinois,Clinton,clinton,County,County,US.IL.CN,17,0,MultiPolygon
USA.14.15_1,USA.14_1,Illinois,Coles,coles,County,County,US.IL.CE,17,0,MultiPolygon
USA.14.16_1,USA.14_1,Illinois,Cook,cook,County,County,US.IL.CO,17,0,MultiPolygon
USA.14.17_1,USA.14_1,Illinois,Crawford,crawford,County,County,US.IL.CW,17,0,MultiPolygon
USA.14.18_1,USA.14_1,Illinois,Cumberland,cumberland,County,County,US.IL.CU,17,0,MultiPolygon
USA.14.19_1,USA.14_1,Illinois,DeKalb,dekalb,County,County,US.IL.DK,17,0,MultiPolygon
USA.14.1_1,USA.14_1,Illinois,Adams,adams,County,County,US.IL.AD,17,0,MultiPolygon
USA.14.20_1,USA.14_1,Illinois,DeWitt,dewitt,County,County,US.IL.DW,17,0,MultiPolygon
USA.14.21_1,USA.14_1,Illinois,Douglas,douglas,County,County,US.IL.DO,17,0,MultiPolygon
USA.14.22_1,USA.14_1,Illinois,Dupage,dupage,County,County,US.IL.DU,17,0,MultiPolygon
USA.14.23_1,USA.14_1,Illinois,Edgar,edgar,County,County,US.IL.EG,17,0,MultiPolygon
USA.14.24_1,USA.14_1,Illinois,Edwards,edwards,County,County,US.IL.EW,17,0,MultiPolygon
USA.14.25_1,USA.14_1,Illinois,Effingham,effingham,County,County,US.IL.EF,17,0,MultiPolygon
USA.14.26_1,USA.14_1,Illinois,Fayette,fayette,County,County,US.IL.FA,17,0,MultiPolygon
USA.14.27_1,USA.14_1,Illinois,Ford,ford,County,County,US.IL.FO,17,0,MultiPolygon
USA.14.28_1,USA.14_1,Illinois,Franklin,franklin,County,County,US.IL.FR,17,0,MultiPolygon
USA.14.29_1,USA.14_1,Illinois,Fulton,fulton,County,County,US.IL.FU,17,0,MultiPolygon
USA.14.2_1,USA.14_1,Illinois,Alexander,alexander,County,County,US.IL.AL,17,0,MultiPolygon
USA.14.30_1,USA.14_1,Illinois,Gallatin,gallatin,County,County,US.IL.GA,17,0,MultiPolygon
USA.14.31_1,USA.14_1,Illinois,Greene,greene,County,County,US.IL.GE,17,0,MultiPolygon
USA.14.32_1,USA.14_1,Illinois,Grundy,grundy,County,County,US.IL.GU,17,0,MultiPolygon
USA.14.33_1,USA.14_1,Illinois,Hamilton,hamilton,County,County,US.IL.HM,17,0,MultiPolygon
USA.14.34_1,USA.14_1,Illinois,Hancock,hancock,County,County,US.IL.HC,17,0,MultiPolygon
USA.14.35_1,USA.14_1,Illinois,Hardin,hardin,County,County,US.IL.HI,17,0,MultiPolygon
USA.14.36_1,USA.14_1,Illinois,Henderson,henderson,County,County,US.IL.HD,17,0,MultiPolygon
USA.14.37_1,USA.14_1,Illinois,Henry,henry,County,County,US.IL.HY,17,0,MultiPolygon
USA.14.38_1,USA.14_1,Illinois,Iroquois,iroquois,County,County,US.IL.IR,17,0,MultiPolygon
USA.14.39_1,USA.14_1,Illinois,Jackson,jackson,County,County,US.IL.JC,17,0,MultiPolygon
USA.14.3_1,USA.14_1,Illinois,Bond,bond,County,County,US.IL.BN,17,0,MultiPolygon
USA.14.40_1,USA.14_1,Illinois,Jasper,jasper,County,County,US.IL.JS,17,0,MultiPolygon
USA.14.41_1,USA.14_1,Illinois,Jefferson,jefferson,County,County,US.IL.JF,17,0,MultiPolygon
USA.14.42_1,USA.14_1,Illinois,Jersey,jersey,County,County,US.IL.JR,17,0,MultiPolygon
USA.14.43_1,USA.14_1,Illinois,JoDaviess,jodaviess,County,County,US.IL.JO,17,0,MultiPolygon
USA.14.44_1,USA.14_1,Illinois,Johnson,johnson,County,County,US.IL.JH,17,0,MultiPolygon
USA.14.45_1,USA.14_1,Illinois,Kane,kane,County,County,US.IL.KE,17,0,MultiPolygon
USA.14.46_1,USA.14_1,Illinois,Kankakee,kankakee,County,County,US.IL.KK,17,0,MultiPolygon
USA.14.47_1,USA.14_1,Illinois,Kendall,kendall,County,County,US.IL.KA,17,0,MultiPolygon
USA.14.48_1,USA.14_1,Illinois,Knox,knox,County,County,US.IL.KX,17,0,MultiPolygon
USA.14.49_1,USA.14_1,Illinois,LaSalle,lasalle,County,County,US.IL.LA,17,0,MultiPolygon
USA.14.4_1,USA.14_1,Illinois,Boone,boone,County,County,US.IL.BO,17,0,MultiPolygon
USA.14.50_1,USA.14_1,Illinois,Lake,lake,County,County,US.IL.LK,17,0,MultiPolygon
USA.14.51_1,USA.14_1,Illinois,LakeMichigan,lakemichigan,Waterbody,Waterbody,US.IL.WB,17,1,MultiPolygon
USA.14.52_1,USA.14_1,Illinois,Lawrence,lawrence,County,County,US.IL.LW,17,0,MultiPolygon
USA.14.53_1,USA.14_1,Illinois,Lee,lee,County,County,US.IL.LE,17,0,MultiPolygon
USA.14.54_1,USA.14_1,Illinois,Livingston,livingston,County,County,US.IL.LI,17,0,MultiPolygon
USA.14.55_1,USA.14_1,Illinois,Logan,logan,County,County,US.IL.LO,17,0,MultiPolygon
USA.14.56_1,USA.14_1,Illinois,Macon,macon,County,County,US.IL.MC,17,0,MultiPolygon
USA.14.57_1,USA.14_1,Illinois,Macoupin,macoupin,County,County,US.IL.MP,17,0,MultiPolygon
USA.14.58_1,USA.14_1,Illinois,Madison,madison,County,County,US.IL.MD,17,0,MultiPolygon
USA.14.59_1,USA.14_1,Illinois,Marion,marion,County,County,US.IL.MO,17,0,MultiPolygon
USA.14.5_1,USA.14_1,Illinois,Brown,brown,County,County,US.IL.BR,17,0,MultiPolygon
USA.14.60_1,USA.14_1,Illinois,Marshall,marshall,County,County,US.IL.MH,17,0,MultiPolygon
USA.14.61_1,USA.14_1,Illinois,Mason,mason,County,County,US.IL.MS,17,0,MultiPolygon
USA.14.62_1,USA.14_1,Illinois,Massac,massac,County,County,US.IL.MA,17,0,MultiPolygon
USA.14.63_1,USA.14_1,Illinois,McDonough,mcdonough,County,County,US.IL.MU,17,0,MultiPolygon
USA.14.64_1,USA.14_1,Illinois,McHenry,mchenry,County,County,US.IL.MY,17,0,MultiPolygon
USA.14.65_1,USA.14_1,Illinois,McLean,mclean,County,County,US.IL.ML,17,0,MultiPolygon
USA.14.66_1,USA.14_1,Illinois,Menard,menard,County,County,US.IL.MN,17,0,MultiPolygon
USA.14.67_1,USA.14_1,Illinois,Mercer,mercer,County,County,US.IL.ME,17,0,MultiPolygon
USA.14.68_1,USA.14_1,Illinois,Monroe,monroe,County,County,US.IL.MR,17,0,MultiPolygon
USA.14.69_1,USA.14_1,Illinois,Montgomery,montgomery,County,County,US.IL.MT,17,0,MultiPolygon
USA.14.6_1,USA.14_1,Illinois,Bureau,bureau,County,County,US.IL.BU,17,0,MultiPolygon
USA.14.70_1,USA.14_1,Illinois,Morgan,morgan,County,County,US.IL.MG,17,0,MultiPolygon
USA.14.71_1,USA.14_1,Illinois,Moultrie,moultrie,County,County,US.IL.MI,17,0,MultiPolygon
USA.14.72_1,USA.14_1,Illinois,Ogle,ogle,County,County,US.IL.OG,17,0,MultiPolygon
USA.14.73_1,USA.14_1,Illinois,Peoria,peoria,County,County,US.IL.PI,17,0,MultiPolygon
USA.14.74_1,USA.14_1,Illinois,Perry,perry,County,County,US.IL.PY,17,0,MultiPolygon
USA.14.75_1,USA.14_1,Illinois,Piatt,piatt,County,County,US.IL.PA,17,0,MultiPolygon
USA.14.76_1,USA.14_1,Illinois,Pike,pike,County,County,US.IL.PK,17,0,MultiPolygon
USA.14.77_1,USA.14_1,Illinois,Pope,pope,County,County,US.IL.PE,17,0,MultiPolygon
USA.14.78_1,USA.14_1,Illinois,Pulaski,pulaski,County,County,US.IL.PL,17,0,MultiPolygon
USA.14.79_1,USA.14_1,Illinois,Putnam,putnam,County,County,US.IL.PT,17,0,MultiPolygon
USA.14.7_1,USA.14_1,Illinois,Calhoun,calhoun,County,County,US.IL.CH,17,0,MultiPolygon
USA.14.80_1,USA.14_1,Illinois,Randolph,randolph,County,County,US.IL.RA,17,0,MultiPolygon
USA.14.81_1,USA.14_1,Illinois,Richland,richland,County,County,US.IL.RI,17,0,MultiPolygon
USA.14.82_1,USA.14_1,Illinois,RockIsland,rockisland,County,County,US.IL.RO,17,0,MultiPolygon
USA.14.83_1,USA.14_1,Illinois,SaintClair,saintclair,County,County,US.IL.SI,17,0,MultiPolygon
USA.14.84_1,USA.14_1,Illinois,Saline,saline,County,County,US.IL.SE,17,0,MultiPolygon
USA.14.85_1,USA.14_1,Illinois,Sangamon,sangamon,County,County,US.IL.SM,17,0,MultiPolygon
USA.14.86_1,USA.14_1,Illinois,Schuyler,schuyler,County,County,US.IL.SU,17,0,MultiPolygon
USA.14.87_1,USA.14_1,Illinois,Scott,scott,County,County,US.IL.SO,17,0,MultiPolygon
USA.14.88_1,USA.14_1,Illinois,Shelby,shelby,County,County,US.IL.SB,17,0,MultiPolygon
USA.14.89_1,USA.14_1,Illinois,Stark,stark,County,County,US.IL.SA,17,0,MultiPolygon
USA.14.8_1,USA.14_1,Illinois,Carroll,carroll,County,County,US.IL.CL,17,0,MultiPolygon
USA.14.90_1,USA.14_1,Illinois,Stephenson,stephenson,County,County,US.IL.SN,17,0,MultiPolygon
USA.14.91_1,USA.14_1,Illinois,Tazewell,tazewell,County,County,US.IL.TA,17,0,MultiPolygon
USA.14.92_1,USA.14_1,Illinois,Union,union,County,County,US.IL.UN,17,0,MultiPolygon
USA.14.93_1,USA.14_1,Illinois,Vermilion,vermilion,County,County,US.IL.VE,17,0,MultiPolygon
USA.14.94_1,USA.14_1,Illinois,Wabash,wabash,County,County,US.IL.WB,17,0,MultiPolygon
USA.14.95_1,USA.14_1,Illinois,Warren,warren,County,County,US.IL.WR,17,0,MultiPolygon
USA.14.96_1,USA.14_1,Illinois,Washington,washington,County,County,US.IL.WG,17,0,MultiPolygon
USA.14.97_1,USA.14_1,Illinois,Wayne,wayne,County,County,US.IL.WY,17,0,MultiPolygon
USA.14.98_1,USA.14_1,Illinois,White,white,County,County,US.IL.WE,17,0,MultiPolygon
USA.14.99_1,USA.14_1,Illinois,Whiteside,whiteside,County,County,US.IL.WD,17,0,MultiPolygon
USA.14.9_1,USA.14_1,Illinois,Cass,cass,County,County,US.IL.CS,17,0,MultiPolygon
USA.15.10_1,USA.15_1,Indiana,Clark,clark,County,County,US.IN.CK,18,0,MultiPolygon
USA.15.11_1,USA.15_1,Indiana,Clay,clay,County,County,US.IN.CY,18,0,MultiPolygon
USA.15.12_1,USA.15_1,Indiana,Clinton,clinton,County,County,US.IN.CI,18,0,MultiPolygon
USA.15.13_1,USA.15_1,Indiana,Crawford,crawford,County,County,US.IN.CW,18,0,MultiPolygon
USA.15.14_1,USA.15_1,Indiana,Daviess,daviess,County,County,US.IN.DI,18,0,MultiPolygon
USA.15.15_1,USA.15_1,Indiana,DeKalb,dekalb,County,County,US.IN.DE,18,0,MultiPolygon
USA.15.16_1,USA.15_1,Indiana,Dearborn,dearborn,County,County,US.IN.DR,18,0,MultiPolygon
USA.15.17_1,USA.15_1,Indiana,Decatur,decatur,County,County,US.IN.DC,18,0,MultiPolygon
USA.15.18_1,USA.15_1,Indiana,Delaware,delaware,County,County,US.IN.DL,18,0,MultiPolygon
USA.15.19_1,USA.15_1,Indiana,Dubois,dubois,County,County,US.IN.DU,18,0,MultiPolygon
USA.15.1_1,USA.15_1,Indiana,Adams,adams,County,County,US.IN.AD,18,0,MultiPolygon
USA.15.20_1,USA.15_1,Indiana,Elkhart,elkhart,County,County,US.IN.EL,18,0,MultiPolygon
USA.15.21_1,USA.15_1,Indiana,Fayette,fayette,County,County,US.IN.FA,18,0,MultiPolygon
USA.15.22_1,USA.15_1,Indiana,Floyd,floyd,County,County,US.IN.FL,18,0,MultiPolygon
USA.15.23_1,USA.15_1,Indiana,Fountain,fountain,County,County,US.IN.FO,18,0,MultiPolygon
USA.15.24_1,USA.15_1,Indiana,Franklin,franklin,County,County,US.IN.FR,18,0,MultiPolygon
USA.15.25_1,USA.15_1,Indiana,Fulton,fulton,County,County,US.IN.FU,18,0,MultiPolygon
USA.15.26_1,USA.15_1,Indiana,Gibson,gibson,County,County,US.IN.GI,18,0,MultiPolygon
USA.15.27_1,USA.15_1,Indiana,Grant,grant,County,County,US.IN.GA,18,0,MultiPolygon
USA.15.28_1,USA.15_1,Indiana,Greene,greene,County,County,US.IN.GE,18,0,MultiPolygon
USA.15.29_1,USA.15_1,Indiana,Hamilton,hamilton,County,County,US.IN.HM,18,0,MultiPolygon
USA.15.2_1,USA.15_1,Indiana,Allen,allen,County,County,US.IN.AL,18,0,MultiPolygon
USA.15.30_1,USA.15_1,Indiana,Hancock,hancock,County,County,US.IN.HC,18,0,MultiPolygon
USA.15.31_1,USA.15_1,Indiana,Harrison,harrison,County,County,US.IN.HI,18,0,MultiPolygon
USA.15.32_1,USA.15_1,Indiana,Hendricks,hendricks,County,County,US.IN.HD,18,0,MultiPolygon
USA.15.33_1,USA.15_1,Indiana,Henry,henry,County,County,US.IN.HY,18,0,MultiPolygon
USA.15.34_1,USA.15_1,Indiana,Howard,howard,County,County,US.IN.HO,18,0,MultiPolygon
USA.15.35_1,USA.15_1,Indiana,Huntington,huntington,County,County,US.IN.HU,18,0,MultiPolygon
USA.15.36_1,USA.15_1,Indiana,Jackson,jackson,County,County,US.IN.JC,18,0,MultiPolygon
USA.15.37_1,USA.15_1,Indiana,Jasper,jasper,County,County,US.IN.JS,18,0,MultiPolygon
USA.15.38_1,USA.15_1,Indiana,Jay,jay,County,County,US.IN.JY,18,0,MultiPolygon
USA.15.39_1,USA.15_1,Indiana,Jefferson,jefferson,County,County,US.IN.JF,18,0,MultiPolygon
USA.15.3_1,USA.15_1,Indiana,Bartholomew,bartholomew,County,County,US.IN.BA,18,0,MultiPolygon
USA.15.40_1,USA.15_1,Indiana,Jennings,jennings,County,County,US.IN.JN,18,0,MultiPolygon
USA.15.41_1,USA.15_1,Indiana,Johnson,johnson,County,County,US.IN.JO,18,0,MultiPolygon
USA.15.42_1,USA.15_1,Indiana,Knox,knox,County,County,US.IN.KN,18,0,MultiPolygon
USA.15.43_1,USA.15_1,Indiana,Kosciusko,kosciusko,County,County,US.IN.KO,18,0,MultiPolygon
USA.15.44_1,USA.15_1,Indiana,LaGrange,lagrange,County,County,US.IN.LG,18,0,MultiPolygon
USA.15.45_1,USA.15_1,Indiana,Lake,lake,County,County,US.IN.LK,18,0,MultiPolygon
USA.15.46_1,USA.15_1,Indiana,LakeMichigan,lakemichigan,Waterbody,Waterbody,US.IN.WB,18,1,MultiPolygon
USA.15.47_1,USA.15_1,Indiana,LaPorte,laporte,County,County,US.IN.LA,18,0,MultiPolygon
USA.15.48_1,USA.15_1,Indiana,Lawrence,lawrence,County,County,US.IN.LW,18,0,MultiPolygon
USA.15.49_1,USA.15_1,Indiana,Madison,madison,County,County,US.IN.MD,18,0,MultiPolygon
USA.15.4_1,USA.15_1,Indiana,Benton,benton,County,County,US.IN.BE,18,0,MultiPolygon
USA.15.50_1,USA.15_1,Indiana,Marion,marion,County,County,US.IN.MO,18,0,MultiPolygon
USA.15.51_1,USA.15_1,Indiana,Marshall,marshall,County,County,US.IN.MS,18,0,MultiPolygon
USA.15.52_1,USA.15_1,Indiana,Martin,martin,County,County,US.IN.MN,18,0,MultiPolygon
USA.15.53_1,USA.15_1,Indiana,Miami,miami,County,County,US.IN.MI,18,0,MultiPolygon
USA.15.54_1,USA.15_1,Indiana,Monroe,monroe,County,County,US.IN.MR,18,0,MultiPolygon
USA.15.55_1,USA.15_1,Indiana,Montgomery,montgomery,County,County,US.IN.MM,18,0,MultiPolygon
USA.15.56_1,USA.15_1,Indiana,Morgan,morgan,County,County,US.IN.MG,18,0,MultiPolygon
USA.15.57_1,USA.15_1,Indiana,Newton,newton,County,County,US.IN.NE,18,0,MultiPolygon
USA.15.58_1,USA.15_1,Indiana,Noble,noble,County,County,US.IN.NO,18,0,MultiPolygon
USA.15.59_1,USA.15_1,Indiana,Ohio,ohio,County,County,US.IN.OH,18,0,MultiPolygon
USA.15.5_1,USA.15_1,Indiana,Blackford,blackford,County,County,US.IN.BL,18,0,MultiPolygon
USA.15.60_1,USA.15_1,Indiana,Orange,orange,County,County,US.IN.OR,18,0,MultiPolygon
USA.15.61_1,USA.15_1,Indiana,Owen,owen,County,County,US.IN.OW,18,0,MultiPolygon
USA.15.62_1,USA.15_1,Indiana,Parke,parke,County,County,US.IN.PA,18,0,MultiPolygon
USA.15.63_1,USA.15_1,Indiana,Perry,perry,County,County,US.IN.PE,18,0,MultiPolygon
USA.15.64_1,USA.15_1,Indiana,Pike,pike,County,County,US.IN.PI,18,0,MultiPolygon
USA.15.65_1,USA.15_1,Indiana,Porter,porter,County,County,US.IN.PR,18,0,MultiPolygon
USA.15.66_1,USA.15_1,Indiana,Posey,posey,County,County,US.IN.PS,18,0,MultiPolygon
USA.15.67_1,USA.15_1,Indiana,Pulaski,pulaski,County,County,US.IN.PL,18,0,MultiPolygon
USA.15.68_1,USA.15_1,Indiana,Putnam,putnam,County,County,US.IN.PT,18,0,MultiPolygon
USA.15.69_1,USA.15_1,Indiana,Randolph,randolph,County,County,US.IN.RA,18,0,MultiPolygon
USA.15.6_1,USA.15_1,Indiana,Boone,boone,County,County,US.IN.BO,18,0,MultiPolygon
USA.15.70_1,USA.15_1,Indiana,Ripley,ripley,County,County,US.IN.RI,18,0,MultiPolygon
USA.15.71_1,USA.15_1,Indiana,Rush,rush,County,County,US.IN.RU,18,0,MultiPolygon
USA.15.72_1,USA.15_1,Indiana,SaintJoseph,saintjoseph,County,County,US.IN.SN,18,0,MultiPolygon
USA.15.73_1,USA.15_1,Indiana,Scott,scott,County,County,US.IN.SC,18,0,MultiPolygon
USA.15.74_1,USA.15_1,Indiana,Shelby,shelby,County,County,US.IN.SH,18,0,MultiPolygon
USA.15.75_1,USA.15_1,Indiana,Spencer,spencer,County,County,US.IN.SP,18,0,MultiPolygon
USA.15.76_1,USA.15_1,Indiana,Starke,starke,County,County,US.IN.SR,18,0,MultiPolygon
USA.15.77_1,USA.15_1,Indiana,Steuben,steuben,County,County,US.IN.SE,18,0,MultiPolygon
USA.15.78_1,USA.15_1,Indiana,Sullivan,sullivan,County,County,US.IN.SU,18,0,MultiPolygon
USA.15.79_1,USA.15_1,Indiana,Switzerland,switzerland,County,County,US.IN.SW,18,0,MultiPolygon
USA.15.7_1,USA.15_1,Indiana,Brown,brown,County,County,US.IN.BR,18,0,MultiPolygon
USA.15.80_1,USA.15_1,Indiana,Tippecanoe,tippecanoe,County,County,US.IN.TP,18,0,MultiPolygon
USA.15.81_1,USA.15_1,Indiana,Tipton,tipton,County,County,US.IN.TT,18,0,MultiPolygon
USA.15.82_1,USA.15_1,Indiana,Union,union,County,County,US.IN.UN,18,0,MultiPolygon
USA.15.83_1,USA.15_1,Indiana,Vanderburgh,vanderburgh,County,County,US.IN.VA,18,0,MultiPolygon
USA.15.84_1,USA.15_1,Indiana,Vermillion,vermillion,County,County,US.IN.VE,18,0,MultiPolygon
USA.15.85_1,USA.15_1,Indiana,Vigo,vigo,County,County,US.IN.VI,18,0,MultiPolygon
USA.15.86_1,USA.15_1,Indiana,Wabash,wabash,County,County,US.IN.WB,18,0,MultiPolygon
USA.15.87_1,USA.15_1,Indiana,Warren,warren,County,County,US.IN.WN,18,0,MultiPolygon
USA.15.88_1,USA.15_1,Indiana,Warrick,warrick,County,County,US.IN.WI,18,0,MultiPolygon
USA.15.89_1,USA.15_1,Indiana,Washington,washington,County,County,US.IN.WS,18,0,MultiPolygon
USA.15.8_1,USA.15_1,Indiana,Carroll,carroll,County,County,US.IN.CO,18,0,MultiPolygon
USA.15.90_1,USA.15_1,Indiana,Wayne,wayne,County,County,US.IN.WY,18,0,MultiPolygon
USA.15.91_1,USA.15_1,Indiana,Wells,wells,County,County,US.IN.WE,18,0,MultiPolygon
USA.15.92_1,USA.15_1,Indiana,White,white,County,County,US.IN.WH,18,0,MultiPolygon
USA.15.93_1,USA.15_1,Indiana,Whitley,whitley,County,County,US.IN.WL,18,0,MultiPolygon
USA.15.9_1,USA.15_1,Indiana,Cass,cass,County,County,US.IN.CS,18,0,MultiPolygon
USA.16.10_1,USA.16_1,Iowa,Buchanan,buchanan,County,County,US.IA.BC,19,0,MultiPolygon
USA.16.11_1,USA.16_1,Iowa,BuenaVista,buenavista,County,County,US.IA.BV,19,0,MultiPolygon
USA.16.12_1,USA.16_1,Iowa,Butler,butler,County,County,US.IA.BE,19,0,MultiPolygon
USA.16.13_1,USA.16_1,Iowa,Calhoun,calhoun,County,County,US.IA.CO,19,0,MultiPolygon
USA.16.14_1,USA.16_1,Iowa,Carroll,carroll,County,County,US.IA.CL,19,0,MultiPolygon
USA.16.15_1,USA.16_1,Iowa,Cass,cass,County,County,US.IA.CS,19,0,MultiPolygon
USA.16.16_1,USA.16_1,Iowa,Cedar,cedar,County,County,US.IA.CD,19,0,MultiPolygon
USA.16.17_1,USA.16_1,Iowa,CerroGordo,cerrogordo,County,County,US.IA.CG,19,0,MultiPolygon
USA.16.18_1,USA.16_1,Iowa,Cherokee,cherokee,County,County,US.IA.CE,19,0,MultiPolygon
USA.16.19_1,USA.16_1,Iowa,Chickasaw,chickasaw,County,County,US.IA.CC,19,0,MultiPolygon
USA.16.1_1,USA.16_1,Iowa,Adair,adair,County,County,US.IA.AI,19,0,MultiPolygon
USA.16.20_1,USA.16_1,Iowa,Clarke,clarke,County,County,US.IA.CK,19,0,MultiPolygon
USA.16.21_1,USA.16_1,Iowa,Clay,clay,County,County,US.IA.CY,19,0,MultiPolygon
USA.16.22_1,USA.16_1,Iowa,Clayton,clayton,County,County,US.IA.CT,19,0,MultiPolygon
USA.16.23_1,USA.16_1,Iowa,Clinton,clinton,County,County,US.IA.CN,19,0,MultiPolygon
USA.16.24_1,USA.16_1,Iowa,Crawford,crawford,County,County,US.IA.CW,19,0,MultiPolygon
USA.16.25_1,USA.16_1,Iowa,Dallas,dallas,County,County,US.IA.DL,19,0,MultiPolygon
USA.16.26_1,USA.16_1,Iowa,Davis,davis,County,County,US.IA.DV,19,0,MultiPolygon
USA.16.27_1,USA.16_1,Iowa,Decatur,decatur,County,County,US.IA.DC,19,0,MultiPolygon
USA.16.28_1,USA.16_1,Iowa,Delaware,delaware,County,County,US.IA.DA,19,0,MultiPolygon
USA.16.29_1,USA.16_1,Iowa,DesMoines,desmoines,County,County,US.IA.DS,19,0,MultiPolygon
USA.16.2_1,USA.16_1,Iowa,Adams,adams,County,County,US.IA.AM,19,0,MultiPolygon
USA.16.30_1,USA.16_1,Iowa,Dickinson,dickinson,County,County,US.IA.DI,19,0,MultiPolygon
USA.16.31_1,USA.16_1,Iowa,Dubuque,dubuque,County,County,US.IA.DU,19,0,MultiPolygon
USA.16.32_1,USA.16_1,Iowa,Emmet,emmet,County,County,US.IA.EM,19,0,MultiPolygon
USA.16.33_1,USA.16_1,Iowa,Fayette,fayette,County,County,US.IA.FT,19,0,MultiPolygon
USA.16.34_1,USA.16_1,Iowa,Floyd,floyd,County,County,US.IA.FL,19,0,MultiPolygon
USA.16.35_1,USA.16_1,Iowa,Franklin,franklin,County,County,US.IA.FN,19,0,MultiPolygon
USA.16.36_1,USA.16_1,Iowa,Fremont,fremont,County,County,US.IA.FO,19,0,MultiPolygon
USA.16.37_1,USA.16_1,Iowa,Greene,greene,County,County,US.IA.GE,19,0,MultiPolygon
USA.16.38_1,USA.16_1,Iowa,Grundy,grundy,County,County,US.IA.GN,19,0,MultiPolygon
USA.16.39_1,USA.16_1,Iowa,Guthrie,guthrie,County,County,US.IA.GH,19,0,MultiPolygon
USA.16.3_1,USA.16_1,Iowa,Allamakee,allamakee,County,County,US.IA.AL,19,0,MultiPolygon
USA.16.40_1,USA.16_1,Iowa,Hamilton,hamilton,County,County,US.IA.HM,19,0,MultiPolygon
USA.16.41_1,USA.16_1,Iowa,Hancock,hancock,County,County,US.IA.HN,19,0,MultiPolygon
USA.16.42_1,USA.16_1,Iowa,Hardin,hardin,County,County,US.IA.HD,19,0,MultiPolygon
USA.16.43_1,USA.16_1,Iowa,Harrison,harrison,County,County,US.IA.HR,19,0,MultiPolygon
USA.16.44_1,USA.16_1,Iowa,Henry,henry,County,County,US.IA.HE,19,0,MultiPolygon
USA.16.45_1,USA.16_1,Iowa,Howard,howard,County,County,US.IA.HO,19,0,MultiPolygon
USA.16.46_1,USA.16_1,Iowa,Humboldt,humboldt,County,County,US.IA.HU,19,0,MultiPolygon
USA.16.47_1,USA.16_1,Iowa,Ida,ida,County,County,US.IA.ID,19,0,MultiPolygon
USA.16.48_1,USA.16_1,Iowa,Iowa,iowa,County,County,US.IA.IO,19,0,MultiPolygon
USA.16.49_1,USA.16_1,Iowa,Jackson,jackson,County,County,US.IA.JC,19,0,MultiPolygon
USA.16.4_1,USA.16_1,Iowa,Appanoose,appanoose,County,County,US.IA.AP,19,0,MultiPolygon
USA.16.50_1,USA.16_1,Iowa,Jasper,jasper,County,County,US.IA.JS,19,0,MultiPolygon
USA.16.51_1,USA.16_1,Iowa,Jefferson,jefferson,County,County,US.IA.JE,19,0,MultiPolygon
USA.16.52_1,USA.16_1,Iowa,Johnson,johnson,County,County,US.IA.JH,19,0,MultiPolygon
USA.16.53_1,USA.16_1,Iowa,Jones,jones,County,County,US.IA.JN,19,0,MultiPolygon
USA.16.54_1,USA.16_1,Iowa,Keokuk,keokuk,County,County,US.IA.KE,19,0,MultiPolygon
USA.16.55_1,USA.16_1,Iowa,Kossuth,kossuth,County,County,US.IA.KO,19,0,MultiPolygon
USA.16.56_1,USA.16_1,Iowa,Lee,lee,County,County,US.IA.LE,19,0,MultiPolygon
USA.16.57_1,USA.16_1,Iowa,Linn,linn,County,County,US.IA.LI,19,0,MultiPolygon
USA.16.58_1,USA.16_1,Iowa,Louisa,louisa,County,County,US.IA.LO,19,0,MultiPolygon
USA.16.59_1,USA.16_1,Iowa,Lucas,lucas,County,County,US.IA.LU,19,0,MultiPolygon
USA.16.5_1,USA.16_1,Iowa,Audubon,audubon,County,County,US.IA.AU,19,0,MultiPolygon
USA.16.60_1,USA.16_1,Iowa,Lyon,lyon,County,County,US.IA.LY,19,0,MultiPolygon
USA.16.61_1,USA.16_1,Iowa,Madison,madison,County,County,US.IA.MD,19,0,MultiPolygon
USA.16.62_1,USA.16_1,Iowa,Mahaska,mahaska,County,County,US.IA.MK,19,0,MultiPolygon
USA.16.63_1,USA.16_1,Iowa,Marion,marion,County,County,US.IA.MI,19,0,MultiPolygon
USA.16.64_1,USA.16_1,Iowa,Marshall,marshall,County,County,US.IA.MS,19,0,MultiPolygon
USA.16.65_1,USA.16_1,Iowa,Mills,mills,County,County,US.IA.ML,19,0,MultiPolygon
USA.16.66_1,USA.16_1,Iowa,Mitchell,mitchell,County,County,US.IA.ME,19,0,MultiPolygon
USA.16.67_1,USA.16_1,Iowa,Monona,monona,County,County,US.IA.MO,19,0,MultiPolygon
USA.16.68_1,USA.16_1,Iowa,Monroe,monroe,County,County,US.IA.MR,19,0,MultiPolygon
USA.16.69_1,USA.16_1,Iowa,Montgomery,montgomery,County,County,US.IA.MG,19,0,MultiPolygon
USA.16.6_1,USA.16_1,Iowa,Benton,benton,County,County,US.IA.BN,19,0,MultiPolygon
USA.16.70_1,USA.16_1,Iowa,Muscatine,muscatine,County,County,US.IA.MU,19,0,MultiPolygon
USA.16.71_1,USA.16_1,Iowa,O'Brien,obrien,County,County,US.IA.OB,19,0,MultiPolygon
USA.16.72_1,USA.16_1,Iowa,Osceola,osceola,County,County,US.IA.OS,19,0,MultiPolygon
USA.16.73_1,USA.16_1,Iowa,Page,page,County,County,US.IA.PG,19,0,MultiPolygon
USA.16.74_1,USA.16_1,Iowa,PaloAlto,paloalto,County,County,US.IA.PO,19,0,MultiPolygon
USA.16.75_1,USA.16_1,Iowa,Plymouth,plymouth,County,County,US.IA.PM,19,0,MultiPolygon
USA.16.76_1,USA.16_1,Iowa,Pocahontas,pocahontas,County,County,US.IA.PC,19,0,MultiPolygon
USA.16.77_1,USA.16_1,Iowa,Polk,polk,County,County,US.IA.PK,19,0,MultiPolygon
USA.16.78_1,USA.16_1,Iowa,Pottawattamie,pottawattamie,County,County,US.IA.PT,19,0,MultiPolygon
USA.16.79_1,USA.16_1,Iowa,Poweshiek,poweshiek,County,County,US.IA.PW,19,0,MultiPolygon
USA.16.7_1,USA.16_1,Iowa,BlackHawk,blackhawk,County,County,US.IA.BL,19,0,MultiPolygon
USA.16.80_1,USA.16_1,Iowa,Ringgold,ringgold,County,County,US.IA.RI,19,0,MultiPolygon
USA.16.81_1,USA.16_1,Iowa,Sac,sac,County,County,US.IA.SA,19,0,MultiPolygon
USA.16.82_1,USA.16_1,Iowa,Scott,scott,County,County,US.IA.SC,19,0,MultiPolygon
USA.16.83_1,USA.16_1,Iowa,Shelby,shelby,County,County,US.IA.SH,19,0,MultiPolygon
USA.16.84_1,USA.16_1,Iowa,Sioux,sioux,County,County,US.IA.SI,19,0,MultiPolygon
USA.16.85_1,USA.16_1,Iowa,Story,story,County,County,US.IA.ST,19,0,MultiPolygon
USA.16.86_1,USA.16_1,Iowa,Tama,tama,County,County,US.IA.TM,19,0,MultiPolygon
USA.16.87_1,USA.16_1,Iowa,Taylor,taylor,County,County,US.IA.TY,19,0,MultiPolygon
USA.16.88_1,USA.16_1,Iowa,Union,union,County,County,US.IA.UN,19,0,MultiPolygon
USA.16.89_1,USA.16_1,Iowa,VanBuren,vanburen,County,County,US.IA.VA,19,0,MultiPolygon
USA.16.8_1,USA.16_1,Iowa,Boone,boone,County,County,US.IA.BO,19,0,MultiPolygon
USA.16.90_1,USA.16_1,Iowa,Wapello,wapello,County,County,US.IA.WP,19,0,MultiPolygon
USA.16.91_1,USA.16_1,Iowa,Warren,warren,County,County,US.IA.WR,19,0,MultiPolygon
USA.16.92_1,USA.16_1,Iowa,Washington,washington,County,County,US.IA.WS,19,0,MultiPolygon
USA.16.93_1,USA.16_1,Iowa,Wayne,wayne,County,County,US.IA.WY,19,0,MultiPolygon
USA.16.94_1,USA.16_1,Iowa,Webster,webster,County,County,US.IA.WE,19,0,MultiPolygon
USA.16.95_1,USA.16_1,Iowa,Winnebago,winnebago,County,County,US.IA.WB,19,0,MultiPolygon
USA.16.96_1,USA.16_1,Iowa,Winneshiek,winneshiek,County,County,US.IA.WH,19,0,MultiPolygon
USA.16.97_1,USA.16_1,Iowa,Woodbury,woodbury,County,County,US.IA.WO,19,0,MultiPolygon
USA.16.98_1,USA.16_1,Iowa,Worth,worth,County,County,US.IA.WT,19,0,MultiPolygon
USA.16.99_1,USA.16_1,Iowa,Wright,wright,County,County,US.IA.WG,19,0,MultiPolygon
USA.16.9_1,USA.16_1,Iowa,Bremer,bremer,County,County,US.IA.BR,19,0,MultiPolygon
USA.17.100_1,USA.17_1,Kansas,Wallace,wallace,County,County,US.KS.WA,20,0,MultiPolygon
USA.17.101_1,USA.17_1,Kansas,Washington,washington,County,County,US.KS.WS,20,0,MultiPolygon
USA.17.102_1,USA.17_1,Kansas,Wichita,wichita,County,County,US.KS.WH,20,0,MultiPolygon
USA.17.103_1,USA.17_1,Kansas,Wilson,wilson,County,County,US.KS.WL,20,0,MultiPolygon
USA.17.104_1,USA.17_1,Kansas,Woodson,woodson,County,County,US.KS.WO,20,0,MultiPolygon
USA.17.105_1,USA.17_1,Kansas,Wyandotte,wyandotte,County,County,US.KS.WY,20,0,MultiPolygon
USA.17.10_1,USA.17_1,Kansas,Chautauqua,chautauqua,County,County,US.KS.CQ,20,0,MultiPolygon
USA.17.11_1,USA.17_1,Kansas,Cherokee,cherokee,County,County,US.KS.CK,20,0,MultiPolygon
USA.17.12_1,USA.17_1,Kansas,Cheyenne,cheyenne,County,County,US.KS.CN,20,0,MultiPolygon
USA.17.13_1,USA.17_1,Kansas,Clark,clark,County,County,US.KS.CA,20,0,MultiPolygon
USA.17.14_1,USA.17_1,Kansas,Clay,clay,County,County,US.KS.CY,20,0,MultiPolygon
USA.17.15_1,USA.17_1,Kansas,Cloud,cloud,County,County,US.KS.CD,20,0,MultiPolygon
USA.17.16_1,USA.17_1,Kansas,Coffey,coffey,County,County,US.KS.CF,20,0,MultiPolygon
USA.17.17_1,USA.17_1,Kansas,Comanche,comanche,County,County,US.KS.CM,20,0,MultiPolygon
USA.17.18_1,USA.17_1,Kansas,Cowley,cowley,County,County,US.KS.CL,20,0,MultiPolygon
USA.17.19_1,USA.17_1,Kansas,Crawford,crawford,County,County,US.KS.CR,20,0,MultiPolygon
USA.17.1_1,USA.17_1,Kansas,Allen,allen,County,County,US.KS.AL,20,0,MultiPolygon
USA.17.20_1,USA.17_1,Kansas,Decatur,decatur,County,County,US.KS.DC,20,0,MultiPolygon
USA.17.21_1,USA.17_1,Kansas,Dickinson,dickinson,County,County,US.KS.DK,20,0,MultiPolygon
USA.17.22_1,USA.17_1,Kansas,Doniphan,doniphan,County,County,US.KS.DP,20,0,MultiPolygon
USA.17.23_1,USA.17_1,Kansas,Douglas,douglas,County,County,US.KS.DG,20,0,MultiPolygon
USA.17.24_1,USA.17_1,Kansas,Edwards,edwards,County,County,US.KS.ED,20,0,MultiPolygon
USA.17.25_1,USA.17_1,Kansas,Elk,elk,County,County,US.KS.EK,20,0,MultiPolygon
USA.17.26_1,USA.17_1,Kansas,Ellis,ellis,County,County,US.KS.EL,20,0,MultiPolygon
USA.17.27_1,USA.17_1,Kansas,Ellsworth,ellsworth,County,County,US.KS.EW,20,0,MultiPolygon
USA.17.28_1,USA.17_1,Kansas,Finney,finney,County,County,US.KS.FI,20,0,MultiPolygon
USA.17.29_1,USA.17_1,Kansas,Ford,ford,County,County,US.KS.FO,20,0,MultiPolygon
USA.17.2_1,USA.17_1,Kansas,Anderson,anderson,County,County,US.KS.AN,20,0,MultiPolygon
USA.17.30_1,USA.17_1,Kansas,Franklin,franklin,County,County,US.KS.FR,20,0,MultiPolygon
USA.17.31_1,USA.17_1,Kansas,Geary,geary,County,County,US.KS.GE,20,0,MultiPolygon
USA.17.32_1,USA.17_1,Kansas,Gove,gove,County,County,US.KS.GO,20,0,MultiPolygon
USA.17.33_1,USA.17_1,Kansas,Graham,graham,County,County,US.KS.GH,20,0,MultiPolygon
USA.17.34_1,USA.17_1,Kansas,Grant,grant,County,County,US.KS.GT,20,0,MultiPolygon
USA.17.35_1,USA.17_1,Kansas,Gray,gray,County,County,US.KS.GY,20,0,MultiPolygon
USA.17.36_1,USA.17_1,Kansas,Greeley,greeley,County,County,US.KS.GL,20,0,MultiPolygon
USA.17.37_1,USA.17_1,Kansas,Greenwood,greenwood,County,County,US.KS.GW,20,0,MultiPolygon
USA.17.38_1,USA.17_1,Kansas,Hamilton,hamilton,County,County,US.KS.HM,20,0,MultiPolygon
USA.17.39_1,USA.17_1,Kansas,Harper,harper,County,County,US.KS.HP,20,0,MultiPolygon
USA.17.3_1,USA.17_1,Kansas,Atchison,atchison,County,County,US.KS.AT,20,0,MultiPolygon
USA.17.40_1,USA.17_1,Kansas,Harvey,harvey,County,County,US.KS.HV,20,0,MultiPolygon
USA.17.41_1,USA.17_1,Kansas,Haskell,haskell,County,County,US.KS.HS,20,0,MultiPolygon
USA.17.42_1,USA.17_1,Kansas,Hodgeman,hodgeman,County,County,US.KS.HG,20,0,MultiPolygon
USA.17.43_1,USA.17_1,Kansas,Jackson,jackson,County,County,US.KS.JA,20,0,MultiPolygon
USA.17.44_1,USA.17_1,Kansas,Jefferson,jefferson,County,County,US.KS.JF,20,0,MultiPolygon
USA.17.45_1,USA.17_1,Kansas,Jewell,jewell,County,County,US.KS.JW,20,0,MultiPolygon
USA.17.46_1,USA.17_1,Kansas,Johnson,johnson,County,County,US.KS.JO,20,0,MultiPolygon
USA.17.47_1,USA.17_1,Kansas,Kearny,kearny,County,County,US.KS.KE,20,0,MultiPolygon
USA.17.48_1,USA.17_1,Kansas,Kingman,kingman,County,County,US.KS.KM,20,0,MultiPolygon
USA.17.49_1,USA.17_1,Kansas,Kiowa,kiowa,County,County,US.KS.KW,20,0,MultiPolygon
USA.17.4_1,USA.17_1,Kansas,Barber,barber,County,County,US.KS.AB,20,0,MultiPolygon
USA.17.50_1,USA.17_1,Kansas,Labette,labette,County,County,US.KS.LB,20,0,MultiPolygon
USA.17.51_1,USA.17_1,Kansas,Lane,lane,County,County,US.KS.LE,20,0,MultiPolygon
USA.17.52_1,USA.17_1,Kansas,Leavenworth,leavenworth,County,County,US.KS.LV,20,0,MultiPolygon
USA.17.53_1,USA.17_1,Kansas,Lincoln,lincoln,County,County,US.KS.LC,20,0,MultiPolygon
USA.17.54_1,USA.17_1,Kansas,Linn,linn,County,County,US.KS.LN,20,0,MultiPolygon
USA.17.55_1,USA.17_1,Kansas,Logan,logan,County,County,US.KS.LG,20,0,MultiPolygon
USA.17.56_1,USA.17_1,Kansas,Lyon,lyon,County,County,US.KS.LY,20,0,MultiPolygon
USA.17.57_1,USA.17_1,Kansas,Marion,marion,County,County,US.KS.MN,20,0,MultiPolygon
USA.17.58_1,USA.17_1,Kansas,Marshall,marshall,County,County,US.KS.MS,20,0,MultiPolygon
USA.17.59_1,USA.17_1,Kansas,McPherson,mcpherson,County,County,US.KS.MP,20,0,MultiPolygon
USA.17.5_1,USA.17_1,Kansas,Barton,barton,County,County,US.KS.BT,20,0,MultiPolygon
USA.17.60_1,USA.17_1,Kansas,Meade,meade,County,County,US.KS.ME,20,0,MultiPolygon
USA.17.61_1,USA.17_1,Kansas,Miami,miami,County,County,US.KS.MI,20,0,MultiPolygon
USA.17.62_1,USA.17_1,Kansas,Mitchell,mitchell,County,County,US.KS.MC,20,0,MultiPolygon
USA.17.63_1,USA.17_1,Kansas,Montgomery,montgomery,County,County,US.KS.MG,20,0,MultiPolygon
USA.17.64_1,USA.17_1,Kansas,Morris,morris,County,County,US.KS.MR,20,0,MultiPolygon
USA.17.65_1,USA.17_1,Kansas,Morton,morton,County,County,US.KS.MT,20,0,MultiPolygon
USA.17.66_1,USA.17_1,Kansas,Nemaha,nemaha,County,County,US.KS.NM,20,0,MultiPolygon
USA.17.67_1,USA.17_1,Kansas,Neosho,neosho,County,County,US.KS.NO,20,0,MultiPolygon
USA.17.68_1,USA.17_1,Kansas,Ness,ness,County,County,US.KS.NS,20,0,MultiPolygon
USA.17.69_1,USA.17_1,Kansas,Norton,norton,County,County,US.KS.NT,20,0,MultiPolygon
USA.17.6_1,USA.17_1,Kansas,Bourbon,bourbon,County,County,US.KS.BB,20,0,MultiPolygon
USA.17.70_1,USA.17_1,Kansas,Osage,osage,County,County,US.KS.OS,20,0,MultiPolygon
USA.17.71_1,USA.17_1,Kansas,Osborne,osborne,County,County,US.KS.OB,20,0,MultiPolygon
USA.17.72_1,USA.17_1,Kansas,Ottawa,ottawa,County,County,US.KS.OT,20,0,MultiPolygon
USA.17.73_1,USA.17_1,Kansas,Pawnee,pawnee,County,County,US.KS.PN,20,0,MultiPolygon
USA.17.74_1,USA.17_1,Kansas,Phillips,phillips,County,County,US.KS.PL,20,0,MultiPolygon
USA.17.75_1,USA.17_1,Kansas,Pottawatomie,pottawatomie,County,County,US.KS.PT,20,0,MultiPolygon
USA.17.76_1,USA.17_1,Kansas,Pratt,pratt,County,County,US.KS.PR,20,0,MultiPolygon
USA.17.77_1,USA.17_1,Kansas,Rawlins,rawlins,County,County,US.KS.RA,20,0,MultiPolygon
USA.17.78_1,USA.17_1,Kansas,Reno,reno,County,County,US.KS.RN,20,0,MultiPolygon
USA.17.79_1,USA.17_1,Kansas,Republic,republic,County,County,US.KS.RP,20,0,MultiPolygon
USA.17.7_1,USA.17_1,Kansas,Brown,brown,County,County,US.KS.BR,20,0,MultiPolygon
USA.17.80_1,USA.17_1,Kansas,Rice,rice,County,County,US.KS.RC,20,0,MultiPolygon
USA.17.81_1,USA.17_1,Kansas,Riley,riley,County,County,US.KS.RL,20,0,MultiPolygon
USA.17.82_1,USA.17_1,Kansas,Rooks,rooks,County,County,US.KS.RO,20,0,MultiPolygon
USA.17.83_1,USA.17_1,Kansas,Rush,rush,County,County,US.KS.RH,20,0,MultiPolygon
USA.17.84_1,USA.17_1,Kansas,Russell,russell,County,County,US.KS.RS,20,0,MultiPolygon
USA.17.85_1,USA.17_1,Kansas,Saline,saline,County,County,US.KS.SA,20,0,MultiPolygon
USA.17.86_1,USA.17_1,Kansas,Scott,scott,County,County,US.KS.SC,20,0,MultiPolygon
USA.17.87_1,USA.17_1,Kansas,Sedgwick,sedgwick,County,County,US.KS.SG,20,0,MultiPolygon
USA.17.88_1,USA.17_1,Kansas,Seward,seward,County,County,US.KS.SW,20,0,MultiPolygon
USA.17.89_1,USA.17_1,Kansas,Shawnee,shawnee,County,County,US.KS.SN,20,0,MultiPolygon
USA.17.8_1,USA.17_1,Kansas,Butler,butler,County,County,US.KS.BU,20,0,MultiPolygon
USA.17.90_1,USA.17_1,Kansas,Sheridan,sheridan,County,County,US.KS.SD,20,0,MultiPolygon
USA.17.91_1,USA.17_1,Kansas,Sherman,sherman,County,County,US.KS.SH,20,0,MultiPolygon
USA.17.92_1,USA.17_1,Kansas,Smith,smith,County,County,US.KS.SM,20,0,MultiPolygon
USA.17.93_1,USA.17_1,Kansas,Stafford,stafford,County,County,US.KS.SF,20,0,MultiPolygon
USA.17.94_1,USA.17_1,Kansas,Stanton,stanton,County,County,US.KS.ST,20,0,MultiPolygon
USA.17.95_1,USA.17_1,Kansas,Stevens,stevens,County,County,US.KS.SV,20,0,MultiPolygon
USA.17.96_1,USA.17_1,Kansas,Sumner,sumner,County,County,US.KS.SU,20,0,MultiPolygon
USA.17.97_1,USA.17_1,Kansas,Thomas,thomas,County,County,US.KS.TH,20,0,MultiPolygon
USA.17.98_1,USA.17_1,Kansas,Trego,trego,County,County,US.KS.TR,20,0,MultiPolygon
USA.17.99_1,USA.17_1,Kansas,Wabaunsee,wabaunsee,County,County,US.KS.WB,20,0,MultiPolygon
USA.17.9_1,USA.17_1,Kansas,Chase,chase,County,County,US.KS.CS,20,0,MultiPolygon
USA.18.100_1,USA.18_1,Kentucky,Pulaski,pulaski,County,County,US.KY.PU,21,0,MultiPolygon
USA.18.101_1,USA.18_1,Kentucky,Robertson,robertson,County,County,US.KY.RB,21,0,MultiPolygon
USA.18.102_1,USA.18_1,Kentucky,Rockcastle,rockcastle,County,County,US.KY.RC,21,0,MultiPolygon
USA.18.103_1,USA.18_1,Kentucky,Rowan,rowan,County,County,US.KY.RW,21,0,MultiPolygon
USA.18.104_1,USA.18_1,Kentucky,Russell,russell,County,County,US.KY.RU,21,0,MultiPolygon
USA.18.105_1,USA.18_1,Kentucky,Scott,scott,County,County,US.KY.SC,21,0,MultiPolygon
USA.18.106_1,USA.18_1,Kentucky,Shelby,shelby,County,County,US.KY.SH,21,0,MultiPolygon
USA.18.107_1,USA.18_1,Kentucky,Simpson,simpson,County,County,US.KY.SI,21,0,MultiPolygon
USA.18.108_1,USA.18_1,Kentucky,Spencer,spencer,County,County,US.KY.SP,21,0,MultiPolygon
USA.18.109_1,USA.18_1,Kentucky,Taylor,taylor,County,County,US.KY.TA,21,0,MultiPolygon
USA.18.10_1,USA.18_1,Kentucky,Boyd,boyd,County,County,US.KY.BD,21,0,MultiPolygon
USA.18.110_1,USA.18_1,Kentucky,Todd,todd,County,County,US.KY.TO,21,0,MultiPolygon
USA.18.111_1,USA.18_1,Kentucky,Trigg,trigg,County,County,US.KY.TG,21,0,MultiPolygon
USA.18.112_1,USA.18_1,Kentucky,Trimble,trimble,County,County,US.KY.TM,21,0,MultiPolygon
USA.18.113_1,USA.18_1,Kentucky,Union,union,County,County,US.KY.UN,21,0,MultiPolygon
USA.18.114_1,USA.18_1,Kentucky,Warren,warren,County,County,US.KY.WR,21,0,MultiPolygon
USA.18.115_1,USA.18_1,Kentucky,Washington,washington,County,County,US.KY.WS,21,0,MultiPolygon
USA.18.116_1,USA.18_1,Kentucky,Wayne,wayne,County,County,US.KY.WY,21,0,MultiPolygon
USA.18.117_1,USA.18_1,Kentucky,Webster,webster,County,County,US.KY.WE,21,0,MultiPolygon
USA.18.118_1,USA.18_1,Kentucky,Whitley,whitley,County,County,US.KY.WH,21,0,MultiPolygon
USA.18.119_1,USA.18_1,Kentucky,Wolfe,wolfe,County,County,US.KY.WL,21,0,MultiPolygon
USA.18.11_1,USA.18_1,Kentucky,Boyle,boyle,County,County,US.KY.BE,21,0,MultiPolygon
USA.18.120_1,USA.18_1,Kentucky,Woodford,woodford,County,County,US.KY.WO,21,0,MultiPolygon
USA.18.12_1,USA.18_1,Kentucky,Bracken,bracken,County,County,US.KY.BK,21,0,MultiPolygon
USA.18.13_1,USA.18_1,Kentucky,Breathitt,breathitt,County,County,US.KY.BT,21,0,MultiPolygon
USA.18.14_1,USA.18_1,Kentucky,Breckinridge,breckinridge,County,County,US.KY.BC,21,0,MultiPolygon
USA.18.15_1,USA.18_1,Kentucky,Bullitt,bullitt,County,County,US.KY.BI,21,0,MultiPolygon
USA.18.16_1,USA.18_1,Kentucky,Butler,butler,County,County,US.KY.BR,21,0,MultiPolygon
USA.18.17_1,USA.18_1,Kentucky,Caldwell,caldwell,County,County,US.KY.CD,21,0,MultiPolygon
USA.18.18_1,USA.18_1,Kentucky,Calloway,calloway,County,County,US.KY.CW,21,0,MultiPolygon
USA.18.19_1,USA.18_1,Kentucky,Campbell,campbell,County,County,US.KY.CM,21,0,MultiPolygon
USA.18.1_1,USA.18_1,Kentucky,Adair,adair,County,County,US.KY.AD,21,0,MultiPolygon
USA.18.20_1,USA.18_1,Kentucky,Carlisle,carlisle,County,County,US.KY.CE,21,0,MultiPolygon
USA.18.21_1,USA.18_1,Kentucky,Carroll,carroll,County,County,US.KY.CL,21,0,MultiPolygon
USA.18.22_1,USA.18_1,Kentucky,Carter,carter,County,County,US.KY.CR,21,0,MultiPolygon
USA.18.23_1,USA.18_1,Kentucky,Casey,casey,County,County,US.KY.CS,21,0,MultiPolygon
USA.18.24_1,USA.18_1,Kentucky,Christian,christian,County,County,US.KY.CH,21,0,MultiPolygon
USA.18.25_1,USA.18_1,Kentucky,Clark,clark,County,County,US.KY.CK,21,0,MultiPolygon
USA.18.26_1,USA.18_1,Kentucky,Clay,clay,County,County,US.KY.CY,21,0,MultiPolygon
USA.18.27_1,USA.18_1,Kentucky,Clinton,clinton,County,County,US.KY.CO,21,0,MultiPolygon
USA.18.28_1,USA.18_1,Kentucky,Crittenden,crittenden,County,County,US.KY.CT,21,0,MultiPolygon
USA.18.29_1,USA.18_1,Kentucky,Cumberland,cumberland,County,County,US.KY.CU,21,0,MultiPolygon
USA.18.2_1,USA.18_1,Kentucky,Allen,allen,County,County,US.KY.AL,21,0,MultiPolygon
USA.18.30_1,USA.18_1,Kentucky,Daviess,daviess,County,County,US.KY.DA,21,0,MultiPolygon
USA.18.31_1,USA.18_1,Kentucky,Edmonson,edmonson,County,County,US.KY.ED,21,0,MultiPolygon
USA.18.32_1,USA.18_1,Kentucky,Elliott,elliott,County,County,US.KY.EL,21,0,MultiPolygon
USA.18.33_1,USA.18_1,Kentucky,Estill,estill,County,County,US.KY.ES,21,0,MultiPolygon
USA.18.34_1,USA.18_1,Kentucky,Fayette,fayette,County,County,US.KY.FA,21,0,MultiPolygon
USA.18.35_1,USA.18_1,Kentucky,Fleming,fleming,County,County,US.KY.FE,21,0,MultiPolygon
USA.18.36_1,USA.18_1,Kentucky,Floyd,floyd,County,County,US.KY.FO,21,0,MultiPolygon
USA.18.37_1,USA.18_1,Kentucky,Franklin,franklin,County,County,US.KY.FR,21,0,MultiPolygon
USA.18.38_1,USA.18_1,Kentucky,Fulton,fulton,County,County,US.KY.FU,21,0,MultiPolygon
USA.18.39_1,USA.18_1,Kentucky,Gallatin,gallatin,County,County,US.KY.GL,21,0,MultiPolygon
USA.18.3_1,USA.18_1,Kentucky,Anderson,anderson,County,County,US.KY.AN,21,0,MultiPolygon
USA.18.40_1,USA.18_1,Kentucky,Garrard,garrard,County,County,US.KY.GR,21,0,MultiPolygon
USA.18.41_1,USA.18_1,Kentucky,Grant,grant,County,County,US.KY.GT,21,0,MultiPolygon
USA.18.42_1,USA.18_1,Kentucky,Graves,graves,County,County,US.KY.GV,21,0,MultiPolygon
USA.18.43_1,USA.18_1,Kentucky,Grayson,grayson,County,County,US.KY.GY,21,0,MultiPolygon
USA.18.44_1,USA.18_1,Kentucky,Green,green,County,County,US.KY.GN,21,0,MultiPolygon
USA.18.45_1,USA.18_1,Kentucky,Greenup,greenup,County,County,US.KY.GU,21,0,MultiPolygon
USA.18.46_1,USA.18_1,Kentucky,Hancock,hancock,County,County,US.KY.HC,21,0,MultiPolygon
USA.18.47_1,USA.18_1,Kentucky,Hardin,hardin,County,County,US.KY.HN,21,0,MultiPolygon
USA.18.48_1,USA.18_1,Kentucky,Harlan,harlan,County,County,US.KY.HL,21,0,MultiPolygon
USA.18.49_1,USA.18_1,Kentucky,Harrison,harrison,County,County,US.KY.HS,21,0,MultiPolygon
USA.18.4_1,USA.18_1,Kentucky,Ballard,ballard,County,County,US.KY.BA,21,0,MultiPolygon
USA.18.50_1,USA.18_1,Kentucky,Hart,hart,County,County,US.KY.HT,21,0,MultiPolygon
USA.18.51_1,USA.18_1,Kentucky,Henderson,henderson,County,County,US.KY.HE,21,0,MultiPolygon
USA.18.52_1,USA.18_1,Kentucky,Henry,henry,County,County,US.KY.HY,21,0,MultiPolygon
USA.18.53_1,USA.18_1,Kentucky,Hickman,hickman,County,County,US.KY.HA,21,0,MultiPolygon
USA.18.54_1,USA.18_1,Kentucky,Hopkins,hopkins,County,County,US.KY.HO,21,0,MultiPolygon
USA.18.55_1,USA.18_1,Kentucky,Jackson,jackson,County,County,US.KY.JA,21,0,MultiPolygon
USA.18.56_1,USA.18_1,Kentucky,Jefferson,jefferson,County,County,US.KY.JF,21,0,MultiPolygon
USA.18.57_1,USA.18_1,Kentucky,Jessamine,jessamine,County,County,US.KY.JS,21,0,MultiPolygon
USA.18.58_1,USA.18_1,Kentucky,Johnson,johnson,County,County,US.KY.JO,21,0,MultiPolygon
USA.18.59_1,USA.18_1,Kentucky,Kenton,kenton,County,County,US.KY.KE,21,0,MultiPolygon
USA.18.5_1,USA.18_1,Kentucky,Barren,barren,County,County,US.KY.BN,21,0,MultiPolygon
USA.18.60_1,USA.18_1,Kentucky,Knott,knott,County,County,US.KY.KT,21,0,MultiPolygon
USA.18.61_1,USA.18_1,Kentucky,Knox,knox,County,County,US.KY.KX,21,0,MultiPolygon
USA.18.62_1,USA.18_1,Kentucky,Larue,larue,County,County,US.KY.LR,21,0,MultiPolygon
USA.18.63_1,USA.18_1,Kentucky,Laurel,laurel,County,County,US.KY.LU,21,0,MultiPolygon
USA.18.64_1,USA.18_1,Kentucky,Lawrence,lawrence,County,County,US.KY.LC,21,0,MultiPolygon
USA.18.65_1,USA.18_1,Kentucky,Lee,lee,County,County,US.KY.LE,21,0,MultiPolygon
USA.18.66_1,USA.18_1,Kentucky,Leslie,leslie,County,County,US.KY.LS,21,0,MultiPolygon
USA.18.67_1,USA.18_1,Kentucky,Letcher,letcher,County,County,US.KY.LT,21,0,MultiPolygon
USA.18.68_1,USA.18_1,Kentucky,Lewis,lewis,County,County,US.KY.LI,21,0,MultiPolygon
USA.18.69_1,USA.18_1,Kentucky,Lincoln,lincoln,County,County,US.KY.LN,21,0,MultiPolygon
USA.18.6_1,USA.18_1,Kentucky,Bath,bath,County,County,US.KY.BH,21,0,MultiPolygon
USA.18.70_1,USA.18_1,Kentucky,Livingston,livingston,County,County,US.KY.LV,21,0,MultiPolygon
USA.18.71_1,USA.18_1,Kentucky,Logan,logan,County,County,US.KY.LO,21,0,MultiPolygon
USA.18.72_1,USA.18_1,Kentucky,Lyon,lyon,County,County,US.KY.LY,21,0,MultiPolygon
USA.18.73_1,USA.18_1,Kentucky,Madison,madison,County,County,US.KY.MD,21,0,MultiPolygon
USA.18.74_1,USA.18_1,Kentucky,Magoffin,magoffin,County,County,US.KY.MF,21,0,MultiPolygon
USA.18.75_1,USA.18_1,Kentucky,Marion,marion,County,County,US.KY.MN,21,0,MultiPolygon
USA.18.76_1,USA.18_1,Kentucky,Marshall,marshall,County,County,US.KY.MH,21,0,MultiPolygon
USA.18.77_1,USA.18_1,Kentucky,Martin,martin,County,County,US.KY.MI,21,0,MultiPolygon
USA.18.78_1,USA.18_1,Kentucky,Mason,mason,County,County,US.KY.MS,21,0,MultiPolygon
USA.18.79_1,USA.18_1,Kentucky,McCracken,mccracken,County,County,US.KY.MK,21,0,MultiPolygon
USA.18.7_1,USA.18_1,Kentucky,Bell,bell,County,County,US.KY.BL,21,0,MultiPolygon
USA.18.80_1,USA.18_1,Kentucky,McCreary,mccreary,County,County,US.KY.MR,21,0,MultiPolygon
USA.18.81_1,USA.18_1,Kentucky,McLean,mclean,County,County,US.KY.ML,21,0,MultiPolygon
USA.18.82_1,USA.18_1,Kentucky,Meade,meade,County,County,US.KY.MA,21,0,MultiPolygon
USA.18.83_1,USA.18_1,Kentucky,Menifee,menifee,County,County,US.KY.ME,21,0,MultiPolygon
USA.18.84_1,USA.18_1,Kentucky,Mercer,mercer,County,County,US.KY.MC,21,0,MultiPolygon
USA.18.85_1,USA.18_1,Kentucky,Metcalfe,metcalfe,County,County,US.KY.MT,21,0,MultiPolygon
USA.18.86_1,USA.18_1,Kentucky,Monroe,monroe,County,County,US.KY.MO,21,0,MultiPolygon
USA.18.87_1,USA.18_1,Kentucky,Montgomery,montgomery,County,County,US.KY.MM,21,0,MultiPolygon
USA.18.88_1,USA.18_1,Kentucky,Morgan,morgan,County,County,US.KY.MG,21,0,MultiPolygon
USA.18.89_1,USA.18_1,Kentucky,Muhlenberg,muhlenberg,County,County,US.KY.MU,21,0,MultiPolygon
USA.18.8_1,USA.18_1,Kentucky,Boone,boone,County,County,US.KY.BO,21,0,MultiPolygon
USA.18.90_1,USA.18_1,Kentucky,Nelson,nelson,County,County,US.KY.NE,21,0,MultiPolygon
USA.18.91_1,USA.18_1,Kentucky,Nicholas,nicholas,County,County,US.KY.NI,21,0,MultiPolygon
USA.18.92_1,USA.18_1,Kentucky,Ohio,ohio,County,County,US.KY.OH,21,0,MultiPolygon
USA.18.93_1,USA.18_1,Kentucky,Oldham,oldham,County,County,US.KY.OL,21,0,MultiPolygon
USA.18.94_1,USA.18_1,Kentucky,Owen,owen,County,County,US.KY.OE,21,0,MultiPolygon
USA.18.95_1,USA.18_1,Kentucky,Owsley,owsley,County,County,US.KY.OS,21,0,MultiPolygon
USA.18.96_1,USA.18_1,Kentucky,Pendleton,pendleton,County,County,US.KY.PN,21,0,MultiPolygon
USA.18.97_1,USA.18_1,Kentucky,Perry,perry,County,County,US.KY.PR,21,0,MultiPolygon
USA.18.98_1,USA.18_1,Kentucky,Pike,pike,County,County,US.KY.PI,21,0,MultiPolygon
USA.18.99_1,USA.18_1,Kentucky,Powell,powell,County,County,US.KY.PO,21,0,MultiPolygon
USA.18.9_1,USA.18_1,Kentucky,Bourbon,bourbon,County,County,US.KY.BU,21,0,MultiPolygon
USA.19.10_1,USA.19_1,Louisiana,Calcasieu,calcasieu,Parish,Parish,US.LA.CC,22,0,MultiPolygon
USA.19.11_1,USA.19_1,Louisiana,Caldwell,caldwell,Parish,Parish,US.LA.CW,22,0,MultiPolygon
USA.19.12_1,USA.19_1,Louisiana,Cameron,cameron,Parish,Parish,US.LA.CM,22,0,MultiPolygon
USA.19.13_1,USA.19_1,Louisiana,Catahoula,catahoula,Parish,Parish,US.LA.CT,22,0,MultiPolygon
USA.19.14_1,USA.19_1,Louisiana,Claiborne,claiborne,Parish,Parish,US.LA.CI,22,0,MultiPolygon
USA.19.15_1,USA.19_1,Louisiana,Concordia,concordia,Parish,Parish,US.LA.CR,22,0,MultiPolygon
USA.19.16_1,USA.19_1,Louisiana,DeSoto,desoto,Parish,Parish,US.LA.DE,22,0,MultiPolygon
USA.19.17_1,USA.19_1,Louisiana,EastBatonRouge,eastbatonrouge,Parish,Parish,US.LA.EB,22,0,MultiPolygon
USA.19.18_1,USA.19_1,Louisiana,EastCarroll,eastcarroll,Parish,Parish,US.LA.EC,22,0,MultiPolygon
USA.19.19_1,USA.19_1,Louisiana,EastFeliciana,eastfeliciana,Parish,Parish,US.LA.EF,22,0,MultiPolygon
USA.19.1_1,USA.19_1,Louisiana,Acadia,acadia,Parish,Parish,US.LA.AD,22,0,MultiPolygon
USA.19.20_1,USA.19_1,Louisiana,Evangeline,evangeline,Parish,Parish,US.LA.EV,22,0,MultiPolygon
USA.19.21_1,USA.19_1,Louisiana,Franklin,franklin,Parish,Parish,US.LA.FR,22,0,MultiPolygon
USA.19.22_1,USA.19_1,Louisiana,Grant,grant,Parish,Parish,US.LA.GR,22,0,MultiPolygon
USA.19.23_1,USA.19_1,Louisiana,Iberia,iberia,Parish,Parish,US.LA.II,22,0,MultiPolygon
USA.19.24_1,USA.19_1,Louisiana,Iberville,iberville,Parish,Parish,US.LA.IV,22,0,MultiPolygon
USA.19.25_1,USA.19_1,Louisiana,Jackson,jackson,Parish,Parish,US.LA.JA,22,0,MultiPolygon
USA.19.26_1,USA.19_1,Louisiana,Jefferson,jefferson,Parish,Parish,US.LA.JF,22,0,MultiPolygon
USA.19.27_1,USA.19_1,Louisiana,JeffersonDavis,jeffersondavis,Parish,Parish,US.LA.JD,22,0,MultiPolygon
USA.19.28_1,USA.19_1,Louisiana,LaSalle,lasalle,Parish,Parish,US.LA.LA,22,0,MultiPolygon
USA.19.29_1,USA.19_1,Louisiana,Lafayette,lafayette,Parish,Parish,US.LA.LY,22,0,MultiPolygon
USA.19.2_1,USA.19_1,Louisiana,Allen,allen,Parish,Parish,US.LA.AL,22,0,MultiPolygon
USA.19.30_1,USA.19_1,Louisiana,Lafourche,lafourche,Parish,Parish,US.LA.LO,22,0,MultiPolygon
USA.19.31_1,USA.19_1,Louisiana,Lincoln,lincoln,Parish,Parish,US.LA.LN,22,0,MultiPolygon
USA.19.32_1,USA.19_1,Louisiana,Livingston,livingston,Parish,Parish,US.LA.LV,22,0,MultiPolygon
USA.19.33_1,USA.19_1,Louisiana,Madison,madison,Parish,Parish,US.LA.MA,22,0,MultiPolygon
USA.19.34_1,USA.19_1,Louisiana,Morehouse,morehouse,Parish,Parish,US.LA.MO,22,0,MultiPolygon
USA.19.35_1,USA.19_1,Louisiana,Natchitoches,natchitoches,Parish,Parish,US.LA.NA,22,0,MultiPolygon
USA.19.36_1,USA.19_1,Louisiana,Orleans,orleans,Parish,Parish,US.LA.OR,22,0,MultiPolygon
USA.19.37_1,USA.19_1,Louisiana,Ouachita,ouachita,Parish,Parish,US.LA.OU,22,0,MultiPolygon
USA.19.38_1,USA.19_1,Louisiana,Plaquemines,plaquemines,Parish,Parish,US.LA.PL,22,0,MultiPolygon
USA.19.39_1,USA.19_1,Louisiana,PointeCoupee,pointecoupee,Parish,Parish,US.LA.PO,22,0,MultiPolygon
USA.19.3_1,USA.19_1,Louisiana,Ascension,ascension,Parish,Parish,US.LA.AE,22,0,MultiPolygon
USA.19.40_1,USA.19_1,Louisiana,Rapides,rapides,Parish,Parish,US.LA.RA,22,0,MultiPolygon
USA.19.41_1,USA.19_1,Louisiana,RedRiver,redriver,Parish,Parish,US.LA.RE,22,0,MultiPolygon
USA.19.42_1,USA.19_1,Louisiana,Richland,richland,Parish,Parish,US.LA.RI,22,0,MultiPolygon
USA.19.43_1,USA.19_1,Louisiana,Sabine,sabine,Parish,Parish,US.LA.SB,22,0,MultiPolygon
USA.19.44_1,USA.19_1,Louisiana,SaintBernard,saintbernard,Parish,Parish,US.LA.SE,22,0,MultiPolygon
USA.19.45_1,USA.19_1,Louisiana,SaintCharles,saintcharles,Parish,Parish,US.LA.SC,22,0,MultiPolygon
USA.19.46_1,USA.19_1,Louisiana,SaintHelena,sainthelena,Parish,Parish,US.LA.SH,22,0,MultiPolygon
USA.19.47_1,USA.19_1,Louisiana,SaintJames,saintjames,Parish,Parish,US.LA.SJ,22,0,MultiPolygon
USA.19.48_1,USA.19_1,Louisiana,SaintJohntheBaptist,saintjohnthebaptist,Parish,Parish,US.LA.SO,22,0,MultiPolygon
USA.19.49_1,USA.19_1,Louisiana,SaintLandry,saintlandry,Parish,Parish,US.LA.SL,22,0,MultiPolygon
USA.19.4_1,USA.19_1,Louisiana,Assumption,assumption,Parish,Parish,US.LA.AS,22,0,MultiPolygon
USA.19.50_1,USA.19_1,Louisiana,SaintMartin,saintmartin,Parish,Parish,US.LA.SR,22,0,MultiPolygon
USA.19.51_1,USA.19_1,Louisiana,SaintMary,saintmary,Parish,Parish,US.LA.SM,22,0,MultiPolygon
USA.19.52_1,USA.19_1,Louisiana,SaintTammany,sainttammany,Parish,Parish,US.LA.ST,22,0,MultiPolygon
USA.19.53_1,USA.19_1,Louisiana,Tangipahoa,tangipahoa,Parish,Parish,US.LA.TA,22,0,MultiPolygon
USA.19.54_1,USA.19_1,Louisiana,Tensas,tensas,Parish,Parish,US.LA.TN,22,0,MultiPolygon
USA.19.55_1,USA.19_1,Louisiana,Terrebonne,terrebonne,Parish,Parish,US.LA.TR,22,0,MultiPolygon
USA.19.56_1,USA.19_1,Louisiana,Union,union,Parish,Parish,US.LA.UN,22,0,MultiPolygon
USA.19.57_1,USA.19_1,Louisiana,Vermilion,vermilion,Parish,Parish,US.LA.VM,22,0,MultiPolygon
USA.19.58_1,USA.19_1,Louisiana,Vernon,vernon,Parish,Parish,US.LA.VN,22,0,MultiPolygon
USA.19.59_1,USA.19_1,Louisiana,Washington,washington,Parish,Parish,US.LA.WO,22,0,MultiPolygon
USA.19.5_1,USA.19_1,Louisiana,Avoyelles,avoyelles,Parish,Parish,US.LA.AV,22,0,MultiPolygon
USA.19.60_1,USA.19_1,Louisiana,Webster,webster,Parish,Parish,US.LA.WR,22,0,MultiPolygon
USA.19.61_1,USA.19_1,Louisiana,WestBatonRouge,westbatonrouge,Parish,Parish,US.LA.WB,22,0,MultiPolygon
USA.19.62_1,USA.19_1,Louisiana,WestCarroll,westcarroll,Parish,Parish,US.LA.WC,22,0,MultiPolygon
USA.19.63_1,USA.19_1,Louisiana,WestFeliciana,westfeliciana,Parish,Parish,US.LA.WF,22,0,MultiPolygon
USA.19.64_1,USA.19_1,Louisiana,Winn,winn,Parish,Parish,US.LA.WI,22,0,MultiPolygon
USA.19.6_1,USA.19_1,Louisiana,Beauregard,beauregard,Parish,Parish,US.LA.BE,22,0,MultiPolygon
USA.19.7_1,USA.19_1,Louisiana,Bienville,bienville,Parish,Parish,US.LA.BI,22,0,MultiPolygon
USA.19.8_1,USA.19_1,Louisiana,Bossier,bossier,Parish,Parish,US.LA.BO,22,0,MultiPolygon
USA.19.9_1,USA.19_1,Louisiana,Caddo,caddo,Parish,Parish,US.LA.CO,22,0,MultiPolygon
USA.20.10_1,USA.20_1,Maine,Penobscot,penobscot,County,County,US.ME.PE,23,0,MultiPolygon
USA.20.11_1,USA.20_1,Maine,Piscataquis,piscataquis,County,County,US.ME.PI,23,0,MultiPolygon
USA.20.12_1,USA.20_1,Maine,Sagadahoc,sagadahoc,County,County,US.ME.SA,23,0,MultiPolygon
USA.20.13_1,USA.20_1,Maine,Somerset,somerset,County,County,US.ME.SO,23,0,MultiPolygon
USA.20.14_1,USA.20_1,Maine,Waldo,waldo,County,County,US.ME.WL,23,0,MultiPolygon
USA.20.15_1,USA.20_1,Maine,Washington,washington,County,County,US.ME.WS,23,0,MultiPolygon
USA.20.16_1,USA.20_1,Maine,York,york,County,County,US.ME.YO,23,0,MultiPolygon
USA.20.1_1,USA.20_1,Maine,Androscoggin,androscoggin,County,County,US.ME.AN,23,0,MultiPolygon
USA.20.2_1,USA.20_1,Maine,Aroostook,aroostook,County,County,US.ME.AR,23,0,MultiPolygon
USA.20.3_1,USA.20_1,Maine,Cumberland,cumberland,County,County,US.ME.CU,23,0,MultiPolygon
USA.20.4_1,USA.20_1,Maine,Franklin,franklin,County,County,US.ME.FR,23,0,MultiPolygon
USA.20.5_1,USA.20_1,Maine,Hancock,hancock,County,County,US.ME.HA,23,0,MultiPolygon
USA.20.6_1,USA.20_1,Maine,Kennebec,kennebec,County,County,US.ME.KE,23,0,MultiPolygon
USA.20.7_1,USA.20_1,Maine,Knox,knox,County,County,US.ME.KN,23,0,MultiPolygon
USA.20.8_1,USA.20_1,Maine,Lincoln,lincoln,County,County,US.ME.LI,23,0,MultiPolygon
USA.20.9_1,USA.20_1,Maine,Oxford,oxford,County,County,US.ME.OX,23,0,MultiPolygon
USA.21.10_1,USA.21_1,Maryland,Frederick,frederick,County,County,US.MD.FR,24,0,MultiPolygon
USA.21.11_1,USA.21_1,Maryland,Garrett,garrett,County,County,US.MD.GA,24,0,MultiPolygon
USA.21.12_1,USA.21_1,Maryland,Harford,harford,County,County,US.MD.HA,24,0,MultiPolygon
USA.21.13_1,USA.21_1,Maryland,Howard,howard,County,County,US.MD.HO,24,0,MultiPolygon
USA.21.14_1,USA.21_1,Maryland,Kent,kent,County,County,US.MD.KE,24,0,MultiPolygon
USA.21.15_1,USA.21_1,Maryland,Montgomery,montgomery,County,County,US.MD.MO,24,0,MultiPolygon
USA.21.16_1,USA.21_1,Maryland,PrinceGeorge's,princegeorges,County,County,US.MD.PR,24,0,MultiPolygon
USA.21.17_1,USA.21_1,Maryland,QueenAnne's,queenannes,County,County,US.MD.QU,24,0,MultiPolygon
USA.21.18_1,USA.21_1,Maryland,SaintMary's,saintmarys,County,County,US.MD.SA,24,0,MultiPolygon
USA.21.19_1,USA.21_1,Maryland,Somerset,somerset,County,County,US.MD.SO,24,0,MultiPolygon
USA.21.1_1,USA.21_1,Maryland,Allegany,allegany,County,County,US.MD.AL,24,0,MultiPolygon
USA.21.20_1,USA.21_1,Maryland,Talbot,talbot,County,County,US.MD.TA,24,0,MultiPolygon
USA.21.21_1,USA.21_1,Maryland,Washington,washington,County,County,US.MD.WA,24,0,MultiPolygon
USA.21.22_1,USA.21_1,Maryland,Wicomico,wicomico,County,County,US.MD.WI,24,0,MultiPolygon
USA.21.23_1,USA.21_1,Maryland,Worcester,worcester,County,County,US.MD.WO,24,0,MultiPolygon
USA.21.2_1,USA.21_1,Maryland,AnneArundel,annearundel,County,County,US.MD.AN,24,0,MultiPolygon
USA.21.3_1,USA.21_1,Maryland,Baltimore,baltimore,County,County,US.MD.BA,24,0,MultiPolygon
USA.21.4_1,USA.21_1,Maryland,Calvert,calvert,County,County,US.MD.CL,24,0,MultiPolygon
USA.21.5_1,USA.21_1,Maryland,Caroline,caroline,County,County,US.MD.CO,24,0,MultiPolygon
USA.21.6_1,USA.21_1,Maryland,Carroll,carroll,County,County,US.MD.CR,24,0,MultiPolygon
USA.21.7_1,USA.21_1,Maryland,Cecil,cecil,County,County,US.MD.CE,24,0,MultiPolygon
USA.21.8_1,USA.21_1,Maryland,Charles,charles,County,County,US.MD.CH,24,0,MultiPolygon
USA.21.9_1,USA.21_1,Maryland,Dorchester,dorchester,County,County,US.MD.DO,24,0,MultiPolygon
USA.22.10_1,USA.22_1,Massachusetts,Nantucket,nantucket,County,County,US.MA.NA,25,0,MultiPolygon
USA.22.11_1,USA.22_1,Massachusetts,Norfolk,norfolk,County,County,US.MA.NO,25,0,MultiPolygon
USA.22.12_1,USA.22_1,Massachusetts,Plymouth,plymouth,County,County,US.MA.PL,25,0,MultiPolygon
USA.22.13_1,USA.22_1,Massachusetts,Suffolk,suffolk,County,County,US.MA.SU,25,0,MultiPolygon
USA.22.14_1,USA.22_1,Massachusetts,Worcester,worcester,County,County,US.MA.WO,25,0,MultiPolygon
USA.22.1_1,USA.22_1,Massachusetts,Barnstable,barnstable,County,County,US.MA.BA,25,0,MultiPolygon
USA.22.2_1,USA.22_1,Massachusetts,Berkshire,berkshire,County,County,US.MA.BE,25,0,MultiPolygon
USA.22.3_1,USA.22_1,Massachusetts,Bristol,bristol,County,County,US.MA.BR,25,0,MultiPolygon
USA.22.4_1,USA.22_1,Massachusetts,Dukes,dukes,County,County,US.MA.DU,25,0,MultiPolygon
USA.22.5_1,USA.22_1,Massachusetts,Essex,essex,County,County,US.MA.ES,25,0,MultiPolygon
USA.22.6_1,USA.22_1,Massachusetts,Franklin,franklin,County,County,US.MA.FR,25,0,MultiPolygon
USA.22.7_1,USA.22_1,Massachusetts,Hampden,hampden,County,County,US.MA.HD,25,0,MultiPolygon
USA.22.8_1,USA.22_1,Massachusetts,Hampshire,hampshire,County,County,US.MA.HS,25,0,MultiPolygon
USA.22.9_1,USA.22_1,Massachusetts,Middlesex,middlesex,County,County,US.MA.MI,25,0,MultiPolygon
USA.23.10_1,USA.23_1,Michigan,Benzie,benzie,County,County,US.MI.BE,26,0,MultiPolygon
USA.23.11_1,USA.23_1,Michigan,Berrien,berrien,County,County,US.MI.BN,26,0,MultiPolygon
USA.23.12_1,USA.23_1,Michigan,Branch,branch,County,County,US.MI.BC,26,0,MultiPolygon
USA.23.13_1,USA.23_1,Michigan,Calhoun,calhoun,County,County,US.MI.CU,26,0,MultiPolygon
USA.23.14_1,USA.23_1,Michigan,Cass,cass,County,County,US.MI.CS,26,0,MultiPolygon
USA.23.15_1,USA.23_1,Michigan,Charlevoix,charlevoix,County,County,US.MI.CV,26,0,MultiPolygon
USA.23.16_1,USA.23_1,Michigan,Cheboygan,cheboygan,County,County,US.MI.CY,26,0,MultiPolygon
USA.23.17_1,USA.23_1,Michigan,Chippewa,chippewa,County,County,US.MI.CP,26,0,MultiPolygon
USA.23.18_1,USA.23_1,Michigan,Clare,clare,County,County,US.MI.CE,26,0,MultiPolygon
USA.23.19_1,USA.23_1,Michigan,Clinton,clinton,County,County,US.MI.CN,26,0,MultiPolygon
USA.23.1_1,USA.23_1,Michigan,Alcona,alcona,County,County,US.MI.AC,26,0,MultiPolygon
USA.23.20_1,USA.23_1,Michigan,Crawford,crawford,County,County,US.MI.CF,26,0,MultiPolygon
USA.23.21_1,USA.23_1,Michigan,Delta,delta,County,County,US.MI.DE,26,0,MultiPolygon
USA.23.22_1,USA.23_1,Michigan,Dickinson,dickinson,County,County,US.MI.DI,26,0,MultiPolygon
USA.23.23_1,USA.23_1,Michigan,Eaton,eaton,County,County,US.MI.EA,26,0,MultiPolygon
USA.23.24_1,USA.23_1,Michigan,Emmet,emmet,County,County,US.MI.EM,26,0,MultiPolygon
USA.23.25_1,USA.23_1,Michigan,Genesee,genesee,County,County,US.MI.GE,26,0,MultiPolygon
USA.23.26_1,USA.23_1,Michigan,Gladwin,gladwin,County,County,US.MI.GL,26,0,MultiPolygon
USA.23.27_1,USA.23_1,Michigan,Gogebic,gogebic,County,County,US.MI.GO,26,0,MultiPolygon
USA.23.28_1,USA.23_1,Michigan,GrandTraverse,grandtraverse,County,County,US.MI.GN,26,0,MultiPolygon
USA.23.29_1,USA.23_1,Michigan,Gratiot,gratiot,County,County,US.MI.GT,26,0,MultiPolygon
USA.23.2_1,USA.23_1,Michigan,Alger,alger,County,County,US.MI.AG,26,0,MultiPolygon
USA.23.30_1,USA.23_1,Michigan,Hillsdale,hillsdale,County,County,US.MI.HI,26,0,MultiPolygon
USA.23.31_1,USA.23_1,Michigan,Houghton,houghton,County,County,US.MI.HO,26,0,MultiPolygon
USA.23.32_1,USA.23_1,Michigan,Huron,huron,County,County,US.MI.HU,26,0,MultiPolygon
USA.23.33_1,USA.23_1,Michigan,Ingham,ingham,County,County,US.MI.IH,26,0,MultiPolygon
USA.23.34_1,USA.23_1,Michigan,Ionia,ionia,County,County,US.MI.II,26,0,MultiPolygon
USA.23.35_1,USA.23_1,Michigan,Iosco,iosco,County,County,US.MI.IC,26,0,MultiPolygon
USA.23.36_1,USA.23_1,Michigan,Iron,iron,County,County,US.MI.IR,26,0,MultiPolygon
USA.23.37_1,USA.23_1,Michigan,Isabella,isabella,County,County,US.MI.IB,26,0,MultiPolygon
USA.23.38_1,USA.23_1,Michigan,Jackson,jackson,County,County,US.MI.JA,26,0,MultiPolygon
USA.23.39_1,USA.23_1,Michigan,Kalamazoo,kalamazoo,County,County,US.MI.KA,26,0,MultiPolygon
USA.23.3_1,USA.23_1,Michigan,Allegan,allegan,County,County,US.MI.AL,26,0,MultiPolygon
USA.23.40_1,USA.23_1,Michigan,Kalkaska,kalkaska,County,County,US.MI.KK,26,0,MultiPolygon
USA.23.41_1,USA.23_1,Michigan,Kent,kent,County,County,US.MI.KN,26,0,MultiPolygon
USA.23.42_1,USA.23_1,Michigan,Keweenaw,keweenaw,County,County,US.MI.KW,26,0,MultiPolygon
USA.23.43_1,USA.23_1,Michigan,Lake,lake,County,County,US.MI.LK,26,0,MultiPolygon
USA.23.44_1,USA.23_1,Michigan,LakeHurron,lakehurron,Waterbody,Waterbody,US.MI.WB,26,1,MultiPolygon
USA.23.45_1,USA.23_1,Michigan,LakeMichigan,lakemichigan,Waterbody,Waterbody,US.MI.WB,26,1,MultiPolygon
USA.23.46_1,USA.23_1,Michigan,LakeSt.Clair,lakestclair,Waterbody,Waterbody,US.MI.WB,26,1,MultiPolygon
USA.23.47_1,USA.23_1,Michigan,LakeSuperior,lakesuperior,Waterbody,Waterbody,US.MI.WB,26,1,MultiPolygon
USA.23.48_1,USA.23_1,Michigan,Lapeer,lapeer,County,County,US.MI.LP,26,0,MultiPolygon
USA.23.49_1,USA.23_1,Michigan,Leelanau,leelanau,County,County,US.MI.LE,26,0,MultiPolygon
USA.23.4_1,USA.23_1,Michigan,Alpena,alpena,County,County,US.MI.AP,26,0,MultiPolygon
USA.23.50_1,USA.23_1,Michigan,Lenawee,lenawee,County,County,US.MI.LN,26,0,MultiPolygon
USA.23.51_1,USA.23_1,Michigan,Livingston,livingston,County,County,US.MI.LI,26,0,MultiPolygon
USA.23.52_1,USA.23_1,Michigan,Luce,luce,County,County,US.MI.LU,26,0,MultiPolygon
USA.23.53_1,USA.23_1,Michigan,Mackinac,mackinac,County,County,US.MI.MK,26,0,MultiPolygon
USA.23.54_1,USA.23_1,Michigan,Macomb,macomb,County,County,US.MI.MB,26,0,MultiPolygon
USA.23.55_1,USA.23_1,Michigan,Manistee,manistee,County,County,US.MI.ME,26,0,MultiPolygon
USA.23.56_1,USA.23_1,Michigan,Marquette,marquette,County,County,US.MI.MQ,26,0,MultiPolygon
USA.23.57_1,USA.23_1,Michigan,Mason,mason,County,County,US.MI.MN,26,0,MultiPolygon
USA.23.58_1,USA.23_1,Michigan,Mecosta,mecosta,County,County,US.MI.MT,26,0,MultiPolygon
USA.23.59_1,USA.23_1,Michigan,Menominee,menominee,County,County,US.MI.MM,26,0,MultiPolygon
USA.23.5_1,USA.23_1,Michigan,Antrim,antrim,County,County,US.MI.AN,26,0,MultiPolygon
USA.23.60_1,USA.23_1,Michigan,Midland,midland,County,County,US.MI.MD,26,0,MultiPolygon
USA.23.61_1,USA.23_1,Michigan,Missaukee,missaukee,County,County,US.MI.MU,26,0,MultiPolygon
USA.23.62_1,USA.23_1,Michigan,Monroe,monroe,County,County,US.MI.MO,26,0,MultiPolygon
USA.23.63_1,USA.23_1,Michigan,Montcalm,montcalm,County,County,US.MI.MC,26,0,MultiPolygon
USA.23.64_1,USA.23_1,Michigan,Montmorency,montmorency,County,County,US.MI.MR,26,0,MultiPolygon
USA.23.65_1,USA.23_1,Michigan,Muskegon,muskegon,County,County,US.MI.MG,26,0,MultiPolygon
USA.23.66_1,USA.23_1,Michigan,Newaygo,newaygo,County,County,US.MI.NE,26,0,MultiPolygon
USA.23.67_1,USA.23_1,Michigan,Oakland,oakland,County,County,US.MI.OD,26,0,MultiPolygon
USA.23.68_1,USA.23_1,Michigan,Oceana,oceana,County,County,US.MI.OA,26,0,MultiPolygon
USA.23.69_1,USA.23_1,Michigan,Ogemaw,ogemaw,County,County,US.MI.OG,26,0,MultiPolygon
USA.23.6_1,USA.23_1,Michigan,Arenac,arenac,County,County,US.MI.AR,26,0,MultiPolygon
USA.23.70_1,USA.23_1,Michigan,Ontonagon,ontonagon,County,County,US.MI.ON,26,0,MultiPolygon
USA.23.71_1,USA.23_1,Michigan,Osceola,osceola,County,County,US.MI.OE,26,0,MultiPolygon
USA.23.72_1,USA.23_1,Michigan,Oscoda,oscoda,County,County,US.MI.OO,26,0,MultiPolygon
USA.23.73_1,USA.23_1,Michigan,Otsego,otsego,County,County,US.MI.OS,26,0,MultiPolygon
USA.23.74_1,USA.23_1,Michigan,Ottawa,ottawa,County,County,US.MI.OT,26,0,MultiPolygon
USA.23.75_1,USA.23_1,Michigan,PresqueIsle,presqueisle,County,County,US.MI.PR,26,0,MultiPolygon
USA.23.76_1,USA.23_1,Michigan,Roscommon,roscommon,County,County,US.MI.RO,26,0,MultiPolygon
USA.23.77_1,USA.23_1,Michigan,Saginaw,saginaw,County,County,US.MI.SG,26,0,MultiPolygon
USA.23.78_1,USA.23_1,Michigan,SaintClair,saintclair,County,County,US.MI.SA,26,0,MultiPolygon
USA.23.79_1,USA.23_1,Michigan,SaintJoseph,saintjoseph,County,County,US.MI.SJ,26,0,MultiPolygon
USA.23.7_1,USA.23_1,Michigan,Baraga,baraga,County,County,US.MI.BA,26,0,MultiPolygon
USA.23.80_1,USA.23_1,Michigan,Sanilac,sanilac,County,County,US.MI.SL,26,0,MultiPolygon
USA.23.81_1,USA.23_1,Michigan,Schoolcraft,schoolcraft,County,County,US.MI.SR,26,0,MultiPolygon
USA.23.82_1,USA.23_1,Michigan,Shiawassee,shiawassee,County,County,US.MI.SH,26,0,MultiPolygon
USA.23.83_1,USA.23_1,Michigan,Tuscola,tuscola,County,County,US.MI.TU,26,0,MultiPolygon
USA.23.84_1,USA.23_1,Michigan,VanBuren,vanburen,County,County,US.MI.VA,26,0,MultiPolygon
USA.23.85_1,USA.23_1,Michigan,Washtenaw,washtenaw,County,County,US.MI.WS,26,0,MultiPolygon
USA.23.86_1,USA.23_1,Michigan,Wayne,wayne,County,County,US.MI.WY,26,0,MultiPolygon
USA.23.87_1,USA.23_1,Michigan,Wexford,wexford,County,County,US.MI.WE,26,0,MultiPolygon
USA.23.8_1,USA.23_1,Michigan,Barry,barry,County,County,US.MI.BR,26,0,MultiPolygon
USA.23.9_1,USA.23_1,Michigan,Bay,bay,County,County,US.MI.BY,26,0,MultiPolygon
USA.24.10_1,USA.24_1,Minnesota,Carver,carver,County,County,US.MN.CV,27,0,MultiPolygon
USA.24.11_1,USA.24_1,Minnesota,Cass,cass,County,County,US.MN.CS,27,0,MultiPolygon
USA.24.12_1,USA.24_1,Minnesota,Chippewa,chippewa,County,County,US.MN.CP,27,0,MultiPolygon
USA.24.13_1,USA.24_1,Minnesota,Chisago,chisago,County,County,US.MN.CG,27,0,MultiPolygon
USA.24.14_1,USA.24_1,Minnesota,Clay,clay,County,County,US.MN.CA,27,0,MultiPolygon
USA.24.15_1,USA.24_1,Minnesota,Clearwater,clearwater,County,County,US.MN.CE,27,0,MultiPolygon
USA.24.16_1,USA.24_1,Minnesota,Cook,cook,County,County,US.MN.CO,27,0,MultiPolygon
USA.24.17_1,USA.24_1,Minnesota,Cottonwood,cottonwood,County,County,US.MN.CT,27,0,MultiPolygon
USA.24.18_1,USA.24_1,Minnesota,CrowWing,crowwing,County,County,US.MN.CW,27,0,MultiPolygon
USA.24.19_1,USA.24_1,Minnesota,Dakota,dakota,County,County,US.MN.DA,27,0,MultiPolygon
USA.24.1_1,USA.24_1,Minnesota,Aitkin,aitkin,County,County,US.MN.AI,27,0,MultiPolygon
USA.24.20_1,USA.24_1,Minnesota,Dodge,dodge,County,County,US.MN.DD,27,0,MultiPolygon
USA.24.21_1,USA.24_1,Minnesota,Douglas,douglas,County,County,US.MN.DU,27,0,MultiPolygon
USA.24.22_1,USA.24_1,Minnesota,Faribault,faribault,County,County,US.MN.FA,27,0,MultiPolygon
USA.24.23_1,USA.24_1,Minnesota,Fillmore,fillmore,County,County,US.MN.FI,27,0,MultiPolygon
USA.24.24_1,USA.24_1,Minnesota,Freeborn,freeborn,County,County,US.MN.FR,27,0,MultiPolygon
USA.24.25_1,USA.24_1,Minnesota,Goodhue,goodhue,County,County,US.MN.GO,27,0,MultiPolygon
USA.24.26_1,USA.24_1,Minnesota,Grant,grant,County,County,US.MN.GR,27,0,MultiPolygon
USA.24.27_1,USA.24_1,Minnesota,Hennepin,hennepin,County,County,US.MN.HE,27,0,MultiPolygon
USA.24.28_1,USA.24_1,Minnesota,Houston,houston,County,County,US.MN.HO,27,0,MultiPolygon
USA.24.29_1,USA.24_1,Minnesota,Hubbard,hubbard,County,County,US.MN.HU,27,0,MultiPolygon
USA.24.2_1,USA.24_1,Minnesota,Anoka,anoka,County,County,US.MN.AN,27,0,MultiPolygon
USA.24.30_1,USA.24_1,Minnesota,Isanti,isanti,County,County,US.MN.IS,27,0,MultiPolygon
USA.24.31_1,USA.24_1,Minnesota,Itasca,itasca,County,County,US.MN.IT,27,0,MultiPolygon
USA.24.32_1,USA.24_1,Minnesota,Jackson,jackson,County,County,US.MN.JA,27,0,MultiPolygon
USA.24.33_1,USA.24_1,Minnesota,Kanabec,kanabec,County,County,US.MN.KA,27,0,MultiPolygon
USA.24.34_1,USA.24_1,Minnesota,Kandiyohi,kandiyohi,County,County,US.MN.KD,27,0,MultiPolygon
USA.24.35_1,USA.24_1,Minnesota,Kittson,kittson,County,County,US.MN.KI,27,0,MultiPolygon
USA.24.36_1,USA.24_1,Minnesota,Koochiching,koochiching,County,County,US.MN.KO,27,0,MultiPolygon
USA.24.37_1,USA.24_1,Minnesota,LacquiParle,lacquiparle,County,County,US.MN.LC,27,0,MultiPolygon
USA.24.38_1,USA.24_1,Minnesota,Lake,lake,County,County,US.MN.LE,27,0,MultiPolygon
USA.24.39_1,USA.24_1,Minnesota,LakeoftheWoods,lakeofthewoods,County,County,US.MN.LO,27,0,MultiPolygon
USA.24.3_1,USA.24_1,Minnesota,Becker,becker,County,County,US.MN.BC,27,0,MultiPolygon
USA.24.40_1,USA.24_1,Minnesota,LakeSuperior,lakesuperior,Waterbody,Waterbody,US.MN.WB,27,1,MultiPolygon
USA.24.41_1,USA.24_1,Minnesota,LeSueur,lesueur,County,County,US.MN.LU,27,0,MultiPolygon
USA.24.42_1,USA.24_1,Minnesota,Lincoln,lincoln,County,County,US.MN.LI,27,0,MultiPolygon
USA.24.43_1,USA.24_1,Minnesota,Lyon,lyon,County,County,US.MN.LY,27,0,MultiPolygon
USA.24.44_1,USA.24_1,Minnesota,Mahnomen,mahnomen,County,County,US.MN.MH,27,0,MultiPolygon
USA.24.45_1,USA.24_1,Minnesota,Marshall,marshall,County,County,US.MN.MS,27,0,MultiPolygon
USA.24.46_1,USA.24_1,Minnesota,Martin,martin,County,County,US.MN.MT,27,0,MultiPolygon
USA.24.47_1,USA.24_1,Minnesota,McLeod,mcleod,County,County,US.MN.MC,27,0,MultiPolygon
USA.24.48_1,USA.24_1,Minnesota,Meeker,meeker,County,County,US.MN.ME,27,0,MultiPolygon
USA.24.49_1,USA.24_1,Minnesota,MilleLacs,millelacs,County,County,US.MN.MI,27,0,MultiPolygon
USA.24.4_1,USA.24_1,Minnesota,Beltrami,beltrami,County,County,US.MN.BT,27,0,MultiPolygon
USA.24.50_1,USA.24_1,Minnesota,Morrison,morrison,County,County,US.MN.MR,27,0,MultiPolygon
USA.24.51_1,USA.24_1,Minnesota,Mower,mower,County,County,US.MN.MW,27,0,MultiPolygon
USA.24.52_1,USA.24_1,Minnesota,Murray,murray,County,County,US.MN.MU,27,0,MultiPolygon
USA.24.53_1,USA.24_1,Minnesota,Nicollet,nicollet,County,County,US.MN.NI,27,0,MultiPolygon
USA.24.54_1,USA.24_1,Minnesota,Nobles,nobles,County,County,US.MN.NB,27,0,MultiPolygon
USA.24.55_1,USA.24_1,Minnesota,Norman,norman,County,County,US.MN.NR,27,0,MultiPolygon
USA.24.56_1,USA.24_1,Minnesota,Olmsted,olmsted,County,County,US.MN.OL,27,0,MultiPolygon
USA.24.57_1,USA.24_1,Minnesota,OtterTail,ottertail,County,County,US.MN.OT,27,0,MultiPolygon
USA.24.58_1,USA.24_1,Minnesota,Pennington,pennington,County,County,US.MN.PI,27,0,MultiPolygon
USA.24.59_1,USA.24_1,Minnesota,Pine,pine,County,County,US.MN.PN,27,0,MultiPolygon
USA.24.5_1,USA.24_1,Minnesota,Benton,benton,County,County,US.MN.BN,27,0,MultiPolygon
USA.24.60_1,USA.24_1,Minnesota,Pipestone,pipestone,County,County,US.MN.PS,27,0,MultiPolygon
USA.24.61_1,USA.24_1,Minnesota,Polk,polk,County,County,US.MN.PL,27,0,MultiPolygon
USA.24.62_1,USA.24_1,Minnesota,Pope,pope,County,County,US.MN.PE,27,0,MultiPolygon
USA.24.63_1,USA.24_1,Minnesota,Ramsey,ramsey,County,County,US.MN.RA,27,0,MultiPolygon
USA.24.64_1,USA.24_1,Minnesota,RedLake,redlake,County,County,US.MN.RD,27,0,MultiPolygon
USA.24.65_1,USA.24_1,Minnesota,Redwood,redwood,County,County,US.MN.RW,27,0,MultiPolygon
USA.24.66_1,USA.24_1,Minnesota,Renville,renville,County,County,US.MN.RN,27,0,MultiPolygon
USA.24.67_1,USA.24_1,Minnesota,Rice,rice,County,County,US.MN.RI,27,0,MultiPolygon
USA.24.68_1,USA.24_1,Minnesota,Rock,rock,County,County,US.MN.RC,27,0,MultiPolygon
USA.24.69_1,USA.24_1,Minnesota,Roseau,roseau,County,County,US.MN.RS,27,0,MultiPolygon
USA.24.6_1,USA.24_1,Minnesota,BigStone,bigstone,County,County,US.MN.BI,27,0,MultiPolygon
USA.24.70_1,USA.24_1,Minnesota,SaintLouis,saintlouis,County,County,US.MN.ST,27,0,MultiPolygon
USA.24.71_1,USA.24_1,Minnesota,Scott,scott,County,County,US.MN.SC,27,0,MultiPolygon
USA.24.72_1,USA.24_1,Minnesota,Sherburne,sherburne,County,County,US.MN.SH,27,0,MultiPolygon
USA.24.73_1,USA.24_1,Minnesota,Sibley,sibley,County,County,US.MN.SI,27,0,MultiPolygon
USA.24.74_1,USA.24_1,Minnesota,Stearns,stearns,County,County,US.MN.SR,27,0,MultiPolygon
USA.24.75_1,USA.24_1,Minnesota,Steele,steele,County,County,US.MN.SE,27,0,MultiPolygon
USA.24.76_1,USA.24_1,Minnesota,Stevens,stevens,County,County,US.MN.SV,27,0,MultiPolygon
USA.24.77_1,USA.24_1,Minnesota,Swift,swift,County,County,US.MN.SW,27,0,MultiPolygon
USA.24.78_1,USA.24_1,Minnesota,Todd,todd,County,County,US.MN.TO,27,0,MultiPolygon
USA.24.79_1,USA.24_1,Minnesota,Traverse,traverse,County,County,US.MN.TR,27,0,MultiPolygon
USA.24.7_1,USA.24_1,Minnesota,BlueEarth,blueearth,County,County,US.MN.BE,27,0,MultiPolygon
USA.24.80_1,USA.24_1,Minnesota,Wabasha,wabasha,County,County,US.MN.WB,27,0,MultiPolygon
USA.24.81_1,USA.24_1,Minnesota,Wadena,wadena,County,County,US.MN.WD,27,0,MultiPolygon
USA.24.82_1,USA.24_1,Minnesota,Waseca,waseca,County,County,US.MN.WE,27,0,MultiPolygon
USA.24.83_1,USA.24_1,Minnesota,Washington,washington,County,County,US.MN.WH,27,0,MultiPolygon
USA.24.84_1,USA.24_1,Minnesota,Watonwan,watonwan,County,County,US.MN.WT,27,0,MultiPolygon
USA.24.85_1,USA.24_1,Minnesota,Wilkin,wilkin,County,County,US.MN.WL,27,0,MultiPolygon
USA.24.86_1,USA.24_1,Minnesota,Winona,winona,County,County,US.MN.WN,27,0,MultiPolygon
USA.24.87_1,USA.24_1,Minnesota,Wright,wright,County,County,US.MN.WR,27,0,MultiPolygon
USA.24.88_1,USA.24_1,Minnesota,YellowMedicine,yellowmedicine,County,County,US.MN.YE,27,0,MultiPolygon
USA.24.8_1,USA.24_1,Minnesota,Brown,brown,County,County,US.MN.BR,27,0,MultiPolygon
USA.24.9_1,USA.24_1,Minnesota,Carlton,carlton,County,County,US.MN.CL,27,0,MultiPolygon
USA.25.10_1,USA.25_1,Mississippi,Choctaw,choctaw,County,County,US.MS.CW,28,0,MultiPolygon
USA.25.11_1,USA.25_1,Mississippi,Claiborne,claiborne,County,County,US.MS.CB,28,0,MultiPolygon
USA.25.12_1,USA.25_1,Mississippi,Clarke,clarke,County,County,US.MS.CE,28,0,MultiPolygon
USA.25.13_1,USA.25_1,Mississippi,Clay,clay,County,County,US.MS.CY,28,0,MultiPolygon
USA.25.14_1,USA.25_1,Mississippi,Coahoma,coahoma,County,County,US.MS.CH,28,0,MultiPolygon
USA.25.15_1,USA.25_1,Mississippi,Copiah,copiah,County,County,US.MS.CP,28,0,MultiPolygon
USA.25.16_1,USA.25_1,Mississippi,Covington,covington,County,County,US.MS.CV,28,0,MultiPolygon
USA.25.17_1,USA.25_1,Mississippi,Desoto,desoto,County,County,US.MS.DE,28,0,MultiPolygon
USA.25.18_1,USA.25_1,Mississippi,Forrest,forrest,County,County,US.MS.FO,28,0,MultiPolygon
USA.25.19_1,USA.25_1,Mississippi,Franklin,franklin,County,County,US.MS.FR,28,0,MultiPolygon
USA.25.1_1,USA.25_1,Mississippi,Adams,adams,County,County,US.MS.AD,28,0,MultiPolygon
USA.25.20_1,USA.25_1,Mississippi,George,george,County,County,US.MS.GR,28,0,MultiPolygon
USA.25.21_1,USA.25_1,Mississippi,Greene,greene,County,County,US.MS.GE,28,0,MultiPolygon
USA.25.22_1,USA.25_1,Mississippi,Grenada,grenada,County,County,US.MS.GN,28,0,MultiPolygon
USA.25.23_1,USA.25_1,Mississippi,Hancock,hancock,County,County,US.MS.HN,28,0,MultiPolygon
USA.25.24_1,USA.25_1,Mississippi,Harrison,harrison,County,County,US.MS.HR,28,0,MultiPolygon
USA.25.25_1,USA.25_1,Mississippi,Hinds,hinds,County,County,US.MS.HI,28,0,MultiPolygon
USA.25.26_1,USA.25_1,Mississippi,Holmes,holmes,County,County,US.MS.HO,28,0,MultiPolygon
USA.25.27_1,USA.25_1,Mississippi,Humphreys,humphreys,County,County,US.MS.HU,28,0,MultiPolygon
USA.25.28_1,USA.25_1,Mississippi,Issaquena,issaquena,County,County,US.MS.IS,28,0,MultiPolygon
USA.25.29_1,USA.25_1,Mississippi,Itawamba,itawamba,County,County,US.MS.IT,28,0,MultiPolygon
USA.25.2_1,USA.25_1,Mississippi,Alcorn,alcorn,County,County,US.MS.AL,28,0,MultiPolygon
USA.25.30_1,USA.25_1,Mississippi,Jackson,jackson,County,County,US.MS.JC,28,0,MultiPolygon
USA.25.31_1,USA.25_1,Mississippi,Jasper,jasper,County,County,US.MS.JS,28,0,MultiPolygon
USA.25.32_1,USA.25_1,Mississippi,Jefferson,jefferson,County,County,US.MS.JF,28,0,MultiPolygon
USA.25.33_1,USA.25_1,Mississippi,JeffersonDavis,jeffersondavis,County,County,US.MS.JD,28,0,MultiPolygon
USA.25.34_1,USA.25_1,Mississippi,Jones,jones,County,County,US.MS.JO,28,0,MultiPolygon
USA.25.35_1,USA.25_1,Mississippi,Kemper,kemper,County,County,US.MS.KE,28,0,MultiPolygon
USA.25.36_1,USA.25_1,Mississippi,Lafayette,lafayette,County,County,US.MS.LY,28,0,MultiPolygon
USA.25.37_1,USA.25_1,Mississippi,Lamar,lamar,County,County,US.MS.LM,28,0,MultiPolygon
USA.25.38_1,USA.25_1,Mississippi,Lauderdale,lauderdale,County,County,US.MS.LU,28,0,MultiPolygon
USA.25.39_1,USA.25_1,Mississippi,Lawrence,lawrence,County,County,US.MS.LW,28,0,MultiPolygon
USA.25.3_1,USA.25_1,Mississippi,Amite,amite,County,County,US.MS.AM,28,0,MultiPolygon
USA.25.40_1,USA.25_1,Mississippi,Leake,leake,County,County,US.MS.LK,28,0,MultiPolygon
USA.25.41_1,USA.25_1,Mississippi,Lee,lee,County,County,US.MS.LE,28,0,MultiPolygon
USA.25.42_1,USA.25_1,Mississippi,Leflore,leflore,County,County,US.MS.LL,28,0,MultiPolygon
USA.25.43_1,USA.25_1,Mississippi,Lincoln,lincoln,County,County,US.MS.LI,28,0,MultiPolygon
USA.25.44_1,USA.25_1,Mississippi,Lowndes,lowndes,County,County,US.MS.LO,28,0,MultiPolygon
USA.25.45_1,USA.25_1,Mississippi,Madison,madison,County,County,US.MS.MD,28,0,MultiPolygon
USA.25.46_1,USA.25_1,Mississippi,Marion,marion,County,County,US.MS.MI,28,0,MultiPolygon
USA.25.47_1,USA.25_1,Mississippi,Marshall,marshall,County,County,US.MS.MS,28,0,MultiPolygon
USA.25.48_1,USA.25_1,Mississippi,Monroe,monroe,County,County,US.MS.MR,28,0,MultiPolygon
USA.25.49_1,USA.25_1,Mississippi,Montgomery,montgomery,County,County,US.MS.MT,28,0,MultiPolygon
USA.25.4_1,USA.25_1,Mississippi,Attala,attala,County,County,US.MS.AT,28,0,MultiPolygon
USA.25.50_1,USA.25_1,Mississippi,Neshoba,neshoba,County,County,US.MS.NS,28,0,MultiPolygon
USA.25.51_1,USA.25_1,Mississippi,Newton,newton,County,County,US.MS.NW,28,0,MultiPolygon
USA.25.52_1,USA.25_1,Mississippi,Noxubee,noxubee,County,County,US.MS.NO,28,0,MultiPolygon
USA.25.53_1,USA.25_1,Mississippi,Oktibbeha,oktibbeha,County,County,US.MS.OK,28,0,MultiPolygon
USA.25.54_1,USA.25_1,Mississippi,Panola,panola,County,County,US.MS.PA,28,0,MultiPolygon
USA.25.55_1,USA.25_1,Mississippi,PearlRiver,pearlriver,County,County,US.MS.PL,28,0,MultiPolygon
USA.25.56_1,USA.25_1,Mississippi,Perry,perry,County,County,US.MS.PY,28,0,MultiPolygon
USA.25.57_1,USA.25_1,Mississippi,Pike,pike,County,County,US.MS.PI,28,0,MultiPolygon
USA.25.58_1,USA.25_1,Mississippi,Pontotoc,pontotoc,County,County,US.MS.PO,28,0,MultiPolygon
USA.25.59_1,USA.25_1,Mississippi,Prentiss,prentiss,County,County,US.MS.PN,28,0,MultiPolygon
USA.25.5_1,USA.25_1,Mississippi,Benton,benton,County,County,US.MS.BE,28,0,MultiPolygon
USA.25.60_1,USA.25_1,Mississippi,Quitman,quitman,County,County,US.MS.QU,28,0,MultiPolygon
USA.25.61_1,USA.25_1,Mississippi,Rankin,rankin,County,County,US.MS.RA,28,0,MultiPolygon
USA.25.62_1,USA.25_1,Mississippi,Scott,scott,County,County,US.MS.SC,28,0,MultiPolygon
USA.25.63_1,USA.25_1,Mississippi,Sharkey,sharkey,County,County,US.MS.SH,28,0,MultiPolygon
USA.25.64_1,USA.25_1,Mississippi,Simpson,simpson,County,County,US.MS.SI,28,0,MultiPolygon
USA.25.65_1,USA.25_1,Mississippi,Smith,smith,County,County,US.MS.SM,28,0,MultiPolygon
USA.25.66_1,USA.25_1,Mississippi,Stone,stone,County,County,US.MS.ST,28,0,MultiPolygon
USA.25.67_1,USA.25_1,Mississippi,Sunflower,sunflower,County,County,US.MS.SU,28,0,MultiPolygon
USA.25.68_1,USA.25_1,Mississippi,Tallahatchie,tallahatchie,County,County,US.MS.TL,28,0,MultiPolygon
USA.25.69_1,USA.25_1,Mississippi,Tate,tate,County,County,US.MS.TT,28,0,MultiPolygon
USA.25.6_1,USA.25_1,Mississippi,Bolivar,bolivar,County,County,US.MS.BO,28,0,MultiPolygon
USA.25.70_1,USA.25_1,Mississippi,Tippah,tippah,County,County,US.MS.TP,28,0,MultiPolygon
USA.25.71_1,USA.25_1,Mississippi,Tishomingo,tishomingo,County,County,US.MS.TS,28,0,MultiPolygon
USA.25.72_1,USA.25_1,Mississippi,Tunica,tunica,County,County,US.MS.TU,28,0,MultiPolygon
USA.25.73_1,USA.25_1,Mississippi,Union,union,County,County,US.MS.UN,28,0,MultiPolygon
USA.25.74_1,USA.25_1,Mississippi,Walthall,walthall,County,County,US.MS.WT,28,0,MultiPolygon
USA.25.75_1,USA.25_1,Mississippi,Warren,warren,County,County,US.MS.WR,28,0,MultiPolygon
USA.25.76_1,USA.25_1,Mississippi,Washington,washington,County,County,US.MS.WS,28,0,MultiPolygon
USA.25.77_1,USA.25_1,Mississippi,Wayne,wayne,County,County,US.MS.WY,28,0,MultiPolygon
USA.25.78_1,USA.25_1,Mississippi,Webster,webster,County,County,US.MS.WE,28,0,MultiPolygon
USA.25.79_1,USA.25_1,Mississippi,Wilkinson,wilkinson,County,County,US.MS.WK,28,0,MultiPolygon
USA.25.7_1,USA.25_1,Mississippi,Calhoun,calhoun,County,County,US.MS.CN,28,0,MultiPolygon
USA.25.80_1,USA.25_1,Mississippi,Winston,winston,County,County,US.MS.WN,28,0,MultiPolygon
USA.25.81_1,USA.25_1,Mississippi,Yalobusha,yalobusha,County,County,US.MS.YL,28,0,MultiPolygon
USA.25.82_1,USA.25_1,Mississippi,Yazoo,yazoo,County,County,US.MS.YZ,28,0,MultiPolygon
USA.25.8_1,USA.25_1,Mississippi,Carroll,carroll,County,County,US.MS.CL,28,0,MultiPolygon
USA.25.9_1,USA.25_1,Mississippi,Chickasaw,chickasaw,County,County,US.MS.CS,28,0,MultiPolygon
USA.26.100_1,USA.26_1,Missouri,Scott,scott,County,County,US.MO.ST,29,0,MultiPolygon
USA.26.101_1,USA.26_1,Missouri,Shannon,shannon,County,County,US.MO.SN,29,0,MultiPolygon
USA.26.102_1,USA.26_1,Missouri,Shelby,shelby,County,County,US.MO.SB,29,0,MultiPolygon
USA.26.103_1,USA.26_1,Missouri,Stoddard,stoddard,County,County,US.MO.SD,29,0,MultiPolygon
USA.26.104_1,USA.26_1,Missouri,Stone,stone,County,County,US.MO.SE,29,0,MultiPolygon
USA.26.105_1,USA.26_1,Missouri,Sullivan,sullivan,County,County,US.MO.SV,29,0,MultiPolygon
USA.26.106_1,USA.26_1,Missouri,Taney,taney,County,County,US.MO.TA,29,0,MultiPolygon
USA.26.107_1,USA.26_1,Missouri,Texas,texas,County,County,US.MO.TE,29,0,MultiPolygon
USA.26.108_1,USA.26_1,Missouri,Vernon,vernon,County,County,US.MO.VE,29,0,MultiPolygon
USA.26.109_1,USA.26_1,Missouri,Warren,warren,County,County,US.MO.WR,29,0,MultiPolygon
USA.26.10_1,USA.26_1,Missouri,Boone,boone,County,County,US.MO.BO,29,0,MultiPolygon
USA.26.110_1,USA.26_1,Missouri,Washington,washington,County,County,US.MO.WS,29,0,MultiPolygon
USA.26.111_1,USA.26_1,Missouri,Wayne,wayne,County,County,US.MO.WY,29,0,MultiPolygon
USA.26.112_1,USA.26_1,Missouri,Webster,webster,County,County,US.MO.WE,29,0,MultiPolygon
USA.26.113_1,USA.26_1,Missouri,Worth,worth,County,County,US.MO.WO,29,0,MultiPolygon
USA.26.114_1,USA.26_1,Missouri,Wright,wright,County,County,US.MO.WG,29,0,MultiPolygon
USA.26.11_1,USA.26_1,Missouri,Buchanan,buchanan,County,County,US.MO.BC,29,0,MultiPolygon
USA.26.12_1,USA.26_1,Missouri,Butler,butler,County,County,US.MO.BE,29,0,MultiPolygon
USA.26.13_1,USA.26_1,Missouri,Caldwell,caldwell,County,County,US.MO.CW,29,0,MultiPolygon
USA.26.14_1,USA.26_1,Missouri,Callaway,callaway,County,County,US.MO.CA,29,0,MultiPolygon
USA.26.15_1,USA.26_1,Missouri,Camden,camden,County,County,US.MO.CM,29,0,MultiPolygon
USA.26.16_1,USA.26_1,Missouri,CapeGirardeau,capegirardeau,County,County,US.MO.CG,29,0,MultiPolygon
USA.26.17_1,USA.26_1,Missouri,Carroll,carroll,County,County,US.MO.CL,29,0,MultiPolygon
USA.26.18_1,USA.26_1,Missouri,Carter,carter,County,County,US.MO.CR,29,0,MultiPolygon
USA.26.19_1,USA.26_1,Missouri,Cass,cass,County,County,US.MO.CS,29,0,MultiPolygon
USA.26.1_1,USA.26_1,Missouri,Adair,adair,County,County,US.MO.AD,29,0,MultiPolygon
USA.26.20_1,USA.26_1,Missouri,Cedar,cedar,County,County,US.MO.CD,29,0,MultiPolygon
USA.26.21_1,USA.26_1,Missouri,Chariton,chariton,County,County,US.MO.CI,29,0,MultiPolygon
USA.26.22_1,USA.26_1,Missouri,Christian,christian,County,County,US.MO.CT,29,0,MultiPolygon
USA.26.23_1,USA.26_1,Missouri,Clark,clark,County,County,US.MO.CK,29,0,MultiPolygon
USA.26.24_1,USA.26_1,Missouri,Clay,clay,County,County,US.MO.CY,29,0,MultiPolygon
USA.26.25_1,USA.26_1,Missouri,Clinton,clinton,County,County,US.MO.CO,29,0,MultiPolygon
USA.26.26_1,USA.26_1,Missouri,Cole,cole,County,County,US.MO.CE,29,0,MultiPolygon
USA.26.27_1,USA.26_1,Missouri,Cooper,cooper,County,County,US.MO.CP,29,0,MultiPolygon
USA.26.28_1,USA.26_1,Missouri,Crawford,crawford,County,County,US.MO.CF,29,0,MultiPolygon
USA.26.29_1,USA.26_1,Missouri,Dade,dade,County,County,US.MO.DD,29,0,MultiPolygon
USA.26.2_1,USA.26_1,Missouri,Andrew,andrew,County,County,US.MO.AN,29,0,MultiPolygon
USA.26.30_1,USA.26_1,Missouri,Dallas,dallas,County,County,US.MO.DL,29,0,MultiPolygon
USA.26.31_1,USA.26_1,Missouri,Daviess,daviess,County,County,US.MO.DV,29,0,MultiPolygon
USA.26.32_1,USA.26_1,Missouri,DeKalb,dekalb,County,County,US.MO.DE,29,0,MultiPolygon
USA.26.33_1,USA.26_1,Missouri,Dent,dent,County,County,US.MO.DN,29,0,MultiPolygon
USA.26.34_1,USA.26_1,Missouri,Douglas,douglas,County,County,US.MO.DO,29,0,MultiPolygon
USA.26.35_1,USA.26_1,Missouri,Dunklin,dunklin,County,County,US.MO.DU,29,0,MultiPolygon
USA.26.36_1,USA.26_1,Missouri,Franklin,franklin,County,County,US.MO.FR,29,0,MultiPolygon
USA.26.37_1,USA.26_1,Missouri,Gasconade,gasconade,County,County,US.MO.GA,29,0,MultiPolygon
USA.26.38_1,USA.26_1,Missouri,Gentry,gentry,County,County,US.MO.GT,29,0,MultiPolygon
USA.26.39_1,USA.26_1,Missouri,Greene,greene,County,County,US.MO.GE,29,0,MultiPolygon
USA.26.3_1,USA.26_1,Missouri,Atchison,atchison,County,County,US.MO.AT,29,0,MultiPolygon
USA.26.40_1,USA.26_1,Missouri,Grundy,grundy,County,County,US.MO.GU,29,0,MultiPolygon
USA.26.41_1,USA.26_1,Missouri,Harrison,harrison,County,County,US.MO.HS,29,0,MultiPolygon
USA.26.42_1,USA.26_1,Missouri,Henry,henry,County,County,US.MO.HE,29,0,MultiPolygon
USA.26.43_1,USA.26_1,Missouri,Hickory,hickory,County,County,US.MO.HC,29,0,MultiPolygon
USA.26.44_1,USA.26_1,Missouri,Holt,holt,County,County,US.MO.HL,29,0,MultiPolygon
USA.26.45_1,USA.26_1,Missouri,Howard,howard,County,County,US.MO.HR,29,0,MultiPolygon
USA.26.46_1,USA.26_1,Missouri,Howell,howell,County,County,US.MO.HW,29,0,MultiPolygon
USA.26.47_1,USA.26_1,Missouri,Iron,iron,County,County,US.MO.IR,29,0,MultiPolygon
USA.26.48_1,USA.26_1,Missouri,Jackson,jackson,County,County,US.MO.JC,29,0,MultiPolygon
USA.26.49_1,USA.26_1,Missouri,Jasper,jasper,County,County,US.MO.JS,29,0,MultiPolygon
USA.26.4_1,USA.26_1,Missouri,Audrain,audrain,County,County,US.MO.AU,29,0,MultiPolygon
USA.26.50_1,USA.26_1,Missouri,Jefferson,jefferson,County,County,US.MO.JE,29,0,MultiPolygon
USA.26.51_1,USA.26_1,Missouri,Johnson,johnson,County,County,US.MO.JO,29,0,MultiPolygon
USA.26.52_1,USA.26_1,Missouri,Knox,knox,County,County,US.MO.KN,29,0,MultiPolygon
USA.26.53_1,USA.26_1,Missouri,Laclede,laclede,County,County,US.MO.LD,29,0,MultiPolygon
USA.26.54_1,USA.26_1,Missouri,Lafayette,lafayette,County,County,US.MO.LF,29,0,MultiPolygon
USA.26.55_1,USA.26_1,Missouri,Lawrence,lawrence,County,County,US.MO.LW,29,0,MultiPolygon
USA.26.56_1,USA.26_1,Missouri,Lewis,lewis,County,County,US.MO.LE,29,0,MultiPolygon
USA.26.57_1,USA.26_1,Missouri,Lincoln,lincoln,County,County,US.MO.LO,29,0,MultiPolygon
USA.26.58_1,USA.26_1,Missouri,Linn,linn,County,County,US.MO.LN,29,0,MultiPolygon
USA.26.59_1,USA.26_1,Missouri,Livingston,livingston,County,County,US.MO.LV,29,0,MultiPolygon
USA.26.5_1,USA.26_1,Missouri,Barry,barry,County,County,US.MO.BR,29,0,MultiPolygon
USA.26.60_1,USA.26_1,Missouri,Macon,macon,County,County,US.MO.MN,29,0,MultiPolygon
USA.26.61_1,USA.26_1,Missouri,Madison,madison,County,County,US.MO.MD,29,0,MultiPolygon
USA.26.62_1,USA.26_1,Missouri,Maries,maries,County,County,US.MO.MS,29,0,MultiPolygon
USA.26.63_1,USA.26_1,Missouri,Marion,marion,County,County,US.MO.MO,29,0,MultiPolygon
USA.26.64_1,USA.26_1,Missouri,McDonald,mcdonald,County,County,US.MO.MA,29,0,MultiPolygon
USA.26.65_1,USA.26_1,Missouri,Mercer,mercer,County,County,US.MO.MC,29,0,MultiPolygon
USA.26.66_1,USA.26_1,Missouri,Miller,miller,County,County,US.MO.ML,29,0,MultiPolygon
USA.26.67_1,USA.26_1,Missouri,Mississippi,mississippi,County,County,US.MO.MI,29,0,MultiPolygon
USA.26.68_1,USA.26_1,Missouri,Moniteau,moniteau,County,County,US.MO.ME,29,0,MultiPolygon
USA.26.69_1,USA.26_1,Missouri,Monroe,monroe,County,County,US.MO.MR,29,0,MultiPolygon
USA.26.6_1,USA.26_1,Missouri,Barton,barton,County,County,US.MO.BT,29,0,MultiPolygon
USA.26.70_1,USA.26_1,Missouri,Montgomery,montgomery,County,County,US.MO.MM,29,0,MultiPolygon
USA.26.71_1,USA.26_1,Missouri,Morgan,morgan,County,County,US.MO.MG,29,0,MultiPolygon
USA.26.72_1,USA.26_1,Missouri,NewMadrid,newmadrid,County,County,US.MO.NW,29,0,MultiPolygon
USA.26.73_1,USA.26_1,Missouri,Newton,newton,County,County,US.MO.NT,29,0,MultiPolygon
USA.26.74_1,USA.26_1,Missouri,Nodaway,nodaway,County,County,US.MO.NO,29,0,MultiPolygon
USA.26.75_1,USA.26_1,Missouri,Oregon,oregon,County,County,US.MO.OR,29,0,MultiPolygon
USA.26.76_1,USA.26_1,Missouri,Osage,osage,County,County,US.MO.OS,29,0,MultiPolygon
USA.26.77_1,USA.26_1,Missouri,Ozark,ozark,County,County,US.MO.OZ,29,0,MultiPolygon
USA.26.78_1,USA.26_1,Missouri,Pemiscot,pemiscot,County,County,US.MO.PM,29,0,MultiPolygon
USA.26.79_1,USA.26_1,Missouri,Perry,perry,County,County,US.MO.PR,29,0,MultiPolygon
USA.26.7_1,USA.26_1,Missouri,Bates,bates,County,County,US.MO.BS,29,0,MultiPolygon
USA.26.80_1,USA.26_1,Missouri,Pettis,pettis,County,County,US.MO.PS,29,0,MultiPolygon
USA.26.81_1,USA.26_1,Missouri,Phelps,phelps,County,County,US.MO.PH,29,0,MultiPolygon
USA.26.82_1,USA.26_1,Missouri,Pike,pike,County,County,US.MO.PI,29,0,MultiPolygon
USA.26.83_1,USA.26_1,Missouri,Platte,platte,County,County,US.MO.PT,29,0,MultiPolygon
USA.26.84_1,USA.26_1,Missouri,Polk,polk,County,County,US.MO.PO,29,0,MultiPolygon
USA.26.85_1,USA.26_1,Missouri,Pulaski,pulaski,County,County,US.MO.PA,29,0,MultiPolygon
USA.26.86_1,USA.26_1,Missouri,Putnam,putnam,County,County,US.MO.PN,29,0,MultiPolygon
USA.26.87_1,USA.26_1,Missouri,Ralls,ralls,County,County,US.MO.RL,29,0,MultiPolygon
USA.26.88_1,USA.26_1,Missouri,Randolph,randolph,County,County,US.MO.RN,29,0,MultiPolygon
USA.26.89_1,USA.26_1,Missouri,Ray,ray,County,County,US.MO.RY,29,0,MultiPolygon
USA.26.8_1,USA.26_1,Missouri,Benton,benton,County,County,US.MO.BN,29,0,MultiPolygon
USA.26.90_1,USA.26_1,Missouri,Reynolds,reynolds,County,County,US.MO.RE,29,0,MultiPolygon
USA.26.91_1,USA.26_1,Missouri,Ripley,ripley,County,County,US.MO.RI,29,0,MultiPolygon
USA.26.92_1,USA.26_1,Missouri,SaintCharles,saintcharles,County,County,US.MO.SA,29,0,MultiPolygon
USA.26.93_1,USA.26_1,Missouri,SaintClair,saintclair,County,County,US.MO.SC,29,0,MultiPolygon
USA.26.94_1,USA.26_1,Missouri,SaintFrancois,saintfrancois,County,County,US.MO.SF,29,0,MultiPolygon
USA.26.95_1,USA.26_1,Missouri,SaintLouis,saintlouis,County,County,US.MO.SL,29,0,MultiPolygon
USA.26.96_1,USA.26_1,Missouri,SainteGenevieve,saintegenevieve,County,County,US.MO.SG,29,0,MultiPolygon
USA.26.97_1,USA.26_1,Missouri,Saline,saline,County,County,US.MO.SI,29,0,MultiPolygon
USA.26.98_1,USA.26_1,Missouri,Schuyler,schuyler,County,County,US.MO.SH,29,0,MultiPolygon
USA.26.99_1,USA.26_1,Missouri,Scotland,scotland,County,County,US.MO.SO,29,0,MultiPolygon
USA.26.9_1,USA.26_1,Missouri,Bollinger,bollinger,County,County,US.MO.BI,29,0,MultiPolygon
USA.27.10_1,USA.27_1,Montana,Daniels,daniels,County,County,US.MT.DN,30,0,MultiPolygon
USA.27.11_1,USA.27_1,Montana,Dawson,dawson,County,County,US.MT.DW,30,0,MultiPolygon
USA.27.12_1,USA.27_1,Montana,DeerLodge,deerlodge,County,County,US.MT.DE,30,0,MultiPolygon
USA.27.13_1,USA.27_1,Montana,Fallon,fallon,County,County,US.MT.FA,30,0,MultiPolygon
USA.27.14_1,USA.27_1,Montana,Fergus,fergus,County,County,US.MT.FE,30,0,MultiPolygon
USA.27.15_1,USA.27_1,Montana,Flathead,flathead,County,County,US.MT.FL,30,0,MultiPolygon
USA.27.16_1,USA.27_1,Montana,Gallatin,gallatin,County,County,US.MT.GL,30,0,MultiPolygon
USA.27.17_1,USA.27_1,Montana,Garfield,garfield,County,County,US.MT.GF,30,0,MultiPolygon
USA.27.18_1,USA.27_1,Montana,Glacier,glacier,County,County,US.MT.GC,30,0,MultiPolygon
USA.27.19_1,USA.27_1,Montana,GoldenValley,goldenvalley,County,County,US.MT.GO,30,0,MultiPolygon
USA.27.1_1,USA.27_1,Montana,Beaverhead,beaverhead,County,County,US.MT.BE,30,0,MultiPolygon
USA.27.20_1,USA.27_1,Montana,Granite,granite,County,County,US.MT.GN,30,0,MultiPolygon
USA.27.21_1,USA.27_1,Montana,Hill,hill,County,County,US.MT.HI,30,0,MultiPolygon
USA.27.22_1,USA.27_1,Montana,Jefferson,jefferson,County,County,US.MT.JE,30,0,MultiPolygon
USA.27.23_1,USA.27_1,Montana,JudithBasin,judithbasin,County,County,US.MT.JU,30,0,MultiPolygon
USA.27.24_1,USA.27_1,Montana,Lake,lake,County,County,US.MT.LA,30,0,MultiPolygon
USA.27.25_1,USA.27_1,Montana,LewisandClark,lewisandclark,County,County,US.MT.LE,30,0,MultiPolygon
USA.27.26_1,USA.27_1,Montana,Liberty,liberty,County,County,US.MT.LB,30,0,MultiPolygon
USA.27.27_1,USA.27_1,Montana,Lincoln,lincoln,County,County,US.MT.LN,30,0,MultiPolygon
USA.27.28_1,USA.27_1,Montana,Madison,madison,County,County,US.MT.MA,30,0,MultiPolygon
USA.27.29_1,USA.27_1,Montana,McCone,mccone,County,County,US.MT.MC,30,0,MultiPolygon
USA.27.2_1,USA.27_1,Montana,BigHorn,bighorn,County,County,US.MT.BI,30,0,MultiPolygon
USA.27.30_1,USA.27_1,Montana,Meagher,meagher,County,County,US.MT.ME,30,0,MultiPolygon
USA.27.31_1,USA.27_1,Montana,Mineral,mineral,County,County,US.MT.MN,30,0,MultiPolygon
USA.27.32_1,USA.27_1,Montana,Missoula,missoula,County,County,US.MT.MS,30,0,MultiPolygon
USA.27.33_1,USA.27_1,Montana,Musselshell,musselshell,County,County,US.MT.MU,30,0,MultiPolygon
USA.27.34_1,USA.27_1,Montana,Park,park,County,County,US.MT.PA,30,0,MultiPolygon
USA.27.35_1,USA.27_1,Montana,Petroleum,petroleum,County,County,US.MT.PO,30,0,MultiPolygon
USA.27.36_1,USA.27_1,Montana,Phillips,phillips,County,County,US.MT.PH,30,0,MultiPolygon
USA.27.37_1,USA.27_1,Montana,Pondera,pondera,County,County,US.MT.PN,30,0,MultiPolygon
USA.27.38_1,USA.27_1,Montana,PowderRiver,powderriver,County,County,US.MT.PD,30,0,MultiPolygon
USA.27.39_1,USA.27_1,Montana,Powell,powell,County,County,US.MT.PL,30,0,MultiPolygon
USA.27.3_1,USA.27_1,Montana,Blaine,blaine,County,County,US.MT.BL,30,0,MultiPolygon
USA.27.40_1,USA.27_1,Montana,Prairie,prairie,County,County,US.MT.PR,30,0,MultiPolygon
USA.27.41_1,USA.27_1,Montana,Ravalli,ravalli,County,County,US.MT.RA,30,0,MultiPolygon
USA.27.42_1,USA.27_1,Montana,Richland,richland,County,County,US.MT.RI,30,0,MultiPolygon
USA.27.43_1,USA.27_1,Montana,Roosevelt,roosevelt,County,County,US.MT.RO,30,0,MultiPolygon
USA.27.44_1,USA.27_1,Montana,Rosebud,rosebud,County,County,US.MT.RS,30,0,MultiPolygon
USA.27.45_1,USA.27_1,Montana,Sanders,sanders,County,County,US.MT.SA,30,0,MultiPolygon
USA.27.46_1,USA.27_1,Montana,Sheridan,sheridan,County,County,US.MT.SH,30,0,MultiPolygon
USA.27.47_1,USA.27_1,Montana,SilverBow,silverbow,County,County,US.MT.SI,30,0,MultiPolygon
USA.27.48_1,USA.27_1,Montana,Stillwater,stillwater,County,County,US.MT.ST,30,0,MultiPolygon
USA.27.49_1,USA.27_1,Montana,SweetGrass,sweetgrass,County,County,US.MT.SW,30,0,MultiPolygon
USA.27.4_1,USA.27_1,Montana,Broadwater,broadwater,County,County,US.MT.BR,30,0,MultiPolygon
USA.27.50_1,USA.27_1,Montana,Teton,teton,County,County,US.MT.TE,30,0,MultiPolygon
USA.27.51_1,USA.27_1,Montana,Toole,toole,County,County,US.MT.TO,30,0,MultiPolygon
USA.27.52_1,USA.27_1,Montana,Treasure,treasure,County,County,US.MT.TR,30,0,MultiPolygon
USA.27.53_1,USA.27_1,Montana,Valley,valley,County,County,US.MT.VA,30,0,MultiPolygon
USA.27.54_1,USA.27_1,Montana,Wheatland,wheatland,County,County,US.MT.WH,30,0,MultiPolygon
USA.27.55_1,USA.27_1,Montana,Wibaux,wibaux,County,County,US.MT.WI,30,0,MultiPolygon
USA.27.56_1,USA.27_1,Montana,Yellowstone,yellowstone,County,County,US.MT.YS,30,0,MultiPolygon
USA.27.5_1,USA.27_1,Montana,Carbon,carbon,County,County,US.MT.CB,30,0,MultiPolygon
USA.27.6_1,USA.27_1,Montana,Carter,carter,County,County,US.MT.CT,30,0,MultiPolygon
USA.27.7_1,USA.27_1,Montana,Cascade,cascade,County,County,US.MT.CS,30,0,MultiPolygon
USA.27.8_1,USA.27_1,Montana,Chouteau,chouteau,County,County,US.MT.CH,30,0,MultiPolygon
USA.27.9_1,USA.27_1,Montana,Custer,custer,County,County,US.MT.CU,30,0,MultiPolygon
USA.28.10_1,USA.28_1,Nebraska,Buffalo,buffalo,County,County,US.NE.BF,31,0,MultiPolygon
USA.28.11_1,USA.28_1,Nebraska,Burt,burt,County,County,US.NE.BT,31,0,MultiPolygon
USA.28.12_1,USA.28_1,Nebraska,Butler,butler,County,County,US.NE.BE,31,0,MultiPolygon
USA.28.13_1,USA.28_1,Nebraska,Cass,cass,County,County,US.NE.CS,31,0,MultiPolygon
USA.28.14_1,USA.28_1,Nebraska,Cedar,cedar,County,County,US.NE.CA,31,0,MultiPolygon
USA.28.15_1,USA.28_1,Nebraska,Chase,chase,County,County,US.NE.CE,31,0,MultiPolygon
USA.28.16_1,USA.28_1,Nebraska,Cherry,cherry,County,County,US.NE.CH,31,0,MultiPolygon
USA.28.17_1,USA.28_1,Nebraska,Cheyenne,cheyenne,County,County,US.NE.CY,31,0,MultiPolygon
USA.28.18_1,USA.28_1,Nebraska,Clay,clay,County,County,US.NE.CL,31,0,MultiPolygon
USA.28.19_1,USA.28_1,Nebraska,Colfax,colfax,County,County,US.NE.CO,31,0,MultiPolygon
USA.28.1_1,USA.28_1,Nebraska,Adams,adams,County,County,US.NE.AD,31,0,MultiPolygon
USA.28.20_1,USA.28_1,Nebraska,Cuming,cuming,County,County,US.NE.CM,31,0,MultiPolygon
USA.28.21_1,USA.28_1,Nebraska,Custer,custer,County,County,US.NE.CU,31,0,MultiPolygon
USA.28.22_1,USA.28_1,Nebraska,Dakota,dakota,County,County,US.NE.DK,31,0,MultiPolygon
USA.28.23_1,USA.28_1,Nebraska,Dawes,dawes,County,County,US.NE.DS,31,0,MultiPolygon
USA.28.24_1,USA.28_1,Nebraska,Dawson,dawson,County,County,US.NE.DN,31,0,MultiPolygon
USA.28.25_1,USA.28_1,Nebraska,Deuel,deuel,County,County,US.NE.DL,31,0,MultiPolygon
USA.28.26_1,USA.28_1,Nebraska,Dixon,dixon,County,County,US.NE.DI,31,0,MultiPolygon
USA.28.27_1,USA.28_1,Nebraska,Dodge,dodge,County,County,US.NE.DE,31,0,MultiPolygon
USA.28.28_1,USA.28_1,Nebraska,Douglas,douglas,County,County,US.NE.DG,31,0,MultiPolygon
USA.28.29_1,USA.28_1,Nebraska,Dundy,dundy,County,County,US.NE.DY,31,0,MultiPolygon
USA.28.2_1,USA.28_1,Nebraska,Antelope,antelope,County,County,US.NE.AN,31,0,MultiPolygon
USA.28.30_1,USA.28_1,Nebraska,Fillmore,fillmore,County,County,US.NE.FI,31,0,MultiPolygon
USA.28.31_1,USA.28_1,Nebraska,Franklin,franklin,County,County,US.NE.FA,31,0,MultiPolygon
USA.28.32_1,USA.28_1,Nebraska,Frontier,frontier,County,County,US.NE.FO,31,0,MultiPolygon
USA.28.33_1,USA.28_1,Nebraska,Furnas,furnas,County,County,US.NE.FU,31,0,MultiPolygon
USA.28.34_1,USA.28_1,Nebraska,Gage,gage,County,County,US.NE.GG,31,0,MultiPolygon
USA.28.35_1,USA.28_1,Nebraska,Garden,garden,County,County,US.NE.GD,31,0,MultiPolygon
USA.28.36_1,USA.28_1,Nebraska,Garfield,garfield,County,County,US.NE.GF,31,0,MultiPolygon
USA.28.37_1,USA.28_1,Nebraska,Gosper,gosper,County,County,US.NE.GO,31,0,MultiPolygon
USA.28.38_1,USA.28_1,Nebraska,Grant,grant,County,County,US.NE.GA,31,0,MultiPolygon
USA.28.39_1,USA.28_1,Nebraska,Greeley,greeley,County,County,US.NE.GE,31,0,MultiPolygon
USA.28.3_1,USA.28_1,Nebraska,Arthur,arthur,County,County,US.NE.AR,31,0,MultiPolygon
USA.28.40_1,USA.28_1,Nebraska,Hall,hall,County,County,US.NE.HL,31,0,MultiPolygon
USA.28.41_1,USA.28_1,Nebraska,Hamilton,hamilton,County,County,US.NE.HM,31,0,MultiPolygon
USA.28.42_1,USA.28_1,Nebraska,Harlan,harlan,County,County,US.NE.HR,31,0,MultiPolygon
USA.28.43_1,USA.28_1,Nebraska,Hayes,hayes,County,County,US.NE.HY,31,0,MultiPolygon
USA.28.44_1,USA.28_1,Nebraska,Hitchcock,hitchcock,County,County,US.NE.HI,31,0,MultiPolygon
USA.28.45_1,USA.28_1,Nebraska,Holt,holt,County,County,US.NE.HT,31,0,MultiPolygon
USA.28.46_1,USA.28_1,Nebraska,Hooker,hooker,County,County,US.NE.HO,31,0,MultiPolygon
USA.28.47_1,USA.28_1,Nebraska,Howard,howard,County,County,US.NE.HW,31,0,MultiPolygon
USA.28.48_1,USA.28_1,Nebraska,Jefferson,jefferson,County,County,US.NE.JE,31,0,MultiPolygon
USA.28.49_1,USA.28_1,Nebraska,Johnson,johnson,County,County,US.NE.JO,31,0,MultiPolygon
USA.28.4_1,USA.28_1,Nebraska,Banner,banner,County,County,US.NE.BA,31,0,MultiPolygon
USA.28.50_1,USA.28_1,Nebraska,Kearney,kearney,County,County,US.NE.KA,31,0,MultiPolygon
USA.28.51_1,USA.28_1,Nebraska,Keith,keith,County,County,US.NE.KT,31,0,MultiPolygon
USA.28.52_1,USA.28_1,Nebraska,KeyaPaha,keyapaha,County,County,US.NE.KY,31,0,MultiPolygon
USA.28.53_1,USA.28_1,Nebraska,Kimball,kimball,County,County,US.NE.KB,31,0,MultiPolygon
USA.28.54_1,USA.28_1,Nebraska,Knox,knox,County,County,US.NE.KN,31,0,MultiPolygon
USA.28.55_1,USA.28_1,Nebraska,Lancaster,lancaster,County,County,US.NE.LA,31,0,MultiPolygon
USA.28.56_1,USA.28_1,Nebraska,Lincoln,lincoln,County,County,US.NE.LI,31,0,MultiPolygon
USA.28.57_1,USA.28_1,Nebraska,Logan,logan,County,County,US.NE.LG,31,0,MultiPolygon
USA.28.58_1,USA.28_1,Nebraska,Loup,loup,County,County,US.NE.LU,31,0,MultiPolygon
USA.28.59_1,USA.28_1,Nebraska,Madison,madison,County,County,US.NE.MA,31,0,MultiPolygon
USA.28.5_1,USA.28_1,Nebraska,Blaine,blaine,County,County,US.NE.BL,31,0,MultiPolygon
USA.28.60_1,USA.28_1,Nebraska,McPherson,mcpherson,County,County,US.NE.MC,31,0,MultiPolygon
USA.28.61_1,USA.28_1,Nebraska,Merrick,merrick,County,County,US.NE.ME,31,0,MultiPolygon
USA.28.62_1,USA.28_1,Nebraska,Morrill,morrill,County,County,US.NE.MO,31,0,MultiPolygon
USA.28.63_1,USA.28_1,Nebraska,Nance,nance,County,County,US.NE.NA,31,0,MultiPolygon
USA.28.64_1,USA.28_1,Nebraska,Nemaha,nemaha,County,County,US.NE.NE,31,0,MultiPolygon
USA.28.65_1,USA.28_1,Nebraska,Nuckolls,nuckolls,County,County,US.NE.NU,31,0,MultiPolygon
USA.28.66_1,USA.28_1,Nebraska,Otoe,otoe,County,County,US.NE.OT,31,0,MultiPolygon
USA.28.67_1,USA.28_1,Nebraska,Pawnee,pawnee,County,County,US.NE.PA,31,0,MultiPolygon
USA.28.68_1,USA.28_1,Nebraska,Perkins,perkins,County,County,US.NE.PE,31,0,MultiPolygon
USA.28.69_1,USA.28_1,Nebraska,Phelps,phelps,County,County,US.NE.PH,31,0,MultiPolygon
USA.28.6_1,USA.28_1,Nebraska,Boone,boone,County,County,US.NE.BO,31,0,MultiPolygon
USA.28.70_1,USA.28_1,Nebraska,Pierce,pierce,County,County,US.NE.PI,31,0,MultiPolygon
USA.28.71_1,USA.28_1,Nebraska,Platte,platte,County,County,US.NE.PL,31,0,MultiPolygon
USA.28.72_1,USA.28_1,Nebraska,Polk,polk,County,County,US.NE.PO,31,0,MultiPolygon
USA.28.73_1,USA.28_1,Nebraska,RedWillow,redwillow,County,County,US.NE.RE,31,0,MultiPolygon
USA.28.74_1,USA.28_1,Nebraska,Richardson,richardson,County,County,US.NE.RI,31,0,MultiPolygon
USA.28.75_1,USA.28_1,Nebraska,Rock,rock,County,County,US.NE.RO,31,0,MultiPolygon
USA.28.76_1,USA.28_1,Nebraska,Saline,saline,County,County,US.NE.SL,31,0,MultiPolygon
USA.28.77_1,USA.28_1,Nebraska,Sarpy,sarpy,County,County,US.NE.SY,31,0,MultiPolygon
USA.28.78_1,USA.28_1,Nebraska,Saunders,saunders,County,County,US.NE.SU,31,0,MultiPolygon
USA.28.79_1,USA.28_1,Nebraska,ScottsBluff,scottsbluff,County,County,US.NE.SC,31,0,MultiPolygon
USA.28.7_1,USA.28_1,Nebraska,BoxButte,boxbutte,County,County,US.NE.BX,31,0,MultiPolygon
USA.28.80_1,USA.28_1,Nebraska,Seward,seward,County,County,US.NE.SA,31,0,MultiPolygon
USA.28.81_1,USA.28_1,Nebraska,Sheridan,sheridan,County,County,US.NE.SD,31,0,MultiPolygon
USA.28.82_1,USA.28_1,Nebraska,Sherman,sherman,County,County,US.NE.SM,31,0,MultiPolygon
USA.28.83_1,USA.28_1,Nebraska,Sioux,sioux,County,County,US.NE.SI,31,0,MultiPolygon
USA.28.84_1,USA.28_1,Nebraska,Stanton,stanton,County,County,US.NE.ST,31,0,MultiPolygon
USA.28.85_1,USA.28_1,Nebraska,Thayer,thayer,County,County,US.NE.TA,31,0,MultiPolygon
USA.28.86_1,USA.28_1,Nebraska,Thomas,thomas,County,County,US.NE.TO,31,0,MultiPolygon
USA.28.87_1,USA.28_1,Nebraska,Thurston,thurston,County,County,US.NE.TU,31,0,MultiPolygon
USA.28.88_1,USA.28_1,Nebraska,Valley,valley,County,County,US.NE.VA,31,0,MultiPolygon
USA.28.89_1,USA.28_1,Nebraska,Washington,washington,County,County,US.NE.WS,31,0,MultiPolygon
USA.28.8_1,USA.28_1,Nebraska,Boyd,boyd,County,County,US.NE.BY,31,0,MultiPolygon
USA.28.90_1,USA.28_1,Nebraska,Wayne,wayne,County,County,US.NE.WY,31,0,MultiPolygon
USA.28.91_1,USA.28_1,Nebraska,Webster,webster,County,County,US.NE.WE,31,0,MultiPolygon
USA.28.92_1,USA.28_1,Nebraska,Wheeler,wheeler,County,County,US.NE.WH,31,0,MultiPolygon
USA.28.93_1,USA.28_1,Nebraska,York,york,County,County,US.NE.YO,31,0,MultiPolygon
USA.28.9_1,USA.28_1,Nebraska,Brown,brown,County,County,US.NE.BW,31,0,MultiPolygon
USA.29.10_1,USA.29_1,Nevada,Lincoln,lincoln,County,County,US.NV.LI,32,0,MultiPolygon
USA.29.11_1,USA.29_1,Nevada,Lyon,lyon,County,County,US.NV.LY,32,0,MultiPolygon
USA.29.12_1,USA.29_1,Nevada,Mineral,mineral,County,County,US.NV.MI,32,0,MultiPolygon
USA.29.13_1,USA.29_1,Nevada,Nye,nye,County,County,US.NV.NY,32,0,MultiPolygon
USA.29.14_1,USA.29_1,Nevada,Pershing,pershing,County,County,US.NV.PE,32,0,MultiPolygon
USA.29.15_1,USA.29_1,Nevada,Storey,storey,County,County,US.NV.ST,32,0,MultiPolygon
USA.29.16_1,USA.29_1,Nevada,Washoe,washoe,County,County,US.NV.WA,32,0,MultiPolygon
USA.29.17_1,USA.29_1,Nevada,WhitePine,whitepine,County,County,US.NV.WH,32,0,MultiPolygon
USA.29.1_1,USA.29_1,Nevada,CarsonCity,carsoncity,IndependentCity,IndependentCity,US.NV.CA,32,0,MultiPolygon
USA.29.2_1,USA.29_1,Nevada,Churchill,churchill,County,County,US.NV.CH,32,0,MultiPolygon
USA.29.3_1,USA.29_1,Nevada,Clark,clark,County,County,US.NV.CL,32,0,MultiPolygon
USA.29.4_1,USA.29_1,Nevada,Douglas,douglas,County,County,US.NV.DO,32,0,MultiPolygon
USA.29.5_1,USA.29_1,Nevada,Elko,elko,County,County,US.NV.EL,32,0,MultiPolygon
USA.29.6_1,USA.29_1,Nevada,Esmeralda,esmeralda,County,County,US.NV.ES,32,0,MultiPolygon
USA.29.7_1,USA.29_1,Nevada,Eureka,eureka,County,County,US.NV.EU,32,0,MultiPolygon
USA.29.8_1,USA.29_1,Nevada,Humboldt,humboldt,County,County,US.NV.HU,32,0,MultiPolygon
USA.29.9_1,USA.29_1,Nevada,Lander,lander,County,County,US.NV.LA,32,0,MultiPolygon
USA.30.10_1,USA.30_1,NewHampshire,Sullivan,sullivan,County,County,US.NH.SU,33,0,MultiPolygon
USA.30.1_1,USA.30_1,NewHampshire,Belknap,belknap,County,County,US.NH.BE,33,0,MultiPolygon
USA.30.2_1,USA.30_1,NewHampshire,Carroll,carroll,County,County,US.NH.CA,33,0,MultiPolygon
USA.30.3_1,USA.30_1,NewHampshire,Cheshire,cheshire,County,County,US.NH.CH,33,0,MultiPolygon
USA.30.4_1,USA.30_1,NewHampshire,Coos,coos,County,County,US.NH.CO,33,0,MultiPolygon
USA.30.5_1,USA.30_1,NewHampshire,Grafton,grafton,County,County,US.NH.GR,33,0,MultiPolygon
USA.30.6_1,USA.30_1,NewHampshire,Hillsborough,hills,County,County,US.NH.HI,33,0,MultiPolygon
USA.30.7_1,USA.30_1,NewHampshire,Merrimack,merrimack,County,County,US.NH.ME,33,0,MultiPolygon
USA.30.8_1,USA.30_1,NewHampshire,Rockingham,rockingham,County,County,US.NH.RO,33,0,MultiPolygon
USA.30.9_1,USA.30_1,NewHampshire,Strafford,strafford,County,County,US.NH.ST,33,0,MultiPolygon
USA.31.10_1,USA.31_1,NewJersey,Hunterdon,hunterdon,County,County,US.NJ.HN,34,0,MultiPolygon
USA.31.11_1,USA.31_1,NewJersey,Mercer,mercer,County,County,US.NJ.ME,34,0,MultiPolygon
USA.31.12_1,USA.31_1,NewJersey,Middlesex,middlesex,County,County,US.NJ.MI,34,0,MultiPolygon
USA.31.13_1,USA.31_1,NewJersey,Monmouth,monmouth,County,County,US.NJ.MN,34,0,MultiPolygon
USA.31.14_1,USA.31_1,NewJersey,Morris,morris,County,County,US.NJ.MR,34,0,MultiPolygon
USA.31.15_1,USA.31_1,NewJersey,Ocean,ocean,County,County,US.NJ.OC,34,0,MultiPolygon
USA.31.16_1,USA.31_1,NewJersey,Passaic,passaic,County,County,US.NJ.PA,34,0,MultiPolygon
USA.31.17_1,USA.31_1,NewJersey,Salem,salem,County,County,US.NJ.SA,34,0,MultiPolygon
USA.31.18_1,USA.31_1,NewJersey,Somerset,somerset,County,County,US.NJ.SO,34,0,MultiPolygon
USA.31.19_1,USA.31_1,NewJersey,Sussex,sussex,County,County,US.NJ.SU,34,0,MultiPolygon
USA.31.1_1,USA.31_1,NewJersey,Atlantic,atlantic,County,County,US.NJ.AT,34,0,MultiPolygon
USA.31.20_1,USA.31_1,NewJersey,Union,union,County,County,US.NJ.UN,34,0,MultiPolygon
USA.31.21_1,USA.31_1,NewJersey,Warren,warren,County,County,US.NJ.WA,34,0,MultiPolygon
USA.31.2_1,USA.31_1,NewJersey,Bergen,bergen,County,County,US.NJ.BE,34,0,MultiPolygon
USA.31.3_1,USA.31_1,NewJersey,Burlington,burlington,County,County,US.NJ.BU,34,0,MultiPolygon
USA.31.4_1,USA.31_1,NewJersey,Camden,camden,County,County,US.NJ.CM,34,0,MultiPolygon
USA.31.5_1,USA.31_1,NewJersey,CapeMay,capemay,County,County,US.NJ.CP,34,0,MultiPolygon
USA.31.6_1,USA.31_1,NewJersey,Cumberland,cumberland,County,County,US.NJ.CU,34,0,MultiPolygon
USA.31.7_1,USA.31_1,NewJersey,Essex,essex,County,County,US.NJ.ES,34,0,MultiPolygon
USA.31.8_1,USA.31_1,NewJersey,Gloucester,gloucester,County,County,US.NJ.GL,34,0,MultiPolygon
USA.31.9_1,USA.31_1,NewJersey,Hudson,hudson,County,County,US.NJ.HD,34,0,MultiPolygon
USA.32.10_1,USA.32_1,NewMexico,Grant,grant,County,County,US.NM.GR,35,0,MultiPolygon
USA.32.11_1,USA.32_1,NewMexico,Guadalupe,guadalupe,County,County,US.NM.GU,35,0,MultiPolygon
USA.32.12_1,USA.32_1,NewMexico,Harding,harding,County,County,US.NM.HA,35,0,MultiPolygon
USA.32.13_1,USA.32_1,NewMexico,Hidalgo,hidalgo,County,County,US.NM.HI,35,0,MultiPolygon
USA.32.14_1,USA.32_1,NewMexico,Lea,lea,County,County,US.NM.LE,35,0,MultiPolygon
USA.32.15_1,USA.32_1,NewMexico,Lincoln,lincoln,County,County,US.NM.LI,35,0,MultiPolygon
USA.32.16_1,USA.32_1,NewMexico,LosAlamos,losalamos,County,County,US.NM.LO,35,0,MultiPolygon
USA.32.17_1,USA.32_1,NewMexico,Luna,luna,County,County,US.NM.LU,35,0,MultiPolygon
USA.32.18_1,USA.32_1,NewMexico,McKinley,mckinley,County,County,US.NM.MC,35,0,MultiPolygon
USA.32.19_1,USA.32_1,NewMexico,Mora,mora,County,County,US.NM.MO,35,0,MultiPolygon
USA.32.1_1,USA.32_1,NewMexico,Bernalillo,bernalillo,County,County,US.NM.BE,35,0,MultiPolygon
USA.32.20_1,USA.32_1,NewMexico,Otero,otero,County,County,US.NM.OT,35,0,MultiPolygon
USA.32.21_1,USA.32_1,NewMexico,Quay,quay,County,County,US.NM.QU,35,0,MultiPolygon
USA.32.22_1,USA.32_1,NewMexico,RioArriba,rioarriba,County,County,US.NM.RI,35,0,MultiPolygon
USA.32.23_1,USA.32_1,NewMexico,Roosevelt,roosevelt,County,County,US.NM.RO,35,0,MultiPolygon
USA.32.24_1,USA.32_1,NewMexico,SanJuan,sanjuan,County,County,US.NM.SJ,35,0,MultiPolygon
USA.32.25_1,USA.32_1,NewMexico,SanMiguel,sanmiguel,County,County,US.NM.SM,35,0,MultiPolygon
USA.32.26_1,USA.32_1,NewMexico,Sandoval,sandoval,County,County,US.NM.SD,35,0,MultiPolygon
USA.32.27_1,USA.32_1,NewMexico,SantaFe,santafe,County,County,US.NM.ST,35,0,MultiPolygon
USA.32.28_1,USA.32_1,NewMexico,Sierra,sierra,County,County,US.NM.SI,35,0,MultiPolygon
USA.32.29_1,USA.32_1,NewMexico,Socorro,socorro,County,County,US.NM.SO,35,0,MultiPolygon
USA.32.2_1,USA.32_1,NewMexico,Catron,catron,County,County,US.NM.CA,35,0,MultiPolygon
USA.32.30_1,USA.32_1,NewMexico,Taos,taos,County,County,US.NM.TA,35,0,MultiPolygon
USA.32.31_1,USA.32_1,NewMexico,Torrance,torrance,County,County,US.NM.TO,35,0,MultiPolygon
USA.32.32_1,USA.32_1,NewMexico,Union,union,County,County,US.NM.UN,35,0,MultiPolygon
USA.32.33_1,USA.32_1,NewMexico,Valencia,valencia,County,County,US.NM.VA,35,0,MultiPolygon
USA.32.3_1,USA.32_1,NewMexico,Chaves,chaves,County,County,US.NM.CH,35,0,MultiPolygon
USA.32.4_1,USA.32_1,NewMexico,Cibola,cibola,County,County,US.NM.CI,35,0,MultiPolygon
USA.32.5_1,USA.32_1,NewMexico,Colfax,colfax,County,County,US.NM.CO,35,0,MultiPolygon
USA.32.6_1,USA.32_1,NewMexico,Curry,curry,County,County,US.NM.CU,35,0,MultiPolygon
USA.32.7_1,USA.32_1,NewMexico,Debaca,debaca,County,County,US.NM.DE,35,0,MultiPolygon
USA.32.8_1,USA.32_1,NewMexico,DonaAna,donaana,County,County,US.NM.DO,35,0,MultiPolygon
USA.32.9_1,USA.32_1,NewMexico,Eddy,eddy,County,County,US.NM.ED,35,0,MultiPolygon
USA.33.10_1,USA.33_1,NewYork,Clinton,clinton,County,County,US.NY.CL,36,0,MultiPolygon
USA.33.11_1,USA.33_1,NewYork,Columbia,columbia,County,County,US.NY.CU,36,0,MultiPolygon
USA.33.12_1,USA.33_1,NewYork,Cortland,cortland,County,County,US.NY.CD,36,0,MultiPolygon
USA.33.13_1,USA.33_1,NewYork,Delaware,delaware,County,County,US.NY.DE,36,0,MultiPolygon
USA.33.14_1,USA.33_1,NewYork,Dutchess,dutchess,County,County,US.NY.DU,36,0,MultiPolygon
USA.33.15_1,USA.33_1,NewYork,Erie,erie,County,County,US.NY.ER,36,0,MultiPolygon
USA.33.16_1,USA.33_1,NewYork,Essex,essex,County,County,US.NY.ES,36,0,MultiPolygon
USA.33.17_1,USA.33_1,NewYork,Franklin,franklin,County,County,US.NY.FR,36,0,MultiPolygon
USA.33.18_1,USA.33_1,NewYork,Fulton,fulton,County,County,US.NY.FU,36,0,MultiPolygon
USA.33.19_1,USA.33_1,NewYork,Genesee,genesee,County,County,US.NY.GE,36,0,MultiPolygon
USA.33.1_1,USA.33_1,NewYork,Albany,albany,County,County,US.NY.AB,36,0,MultiPolygon
USA.33.20_1,USA.33_1,NewYork,Greene,greene,County,County,US.NY.GR,36,0,MultiPolygon
USA.33.21_1,USA.33_1,NewYork,Hamilton,hamilton,County,County,US.NY.HA,36,0,MultiPolygon
USA.33.22_1,USA.33_1,NewYork,Herkimer,herkimer,County,County,US.NY.HE,36,0,MultiPolygon
USA.33.23_1,USA.33_1,NewYork,Jefferson,jefferson,County,County,US.NY.JE,36,0,MultiPolygon
USA.33.24_1,USA.33_1,NewYork,Kings,kings,County,County,US.NY.KI,36,0,MultiPolygon
USA.33.25_1,USA.33_1,NewYork,LakeOntario,lakeontario,Waterbody,Waterbody,NA,36,1,MultiPolygon
USA.33.26_1,USA.33_1,NewYork,Lewis,lewis,County,County,US.NY.LE,36,0,MultiPolygon
USA.33.27_1,USA.33_1,NewYork,Livingston,livingston,County,County,US.NY.LI,36,0,MultiPolygon
USA.33.28_1,USA.33_1,NewYork,Madison,madison,County,County,US.NY.MA,36,0,MultiPolygon
USA.33.29_1,USA.33_1,NewYork,Monroe,monroe,County,County,US.NY.MR,36,0,MultiPolygon
USA.33.2_1,USA.33_1,NewYork,Allegany,allegany,County,County,US.NY.AL,36,0,MultiPolygon
USA.33.30_1,USA.33_1,NewYork,Montgomery,montgomery,County,County,US.NY.MT,36,0,MultiPolygon
USA.33.31_1,USA.33_1,NewYork,Nassau,nassau,County,County,US.NY.NA,36,0,MultiPolygon
USA.33.32_1,USA.33_1,NewYork,NewYork,newyork,County,County,US.NY.NE,36,0,MultiPolygon
USA.33.33_1,USA.33_1,NewYork,Niagara,niagara,County,County,US.NY.NI,36,0,MultiPolygon
USA.33.34_1,USA.33_1,NewYork,Oneida,oneida,County,County,US.NY.OD,36,0,MultiPolygon
USA.33.35_1,USA.33_1,NewYork,Onondaga,onondaga,County,County,US.NY.OG,36,0,MultiPolygon
USA.33.36_1,USA.33_1,NewYork,Ontario,ontario,County,County,US.NY.OR,36,0,MultiPolygon
USA.33.37_1,USA.33_1,NewYork,Orange,orange,County,County,US.NY.OE,36,0,MultiPolygon
USA.33.38_1,USA.33_1,NewYork,Orleans,orleans,County,County,US.NY.OL,36,0,MultiPolygon
USA.33.39_1,USA.33_1,NewYork,Oswego,oswego,County,County,US.NY.OS,36,0,MultiPolygon
USA.33.3_1,USA.33_1,NewYork,Bronx,bronx,County,County,US.NY.BN,36,0,MultiPolygon
USA.33.40_1,USA.33_1,NewYork,Otsego,otsego,County,County,US.NY.OO,36,0,MultiPolygon
USA.33.41_1,USA.33_1,NewYork,Putnam,putnam,County,County,US.NY.PU,36,0,MultiPolygon
USA.33.42_1,USA.33_1,NewYork,Queens,queens,County,County,US.NY.QU,36,0,MultiPolygon
USA.33.43_1,USA.33_1,NewYork,Rensselaer,rensselaer,County,County,US.NY.RE,36,0,MultiPolygon
USA.33.44_1,USA.33_1,NewYork,Richmond,richmond,County,County,US.NY.RI,36,0,MultiPolygon
USA.33.45_1,USA.33_1,NewYork,Rockland,rockland,County,County,US.NY.RO,36,0,MultiPolygon
USA.33.46_1,USA.33_1,NewYork,SaintLawrence,saintlawrence,County,County,US.NY.SI,36,0,MultiPolygon
USA.33.47_1,USA.33_1,NewYork,Saratoga,saratoga,County,County,US.NY.SR,36,0,MultiPolygon
USA.33.48_1,USA.33_1,NewYork,Schenectady,schenectady,County,County,US.NY.SN,36,0,MultiPolygon
USA.33.49_1,USA.33_1,NewYork,Schoharie,schoharie,County,County,US.NY.SO,36,0,MultiPolygon
USA.33.4_1,USA.33_1,NewYork,Broome,broome,County,County,US.NY.BO,36,0,MultiPolygon
USA.33.50_1,USA.33_1,NewYork,Schuyler,schuyler,County,County,US.NY.SU,36,0,MultiPolygon
USA.33.51_1,USA.33_1,NewYork,Seneca,seneca,County,County,US.NY.SC,36,0,MultiPolygon
USA.33.52_1,USA.33_1,NewYork,Steuben,steuben,County,County,US.NY.ST,36,0,MultiPolygon
USA.33.53_1,USA.33_1,NewYork,Suffolk,suffolk,County,County,US.NY.SF,36,0,MultiPolygon
USA.33.54_1,USA.33_1,NewYork,Sullivan,sullivan,County,County,US.NY.SL,36,0,MultiPolygon
USA.33.55_1,USA.33_1,NewYork,Tioga,tioga,County,County,US.NY.TI,36,0,MultiPolygon
USA.33.56_1,USA.33_1,NewYork,Tompkins,tompkins,County,County,US.NY.TO,36,0,MultiPolygon
USA.33.57_1,USA.33_1,NewYork,Ulster,ulster,County,County,US.NY.UL,36,0,MultiPolygon
USA.33.58_1,USA.33_1,NewYork,Warren,warren,County,County,US.NY.WR,36,0,MultiPolygon
USA.33.59_1,USA.33_1,NewYork,Washington,washington,County,County,US.NY.WS,36,0,MultiPolygon
USA.33.5_1,USA.33_1,NewYork,Cattaraugus,cattaraugus,County,County,US.NY.CG,36,0,MultiPolygon
USA.33.60_1,USA.33_1,NewYork,Wayne,wayne,County,County,US.NY.WN,36,0,MultiPolygon
USA.33.61_1,USA.33_1,NewYork,Westchester,westchester,County,County,US.NY.WE,36,0,MultiPolygon
USA.33.62_1,USA.33_1,NewYork,Wyoming,wyoming,County,County,US.NY.WM,36,0,MultiPolygon
USA.33.63_1,USA.33_1,NewYork,Yates,yates,County,County,US.NY.YA,36,0,MultiPolygon
USA.33.6_1,USA.33_1,NewYork,Cayuga,cayuga,County,County,US.NY.CY,36,0,MultiPolygon
USA.33.7_1,USA.33_1,NewYork,Chautauqua,chautauqua,County,County,US.NY.CQ,36,0,MultiPolygon
USA.33.8_1,USA.33_1,NewYork,Chemung,chemung,County,County,US.NY.CM,36,0,MultiPolygon
USA.33.9_1,USA.33_1,NewYork,Chenango,chenango,County,County,US.NY.CH,36,0,MultiPolygon
USA.34.100_1,USA.34_1,NorthCarolina,Yancey,yancey,County,County,US.NC.YN,37,0,MultiPolygon
USA.34.10_1,USA.34_1,NorthCarolina,Brunswick,brunswick,County,County,US.NC.BS,37,0,MultiPolygon
USA.34.11_1,USA.34_1,NorthCarolina,Buncombe,buncombe,County,County,US.NC.BO,37,0,MultiPolygon
USA.34.12_1,USA.34_1,NorthCarolina,Burke,burke,County,County,US.NC.BK,37,0,MultiPolygon
USA.34.13_1,USA.34_1,NorthCarolina,Cabarrus,cabarrus,County,County,US.NC.CR,37,0,MultiPolygon
USA.34.14_1,USA.34_1,NorthCarolina,Caldwell,caldwell,County,County,US.NC.CL,37,0,MultiPolygon
USA.34.15_1,USA.34_1,NorthCarolina,Camden,camden,County,County,US.NC.CD,37,0,MultiPolygon
USA.34.16_1,USA.34_1,NorthCarolina,Carteret,carteret,County,County,US.NC.CE,37,0,MultiPolygon
USA.34.17_1,USA.34_1,NorthCarolina,Caswell,caswell,County,County,US.NC.CS,37,0,MultiPolygon
USA.34.18_1,USA.34_1,NorthCarolina,Catawba,catawba,County,County,US.NC.CB,37,0,MultiPolygon
USA.34.19_1,USA.34_1,NorthCarolina,Chatham,chatham,County,County,US.NC.CH,37,0,MultiPolygon
USA.34.1_1,USA.34_1,NorthCarolina,Alamance,alamance,County,County,US.NC.AA,37,0,MultiPolygon
USA.34.20_1,USA.34_1,NorthCarolina,Cherokee,cherokee,County,County,US.NC.CO,37,0,MultiPolygon
USA.34.21_1,USA.34_1,NorthCarolina,Chowan,chowan,County,County,US.NC.CW,37,0,MultiPolygon
USA.34.22_1,USA.34_1,NorthCarolina,Clay,clay,County,County,US.NC.CY,37,0,MultiPolygon
USA.34.23_1,USA.34_1,NorthCarolina,Cleveland,cleveland,County,County,US.NC.CV,37,0,MultiPolygon
USA.34.24_1,USA.34_1,NorthCarolina,Columbus,columbus,County,County,US.NC.CM,37,0,MultiPolygon
USA.34.25_1,USA.34_1,NorthCarolina,Craven,craven,County,County,US.NC.CN,37,0,MultiPolygon
USA.34.26_1,USA.34_1,NorthCarolina,Cumberland,cumberland,County,County,US.NC.CU,37,0,MultiPolygon
USA.34.27_1,USA.34_1,NorthCarolina,Currituck,currituck,County,County,US.NC.CI,37,0,MultiPolygon
USA.34.28_1,USA.34_1,NorthCarolina,Dare,dare,County,County,US.NC.DE,37,0,MultiPolygon
USA.34.29_1,USA.34_1,NorthCarolina,Davidson,davidson,County,County,US.NC.DD,37,0,MultiPolygon
USA.34.2_1,USA.34_1,NorthCarolina,Alexander,alexander,County,County,US.NC.AE,37,0,MultiPolygon
USA.34.30_1,USA.34_1,NorthCarolina,Davie,davie,County,County,US.NC.DV,37,0,MultiPolygon
USA.34.31_1,USA.34_1,NorthCarolina,Duplin,duplin,County,County,US.NC.DP,37,0,MultiPolygon
USA.34.32_1,USA.34_1,NorthCarolina,Durham,durham,County,County,US.NC.DH,37,0,MultiPolygon
USA.34.33_1,USA.34_1,NorthCarolina,Edgecombe,edgecombe,County,County,US.NC.ED,37,0,MultiPolygon
USA.34.34_1,USA.34_1,NorthCarolina,Forsyth,forsyth,County,County,US.NC.FO,37,0,MultiPolygon
USA.34.35_1,USA.34_1,NorthCarolina,Franklin,franklin,County,County,US.NC.FR,37,0,MultiPolygon
USA.34.36_1,USA.34_1,NorthCarolina,Gaston,gaston,County,County,US.NC.GS,37,0,MultiPolygon
USA.34.37_1,USA.34_1,NorthCarolina,Gates,gates,County,County,US.NC.GT,37,0,MultiPolygon
USA.34.38_1,USA.34_1,NorthCarolina,Graham,graham,County,County,US.NC.GH,37,0,MultiPolygon
USA.34.39_1,USA.34_1,NorthCarolina,Granville,granville,County,County,US.NC.GN,37,0,MultiPolygon
USA.34.3_1,USA.34_1,NorthCarolina,Alleghany,alleghany,County,County,US.NC.AL,37,0,MultiPolygon
USA.34.40_1,USA.34_1,NorthCarolina,Greene,greene,County,County,US.NC.GE,37,0,MultiPolygon
USA.34.41_1,USA.34_1,NorthCarolina,Guilford,guilford,County,County,US.NC.GU,37,0,MultiPolygon
USA.34.42_1,USA.34_1,NorthCarolina,Halifax,halifax,County,County,US.NC.HL,37,0,MultiPolygon
USA.34.43_1,USA.34_1,NorthCarolina,Harnett,harnett,County,County,US.NC.HT,37,0,MultiPolygon
USA.34.44_1,USA.34_1,NorthCarolina,Haywood,haywood,County,County,US.NC.HW,37,0,MultiPolygon
USA.34.45_1,USA.34_1,NorthCarolina,Henderson,henderson,County,County,US.NC.HN,37,0,MultiPolygon
USA.34.46_1,USA.34_1,NorthCarolina,Hertford,hertford,County,County,US.NC.HD,37,0,MultiPolygon
USA.34.47_1,USA.34_1,NorthCarolina,Hoke,hoke,County,County,US.NC.HO,37,0,MultiPolygon
USA.34.48_1,USA.34_1,NorthCarolina,Hyde,hyde,County,County,US.NC.HE,37,0,MultiPolygon
USA.34.49_1,USA.34_1,NorthCarolina,Iredell,iredell,County,County,US.NC.IR,37,0,MultiPolygon
USA.34.4_1,USA.34_1,NorthCarolina,Anson,anson,County,County,US.NC.AN,37,0,MultiPolygon
USA.34.50_1,USA.34_1,NorthCarolina,Jackson,jackson,County,County,US.NC.JA,37,0,MultiPolygon
USA.34.51_1,USA.34_1,NorthCarolina,Johnston,johnston,County,County,US.NC.JH,37,0,MultiPolygon
USA.34.52_1,USA.34_1,NorthCarolina,Jones,jones,County,County,US.NC.JN,37,0,MultiPolygon
USA.34.53_1,USA.34_1,NorthCarolina,Lee,lee,County,County,US.NC.LE,37,0,MultiPolygon
USA.34.54_1,USA.34_1,NorthCarolina,Lenoir,lenoir,County,County,US.NC.LN,37,0,MultiPolygon
USA.34.55_1,USA.34_1,NorthCarolina,Lincoln,lincoln,County,County,US.NC.LI,37,0,MultiPolygon
USA.34.56_1,USA.34_1,NorthCarolina,Macon,macon,County,County,US.NC.MN,37,0,MultiPolygon
USA.34.57_1,USA.34_1,NorthCarolina,Madison,madison,County,County,US.NC.MD,37,0,MultiPolygon
USA.34.58_1,USA.34_1,NorthCarolina,Martin,martin,County,County,US.NC.MR,37,0,MultiPolygon
USA.34.59_1,USA.34_1,NorthCarolina,McDowell,mcdowell,County,County,US.NC.MW,37,0,MultiPolygon
USA.34.5_1,USA.34_1,NorthCarolina,Ashe,ashe,County,County,US.NC.AS,37,0,MultiPolygon
USA.34.60_1,USA.34_1,NorthCarolina,Mecklenburg,mecklenburg,County,County,US.NC.MB,37,0,MultiPolygon
USA.34.61_1,USA.34_1,NorthCarolina,Mitchell,mitchell,County,County,US.NC.MI,37,0,MultiPolygon
USA.34.62_1,USA.34_1,NorthCarolina,Montgomery,montgomery,County,County,US.NC.MO,37,0,MultiPolygon
USA.34.63_1,USA.34_1,NorthCarolina,Moore,moore,County,County,US.NC.ME,37,0,MultiPolygon
USA.34.64_1,USA.34_1,NorthCarolina,Nash,nash,County,County,US.NC.NA,37,0,MultiPolygon
USA.34.65_1,USA.34_1,NorthCarolina,NewHanover,newhanover,County,County,US.NC.NE,37,0,MultiPolygon
USA.34.66_1,USA.34_1,NorthCarolina,Northampton,northampton,County,County,US.NC.NO,37,0,MultiPolygon
USA.34.67_1,USA.34_1,NorthCarolina,Onslow,onslow,County,County,US.NC.ON,37,0,MultiPolygon
USA.34.68_1,USA.34_1,NorthCarolina,Orange,orange,County,County,US.NC.OR,37,0,MultiPolygon
USA.34.69_1,USA.34_1,NorthCarolina,Pamlico,pamlico,County,County,US.NC.PM,37,0,MultiPolygon
USA.34.6_1,USA.34_1,NorthCarolina,Avery,avery,County,County,US.NC.AV,37,0,MultiPolygon
USA.34.70_1,USA.34_1,NorthCarolina,Pasquotank,pasquotank,County,County,US.NC.PU,37,0,MultiPolygon
USA.34.71_1,USA.34_1,NorthCarolina,Pender,pender,County,County,US.NC.PD,37,0,MultiPolygon
USA.34.72_1,USA.34_1,NorthCarolina,Perquimans,perquimans,County,County,US.NC.PQ,37,0,MultiPolygon
USA.34.73_1,USA.34_1,NorthCarolina,Person,person,County,County,US.NC.PN,37,0,MultiPolygon
USA.34.74_1,USA.34_1,NorthCarolina,Pitt,pitt,County,County,US.NC.PI,37,0,MultiPolygon
USA.34.75_1,USA.34_1,NorthCarolina,Polk,polk,County,County,US.NC.PO,37,0,MultiPolygon
USA.34.76_1,USA.34_1,NorthCarolina,Randolph,randolph,County,County,US.NC.RA,37,0,MultiPolygon
USA.34.77_1,USA.34_1,NorthCarolina,Richmond,richmond,County,County,US.NC.RI,37,0,MultiPolygon
USA.34.78_1,USA.34_1,NorthCarolina,Robeson,robeson,County,County,US.NC.RB,37,0,MultiPolygon
USA.34.79_1,USA.34_1,NorthCarolina,Rockingham,rockingham,County,County,US.NC.RC,37,0,MultiPolygon
USA.34.7_1,USA.34_1,NorthCarolina,Beaufort,beaufort,County,County,US.NC.BA,37,0,MultiPolygon
USA.34.80_1,USA.34_1,NorthCarolina,Rowan,rowan,County,County,US.NC.RW,37,0,MultiPolygon
USA.34.81_1,USA.34_1,NorthCarolina,Rutherford,rutherford,County,County,US.NC.RU,37,0,MultiPolygon
USA.34.82_1,USA.34_1,NorthCarolina,Sampson,sampson,County,County,US.NC.SP,37,0,MultiPolygon
USA.34.83_1,USA.34_1,NorthCarolina,Scotland,scotland,County,County,US.NC.SC,37,0,MultiPolygon
USA.34.84_1,USA.34_1,NorthCarolina,Stanly,stanly,County,County,US.NC.SN,37,0,MultiPolygon
USA.34.85_1,USA.34_1,NorthCarolina,Stokes,stokes,County,County,US.NC.SO,37,0,MultiPolygon
USA.34.86_1,USA.34_1,NorthCarolina,Surry,surry,County,County,US.NC.SU,37,0,MultiPolygon
USA.34.87_1,USA.34_1,NorthCarolina,Swain,swain,County,County,US.NC.SW,37,0,MultiPolygon
USA.34.88_1,USA.34_1,NorthCarolina,Transylvania,transylvania,County,County,US.NC.TR,37,0,MultiPolygon
USA.34.89_1,USA.34_1,NorthCarolina,Tyrrell,tyrrell,County,County,US.NC.TY,37,0,MultiPolygon
USA.34.8_1,USA.34_1,NorthCarolina,Bertie,bertie,County,County,US.NC.BT,37,0,MultiPolygon
USA.34.90_1,USA.34_1,NorthCarolina,Union,union,County,County,US.NC.UN,37,0,MultiPolygon
USA.34.91_1,USA.34_1,NorthCarolina,Vance,vance,County,County,US.NC.VA,37,0,MultiPolygon
USA.34.92_1,USA.34_1,NorthCarolina,Wake,wake,County,County,US.NC.WK,37,0,MultiPolygon
USA.34.93_1,USA.34_1,NorthCarolina,Warren,warren,County,County,US.NC.WR,37,0,MultiPolygon
USA.34.94_1,USA.34_1,NorthCarolina,Washington,washington,County,County,US.NC.WI,37,0,MultiPolygon
USA.34.95_1,USA.34_1,NorthCarolina,Watauga,watauga,County,County,US.NC.WT,37,0,MultiPolygon
USA.34.96_1,USA.34_1,NorthCarolina,Wayne,wayne,County,County,US.NC.WY,37,0,MultiPolygon
USA.34.97_1,USA.34_1,NorthCarolina,Wilkes,wilkes,County,County,US.NC.WE,37,0,MultiPolygon
USA.34.98_1,USA.34_1,NorthCarolina,Wilson,wilson,County,County,US.NC.WO,37,0,MultiPolygon
USA.34.99_1,USA.34_1,NorthCarolina,Yadkin,yadkin,County,County,US.NC.YD,37,0,MultiPolygon
USA.34.9_1,USA.34_1,NorthCarolina,Bladen,bladen,County,County,US.NC.BL,37,0,MultiPolygon
USA.35.10_1,USA.35_1,NorthDakota,Cavalier,cavalier,County,County,US.ND.CV,38,0,MultiPolygon
USA.35.11_1,USA.35_1,NorthDakota,Dickey,dickey,County,County,US.ND.DC,38,0,MultiPolygon
USA.35.12_1,USA.35_1,NorthDakota,Divide,divide,County,County,US.ND.DV,38,0,MultiPolygon
USA.35.13_1,USA.35_1,NorthDakota,Dunn,dunn,County,County,US.ND.DU,38,0,MultiPolygon
USA.35.14_1,USA.35_1,NorthDakota,Eddy,eddy,County,County,US.ND.ED,38,0,MultiPolygon
USA.35.15_1,USA.35_1,NorthDakota,Emmons,emmons,County,County,US.ND.EM,38,0,MultiPolygon
USA.35.16_1,USA.35_1,NorthDakota,Foster,foster,County,County,US.ND.FO,38,0,MultiPolygon
USA.35.17_1,USA.35_1,NorthDakota,GoldenValley,goldenvalley,County,County,US.ND.GO,38,0,MultiPolygon
USA.35.18_1,USA.35_1,NorthDakota,GrandForks,grandforks,County,County,US.ND.GD,38,0,MultiPolygon
USA.35.19_1,USA.35_1,NorthDakota,Grant,grant,County,County,US.ND.GT,38,0,MultiPolygon
USA.35.1_1,USA.35_1,NorthDakota,Adams,adams,County,County,US.ND.AD,38,0,MultiPolygon
USA.35.20_1,USA.35_1,NorthDakota,Griggs,griggs,County,County,US.ND.GI,38,0,MultiPolygon
USA.35.21_1,USA.35_1,NorthDakota,Hettinger,hettinger,County,County,US.ND.HE,38,0,MultiPolygon
USA.35.22_1,USA.35_1,NorthDakota,Kidder,kidder,County,County,US.ND.KI,38,0,MultiPolygon
USA.35.23_1,USA.35_1,NorthDakota,Lamoure,lamoure,County,County,US.ND.LA,38,0,MultiPolygon
USA.35.24_1,USA.35_1,NorthDakota,Logan,logan,County,County,US.ND.LO,38,0,MultiPolygon
USA.35.25_1,USA.35_1,NorthDakota,McHenry,mchenry,County,County,US.ND.MH,38,0,MultiPolygon
USA.35.26_1,USA.35_1,NorthDakota,McIntosh,mcintosh,County,County,US.ND.MI,38,0,MultiPolygon
USA.35.27_1,USA.35_1,NorthDakota,McKenzie,mckenzie,County,County,US.ND.MK,38,0,MultiPolygon
USA.35.28_1,USA.35_1,NorthDakota,McLean,mclean,County,County,US.ND.ML,38,0,MultiPolygon
USA.35.29_1,USA.35_1,NorthDakota,Mercer,mercer,County,County,US.ND.ME,38,0,MultiPolygon
USA.35.2_1,USA.35_1,NorthDakota,Barnes,barnes,County,County,US.ND.BA,38,0,MultiPolygon
USA.35.30_1,USA.35_1,NorthDakota,Morton,morton,County,County,US.ND.MR,38,0,MultiPolygon
USA.35.31_1,USA.35_1,NorthDakota,Mountrail,mountrail,County,County,US.ND.MU,38,0,MultiPolygon
USA.35.32_1,USA.35_1,NorthDakota,Nelson,nelson,County,County,US.ND.NE,38,0,MultiPolygon
USA.35.33_1,USA.35_1,NorthDakota,Oliver,oliver,County,County,US.ND.OL,38,0,MultiPolygon
USA.35.34_1,USA.35_1,NorthDakota,Pembina,pembina,County,County,US.ND.PE,38,0,MultiPolygon
USA.35.35_1,USA.35_1,NorthDakota,Pierce,pierce,County,County,US.ND.PI,38,0,MultiPolygon
USA.35.36_1,USA.35_1,NorthDakota,Ramsey,ramsey,County,County,US.ND.RM,38,0,MultiPolygon
USA.35.37_1,USA.35_1,NorthDakota,Ransom,ransom,County,County,US.ND.RN,38,0,MultiPolygon
USA.35.38_1,USA.35_1,NorthDakota,Renville,renville,County,County,US.ND.RE,38,0,MultiPolygon
USA.35.39_1,USA.35_1,NorthDakota,Richland,richland,County,County,US.ND.RI,38,0,MultiPolygon
USA.35.3_1,USA.35_1,NorthDakota,Benson,benson,County,County,US.ND.BE,38,0,MultiPolygon
USA.35.40_1,USA.35_1,NorthDakota,Rolette,rolette,County,County,US.ND.RO,38,0,MultiPolygon
USA.35.41_1,USA.35_1,NorthDakota,Sargent,sargent,County,County,US.ND.SG,38,0,MultiPolygon
USA.35.42_1,USA.35_1,NorthDakota,Sheridan,sheridan,County,County,US.ND.SH,38,0,MultiPolygon
USA.35.43_1,USA.35_1,NorthDakota,Sioux,sioux,County,County,US.ND.SI,38,0,MultiPolygon
USA.35.44_1,USA.35_1,NorthDakota,Slope,slope,County,County,US.ND.SL,38,0,MultiPolygon
USA.35.45_1,USA.35_1,NorthDakota,Stark,stark,County,County,US.ND.SR,38,0,MultiPolygon
USA.35.46_1,USA.35_1,NorthDakota,Steele,steele,County,County,US.ND.SE,38,0,MultiPolygon
USA.35.47_1,USA.35_1,NorthDakota,Stutsman,stutsman,County,County,US.ND.SU,38,0,MultiPolygon
USA.35.48_1,USA.35_1,NorthDakota,Towner,towner,County,County,US.ND.TO,38,0,MultiPolygon
USA.35.49_1,USA.35_1,NorthDakota,Traill,traill,County,County,US.ND.TR,38,0,MultiPolygon
USA.35.4_1,USA.35_1,NorthDakota,Billings,billings,County,County,US.ND.BI,38,0,MultiPolygon
USA.35.50_1,USA.35_1,NorthDakota,Walsh,walsh,County,County,US.ND.WL,38,0,MultiPolygon
USA.35.51_1,USA.35_1,NorthDakota,Ward,ward,County,County,US.ND.WR,38,0,MultiPolygon
USA.35.52_1,USA.35_1,NorthDakota,Wells,wells,County,County,US.ND.WE,38,0,MultiPolygon
USA.35.53_1,USA.35_1,NorthDakota,Williams,williams,County,County,US.ND.WI,38,0,MultiPolygon
USA.35.5_1,USA.35_1,NorthDakota,Bottineau,bottineau,County,County,US.ND.BT,38,0,MultiPolygon
USA.35.6_1,USA.35_1,NorthDakota,Bowman,bowman,County,County,US.ND.BW,38,0,MultiPolygon
USA.35.7_1,USA.35_1,NorthDakota,Burke,burke,County,County,US.ND.BK,38,0,MultiPolygon
USA.35.8_1,USA.35_1,NorthDakota,Burleigh,burleigh,County,County,US.ND.BL,38,0,MultiPolygon
USA.35.9_1,USA.35_1,NorthDakota,Cass,cass,County,County,US.ND.CS,38,0,MultiPolygon
USA.36.10_1,USA.36_1,Ohio,Carroll,carroll,County,County,US.OH.CO,39,0,MultiPolygon
USA.36.11_1,USA.36_1,Ohio,Champaign,champaign,County,County,US.OH.CH,39,0,MultiPolygon
USA.36.12_1,USA.36_1,Ohio,Clark,clark,County,County,US.OH.CK,39,0,MultiPolygon
USA.36.13_1,USA.36_1,Ohio,Clermont,clermont,County,County,US.OH.CE,39,0,MultiPolygon
USA.36.14_1,USA.36_1,Ohio,Clinton,clinton,County,County,US.OH.CI,39,0,MultiPolygon
USA.36.15_1,USA.36_1,Ohio,Columbiana,columbiana,County,County,US.OH.CL,39,0,MultiPolygon
USA.36.16_1,USA.36_1,Ohio,Coshocton,coshocton,County,County,US.OH.CS,39,0,MultiPolygon
USA.36.17_1,USA.36_1,Ohio,Crawford,crawford,County,County,US.OH.CF,39,0,MultiPolygon
USA.36.18_1,USA.36_1,Ohio,Cuyahoga,cuyahoga,County,County,US.OH.CU,39,0,MultiPolygon
USA.36.19_1,USA.36_1,Ohio,Darke,darke,County,County,US.OH.DA,39,0,MultiPolygon
USA.36.1_1,USA.36_1,Ohio,Adams,adams,County,County,US.OH.AD,39,0,MultiPolygon
USA.36.20_1,USA.36_1,Ohio,Defiance,defiance,County,County,US.OH.DF,39,0,MultiPolygon
USA.36.21_1,USA.36_1,Ohio,Delaware,delaware,County,County,US.OH.DL,39,0,MultiPolygon
USA.36.22_1,USA.36_1,Ohio,Erie,erie,County,County,US.OH.ER,39,0,MultiPolygon
USA.36.23_1,USA.36_1,Ohio,Fairfield,fairfield,County,County,US.OH.FI,39,0,MultiPolygon
USA.36.24_1,USA.36_1,Ohio,Fayette,fayette,County,County,US.OH.FY,39,0,MultiPolygon
USA.36.25_1,USA.36_1,Ohio,Franklin,franklin,County,County,US.OH.FR,39,0,MultiPolygon
USA.36.26_1,USA.36_1,Ohio,Fulton,fulton,County,County,US.OH.FU,39,0,MultiPolygon
USA.36.27_1,USA.36_1,Ohio,Gallia,gallia,County,County,US.OH.GA,39,0,MultiPolygon
USA.36.28_1,USA.36_1,Ohio,Geauga,geauga,County,County,US.OH.GE,39,0,MultiPolygon
USA.36.29_1,USA.36_1,Ohio,Greene,greene,County,County,US.OH.GR,39,0,MultiPolygon
USA.36.2_1,USA.36_1,Ohio,Allen,allen,County,County,US.OH.AN,39,0,MultiPolygon
USA.36.30_1,USA.36_1,Ohio,Guernsey,guernsey,County,County,US.OH.GU,39,0,MultiPolygon
USA.36.31_1,USA.36_1,Ohio,Hamilton,hamilton,County,County,US.OH.HM,39,0,MultiPolygon
USA.36.32_1,USA.36_1,Ohio,Hancock,hancock,County,County,US.OH.HN,39,0,MultiPolygon
USA.36.33_1,USA.36_1,Ohio,Hardin,hardin,County,County,US.OH.HD,39,0,MultiPolygon
USA.36.34_1,USA.36_1,Ohio,Harrison,harrison,County,County,US.OH.HR,39,0,MultiPolygon
USA.36.35_1,USA.36_1,Ohio,Henry,henry,County,County,US.OH.HE,39,0,MultiPolygon
USA.36.36_1,USA.36_1,Ohio,Highland,highland,County,County,US.OH.HI,39,0,MultiPolygon
USA.36.37_1,USA.36_1,Ohio,Hocking,hocking,County,County,US.OH.HC,39,0,MultiPolygon
USA.36.38_1,USA.36_1,Ohio,Holmes,holmes,County,County,US.OH.HL,39,0,MultiPolygon
USA.36.39_1,USA.36_1,Ohio,Huron,huron,County,County,US.OH.HU,39,0,MultiPolygon
USA.36.3_1,USA.36_1,Ohio,Ashland,ashland,County,County,US.OH.AL,39,0,MultiPolygon
USA.36.40_1,USA.36_1,Ohio,Jackson,jackson,County,County,US.OH.JA,39,0,MultiPolygon
USA.36.41_1,USA.36_1,Ohio,Jefferson,jefferson,County,County,US.OH.JE,39,0,MultiPolygon
USA.36.42_1,USA.36_1,Ohio,Knox,knox,County,County,US.OH.KN,39,0,MultiPolygon
USA.36.43_1,USA.36_1,Ohio,Lake,lake,County,County,US.OH.LK,39,0,MultiPolygon
USA.36.44_1,USA.36_1,Ohio,LakeErie,lakeerie,Waterbody,Waterbody,US.OH.WB,39,1,MultiPolygon
USA.36.45_1,USA.36_1,Ohio,Lawrence,lawrence,County,County,US.OH.LW,39,0,MultiPolygon
USA.36.46_1,USA.36_1,Ohio,Licking,licking,County,County,US.OH.LI,39,0,MultiPolygon
USA.36.47_1,USA.36_1,Ohio,Logan,logan,County,County,US.OH.LG,39,0,MultiPolygon
USA.36.48_1,USA.36_1,Ohio,Lorain,lorain,County,County,US.OH.LR,39,0,MultiPolygon
USA.36.49_1,USA.36_1,Ohio,Lucas,lucas,County,County,US.OH.LU,39,0,MultiPolygon
USA.36.4_1,USA.36_1,Ohio,Ashtabula,ashtabula,County,County,US.OH.AB,39,0,MultiPolygon
USA.36.50_1,USA.36_1,Ohio,Madison,madison,County,County,US.OH.MO,39,0,MultiPolygon
USA.36.51_1,USA.36_1,Ohio,Mahoning,mahoning,County,County,US.OH.MH,39,0,MultiPolygon
USA.36.52_1,USA.36_1,Ohio,Marion,marion,County,County,US.OH.MR,39,0,MultiPolygon
USA.36.53_1,USA.36_1,Ohio,Medina,medina,County,County,US.OH.MD,39,0,MultiPolygon
USA.36.54_1,USA.36_1,Ohio,Meigs,meigs,County,County,US.OH.MS,39,0,MultiPolygon
USA.36.55_1,USA.36_1,Ohio,Mercer,mercer,County,County,US.OH.MC,39,0,MultiPolygon
USA.36.56_1,USA.36_1,Ohio,Miami,miami,County,County,US.OH.MM,39,0,MultiPolygon
USA.36.57_1,USA.36_1,Ohio,Monroe,monroe,County,County,US.OH.ME,39,0,MultiPolygon
USA.36.58_1,USA.36_1,Ohio,Montgomery,montgomery,County,County,US.OH.MT,39,0,MultiPolygon
USA.36.59_1,USA.36_1,Ohio,Morgan,morgan,County,County,US.OH.MA,39,0,MultiPolygon
USA.36.5_1,USA.36_1,Ohio,Athens,athens,County,County,US.OH.AS,39,0,MultiPolygon
USA.36.60_1,USA.36_1,Ohio,Morrow,morrow,County,County,US.OH.MW,39,0,MultiPolygon
USA.36.61_1,USA.36_1,Ohio,Muskingum,muskingum,County,County,US.OH.MU,39,0,MultiPolygon
USA.36.62_1,USA.36_1,Ohio,Noble,noble,County,County,US.OH.NO,39,0,MultiPolygon
USA.36.63_1,USA.36_1,Ohio,Ottawa,ottawa,County,County,US.OH.OT,39,0,MultiPolygon
USA.36.64_1,USA.36_1,Ohio,Paulding,paulding,County,County,US.OH.PA,39,0,MultiPolygon
USA.36.65_1,USA.36_1,Ohio,Perry,perry,County,County,US.OH.PE,39,0,MultiPolygon
USA.36.66_1,USA.36_1,Ohio,Pickaway,pickaway,County,County,US.OH.PC,39,0,MultiPolygon
USA.36.67_1,USA.36_1,Ohio,Pike,pike,County,County,US.OH.PK,39,0,MultiPolygon
USA.36.68_1,USA.36_1,Ohio,Portage,portage,County,County,US.OH.PO,39,0,MultiPolygon
USA.36.69_1,USA.36_1,Ohio,Preble,preble,County,County,US.OH.PR,39,0,MultiPolygon
USA.36.6_1,USA.36_1,Ohio,Auglaize,auglaize,County,County,US.OH.AU,39,0,MultiPolygon
USA.36.70_1,USA.36_1,Ohio,Putnam,putnam,County,County,US.OH.PU,39,0,MultiPolygon
USA.36.71_1,USA.36_1,Ohio,Richland,richland,County,County,US.OH.RI,39,0,MultiPolygon
USA.36.72_1,USA.36_1,Ohio,Ross,ross,County,County,US.OH.RO,39,0,MultiPolygon
USA.36.73_1,USA.36_1,Ohio,Sandusky,sandusky,County,County,US.OH.SA,39,0,MultiPolygon
USA.36.74_1,USA.36_1,Ohio,Scioto,scioto,County,County,US.OH.SC,39,0,MultiPolygon
USA.36.75_1,USA.36_1,Ohio,Seneca,seneca,County,County,US.OH.SE,39,0,MultiPolygon
USA.36.76_1,USA.36_1,Ohio,Shelby,shelby,County,County,US.OH.SH,39,0,MultiPolygon
USA.36.77_1,USA.36_1,Ohio,Stark,stark,County,County,US.OH.ST,39,0,MultiPolygon
USA.36.78_1,USA.36_1,Ohio,Summit,summit,County,County,US.OH.SU,39,0,MultiPolygon
USA.36.79_1,USA.36_1,Ohio,Trumbull,trumbull,County,County,US.OH.TR,39,0,MultiPolygon
USA.36.7_1,USA.36_1,Ohio,Belmont,belmont,County,County,US.OH.BE,39,0,MultiPolygon
USA.36.80_1,USA.36_1,Ohio,Tuscarawas,tuscarawas,County,County,US.OH.TU,39,0,MultiPolygon
USA.36.81_1,USA.36_1,Ohio,Union,union,County,County,US.OH.UN,39,0,MultiPolygon
USA.36.82_1,USA.36_1,Ohio,VanWert,vanwert,County,County,US.OH.VA,39,0,MultiPolygon
USA.36.83_1,USA.36_1,Ohio,Vinton,vinton,County,County,US.OH.VI,39,0,MultiPolygon
USA.36.84_1,USA.36_1,Ohio,Warren,warren,County,County,US.OH.WR,39,0,MultiPolygon
USA.36.85_1,USA.36_1,Ohio,Washington,washington,County,County,US.OH.WS,39,0,MultiPolygon
USA.36.86_1,USA.36_1,Ohio,Wayne,wayne,County,County,US.OH.WE,39,0,MultiPolygon
USA.36.87_1,USA.36_1,Ohio,Williams,williams,County,County,US.OH.WI,39,0,MultiPolygon
USA.36.88_1,USA.36_1,Ohio,Wood,wood,County,County,US.OH.WO,39,0,MultiPolygon
USA.36.89_1,USA.36_1,Ohio,Wyandot,wyandot,County,County,US.OH.WD,39,0,MultiPolygon
USA.36.8_1,USA.36_1,Ohio,Brown,brown,County,County,US.OH.BR,39,0,MultiPolygon
USA.36.9_1,USA.36_1,Ohio,Butler,butler,County,County,US.OH.BU,39,0,MultiPolygon
USA.37.10_1,USA.37_1,Oklahoma,Carter,carter,County,County,US.OK.CR,40,0,MultiPolygon
USA.37.11_1,USA.37_1,Oklahoma,Cherokee,cherokee,County,County,US.OK.CK,40,0,MultiPolygon
USA.37.12_1,USA.37_1,Oklahoma,Choctaw,choctaw,County,County,US.OK.CA,40,0,MultiPolygon
USA.37.13_1,USA.37_1,Oklahoma,Cimarron,cimarron,County,County,US.OK.CO,40,0,MultiPolygon
USA.37.14_1,USA.37_1,Oklahoma,Cleveland,cleveland,County,County,US.OK.CV,40,0,MultiPolygon
USA.37.15_1,USA.37_1,Oklahoma,Coal,coal,County,County,US.OK.CL,40,0,MultiPolygon
USA.37.16_1,USA.37_1,Oklahoma,Comanche,comanche,County,County,US.OK.CM,40,0,MultiPolygon
USA.37.17_1,USA.37_1,Oklahoma,Cotton,cotton,County,County,US.OK.CT,40,0,MultiPolygon
USA.37.18_1,USA.37_1,Oklahoma,Craig,craig,County,County,US.OK.CG,40,0,MultiPolygon
USA.37.19_1,USA.37_1,Oklahoma,Creek,creek,County,County,US.OK.CE,40,0,MultiPolygon
USA.37.1_1,USA.37_1,Oklahoma,Adair,adair,County,County,US.OK.AD,40,0,MultiPolygon
USA.37.20_1,USA.37_1,Oklahoma,Custer,custer,County,County,US.OK.CU,40,0,MultiPolygon
USA.37.21_1,USA.37_1,Oklahoma,Delaware,delaware,County,County,US.OK.DL,40,0,MultiPolygon
USA.37.22_1,USA.37_1,Oklahoma,Dewey,dewey,County,County,US.OK.DW,40,0,MultiPolygon
USA.37.23_1,USA.37_1,Oklahoma,Ellis,ellis,County,County,US.OK.EL,40,0,MultiPolygon
USA.37.24_1,USA.37_1,Oklahoma,Garfield,garfield,County,County,US.OK.GF,40,0,MultiPolygon
USA.37.25_1,USA.37_1,Oklahoma,Garvin,garvin,County,County,US.OK.GV,40,0,MultiPolygon
USA.37.26_1,USA.37_1,Oklahoma,Grady,grady,County,County,US.OK.GD,40,0,MultiPolygon
USA.37.27_1,USA.37_1,Oklahoma,Grant,grant,County,County,US.OK.GN,40,0,MultiPolygon
USA.37.28_1,USA.37_1,Oklahoma,Greer,greer,County,County,US.OK.GE,40,0,MultiPolygon
USA.37.29_1,USA.37_1,Oklahoma,Harmon,harmon,County,County,US.OK.HM,40,0,MultiPolygon
USA.37.2_1,USA.37_1,Oklahoma,Alfalfa,alfalfa,County,County,US.OK.AL,40,0,MultiPolygon
USA.37.30_1,USA.37_1,Oklahoma,Harper,harper,County,County,US.OK.HP,40,0,MultiPolygon
USA.37.31_1,USA.37_1,Oklahoma,Haskell,haskell,County,County,US.OK.HS,40,0,MultiPolygon
USA.37.32_1,USA.37_1,Oklahoma,Hughes,hughes,County,County,US.OK.HU,40,0,MultiPolygon
USA.37.33_1,USA.37_1,Oklahoma,Jackson,jackson,County,County,US.OK.JA,40,0,MultiPolygon
USA.37.34_1,USA.37_1,Oklahoma,Jefferson,jefferson,County,County,US.OK.JE,40,0,MultiPolygon
USA.37.35_1,USA.37_1,Oklahoma,Johnston,johnston,County,County,US.OK.JO,40,0,MultiPolygon
USA.37.36_1,USA.37_1,Oklahoma,Kay,kay,County,County,US.OK.KA,40,0,MultiPolygon
USA.37.37_1,USA.37_1,Oklahoma,Kingfisher,kingfisher,County,County,US.OK.KN,40,0,MultiPolygon
USA.37.38_1,USA.37_1,Oklahoma,Kiowa,kiowa,County,County,US.OK.KO,40,0,MultiPolygon
USA.37.39_1,USA.37_1,Oklahoma,Latimer,latimer,County,County,US.OK.LA,40,0,MultiPolygon
USA.37.3_1,USA.37_1,Oklahoma,Atoka,atoka,County,County,US.OK.AT,40,0,MultiPolygon
USA.37.40_1,USA.37_1,Oklahoma,LeFlore,leflore,County,County,US.OK.LE,40,0,MultiPolygon
USA.37.41_1,USA.37_1,Oklahoma,Lincoln,lincoln,County,County,US.OK.LI,40,0,MultiPolygon
USA.37.42_1,USA.37_1,Oklahoma,Logan,logan,County,County,US.OK.LG,40,0,MultiPolygon
USA.37.43_1,USA.37_1,Oklahoma,Love,love,County,County,US.OK.LV,40,0,MultiPolygon
USA.37.44_1,USA.37_1,Oklahoma,Major,major,County,County,US.OK.MJ,40,0,MultiPolygon
USA.37.45_1,USA.37_1,Oklahoma,Marshall,marshall,County,County,US.OK.MH,40,0,MultiPolygon
USA.37.46_1,USA.37_1,Oklahoma,Mayes,mayes,County,County,US.OK.MY,40,0,MultiPolygon
USA.37.47_1,USA.37_1,Oklahoma,McClain,mcclain,County,County,US.OK.ML,40,0,MultiPolygon
USA.37.48_1,USA.37_1,Oklahoma,McCurtain,mccurtain,County,County,US.OK.MU,40,0,MultiPolygon
USA.37.49_1,USA.37_1,Oklahoma,McIntosh,mcintosh,County,County,US.OK.MI,40,0,MultiPolygon
USA.37.4_1,USA.37_1,Oklahoma,Beaver,beaver,County,County,US.OK.BA,40,0,MultiPolygon
USA.37.50_1,USA.37_1,Oklahoma,Murray,murray,County,County,US.OK.MR,40,0,MultiPolygon
USA.37.51_1,USA.37_1,Oklahoma,Muskogee,muskogee,County,County,US.OK.MO,40,0,MultiPolygon
USA.37.52_1,USA.37_1,Oklahoma,Noble,noble,County,County,US.OK.NB,40,0,MultiPolygon
USA.37.53_1,USA.37_1,Oklahoma,Nowata,nowata,County,County,US.OK.NW,40,0,MultiPolygon
USA.37.54_1,USA.37_1,Oklahoma,Okfuskee,okfuskee,County,County,US.OK.OF,40,0,MultiPolygon
USA.37.55_1,USA.37_1,Oklahoma,Oklahoma,oklahoma,County,County,US.OK.OL,40,0,MultiPolygon
USA.37.56_1,USA.37_1,Oklahoma,Okmulgee,okmulgee,County,County,US.OK.OM,40,0,MultiPolygon
USA.37.57_1,USA.37_1,Oklahoma,Osage,osage,County,County,US.OK.OS,40,0,MultiPolygon
USA.37.58_1,USA.37_1,Oklahoma,Ottawa,ottawa,County,County,US.OK.OT,40,0,MultiPolygon
USA.37.59_1,USA.37_1,Oklahoma,Pawnee,pawnee,County,County,US.OK.PW,40,0,MultiPolygon
USA.37.5_1,USA.37_1,Oklahoma,Beckham,beckham,County,County,US.OK.BC,40,0,MultiPolygon
USA.37.60_1,USA.37_1,Oklahoma,Payne,payne,County,County,US.OK.PY,40,0,MultiPolygon
USA.37.61_1,USA.37_1,Oklahoma,Pittsburg,pittsburg,County,County,US.OK.PI,40,0,MultiPolygon
USA.37.62_1,USA.37_1,Oklahoma,Pontotoc,pontotoc,County,County,US.OK.PN,40,0,MultiPolygon
USA.37.63_1,USA.37_1,Oklahoma,Pottawatomie,pottawatomie,County,County,US.OK.PT,40,0,MultiPolygon
USA.37.64_1,USA.37_1,Oklahoma,Pushmataha,pushmataha,County,County,US.OK.PU,40,0,MultiPolygon
USA.37.65_1,USA.37_1,Oklahoma,RogerMills,rogermills,County,County,US.OK.RR,40,0,MultiPolygon
USA.37.66_1,USA.37_1,Oklahoma,Rogers,rogers,County,County,US.OK.RS,40,0,MultiPolygon
USA.37.67_1,USA.37_1,Oklahoma,Seminole,seminole,County,County,US.OK.SM,40,0,MultiPolygon
USA.37.68_1,USA.37_1,Oklahoma,Sequoyah,sequoyah,County,County,US.OK.SQ,40,0,MultiPolygon
USA.37.69_1,USA.37_1,Oklahoma,Stephens,stephens,County,County,US.OK.ST,40,0,MultiPolygon
USA.37.6_1,USA.37_1,Oklahoma,Blaine,blaine,County,County,US.OK.BL,40,0,MultiPolygon
USA.37.70_1,USA.37_1,Oklahoma,Texas,texas,County,County,US.OK.TE,40,0,MultiPolygon
USA.37.71_1,USA.37_1,Oklahoma,Tillman,tillman,County,County,US.OK.TI,40,0,MultiPolygon
USA.37.72_1,USA.37_1,Oklahoma,Tulsa,tulsa,County,County,US.OK.TU,40,0,MultiPolygon
USA.37.73_1,USA.37_1,Oklahoma,Wagoner,wagoner,County,County,US.OK.WG,40,0,MultiPolygon
USA.37.74_1,USA.37_1,Oklahoma,Washington,washington,County,County,US.OK.WN,40,0,MultiPolygon
USA.37.75_1,USA.37_1,Oklahoma,Washita,washita,County,County,US.OK.WT,40,0,MultiPolygon
USA.37.76_1,USA.37_1,Oklahoma,Woods,woods,County,County,US.OK.WS,40,0,MultiPolygon
USA.37.77_1,USA.37_1,Oklahoma,Woodward,woodward,County,County,US.OK.WW,40,0,MultiPolygon
USA.37.7_1,USA.37_1,Oklahoma,Bryan,bryan,County,County,US.OK.BR,40,0,MultiPolygon
USA.37.8_1,USA.37_1,Oklahoma,Caddo,caddo,County,County,US.OK.CD,40,0,MultiPolygon
USA.37.9_1,USA.37_1,Oklahoma,Canadian,canadian,County,County,US.OK.CN,40,0,MultiPolygon
USA.38.10_1,USA.38_1,Oregon,Douglas,douglas,County,County,US.OR.DO,41,0,MultiPolygon
USA.38.11_1,USA.38_1,Oregon,Gilliam,gilliam,County,County,US.OR.GI,41,0,MultiPolygon
USA.38.12_1,USA.38_1,Oregon,Grant,grant,County,County,US.OR.GR,41,0,MultiPolygon
USA.38.13_1,USA.38_1,Oregon,Harney,harney,County,County,US.OR.HA,41,0,MultiPolygon
USA.38.14_1,USA.38_1,Oregon,HoodRiver,hoodriver,County,County,US.OR.HO,41,0,MultiPolygon
USA.38.15_1,USA.38_1,Oregon,Jackson,jackson,County,County,US.OR.JA,41,0,MultiPolygon
USA.38.16_1,USA.38_1,Oregon,Jefferson,jefferson,County,County,US.OR.JE,41,0,MultiPolygon
USA.38.17_1,USA.38_1,Oregon,Josephine,josephine,County,County,US.OR.JO,41,0,MultiPolygon
USA.38.18_1,USA.38_1,Oregon,Klamath,klamath,County,County,US.OR.KL,41,0,MultiPolygon
USA.38.19_1,USA.38_1,Oregon,Lake,lake,County,County,US.OR.LK,41,0,MultiPolygon
USA.38.1_1,USA.38_1,Oregon,Baker,baker,County,County,US.OR.BA,41,0,MultiPolygon
USA.38.20_1,USA.38_1,Oregon,Lane,lane,County,County,US.OR.LE,41,0,MultiPolygon
USA.38.21_1,USA.38_1,Oregon,Lincoln,lincoln,County,County,US.OR.LC,41,0,MultiPolygon
USA.38.22_1,USA.38_1,Oregon,Linn,linn,County,County,US.OR.LN,41,0,MultiPolygon
USA.38.23_1,USA.38_1,Oregon,Malheur,malheur,County,County,US.OR.ML,41,0,MultiPolygon
USA.38.24_1,USA.38_1,Oregon,Marion,marion,County,County,US.OR.MR,41,0,MultiPolygon
USA.38.25_1,USA.38_1,Oregon,Morrow,morrow,County,County,US.OR.MO,41,0,MultiPolygon
USA.38.26_1,USA.38_1,Oregon,Multnomah,multnomah,County,County,US.OR.MU,41,0,MultiPolygon
USA.38.27_1,USA.38_1,Oregon,Polk,polk,County,County,US.OR.PO,41,0,MultiPolygon
USA.38.28_1,USA.38_1,Oregon,Sherman,sherman,County,County,US.OR.SH,41,0,MultiPolygon
USA.38.29_1,USA.38_1,Oregon,Tillamook,tillamook,County,County,US.OR.TI,41,0,MultiPolygon
USA.38.2_1,USA.38_1,Oregon,Benton,benton,County,County,US.OR.BE,41,0,MultiPolygon
USA.38.30_1,USA.38_1,Oregon,Umatilla,umatilla,County,County,US.OR.UM,41,0,MultiPolygon
USA.38.31_1,USA.38_1,Oregon,Union,union,County,County,US.OR.UN,41,0,MultiPolygon
USA.38.32_1,USA.38_1,Oregon,Wallowa,wallowa,County,County,US.OR.WW,41,0,MultiPolygon
USA.38.33_1,USA.38_1,Oregon,Wasco,wasco,County,County,US.OR.WC,41,0,MultiPolygon
USA.38.34_1,USA.38_1,Oregon,Washington,washington,County,County,US.OR.WI,41,0,MultiPolygon
USA.38.35_1,USA.38_1,Oregon,Wheeler,wheeler,County,County,US.OR.WE,41,0,MultiPolygon
USA.38.36_1,USA.38_1,Oregon,Yamhill,yamhill,County,County,US.OR.YA,41,0,MultiPolygon
USA.38.3_1,USA.38_1,Oregon,Clackamas,clackamas,County,County,US.OR.CC,41,0,MultiPolygon
USA.38.4_1,USA.38_1,Oregon,Clatsop,clatsop,County,County,US.OR.CT,41,0,MultiPolygon
USA.38.5_1,USA.38_1,Oregon,Columbia,columbia,County,County,US.OR.CL,41,0,MultiPolygon
USA.38.6_1,USA.38_1,Oregon,Coos,coos,County,County,US.OR.CO,41,0,MultiPolygon
USA.38.7_1,USA.38_1,Oregon,Crook,crook,County,County,US.OR.CR,41,0,MultiPolygon
USA.38.8_1,USA.38_1,Oregon,Curry,curry,County,County,US.OR.CU,41,0,MultiPolygon
USA.38.9_1,USA.38_1,Oregon,Deschutes,deschutes,County,County,US.OR.DE,41,0,MultiPolygon
USA.39.10_1,USA.39_1,Pennsylvania,Butler,butler,County,County,US.PA.BT,42,0,MultiPolygon
USA.39.11_1,USA.39_1,Pennsylvania,Cambria,cambria,County,County,US.PA.CI,42,0,MultiPolygon
USA.39.12_1,USA.39_1,Pennsylvania,Cameron,cameron,County,County,US.PA.CE,42,0,MultiPolygon
USA.39.13_1,USA.39_1,Pennsylvania,Carbon,carbon,County,County,US.PA.CB,42,0,MultiPolygon
USA.39.14_1,USA.39_1,Pennsylvania,Centre,centre,County,County,US.PA.CT,42,0,MultiPolygon
USA.39.15_1,USA.39_1,Pennsylvania,Chester,chester,County,County,US.PA.CH,42,0,MultiPolygon
USA.39.16_1,USA.39_1,Pennsylvania,Clarion,clarion,County,County,US.PA.CL,42,0,MultiPolygon
USA.39.17_1,USA.39_1,Pennsylvania,Clearfield,clearfield,County,County,US.PA.CF,42,0,MultiPolygon
USA.39.18_1,USA.39_1,Pennsylvania,Clinton,clinton,County,County,US.PA.CN,42,0,MultiPolygon
USA.39.19_1,USA.39_1,Pennsylvania,Columbia,columbia,County,County,US.PA.CO,42,0,MultiPolygon
USA.39.1_1,USA.39_1,Pennsylvania,Adams,adams,County,County,US.PA.AD,42,0,MultiPolygon
USA.39.20_1,USA.39_1,Pennsylvania,Crawford,crawford,County,County,US.PA.CW,42,0,MultiPolygon
USA.39.21_1,USA.39_1,Pennsylvania,Cumberland,cumberland,County,County,US.PA.CU,42,0,MultiPolygon
USA.39.22_1,USA.39_1,Pennsylvania,Dauphin,dauphin,County,County,US.PA.DA,42,0,MultiPolygon
USA.39.23_1,USA.39_1,Pennsylvania,Delaware,delaware,County,County,US.PA.DE,42,0,MultiPolygon
USA.39.24_1,USA.39_1,Pennsylvania,Elk,elk,County,County,US.PA.EL,42,0,MultiPolygon
USA.39.25_1,USA.39_1,Pennsylvania,Erie,erie,County,County,US.PA.ER,42,0,MultiPolygon
USA.39.26_1,USA.39_1,Pennsylvania,Fayette,fayette,County,County,US.PA.FA,42,0,MultiPolygon
USA.39.27_1,USA.39_1,Pennsylvania,Forest,forest,County,County,US.PA.FO,42,0,MultiPolygon
USA.39.28_1,USA.39_1,Pennsylvania,Franklin,franklin,County,County,US.PA.FR,42,0,MultiPolygon
USA.39.29_1,USA.39_1,Pennsylvania,Fulton,fulton,County,County,US.PA.FU,42,0,MultiPolygon
USA.39.2_1,USA.39_1,Pennsylvania,Allegheny,allegheny,County,County,US.PA.AL,42,0,MultiPolygon
USA.39.30_1,USA.39_1,Pennsylvania,Greene,greene,County,County,US.PA.GR,42,0,MultiPolygon
USA.39.31_1,USA.39_1,Pennsylvania,Huntingdon,huntingdon,County,County,US.PA.HU,42,0,MultiPolygon
USA.39.32_1,USA.39_1,Pennsylvania,Indiana,indiana,County,County,US.PA.IN,42,0,MultiPolygon
USA.39.33_1,USA.39_1,Pennsylvania,Jefferson,jefferson,County,County,US.PA.JE,42,0,MultiPolygon
USA.39.34_1,USA.39_1,Pennsylvania,Juniata,juniata,County,County,US.PA.JU,42,0,MultiPolygon
USA.39.35_1,USA.39_1,Pennsylvania,Lackawanna,lackawanna,County,County,US.PA.LC,42,0,MultiPolygon
USA.39.36_1,USA.39_1,Pennsylvania,Lancaster,lancaster,County,County,US.PA.LN,42,0,MultiPolygon
USA.39.37_1,USA.39_1,Pennsylvania,Lawrence,lawrence,County,County,US.PA.LW,42,0,MultiPolygon
USA.39.38_1,USA.39_1,Pennsylvania,Lebanon,lebanon,County,County,US.PA.LB,42,0,MultiPolygon
USA.39.39_1,USA.39_1,Pennsylvania,Lehigh,lehigh,County,County,US.PA.LH,42,0,MultiPolygon
USA.39.3_1,USA.39_1,Pennsylvania,Armstrong,armstrong,County,County,US.PA.AR,42,0,MultiPolygon
USA.39.40_1,USA.39_1,Pennsylvania,Luzerne,luzerne,County,County,US.PA.LU,42,0,MultiPolygon
USA.39.41_1,USA.39_1,Pennsylvania,Lycoming,lycoming,County,County,US.PA.LY,42,0,MultiPolygon
USA.39.42_1,USA.39_1,Pennsylvania,McKean,mckean,County,County,US.PA.MC,42,0,MultiPolygon
USA.39.43_1,USA.39_1,Pennsylvania,Mercer,mercer,County,County,US.PA.ME,42,0,MultiPolygon
USA.39.44_1,USA.39_1,Pennsylvania,Mifflin,mifflin,County,County,US.PA.MI,42,0,MultiPolygon
USA.39.45_1,USA.39_1,Pennsylvania,Monroe,monroe,County,County,US.PA.MR,42,0,MultiPolygon
USA.39.46_1,USA.39_1,Pennsylvania,Montgomery,montgomery,County,County,US.PA.MG,42,0,MultiPolygon
USA.39.47_1,USA.39_1,Pennsylvania,Montour,montour,County,County,US.PA.MO,42,0,MultiPolygon
USA.39.48_1,USA.39_1,Pennsylvania,Northampton,northampton,County,County,US.PA.NA,42,0,MultiPolygon
USA.39.49_1,USA.39_1,Pennsylvania,Northumberland,northumberland,County,County,US.PA.NU,42,0,MultiPolygon
USA.39.4_1,USA.39_1,Pennsylvania,Beaver,beaver,County,County,US.PA.BA,42,0,MultiPolygon
USA.39.50_1,USA.39_1,Pennsylvania,Perry,perry,County,County,US.PA.PE,42,0,MultiPolygon
USA.39.51_1,USA.39_1,Pennsylvania,Philadelphia,philadelphia,County,County,US.PA.PH,42,0,MultiPolygon
USA.39.52_1,USA.39_1,Pennsylvania,Pike,pike,County,County,US.PA.PI,42,0,MultiPolygon
USA.39.53_1,USA.39_1,Pennsylvania,Potter,potter,County,County,US.PA.PO,42,0,MultiPolygon
USA.39.54_1,USA.39_1,Pennsylvania,Schuylkill,schuylkill,County,County,US.PA.SC,42,0,MultiPolygon
USA.39.55_1,USA.39_1,Pennsylvania,Snyder,snyder,County,County,US.PA.SN,42,0,MultiPolygon
USA.39.56_1,USA.39_1,Pennsylvania,Somerset,somerset,County,County,US.PA.SO,42,0,MultiPolygon
USA.39.57_1,USA.39_1,Pennsylvania,Sullivan,sullivan,County,County,US.PA.SL,42,0,MultiPolygon
USA.39.58_1,USA.39_1,Pennsylvania,Susquehanna,susquehanna,County,County,US.PA.SS,42,0,MultiPolygon
USA.39.59_1,USA.39_1,Pennsylvania,Tioga,tioga,County,County,US.PA.TI,42,0,MultiPolygon
USA.39.5_1,USA.39_1,Pennsylvania,Bedford,bedford,County,County,US.PA.BO,42,0,MultiPolygon
USA.39.60_1,USA.39_1,Pennsylvania,Union,union,County,County,US.PA.UN,42,0,MultiPolygon
USA.39.61_1,USA.39_1,Pennsylvania,Venango,venango,County,County,US.PA.VE,42,0,MultiPolygon
USA.39.62_1,USA.39_1,Pennsylvania,Warren,warren,County,County,US.PA.WR,42,0,MultiPolygon
USA.39.63_1,USA.39_1,Pennsylvania,Washington,washington,County,County,US.PA.WS,42,0,MultiPolygon
USA.39.64_1,USA.39_1,Pennsylvania,Wayne,wayne,County,County,US.PA.WN,42,0,MultiPolygon
USA.39.65_1,USA.39_1,Pennsylvania,Westmoreland,westmoreland,County,County,US.PA.WE,42,0,MultiPolygon
USA.39.66_1,USA.39_1,Pennsylvania,Wyoming,wyoming,County,County,US.PA.WM,42,0,MultiPolygon
USA.39.67_1,USA.39_1,Pennsylvania,York,york,County,County,US.PA.YO,42,0,MultiPolygon
USA.39.6_1,USA.39_1,Pennsylvania,Berks,berks,County,County,US.PA.BK,42,0,MultiPolygon
USA.39.7_1,USA.39_1,Pennsylvania,Blair,blair,County,County,US.PA.BL,42,0,MultiPolygon
USA.39.8_1,USA.39_1,Pennsylvania,Bradford,bradford,County,County,US.PA.BF,42,0,MultiPolygon
USA.39.9_1,USA.39_1,Pennsylvania,Bucks,bucks,County,County,US.PA.BC,42,0,MultiPolygon
USA.40.1_1,USA.40_1,RhodeIsland,Bristol,bristol,County,County,US.RI.BR,44,0,MultiPolygon
USA.40.2_1,USA.40_1,RhodeIsland,Kent,kent,County,County,US.RI.KE,44,0,MultiPolygon
USA.40.3_1,USA.40_1,RhodeIsland,Newport,newport,County,County,US.RI.NE,44,0,MultiPolygon
USA.40.4_1,USA.40_1,RhodeIsland,Providence,providence,County,County,US.RI.PR,44,0,MultiPolygon
USA.40.5_1,USA.40_1,RhodeIsland,Washington,washington,County,County,US.RI.WA,44,0,MultiPolygon
USA.41.10_1,USA.41_1,SouthCarolina,Charleston,charleston,County,County,US.SC.CS,45,0,MultiPolygon
USA.41.11_1,USA.41_1,SouthCarolina,Cherokee,cherokee,County,County,US.SC.CK,45,0,MultiPolygon
USA.41.12_1,USA.41_1,SouthCarolina,Chester,chester,County,County,US.SC.CR,45,0,MultiPolygon
USA.41.13_1,USA.41_1,SouthCarolina,Chesterfield,chesterfield,County,County,US.SC.CF,45,0,MultiPolygon
USA.41.14_1,USA.41_1,SouthCarolina,Clarendon,clarendon,County,County,US.SC.CN,45,0,MultiPolygon
USA.41.15_1,USA.41_1,SouthCarolina,Colleton,colleton,County,County,US.SC.CT,45,0,MultiPolygon
USA.41.16_1,USA.41_1,SouthCarolina,Darlington,darlington,County,County,US.SC.DA,45,0,MultiPolygon
USA.41.17_1,USA.41_1,SouthCarolina,Dillon,dillon,County,County,US.SC.DI,45,0,MultiPolygon
USA.41.18_1,USA.41_1,SouthCarolina,Dorchester,dorchester,County,County,US.SC.DO,45,0,MultiPolygon
USA.41.19_1,USA.41_1,SouthCarolina,Edgefield,edgefield,County,County,US.SC.ED,45,0,MultiPolygon
USA.41.1_1,USA.41_1,SouthCarolina,Abbeville,abbeville,County,County,US.SC.AB,45,0,MultiPolygon
USA.41.20_1,USA.41_1,SouthCarolina,Fairfield,fairfield,County,County,US.SC.FA,45,0,MultiPolygon
USA.41.21_1,USA.41_1,SouthCarolina,Florence,florence,County,County,US.SC.FL,45,0,MultiPolygon
USA.41.22_1,USA.41_1,SouthCarolina,Georgetown,georgetown,County,County,US.SC.GR,45,0,MultiPolygon
USA.41.23_1,USA.41_1,SouthCarolina,Greenville,greenville,County,County,US.SC.GV,45,0,MultiPolygon
USA.41.24_1,USA.41_1,SouthCarolina,Greenwood,greenwood,County,County,US.SC.GW,45,0,MultiPolygon
USA.41.25_1,USA.41_1,SouthCarolina,Hampton,hampton,County,County,US.SC.HA,45,0,MultiPolygon
USA.41.26_1,USA.41_1,SouthCarolina,Horry,horry,County,County,US.SC.HO,45,0,MultiPolygon
USA.41.27_1,USA.41_1,SouthCarolina,Jasper,jasper,County,County,US.SC.JA,45,0,MultiPolygon
USA.41.28_1,USA.41_1,SouthCarolina,Kershaw,kershaw,County,County,US.SC.KE,45,0,MultiPolygon
USA.41.29_1,USA.41_1,SouthCarolina,Lancaster,lancaster,County,County,US.SC.LN,45,0,MultiPolygon
USA.41.2_1,USA.41_1,SouthCarolina,Aiken,aiken,County,County,US.SC.AI,45,0,MultiPolygon
USA.41.30_1,USA.41_1,SouthCarolina,Laurens,laurens,County,County,US.SC.LU,45,0,MultiPolygon
USA.41.31_1,USA.41_1,SouthCarolina,Lee,lee,County,County,US.SC.LE,45,0,MultiPolygon
USA.41.32_1,USA.41_1,SouthCarolina,Lexington,lexington,County,County,US.SC.LX,45,0,MultiPolygon
USA.41.33_1,USA.41_1,SouthCarolina,Marion,marion,County,County,US.SC.MI,45,0,MultiPolygon
USA.41.34_1,USA.41_1,SouthCarolina,Marlboro,marlboro,County,County,US.SC.ML,45,0,MultiPolygon
USA.41.35_1,USA.41_1,SouthCarolina,McCormick,mccormick,County,County,US.SC.MC,45,0,MultiPolygon
USA.41.36_1,USA.41_1,SouthCarolina,Newberry,newberry,County,County,US.SC.NE,45,0,MultiPolygon
USA.41.37_1,USA.41_1,SouthCarolina,Oconee,oconee,County,County,US.SC.OC,45,0,MultiPolygon
USA.41.38_1,USA.41_1,SouthCarolina,Orangeburg,orangeburg,County,County,US.SC.OR,45,0,MultiPolygon
USA.41.39_1,USA.41_1,SouthCarolina,Pickens,pickens,County,County,US.SC.PI,45,0,MultiPolygon
USA.41.3_1,USA.41_1,SouthCarolina,Allendale,allendale,County,County,US.SC.AL,45,0,MultiPolygon
USA.41.40_1,USA.41_1,SouthCarolina,Richland,richland,County,County,US.SC.RI,45,0,MultiPolygon
USA.41.41_1,USA.41_1,SouthCarolina,Saluda,saluda,County,County,US.SC.SA,45,0,MultiPolygon
USA.41.42_1,USA.41_1,SouthCarolina,Spartanburg,spartanburg,County,County,US.SC.SP,45,0,MultiPolygon
USA.41.43_1,USA.41_1,SouthCarolina,Sumter,sumter,County,County,US.SC.SU,45,0,MultiPolygon
USA.41.44_1,USA.41_1,SouthCarolina,Union,union,County,County,US.SC.UN,45,0,MultiPolygon
USA.41.45_1,USA.41_1,SouthCarolina,Williamsburg,williamsburg,County,County,US.SC.WI,45,0,MultiPolygon
USA.41.46_1,USA.41_1,SouthCarolina,York,york,County,County,US.SC.YO,45,0,MultiPolygon
USA.41.4_1,USA.41_1,SouthCarolina,Anderson,anderson,County,County,US.SC.AN,45,0,MultiPolygon
USA.41.5_1,USA.41_1,SouthCarolina,Bamberg,bamberg,County,County,US.SC.BM,45,0,MultiPolygon
USA.41.6_1,USA.41_1,SouthCarolina,Barnwell,barnwell,County,County,US.SC.BN,45,0,MultiPolygon
USA.41.7_1,USA.41_1,SouthCarolina,Beaufort,beaufort,County,County,US.SC.BA,45,0,MultiPolygon
USA.41.8_1,USA.41_1,SouthCarolina,Berkeley,berkeley,County,County,US.SC.BK,45,0,MultiPolygon
USA.41.9_1,USA.41_1,SouthCarolina,Calhoun,calhoun,County,County,US.SC.CH,45,0,MultiPolygon
USA.42.10_1,USA.42_1,SouthDakota,Campbell,campbell,County,County,US.SD.CP,46,0,MultiPolygon
USA.42.11_1,USA.42_1,SouthDakota,CharlesMix,charlesmix,County,County,US.SD.CH,46,0,MultiPolygon
USA.42.12_1,USA.42_1,SouthDakota,Clark,clark,County,County,US.SD.CK,46,0,MultiPolygon
USA.42.13_1,USA.42_1,SouthDakota,Clay,clay,County,County,US.SD.CY,46,0,MultiPolygon
USA.42.14_1,USA.42_1,SouthDakota,Codington,codington,County,County,US.SD.CD,46,0,MultiPolygon
USA.42.15_1,USA.42_1,SouthDakota,Corson,corson,County,County,US.SD.CO,46,0,MultiPolygon
USA.42.16_1,USA.42_1,SouthDakota,Custer,custer,County,County,US.SD.CU,46,0,MultiPolygon
USA.42.17_1,USA.42_1,SouthDakota,Davison,davison,County,County,US.SD.DV,46,0,MultiPolygon
USA.42.18_1,USA.42_1,SouthDakota,Day,day,County,County,US.SD.DY,46,0,MultiPolygon
USA.42.19_1,USA.42_1,SouthDakota,Deuel,deuel,County,County,US.SD.DU,46,0,MultiPolygon
USA.42.1_1,USA.42_1,SouthDakota,Aurora,aurora,County,County,US.SD.AU,46,0,MultiPolygon
USA.42.20_1,USA.42_1,SouthDakota,Dewey,dewey,County,County,US.SD.DW,46,0,MultiPolygon
USA.42.21_1,USA.42_1,SouthDakota,Douglas,douglas,County,County,US.SD.DO,46,0,MultiPolygon
USA.42.22_1,USA.42_1,SouthDakota,Edmunds,edmunds,County,County,US.SD.ED,46,0,MultiPolygon
USA.42.23_1,USA.42_1,SouthDakota,FallRiver,fallriver,County,County,US.SD.FL,46,0,MultiPolygon
USA.42.24_1,USA.42_1,SouthDakota,Faulk,faulk,County,County,US.SD.FU,46,0,MultiPolygon
USA.42.25_1,USA.42_1,SouthDakota,Grant,grant,County,County,US.SD.GA,46,0,MultiPolygon
USA.42.26_1,USA.42_1,SouthDakota,Gregory,gregory,County,County,US.SD.GE,46,0,MultiPolygon
USA.42.27_1,USA.42_1,SouthDakota,Haakon,haakon,County,County,US.SD.HA,46,0,MultiPolygon
USA.42.28_1,USA.42_1,SouthDakota,Hamlin,hamlin,County,County,US.SD.HM,46,0,MultiPolygon
USA.42.29_1,USA.42_1,SouthDakota,Hand,hand,County,County,US.SD.HD,46,0,MultiPolygon
USA.42.2_1,USA.42_1,SouthDakota,Beadle,beadle,County,County,US.SD.BA,46,0,MultiPolygon
USA.42.30_1,USA.42_1,SouthDakota,Hanson,hanson,County,County,US.SD.HS,46,0,MultiPolygon
USA.42.31_1,USA.42_1,SouthDakota,Harding,harding,County,County,US.SD.HR,46,0,MultiPolygon
USA.42.32_1,USA.42_1,SouthDakota,Hughes,hughes,County,County,US.SD.HG,46,0,MultiPolygon
USA.42.33_1,USA.42_1,SouthDakota,Hutchinson,hutchinson,County,County,US.SD.HT,46,0,MultiPolygon
USA.42.34_1,USA.42_1,SouthDakota,Hyde,hyde,County,County,US.SD.HY,46,0,MultiPolygon
USA.42.35_1,USA.42_1,SouthDakota,Jackson,jackson,County,County,US.SD.JA,46,0,MultiPolygon
USA.42.36_1,USA.42_1,SouthDakota,Jerauld,jerauld,County,County,US.SD.JE,46,0,MultiPolygon
USA.42.37_1,USA.42_1,SouthDakota,Jones,jones,County,County,US.SD.JO,46,0,MultiPolygon
USA.42.38_1,USA.42_1,SouthDakota,Kingsbury,kingsbury,County,County,US.SD.KI,46,0,MultiPolygon
USA.42.39_1,USA.42_1,SouthDakota,Lake,lake,County,County,US.SD.LK,46,0,MultiPolygon
USA.42.3_1,USA.42_1,SouthDakota,Bennett,bennett,County,County,US.SD.BN,46,0,MultiPolygon
USA.42.40_1,USA.42_1,SouthDakota,Lawrence,lawrence,County,County,US.SD.LW,46,0,MultiPolygon
USA.42.41_1,USA.42_1,SouthDakota,Lincoln,lincoln,County,County,US.SD.LI,46,0,MultiPolygon
USA.42.42_1,USA.42_1,SouthDakota,Lyman,lyman,County,County,US.SD.LY,46,0,MultiPolygon
USA.42.43_1,USA.42_1,SouthDakota,Marshall,marshall,County,County,US.SD.MS,46,0,MultiPolygon
USA.42.44_1,USA.42_1,SouthDakota,McCook,mccook,County,County,US.SD.MC,46,0,MultiPolygon
USA.42.45_1,USA.42_1,SouthDakota,McPherson,mcpherson,County,County,US.SD.MP,46,0,MultiPolygon
USA.42.46_1,USA.42_1,SouthDakota,Meade,meade,County,County,US.SD.MD,46,0,MultiPolygon
USA.42.47_1,USA.42_1,SouthDakota,Mellette,mellette,County,County,US.SD.ML,46,0,MultiPolygon
USA.42.48_1,USA.42_1,SouthDakota,Miner,miner,County,County,US.SD.ME,46,0,MultiPolygon
USA.42.49_1,USA.42_1,SouthDakota,Minnehaha,minnehaha,County,County,US.SD.MN,46,0,MultiPolygon
USA.42.4_1,USA.42_1,SouthDakota,BonHomme,bonhomme,County,County,US.SD.BH,46,0,MultiPolygon
USA.42.50_1,USA.42_1,SouthDakota,Moody,moody,County,County,US.SD.MO,46,0,MultiPolygon
USA.42.51_1,USA.42_1,SouthDakota,Pennington,pennington,County,County,US.SD.PN,46,0,MultiPolygon
USA.42.52_1,USA.42_1,SouthDakota,Perkins,perkins,County,County,US.SD.PR,46,0,MultiPolygon
USA.42.53_1,USA.42_1,SouthDakota,Potter,potter,County,County,US.SD.PO,46,0,MultiPolygon
USA.42.54_1,USA.42_1,SouthDakota,Roberts,roberts,County,County,US.SD.RO,46,0,MultiPolygon
USA.42.55_1,USA.42_1,SouthDakota,Sanborn,sanborn,County,County,US.SD.SA,46,0,MultiPolygon
USA.42.56_1,USA.42_1,SouthDakota,Shannon,shannon,County,County,US.SD.SH,46,0,MultiPolygon
USA.42.57_1,USA.42_1,SouthDakota,Spink,spink,County,County,US.SD.SP,46,0,MultiPolygon
USA.42.58_1,USA.42_1,SouthDakota,Stanley,stanley,County,County,US.SD.ST,46,0,MultiPolygon
USA.42.59_1,USA.42_1,SouthDakota,Sully,sully,County,County,US.SD.SU,46,0,MultiPolygon
USA.42.5_1,USA.42_1,SouthDakota,Brookings,brookings,County,County,US.SD.BK,46,0,MultiPolygon
USA.42.60_1,USA.42_1,SouthDakota,Todd,todd,County,County,US.SD.TO,46,0,MultiPolygon
USA.42.61_1,USA.42_1,SouthDakota,Tripp,tripp,County,County,US.SD.TR,46,0,MultiPolygon
USA.42.62_1,USA.42_1,SouthDakota,Turner,turner,County,County,US.SD.TU,46,0,MultiPolygon
USA.42.63_1,USA.42_1,SouthDakota,Union,union,County,County,US.SD.UN,46,0,MultiPolygon
USA.42.64_1,USA.42_1,SouthDakota,Walworth,walworth,County,County,US.SD.WA,46,0,MultiPolygon
USA.42.65_1,USA.42_1,SouthDakota,Yankton,yankton,County,County,US.SD.YA,46,0,MultiPolygon
USA.42.66_1,USA.42_1,SouthDakota,Ziebach,ziebach,County,County,US.SD.ZI,46,0,MultiPolygon
USA.42.6_1,USA.42_1,SouthDakota,Brown,brown,County,County,US.SD.BW,46,0,MultiPolygon
USA.42.7_1,USA.42_1,SouthDakota,Brule,brule,County,County,US.SD.BU,46,0,MultiPolygon
USA.42.8_1,USA.42_1,SouthDakota,Buffalo,buffalo,County,County,US.SD.BF,46,0,MultiPolygon
USA.42.9_1,USA.42_1,SouthDakota,Butte,butte,County,County,US.SD.BT,46,0,MultiPolygon
USA.43.10_1,USA.43_1,Tennessee,Carter,carter,County,County,US.TN.CT,47,0,MultiPolygon
USA.43.11_1,USA.43_1,Tennessee,Cheatham,cheatham,County,County,US.TN.CA,47,0,MultiPolygon
USA.43.12_1,USA.43_1,Tennessee,Chester,chester,County,County,US.TN.CS,47,0,MultiPolygon
USA.43.13_1,USA.43_1,Tennessee,Claiborne,claiborne,County,County,US.TN.CI,47,0,MultiPolygon
USA.43.14_1,USA.43_1,Tennessee,Clay,clay,County,County,US.TN.CY,47,0,MultiPolygon
USA.43.15_1,USA.43_1,Tennessee,Cocke,cocke,County,County,US.TN.CE,47,0,MultiPolygon
USA.43.16_1,USA.43_1,Tennessee,Coffee,coffee,County,County,US.TN.CF,47,0,MultiPolygon
USA.43.17_1,USA.43_1,Tennessee,Crockett,crockett,County,County,US.TN.CK,47,0,MultiPolygon
USA.43.18_1,USA.43_1,Tennessee,Cumberland,cumberland,County,County,US.TN.CU,47,0,MultiPolygon
USA.43.19_1,USA.43_1,Tennessee,Davidson,davidson,County,County,US.TN.DA,47,0,MultiPolygon
USA.43.1_1,USA.43_1,Tennessee,Anderson,anderson,County,County,US.TN.AN,47,0,MultiPolygon
USA.43.20_1,USA.43_1,Tennessee,Decatur,decatur,County,County,US.TN.DC,47,0,MultiPolygon
USA.43.21_1,USA.43_1,Tennessee,DeKalb,dekalb,County,County,US.TN.DE,47,0,MultiPolygon
USA.43.22_1,USA.43_1,Tennessee,Dickson,dickson,County,County,US.TN.DI,47,0,MultiPolygon
USA.43.23_1,USA.43_1,Tennessee,Dyer,dyer,County,County,US.TN.DY,47,0,MultiPolygon
USA.43.24_1,USA.43_1,Tennessee,Fayette,fayette,County,County,US.TN.FA,47,0,MultiPolygon
USA.43.25_1,USA.43_1,Tennessee,Fentress,fentress,County,County,US.TN.FE,47,0,MultiPolygon
USA.43.26_1,USA.43_1,Tennessee,Franklin,franklin,County,County,US.TN.FR,47,0,MultiPolygon
USA.43.27_1,USA.43_1,Tennessee,Gibson,gibson,County,County,US.TN.GB,47,0,MultiPolygon
USA.43.28_1,USA.43_1,Tennessee,Giles,giles,County,County,US.TN.GL,47,0,MultiPolygon
USA.43.29_1,USA.43_1,Tennessee,Grainger,grainger,County,County,US.TN.GA,47,0,MultiPolygon
USA.43.2_1,USA.43_1,Tennessee,Bedford,bedford,County,County,US.TN.BD,47,0,MultiPolygon
USA.43.30_1,USA.43_1,Tennessee,Greene,greene,County,County,US.TN.GE,47,0,MultiPolygon
USA.43.31_1,USA.43_1,Tennessee,Grundy,grundy,County,County,US.TN.GU,47,0,MultiPolygon
USA.43.32_1,USA.43_1,Tennessee,Hamblen,hamblen,County,County,US.TN.HB,47,0,MultiPolygon
USA.43.33_1,USA.43_1,Tennessee,Hamilton,hamilton,County,County,US.TN.HL,47,0,MultiPolygon
USA.43.34_1,USA.43_1,Tennessee,Hancock,hancock,County,County,US.TN.HC,47,0,MultiPolygon
USA.43.35_1,USA.43_1,Tennessee,Hardeman,hardeman,County,County,US.TN.HA,47,0,MultiPolygon
USA.43.36_1,USA.43_1,Tennessee,Hardin,hardin,County,County,US.TN.HI,47,0,MultiPolygon
USA.43.37_1,USA.43_1,Tennessee,Hawkins,hawkins,County,County,US.TN.HW,47,0,MultiPolygon
USA.43.38_1,USA.43_1,Tennessee,Haywood,haywood,County,County,US.TN.HY,47,0,MultiPolygon
USA.43.39_1,USA.43_1,Tennessee,Henderson,henderson,County,County,US.TN.HS,47,0,MultiPolygon
USA.43.3_1,USA.43_1,Tennessee,Benton,benton,County,County,US.TN.BN,47,0,MultiPolygon
USA.43.40_1,USA.43_1,Tennessee,Henry,henry,County,County,US.TN.HR,47,0,MultiPolygon
USA.43.41_1,USA.43_1,Tennessee,Hickman,hickman,County,County,US.TN.HN,47,0,MultiPolygon
USA.43.42_1,USA.43_1,Tennessee,Houston,houston,County,County,US.TN.HO,47,0,MultiPolygon
USA.43.43_1,USA.43_1,Tennessee,Humphreys,humphreys,County,County,US.TN.HU,47,0,MultiPolygon
USA.43.44_1,USA.43_1,Tennessee,Jackson,jackson,County,County,US.TN.JA,47,0,MultiPolygon
USA.43.45_1,USA.43_1,Tennessee,Jefferson,jefferson,County,County,US.TN.JE,47,0,MultiPolygon
USA.43.46_1,USA.43_1,Tennessee,Johnson,johnson,County,County,US.TN.JO,47,0,MultiPolygon
USA.43.47_1,USA.43_1,Tennessee,Knox,knox,County,County,US.TN.KN,47,0,MultiPolygon
USA.43.48_1,USA.43_1,Tennessee,Lake,lake,County,County,US.TN.LK,47,0,MultiPolygon
USA.43.49_1,USA.43_1,Tennessee,Lauderdale,lauderdale,County,County,US.TN.LU,47,0,MultiPolygon
USA.43.4_1,USA.43_1,Tennessee,Bledsoe,bledsoe,County,County,US.TN.BE,47,0,MultiPolygon
USA.43.50_1,USA.43_1,Tennessee,Lawrence,lawrence,County,County,US.TN.LW,47,0,MultiPolygon
USA.43.51_1,USA.43_1,Tennessee,Lewis,lewis,County,County,US.TN.LE,47,0,MultiPolygon
USA.43.52_1,USA.43_1,Tennessee,Lincoln,lincoln,County,County,US.TN.LI,47,0,MultiPolygon
USA.43.53_1,USA.43_1,Tennessee,Loudon,loudon,County,County,US.TN.LO,47,0,MultiPolygon
USA.43.54_1,USA.43_1,Tennessee,Macon,macon,County,County,US.TN.MC,47,0,MultiPolygon
USA.43.55_1,USA.43_1,Tennessee,Madison,madison,County,County,US.TN.MD,47,0,MultiPolygon
USA.43.56_1,USA.43_1,Tennessee,Marion,marion,County,County,US.TN.MI,47,0,MultiPolygon
USA.43.57_1,USA.43_1,Tennessee,Marshall,marshall,County,County,US.TN.MS,47,0,MultiPolygon
USA.43.58_1,USA.43_1,Tennessee,Maury,maury,County,County,US.TN.MU,47,0,MultiPolygon
USA.43.59_1,USA.43_1,Tennessee,McMinn,mcminn,County,County,US.TN.MM,47,0,MultiPolygon
USA.43.5_1,USA.43_1,Tennessee,Blount,blount,County,County,US.TN.BO,47,0,MultiPolygon
USA.43.60_1,USA.43_1,Tennessee,McNairy,mcnairy,County,County,US.TN.MA,47,0,MultiPolygon
USA.43.61_1,USA.43_1,Tennessee,Meigs,meigs,County,County,US.TN.ME,47,0,MultiPolygon
USA.43.62_1,USA.43_1,Tennessee,Monroe,monroe,County,County,US.TN.MR,47,0,MultiPolygon
USA.43.63_1,USA.43_1,Tennessee,Montgomery,montgomery,County,County,US.TN.MT,47,0,MultiPolygon
USA.43.64_1,USA.43_1,Tennessee,Moore,moore,County,County,US.TN.MO,47,0,MultiPolygon
USA.43.65_1,USA.43_1,Tennessee,Morgan,morgan,County,County,US.TN.MG,47,0,MultiPolygon
USA.43.66_1,USA.43_1,Tennessee,Obion,obion,County,County,US.TN.OB,47,0,MultiPolygon
USA.43.67_1,USA.43_1,Tennessee,Overton,overton,County,County,US.TN.OV,47,0,MultiPolygon
USA.43.68_1,USA.43_1,Tennessee,Perry,perry,County,County,US.TN.PE,47,0,MultiPolygon
USA.43.69_1,USA.43_1,Tennessee,Pickett,pickett,County,County,US.TN.PI,47,0,MultiPolygon
USA.43.6_1,USA.43_1,Tennessee,Bradley,bradley,County,County,US.TN.BR,47,0,MultiPolygon
USA.43.70_1,USA.43_1,Tennessee,Polk,polk,County,County,US.TN.PO,47,0,MultiPolygon
USA.43.71_1,USA.43_1,Tennessee,Putnam,putnam,County,County,US.TN.PU,47,0,MultiPolygon
USA.43.72_1,USA.43_1,Tennessee,Rhea,rhea,County,County,US.TN.RH,47,0,MultiPolygon
USA.43.73_1,USA.43_1,Tennessee,Roane,roane,County,County,US.TN.RA,47,0,MultiPolygon
USA.43.74_1,USA.43_1,Tennessee,Robertson,robertson,County,County,US.TN.RB,47,0,MultiPolygon
USA.43.75_1,USA.43_1,Tennessee,Rutherford,rutherford,County,County,US.TN.RU,47,0,MultiPolygon
USA.43.76_1,USA.43_1,Tennessee,Scott,scott,County,County,US.TN.SC,47,0,MultiPolygon
USA.43.77_1,USA.43_1,Tennessee,Sequatchie,sequatchie,County,County,US.TN.SQ,47,0,MultiPolygon
USA.43.78_1,USA.43_1,Tennessee,Sevier,sevier,County,County,US.TN.SV,47,0,MultiPolygon
USA.43.79_1,USA.43_1,Tennessee,Shelby,shelby,County,County,US.TN.SY,47,0,MultiPolygon
USA.43.7_1,USA.43_1,Tennessee,Campbell,campbell,County,County,US.TN.CM,47,0,MultiPolygon
USA.43.80_1,USA.43_1,Tennessee,Smith,smith,County,County,US.TN.SH,47,0,MultiPolygon
USA.43.81_1,USA.43_1,Tennessee,Stewart,stewart,County,County,US.TN.SA,47,0,MultiPolygon
USA.43.82_1,USA.43_1,Tennessee,Sullivan,sullivan,County,County,US.TN.SL,47,0,MultiPolygon
USA.43.83_1,USA.43_1,Tennessee,Sumner,sumner,County,County,US.TN.SN,47,0,MultiPolygon
USA.43.84_1,USA.43_1,Tennessee,Tipton,tipton,County,County,US.TN.TI,47,0,MultiPolygon
USA.43.85_1,USA.43_1,Tennessee,Trousdale,trousdale,County,County,US.TN.TR,47,0,MultiPolygon
USA.43.86_1,USA.43_1,Tennessee,Unicoi,unicoi,County,County,US.TN.UC,47,0,MultiPolygon
USA.43.87_1,USA.43_1,Tennessee,Union,union,County,County,US.TN.UO,47,0,MultiPolygon
USA.43.88_1,USA.43_1,Tennessee,VanBuren,vanburen,County,County,US.TN.VA,47,0,MultiPolygon
USA.43.89_1,USA.43_1,Tennessee,Warren,warren,County,County,US.TN.WR,47,0,MultiPolygon
USA.43.8_1,USA.43_1,Tennessee,Cannon,cannon,County,County,US.TN.CN,47,0,MultiPolygon
USA.43.90_1,USA.43_1,Tennessee,Washington,washington,County,County,US.TN.WI,47,0,MultiPolygon
USA.43.91_1,USA.43_1,Tennessee,Wayne,wayne,County,County,US.TN.WY,47,0,MultiPolygon
USA.43.92_1,USA.43_1,Tennessee,Weakley,weakley,County,County,US.TN.WE,47,0,MultiPolygon
USA.43.93_1,USA.43_1,Tennessee,White,white,County,County,US.TN.WH,47,0,MultiPolygon
USA.43.94_1,USA.43_1,Tennessee,Williamson,williamson,County,County,US.TN.WL,47,0,MultiPolygon
USA.43.95_1,USA.43_1,Tennessee,Wilson,wilson,County,County,US.TN.WO,47,0,MultiPolygon
USA.43.9_1,USA.43_1,Tennessee,Carroll,carroll,County,County,US.TN.CR,47,0,MultiPolygon
USA.44.100_1,USA.44_1,Texas,Hardin,hardin,County,County,US.TX.HN,48,0,MultiPolygon
USA.44.101_1,USA.44_1,Texas,Harris,harris,County,County,US.TX.RR,48,0,MultiPolygon
USA.44.102_1,USA.44_1,Texas,Harrison,harrison,County,County,US.TX.HR,48,0,MultiPolygon
USA.44.103_1,USA.44_1,Texas,Hartley,hartley,County,County,US.TX.HL,48,0,MultiPolygon
USA.44.104_1,USA.44_1,Texas,Haskell,haskell,County,County,US.TX.HK,48,0,MultiPolygon
USA.44.105_1,USA.44_1,Texas,Hays,hays,County,County,US.TX.HY,48,0,MultiPolygon
USA.44.106_1,USA.44_1,Texas,Hemphill,hemphill,County,County,US.TX.HH,48,0,MultiPolygon
USA.44.107_1,USA.44_1,Texas,Henderson,henderson,County,County,US.TX.HD,48,0,MultiPolygon
USA.44.108_1,USA.44_1,Texas,Hidalgo,hidalgo,County,County,US.TX.HG,48,0,MultiPolygon
USA.44.109_1,USA.44_1,Texas,Hill,hill,County,County,US.TX.HI,48,0,MultiPolygon
USA.44.10_1,USA.44_1,Texas,Bandera,bandera,County,County,US.TX.BA,48,0,MultiPolygon
USA.44.110_1,USA.44_1,Texas,Hockley,hockley,County,County,US.TX.HC,48,0,MultiPolygon
USA.44.111_1,USA.44_1,Texas,Hood,hood,County,County,US.TX.HO,48,0,MultiPolygon
USA.44.112_1,USA.44_1,Texas,Hopkins,hopkins,County,County,US.TX.HP,48,0,MultiPolygon
USA.44.113_1,USA.44_1,Texas,Houston,houston,County,County,US.TX.HS,48,0,MultiPolygon
USA.44.114_1,USA.44_1,Texas,Howard,howard,County,County,US.TX.HW,48,0,MultiPolygon
USA.44.115_1,USA.44_1,Texas,Hudspeth,hudspeth,County,County,US.TX.HU,48,0,MultiPolygon
USA.44.116_1,USA.44_1,Texas,Hunt,hunt,County,County,US.TX.HT,48,0,MultiPolygon
USA.44.117_1,USA.44_1,Texas,Hutchinson,hutchinson,County,County,US.TX.UT,48,0,MultiPolygon
USA.44.118_1,USA.44_1,Texas,Irion,irion,County,County,US.TX.IR,48,0,MultiPolygon
USA.44.119_1,USA.44_1,Texas,Jack,jack,County,County,US.TX.JK,48,0,MultiPolygon
USA.44.11_1,USA.44_1,Texas,Bastrop,bastrop,County,County,US.TX.BP,48,0,MultiPolygon
USA.44.120_1,USA.44_1,Texas,Jackson,jackson,County,County,US.TX.JA,48,0,MultiPolygon
USA.44.121_1,USA.44_1,Texas,Jasper,jasper,County,County,US.TX.JR,48,0,MultiPolygon
USA.44.122_1,USA.44_1,Texas,JeffDavis,jeffdavis,County,County,US.TX.JF,48,0,MultiPolygon
USA.44.123_1,USA.44_1,Texas,Jefferson,jefferson,County,County,US.TX.JE,48,0,MultiPolygon
USA.44.124_1,USA.44_1,Texas,JimHogg,jimhogg,County,County,US.TX.JG,48,0,MultiPolygon
USA.44.125_1,USA.44_1,Texas,JimWells,jimwells,County,County,US.TX.JW,48,0,MultiPolygon
USA.44.126_1,USA.44_1,Texas,Johnson,johnson,County,County,US.TX.JH,48,0,MultiPolygon
USA.44.127_1,USA.44_1,Texas,Jones,jones,County,County,US.TX.JN,48,0,MultiPolygon
USA.44.128_1,USA.44_1,Texas,Karnes,karnes,County,County,US.TX.KS,48,0,MultiPolygon
USA.44.129_1,USA.44_1,Texas,Kaufman,kaufman,County,County,US.TX.KU,48,0,MultiPolygon
USA.44.12_1,USA.44_1,Texas,Baylor,baylor,County,County,US.TX.BR,48,0,MultiPolygon
USA.44.130_1,USA.44_1,Texas,Kendall,kendall,County,County,US.TX.KD,48,0,MultiPolygon
USA.44.131_1,USA.44_1,Texas,Kenedy,kenedy,County,County,US.TX.KE,48,0,MultiPolygon
USA.44.132_1,USA.44_1,Texas,Kent,kent,County,County,US.TX.KT,48,0,MultiPolygon
USA.44.133_1,USA.44_1,Texas,Kerr,kerr,County,County,US.TX.KR,48,0,MultiPolygon
USA.44.134_1,USA.44_1,Texas,Kimble,kimble,County,County,US.TX.KM,48,0,MultiPolygon
USA.44.135_1,USA.44_1,Texas,King,king,County,County,US.TX.KG,48,0,MultiPolygon
USA.44.136_1,USA.44_1,Texas,Kinney,kinney,County,County,US.TX.KN,48,0,MultiPolygon
USA.44.137_1,USA.44_1,Texas,Kleberg,kleberg,County,County,US.TX.KL,48,0,MultiPolygon
USA.44.138_1,USA.44_1,Texas,Knox,knox,County,County,US.TX.KX,48,0,MultiPolygon
USA.44.139_1,USA.44_1,Texas,LaSalle,lasalle,County,County,US.TX.LS,48,0,MultiPolygon
USA.44.13_1,USA.44_1,Texas,Bee,bee,County,County,US.TX.BE,48,0,MultiPolygon
USA.44.140_1,USA.44_1,Texas,Lamar,lamar,County,County,US.TX.LR,48,0,MultiPolygon
USA.44.141_1,USA.44_1,Texas,Lamb,lamb,County,County,US.TX.LB,48,0,MultiPolygon
USA.44.142_1,USA.44_1,Texas,Lampasas,lampasas,County,County,US.TX.LP,48,0,MultiPolygon
USA.44.143_1,USA.44_1,Texas,Lavaca,lavaca,County,County,US.TX.LA,48,0,MultiPolygon
USA.44.144_1,USA.44_1,Texas,Lee,lee,County,County,US.TX.LE,48,0,MultiPolygon
USA.44.145_1,USA.44_1,Texas,Leon,leon,County,County,US.TX.LN,48,0,MultiPolygon
USA.44.146_1,USA.44_1,Texas,Liberty,liberty,County,County,US.TX.LT,48,0,MultiPolygon
USA.44.147_1,USA.44_1,Texas,Limestone,limestone,County,County,US.TX.LO,48,0,MultiPolygon
USA.44.148_1,USA.44_1,Texas,Lipscomb,lipscomb,County,County,US.TX.LM,48,0,MultiPolygon
USA.44.149_1,USA.44_1,Texas,LiveOak,liveoak,County,County,US.TX.LK,48,0,MultiPolygon
USA.44.14_1,USA.44_1,Texas,Bell,bell,County,County,US.TX.BL,48,0,MultiPolygon
USA.44.150_1,USA.44_1,Texas,Llano,llano,County,County,US.TX.LL,48,0,MultiPolygon
USA.44.151_1,USA.44_1,Texas,Loving,loving,County,County,US.TX.LI,48,0,MultiPolygon
USA.44.152_1,USA.44_1,Texas,Lubbock,lubbock,County,County,US.TX.LU,48,0,MultiPolygon
USA.44.153_1,USA.44_1,Texas,Lynn,lynn,County,County,US.TX.LY,48,0,MultiPolygon
USA.44.154_1,USA.44_1,Texas,Madison,madison,County,County,US.TX.AD,48,0,MultiPolygon
USA.44.155_1,USA.44_1,Texas,Marion,marion,County,County,US.TX.MN,48,0,MultiPolygon
USA.44.156_1,USA.44_1,Texas,Martin,martin,County,County,US.TX.MT,48,0,MultiPolygon
USA.44.157_1,USA.44_1,Texas,Mason,mason,County,County,US.TX.MA,48,0,MultiPolygon
USA.44.158_1,USA.44_1,Texas,Matagorda,matagorda,County,County,US.TX.MD,48,0,MultiPolygon
USA.44.159_1,USA.44_1,Texas,Maverick,maverick,County,County,US.TX.MV,48,0,MultiPolygon
USA.44.15_1,USA.44_1,Texas,Bexar,bexar,County,County,US.TX.BX,48,0,MultiPolygon
USA.44.160_1,USA.44_1,Texas,McCulloch,mcculloch,County,County,US.TX.MC,48,0,MultiPolygon
USA.44.161_1,USA.44_1,Texas,McLennan,mclennan,County,County,US.TX.ML,48,0,MultiPolygon
USA.44.162_1,USA.44_1,Texas,McMullen,mcmullen,County,County,US.TX.MM,48,0,MultiPolygon
USA.44.163_1,USA.44_1,Texas,Medina,medina,County,County,US.TX.ME,48,0,MultiPolygon
USA.44.164_1,USA.44_1,Texas,Menard,menard,County,County,US.TX.EN,48,0,MultiPolygon
USA.44.165_1,USA.44_1,Texas,Midland,midland,County,County,US.TX.ID,48,0,MultiPolygon
USA.44.166_1,USA.44_1,Texas,Milam,milam,County,County,US.TX.MI,48,0,MultiPolygon
USA.44.167_1,USA.44_1,Texas,Mills,mills,County,County,US.TX.MS,48,0,MultiPolygon
USA.44.168_1,USA.44_1,Texas,Mitchell,mitchell,County,County,US.TX.MH,48,0,MultiPolygon
USA.44.169_1,USA.44_1,Texas,Montague,montague,County,County,US.TX.MU,48,0,MultiPolygon
USA.44.16_1,USA.44_1,Texas,Blanco,blanco,County,County,US.TX.BC,48,0,MultiPolygon
USA.44.170_1,USA.44_1,Texas,Montgomery,montgomery,County,County,US.TX.MG,48,0,MultiPolygon
USA.44.171_1,USA.44_1,Texas,Moore,moore,County,County,US.TX.MO,48,0,MultiPolygon
USA.44.172_1,USA.44_1,Texas,Morris,morris,County,County,US.TX.MR,48,0,MultiPolygon
USA.44.173_1,USA.44_1,Texas,Motley,motley,County,County,US.TX.MY,48,0,MultiPolygon
USA.44.174_1,USA.44_1,Texas,Nacogdoches,nacogdoches,County,County,US.TX.NC,48,0,MultiPolygon
USA.44.175_1,USA.44_1,Texas,Navarro,navarro,County,County,US.TX.NV,48,0,MultiPolygon
USA.44.176_1,USA.44_1,Texas,Newton,newton,County,County,US.TX.NE,48,0,MultiPolygon
USA.44.177_1,USA.44_1,Texas,Nolan,nolan,County,County,US.TX.NO,48,0,MultiPolygon
USA.44.178_1,USA.44_1,Texas,Nueces,nueces,County,County,US.TX.NU,48,0,MultiPolygon
USA.44.179_1,USA.44_1,Texas,Ochiltree,ochiltree,County,County,US.TX.OC,48,0,MultiPolygon
USA.44.17_1,USA.44_1,Texas,Borden,borden,County,County,US.TX.BD,48,0,MultiPolygon
USA.44.180_1,USA.44_1,Texas,Oldham,oldham,County,County,US.TX.OL,48,0,MultiPolygon
USA.44.181_1,USA.44_1,Texas,Orange,orange,County,County,US.TX.OR,48,0,MultiPolygon
USA.44.182_1,USA.44_1,Texas,PaloPinto,palopinto,County,County,US.TX.PO,48,0,MultiPolygon
USA.44.183_1,USA.44_1,Texas,Panola,panola,County,County,US.TX.PN,48,0,MultiPolygon
USA.44.184_1,USA.44_1,Texas,Parker,parker,County,County,US.TX.PR,48,0,MultiPolygon
USA.44.185_1,USA.44_1,Texas,Parmer,parmer,County,County,US.TX.PM,48,0,MultiPolygon
USA.44.186_1,USA.44_1,Texas,Pecos,pecos,County,County,US.TX.PE,48,0,MultiPolygon
USA.44.187_1,USA.44_1,Texas,Polk,polk,County,County,US.TX.PK,48,0,MultiPolygon
USA.44.188_1,USA.44_1,Texas,Potter,potter,County,County,US.TX.PT,48,0,MultiPolygon
USA.44.189_1,USA.44_1,Texas,Presidio,presidio,County,County,US.TX.PS,48,0,MultiPolygon
USA.44.18_1,USA.44_1,Texas,Bosque,bosque,County,County,US.TX.BQ,48,0,MultiPolygon
USA.44.190_1,USA.44_1,Texas,Rains,rains,County,County,US.TX.RI,48,0,MultiPolygon
USA.44.191_1,USA.44_1,Texas,Randall,randall,County,County,US.TX.RA,48,0,MultiPolygon
USA.44.192_1,USA.44_1,Texas,Reagan,reagan,County,County,US.TX.RG,48,0,MultiPolygon
USA.44.193_1,USA.44_1,Texas,Real,real,County,County,US.TX.RL,48,0,MultiPolygon
USA.44.194_1,USA.44_1,Texas,RedRiver,redriver,County,County,US.TX.RV,48,0,MultiPolygon
USA.44.195_1,USA.44_1,Texas,Reeves,reeves,County,County,US.TX.RE,48,0,MultiPolygon
USA.44.196_1,USA.44_1,Texas,Refugio,refugio,County,County,US.TX.RF,48,0,MultiPolygon
USA.44.197_1,USA.44_1,Texas,Roberts,roberts,County,County,US.TX.RS,48,0,MultiPolygon
USA.44.198_1,USA.44_1,Texas,Robertson,robertson,County,County,US.TX.RO,48,0,MultiPolygon
USA.44.199_1,USA.44_1,Texas,Rockwall,rockwall,County,County,US.TX.RC,48,0,MultiPolygon
USA.44.19_1,USA.44_1,Texas,Bowie,bowie,County,County,US.TX.BW,48,0,MultiPolygon
USA.44.1_1,USA.44_1,Texas,Anderson,anderson,County,County,US.TX.AE,48,0,MultiPolygon
USA.44.200_1,USA.44_1,Texas,Runnels,runnels,County,County,US.TX.RN,48,0,MultiPolygon
USA.44.201_1,USA.44_1,Texas,Rusk,rusk,County,County,US.TX.RK,48,0,MultiPolygon
USA.44.202_1,USA.44_1,Texas,Sabine,sabine,County,County,US.TX.SB,48,0,MultiPolygon
USA.44.203_1,USA.44_1,Texas,SanAugustine,sanaugustine,County,County,US.TX.SG,48,0,MultiPolygon
USA.44.204_1,USA.44_1,Texas,SanJacinto,sanjacinto,County,County,US.TX.SJ,48,0,MultiPolygon
USA.44.205_1,USA.44_1,Texas,SanPatricio,sanpatricio,County,County,US.TX.SP,48,0,MultiPolygon
USA.44.206_1,USA.44_1,Texas,SanSaba,sansaba,County,County,US.TX.SS,48,0,MultiPolygon
USA.44.207_1,USA.44_1,Texas,Schleicher,schleicher,County,County,US.TX.SH,48,0,MultiPolygon
USA.44.208_1,USA.44_1,Texas,Scurry,scurry,County,County,US.TX.SU,48,0,MultiPolygon
USA.44.209_1,USA.44_1,Texas,Shackelford,shackelford,County,County,US.TX.SC,48,0,MultiPolygon
USA.44.20_1,USA.44_1,Texas,Brazoria,brazoria,County,County,US.TX.BI,48,0,MultiPolygon
USA.44.210_1,USA.44_1,Texas,Shelby,shelby,County,County,US.TX.SY,48,0,MultiPolygon
USA.44.211_1,USA.44_1,Texas,Sherman,sherman,County,County,US.TX.SN,48,0,MultiPolygon
USA.44.212_1,USA.44_1,Texas,Smith,smith,County,County,US.TX.SM,48,0,MultiPolygon
USA.44.213_1,USA.44_1,Texas,Somervell,somervell,County,County,US.TX.SV,48,0,MultiPolygon
USA.44.214_1,USA.44_1,Texas,Starr,starr,County,County,US.TX.SR,48,0,MultiPolygon
USA.44.215_1,USA.44_1,Texas,Stephens,stephens,County,County,US.TX.SE,48,0,MultiPolygon
USA.44.216_1,USA.44_1,Texas,Sterling,sterling,County,County,US.TX.SI,48,0,MultiPolygon
USA.44.217_1,USA.44_1,Texas,Stonewall,stonewall,County,County,US.TX.SA,48,0,MultiPolygon
USA.44.218_1,USA.44_1,Texas,Sutton,sutton,County,County,US.TX.ST,48,0,MultiPolygon
USA.44.219_1,USA.44_1,Texas,Swisher,swisher,County,County,US.TX.SW,48,0,MultiPolygon
USA.44.21_1,USA.44_1,Texas,Brazos,brazos,County,County,US.TX.BZ,48,0,MultiPolygon
USA.44.220_1,USA.44_1,Texas,Tarrant,tarrant,County,County,US.TX.TN,48,0,MultiPolygon
USA.44.221_1,USA.44_1,Texas,Taylor,taylor,County,County,US.TX.TA,48,0,MultiPolygon
USA.44.222_1,USA.44_1,Texas,Terrell,terrell,County,County,US.TX.TL,48,0,MultiPolygon
USA.44.223_1,USA.44_1,Texas,Terry,terry,County,County,US.TX.TE,48,0,MultiPolygon
USA.44.224_1,USA.44_1,Texas,Throckmorton,throckmorton,County,County,US.TX.TH,48,0,MultiPolygon
USA.44.225_1,USA.44_1,Texas,Titus,titus,County,County,US.TX.TU,48,0,MultiPolygon
USA.44.226_1,USA.44_1,Texas,TomGreen,tomgreen,County,County,US.TX.TG,48,0,MultiPolygon
USA.44.227_1,USA.44_1,Texas,Travis,travis,County,County,US.TX.TV,48,0,MultiPolygon
USA.44.228_1,USA.44_1,Texas,Trinity,trinity,County,County,US.TX.TR,48,0,MultiPolygon
USA.44.229_1,USA.44_1,Texas,Tyler,tyler,County,County,US.TX.TY,48,0,MultiPolygon
USA.44.22_1,USA.44_1,Texas,Brewster,brewster,County,County,US.TX.BS,48,0,MultiPolygon
USA.44.230_1,USA.44_1,Texas,Upshur,upshur,County,County,US.TX.US,48,0,MultiPolygon
USA.44.231_1,USA.44_1,Texas,Upton,upton,County,County,US.TX.UP,48,0,MultiPolygon
USA.44.232_1,USA.44_1,Texas,Uvalde,uvalde,County,County,US.TX.UV,48,0,MultiPolygon
USA.44.233_1,USA.44_1,Texas,ValVerde,valverde,County,County,US.TX.VL,48,0,MultiPolygon
USA.44.234_1,USA.44_1,Texas,VanZandt,vanzandt,County,County,US.TX.VN,48,0,MultiPolygon
USA.44.235_1,USA.44_1,Texas,Victoria,victoria,County,County,US.TX.VI,48,0,MultiPolygon
USA.44.236_1,USA.44_1,Texas,Walker,walker,County,County,US.TX.WK,48,0,MultiPolygon
USA.44.237_1,USA.44_1,Texas,Waller,waller,County,County,US.TX.WR,48,0,MultiPolygon
USA.44.238_1,USA.44_1,Texas,Ward,ward,County,County,US.TX.WD,48,0,MultiPolygon
USA.44.239_1,USA.44_1,Texas,Washington,washington,County,County,US.TX.WH,48,0,MultiPolygon
USA.44.23_1,USA.44_1,Texas,Briscoe,briscoe,County,County,US.TX.BO,48,0,MultiPolygon
USA.44.240_1,USA.44_1,Texas,Webb,webb,County,County,US.TX.WB,48,0,MultiPolygon
USA.44.241_1,USA.44_1,Texas,Wharton,wharton,County,County,US.TX.WN,48,0,MultiPolygon
USA.44.242_1,USA.44_1,Texas,Wheeler,wheeler,County,County,US.TX.WL,48,0,MultiPolygon
USA.44.243_1,USA.44_1,Texas,Wichita,wichita,County,County,US.TX.WC,48,0,MultiPolygon
USA.44.244_1,USA.44_1,Texas,Wilbarger,wilbarger,County,County,US.TX.WG,48,0,MultiPolygon
USA.44.245_1,USA.44_1,Texas,Willacy,willacy,County,County,US.TX.WY,48,0,MultiPolygon
USA.44.246_1,USA.44_1,Texas,Williamson,williamson,County,County,US.TX.WM,48,0,MultiPolygon
USA.44.247_1,USA.44_1,Texas,Wilson,wilson,County,County,US.TX.WS,48,0,MultiPolygon
USA.44.248_1,USA.44_1,Texas,Winkler,winkler,County,County,US.TX.WI,48,0,MultiPolygon
USA.44.249_1,USA.44_1,Texas,Wise,wise,County,County,US.TX.WE,48,0,MultiPolygon
USA.44.24_1,USA.44_1,Texas,Brooks,brooks,County,County,US.TX.BK,48,0,MultiPolygon
USA.44.250_1,USA.44_1,Texas,Wood,wood,County,County,US.TX.WO,48,0,MultiPolygon
USA.44.251_1,USA.44_1,Texas,Yoakum,yoakum,County,County,US.TX.YA,48,0,MultiPolygon
USA.44.252_1,USA.44_1,Texas,Young,young,County,County,US.TX.YU,48,0,MultiPolygon
USA.44.253_1,USA.44_1,Texas,Zapata,zapata,County,County,US.TX.ZP,48,0,MultiPolygon
USA.44.254_1,USA.44_1,Texas,Zavala,zavala,County,County,US.TX.ZV,48,0,MultiPolygon
USA.44.25_1,USA.44_1,Texas,Brown,brown,County,County,US.TX.BN,48,0,MultiPolygon
USA.44.26_1,USA.44_1,Texas,Burleson,burleson,County,County,US.TX.BU,48,0,MultiPolygon
USA.44.27_1,USA.44_1,Texas,Burnet,burnet,County,County,US.TX.BT,48,0,MultiPolygon
USA.44.28_1,USA.44_1,Texas,Caldwell,caldwell,County,County,US.TX.CW,48,0,MultiPolygon
USA.44.29_1,USA.44_1,Texas,Calhoun,calhoun,County,County,US.TX.CU,48,0,MultiPolygon
USA.44.2_1,USA.44_1,Texas,Andrews,andrews,County,County,US.TX.AR,48,0,MultiPolygon
USA.44.30_1,USA.44_1,Texas,Callahan,callahan,County,County,US.TX.AL,48,0,MultiPolygon
USA.44.31_1,USA.44_1,Texas,Cameron,cameron,County,County,US.TX.CA,48,0,MultiPolygon
USA.44.32_1,USA.44_1,Texas,Camp,camp,County,County,US.TX.CP,48,0,MultiPolygon
USA.44.33_1,USA.44_1,Texas,Carson,carson,County,County,US.TX.CN,48,0,MultiPolygon
USA.44.34_1,USA.44_1,Texas,Cass,cass,County,County,US.TX.CS,48,0,MultiPolygon
USA.44.35_1,USA.44_1,Texas,Castro,castro,County,County,US.TX.AS,48,0,MultiPolygon
USA.44.36_1,USA.44_1,Texas,Chambers,chambers,County,County,US.TX.CH,48,0,MultiPolygon
USA.44.37_1,USA.44_1,Texas,Cherokee,cherokee,County,County,US.TX.CK,48,0,MultiPolygon
USA.44.38_1,USA.44_1,Texas,Childress,childress,County,County,US.TX.CD,48,0,MultiPolygon
USA.44.39_1,USA.44_1,Texas,Clay,clay,County,County,US.TX.CY,48,0,MultiPolygon
USA.44.3_1,USA.44_1,Texas,Angelina,angelina,County,County,US.TX.AG,48,0,MultiPolygon
USA.44.40_1,USA.44_1,Texas,Cochran,cochran,County,County,US.TX.CC,48,0,MultiPolygon
USA.44.41_1,USA.44_1,Texas,Coke,coke,County,County,US.TX.OK,48,0,MultiPolygon
USA.44.42_1,USA.44_1,Texas,Coleman,coleman,County,County,US.TX.CM,48,0,MultiPolygon
USA.44.43_1,USA.44_1,Texas,Collin,collin,County,County,US.TX.CI,48,0,MultiPolygon
USA.44.44_1,USA.44_1,Texas,Collingsworth,collingsworth,County,County,US.TX.CG,48,0,MultiPolygon
USA.44.45_1,USA.44_1,Texas,Colorado,colorado,County,County,US.TX.CO,48,0,MultiPolygon
USA.44.46_1,USA.44_1,Texas,Comal,comal,County,County,US.TX.OM,48,0,MultiPolygon
USA.44.47_1,USA.44_1,Texas,Comanche,comanche,County,County,US.TX.CE,48,0,MultiPolygon
USA.44.48_1,USA.44_1,Texas,Concho,concho,County,County,US.TX.ON,48,0,MultiPolygon
USA.44.49_1,USA.44_1,Texas,Cooke,cooke,County,County,US.TX.OO,48,0,MultiPolygon
USA.44.4_1,USA.44_1,Texas,Aransas,aransas,County,County,US.TX.AA,48,0,MultiPolygon
USA.44.50_1,USA.44_1,Texas,Coryell,coryell,County,County,US.TX.CL,48,0,MultiPolygon
USA.44.51_1,USA.44_1,Texas,Cottle,cottle,County,County,US.TX.OT,48,0,MultiPolygon
USA.44.52_1,USA.44_1,Texas,Crane,crane,County,County,US.TX.CR,48,0,MultiPolygon
USA.44.53_1,USA.44_1,Texas,Crockett,crockett,County,County,US.TX.CT,48,0,MultiPolygon
USA.44.54_1,USA.44_1,Texas,Crosby,crosby,County,County,US.TX.CB,48,0,MultiPolygon
USA.44.55_1,USA.44_1,Texas,Culberson,culberson,County,County,US.TX.UL,48,0,MultiPolygon
USA.44.56_1,USA.44_1,Texas,Dallam,dallam,County,County,US.TX.DL,48,0,MultiPolygon
USA.44.57_1,USA.44_1,Texas,Dallas,dallas,County,County,US.TX.DS,48,0,MultiPolygon
USA.44.58_1,USA.44_1,Texas,Dawson,dawson,County,County,US.TX.DW,48,0,MultiPolygon
USA.44.59_1,USA.44_1,Texas,DeafSmith,deafsmith,County,County,US.TX.DI,48,0,MultiPolygon
USA.44.5_1,USA.44_1,Texas,Archer,archer,County,County,US.TX.AC,48,0,MultiPolygon
USA.44.60_1,USA.44_1,Texas,Delta,delta,County,County,US.TX.DT,48,0,MultiPolygon
USA.44.61_1,USA.44_1,Texas,Denton,denton,County,County,US.TX.DN,48,0,MultiPolygon
USA.44.62_1,USA.44_1,Texas,Dewitt,dewitt,County,County,US.TX.DE,48,0,MultiPolygon
USA.44.63_1,USA.44_1,Texas,Dickens,dickens,County,County,US.TX.DC,48,0,MultiPolygon
USA.44.64_1,USA.44_1,Texas,Dimmit,dimmit,County,County,US.TX.DM,48,0,MultiPolygon
USA.44.65_1,USA.44_1,Texas,Donley,donley,County,County,US.TX.DO,48,0,MultiPolygon
USA.44.66_1,USA.44_1,Texas,Duval,duval,County,County,US.TX.DU,48,0,MultiPolygon
USA.44.67_1,USA.44_1,Texas,Eastland,eastland,County,County,US.TX.EA,48,0,MultiPolygon
USA.44.68_1,USA.44_1,Texas,Ector,ector,County,County,US.TX.EC,48,0,MultiPolygon
USA.44.69_1,USA.44_1,Texas,Edwards,edwards,County,County,US.TX.ED,48,0,MultiPolygon
USA.44.6_1,USA.44_1,Texas,Armstrong,armstrong,County,County,US.TX.AM,48,0,MultiPolygon
USA.44.70_1,USA.44_1,Texas,ElPaso,elpaso,County,County,US.TX.EP,48,0,MultiPolygon
USA.44.71_1,USA.44_1,Texas,Ellis,ellis,County,County,US.TX.EI,48,0,MultiPolygon
USA.44.72_1,USA.44_1,Texas,Erath,erath,County,County,US.TX.ER,48,0,MultiPolygon
USA.44.73_1,USA.44_1,Texas,Falls,falls,County,County,US.TX.FL,48,0,MultiPolygon
USA.44.74_1,USA.44_1,Texas,Fannin,fannin,County,County,US.TX.FI,48,0,MultiPolygon
USA.44.75_1,USA.44_1,Texas,Fayette,fayette,County,County,US.TX.FT,48,0,MultiPolygon
USA.44.76_1,USA.44_1,Texas,Fisher,fisher,County,County,US.TX.FH,48,0,MultiPolygon
USA.44.77_1,USA.44_1,Texas,Floyd,floyd,County,County,US.TX.FY,48,0,MultiPolygon
USA.44.78_1,USA.44_1,Texas,Foard,foard,County,County,US.TX.FD,48,0,MultiPolygon
USA.44.79_1,USA.44_1,Texas,FortBend,fortbend,County,County,US.TX.FR,48,0,MultiPolygon
USA.44.7_1,USA.44_1,Texas,Atascosa,atascosa,County,County,US.TX.AT,48,0,MultiPolygon
USA.44.80_1,USA.44_1,Texas,Franklin,franklin,County,County,US.TX.FK,48,0,MultiPolygon
USA.44.81_1,USA.44_1,Texas,Freestone,freestone,County,County,US.TX.FE,48,0,MultiPolygon
USA.44.82_1,USA.44_1,Texas,Frio,frio,County,County,US.TX.FO,48,0,MultiPolygon
USA.44.83_1,USA.44_1,Texas,Gaines,gaines,County,County,US.TX.GS,48,0,MultiPolygon
USA.44.84_1,USA.44_1,Texas,Galveston,galveston,County,County,US.TX.GV,48,0,MultiPolygon
USA.44.85_1,USA.44_1,Texas,Garza,garza,County,County,US.TX.GR,48,0,MultiPolygon
USA.44.86_1,USA.44_1,Texas,Gillespie,gillespie,County,County,US.TX.GL,48,0,MultiPolygon
USA.44.87_1,USA.44_1,Texas,Glasscock,glasscock,County,County,US.TX.GC,48,0,MultiPolygon
USA.44.88_1,USA.44_1,Texas,Goliad,goliad,County,County,US.TX.GI,48,0,MultiPolygon
USA.44.89_1,USA.44_1,Texas,Gonzales,gonzales,County,County,US.TX.GA,48,0,MultiPolygon
USA.44.8_1,USA.44_1,Texas,Austin,austin,County,County,US.TX.AU,48,0,MultiPolygon
USA.44.90_1,USA.44_1,Texas,Gray,gray,County,County,US.TX.GY,48,0,MultiPolygon
USA.44.91_1,USA.44_1,Texas,Grayson,grayson,County,County,US.TX.GO,48,0,MultiPolygon
USA.44.92_1,USA.44_1,Texas,Gregg,gregg,County,County,US.TX.GE,48,0,MultiPolygon
USA.44.93_1,USA.44_1,Texas,Grimes,grimes,County,County,US.TX.GM,48,0,MultiPolygon
USA.44.94_1,USA.44_1,Texas,Guadalupe,guadalupe,County,County,US.TX.GU,48,0,MultiPolygon
USA.44.95_1,USA.44_1,Texas,Hale,hale,County,County,US.TX.HE,48,0,MultiPolygon
USA.44.96_1,USA.44_1,Texas,Hall,hall,County,County,US.TX.HA,48,0,MultiPolygon
USA.44.97_1,USA.44_1,Texas,Hamilton,hamilton,County,County,US.TX.HM,48,0,MultiPolygon
USA.44.98_1,USA.44_1,Texas,Hansford,hansford,County,County,US.TX.HF,48,0,MultiPolygon
USA.44.99_1,USA.44_1,Texas,Hardeman,hardeman,County,County,US.TX.RD,48,0,MultiPolygon
USA.44.9_1,USA.44_1,Texas,Bailey,bailey,County,County,US.TX.BY,48,0,MultiPolygon
USA.45.10_1,USA.45_1,Utah,Grand,grand,County,County,US.UT.GR,49,0,MultiPolygon
USA.45.11_1,USA.45_1,Utah,Iron,iron,County,County,US.UT.RN,49,0,MultiPolygon
USA.45.12_1,USA.45_1,Utah,Juab,juab,County,County,US.UT.JU,49,0,MultiPolygon
USA.45.13_1,USA.45_1,Utah,Kane,kane,County,County,US.UT.KA,49,0,MultiPolygon
USA.45.14_1,USA.45_1,Utah,Millard,millard,County,County,US.UT.MD,49,0,MultiPolygon
USA.45.15_1,USA.45_1,Utah,Morgan,morgan,County,County,US.UT.MN,49,0,MultiPolygon
USA.45.16_1,USA.45_1,Utah,Piute,piute,County,County,US.UT.PT,49,0,MultiPolygon
USA.45.17_1,USA.45_1,Utah,Rich,rich,County,County,US.UT.RH,49,0,MultiPolygon
USA.45.18_1,USA.45_1,Utah,SaltLake,saltlake,County,County,US.UT.SL,49,0,MultiPolygon
USA.45.19_1,USA.45_1,Utah,SanJuan,sanjuan,County,County,US.UT.SJ,49,0,MultiPolygon
USA.45.1_1,USA.45_1,Utah,Beaver,beaver,County,County,US.UT.BV,49,0,MultiPolygon
USA.45.20_1,USA.45_1,Utah,Sanpete,sanpete,County,County,US.UT.SP,49,0,MultiPolygon
USA.45.21_1,USA.45_1,Utah,Sevier,sevier,County,County,US.UT.SE,49,0,MultiPolygon
USA.45.22_1,USA.45_1,Utah,Summit,summit,County,County,US.UT.SU,49,0,MultiPolygon
USA.45.23_1,USA.45_1,Utah,Tooele,tooele,County,County,US.UT.TE,49,0,MultiPolygon
USA.45.24_1,USA.45_1,Utah,Uintah,uintah,County,County,US.UT.UN,49,0,MultiPolygon
USA.45.25_1,USA.45_1,Utah,Utah,utah,County,County,US.UT.UT,49,0,MultiPolygon
USA.45.26_1,USA.45_1,Utah,Wasatch,wasatch,County,County,US.UT.WA,49,0,MultiPolygon
USA.45.27_1,USA.45_1,Utah,Washington,washington,County,County,US.UT.WN,49,0,MultiPolygon
USA.45.28_1,USA.45_1,Utah,Wayne,wayne,County,County,US.UT.WE,49,0,MultiPolygon
USA.45.29_1,USA.45_1,Utah,Weber,weber,County,County,US.UT.WB,49,0,MultiPolygon
USA.45.2_1,USA.45_1,Utah,BoxElder,boxelder,County,County,US.UT.BE,49,0,MultiPolygon
USA.45.3_1,USA.45_1,Utah,Cache,cache,County,County,US.UT.CA,49,0,MultiPolygon
USA.45.4_1,USA.45_1,Utah,Carbon,carbon,County,County,US.UT.CR,49,0,MultiPolygon
USA.45.5_1,USA.45_1,Utah,Daggett,daggett,County,County,US.UT.DG,49,0,MultiPolygon
USA.45.6_1,USA.45_1,Utah,Davis,davis,County,County,US.UT.DA,49,0,MultiPolygon
USA.45.7_1,USA.45_1,Utah,Duchesne,duchesne,County,County,US.UT.DU,49,0,MultiPolygon
USA.45.8_1,USA.45_1,Utah,Emery,emery,County,County,US.UT.EM,49,0,MultiPolygon
USA.45.9_1,USA.45_1,Utah,Garfield,garfield,County,County,US.UT.GA,49,0,MultiPolygon
USA.46.10_1,USA.46_1,Vermont,Orleans,orleans,County,County,US.VT.OL,50,0,MultiPolygon
USA.46.11_1,USA.46_1,Vermont,Rutland,rutland,County,County,US.VT.RU,50,0,MultiPolygon
USA.46.12_1,USA.46_1,Vermont,Washington,washington,County,County,US.VT.WA,50,0,MultiPolygon
USA.46.13_1,USA.46_1,Vermont,Windham,windham,County,County,US.VT.WH,50,0,MultiPolygon
USA.46.14_1,USA.46_1,Vermont,Windsor,windsor,County,County,US.VT.WS,50,0,MultiPolygon
USA.46.1_1,USA.46_1,Vermont,Addison,addison,County,County,US.VT.AD,50,0,MultiPolygon
USA.46.2_1,USA.46_1,Vermont,Bennington,bennington,County,County,US.VT.BE,50,0,MultiPolygon
USA.46.3_1,USA.46_1,Vermont,Caledonia,caledonia,County,County,US.VT.CA,50,0,MultiPolygon
USA.46.4_1,USA.46_1,Vermont,Chittenden,chittenden,County,County,US.VT.CH,50,0,MultiPolygon
USA.46.5_1,USA.46_1,Vermont,Essex,essex,County,County,US.VT.ES,50,0,MultiPolygon
USA.46.6_1,USA.46_1,Vermont,Franklin,franklin,County,County,US.VT.FR,50,0,MultiPolygon
USA.46.7_1,USA.46_1,Vermont,GrandIsle,grandisle,County,County,US.VT.GR,50,0,MultiPolygon
USA.46.8_1,USA.46_1,Vermont,Lamoille,lamoille,County,County,US.VT.LA,50,0,MultiPolygon
USA.46.9_1,USA.46_1,Vermont,Orange,orange,County,County,US.VT.OA,50,0,MultiPolygon
USA.47.100_1,USA.47_1,Virginia,PrinceEdward,princeedward,County,County,US.VA.PD,51,0,MultiPolygon
USA.47.101_1,USA.47_1,Virginia,PrinceGeorge,princegeorge,County,County,US.VA.PG,51,0,MultiPolygon
USA.47.102_1,USA.47_1,Virginia,PrinceWilliam,princewilliam,County,County,US.VA.PW,51,0,MultiPolygon
USA.47.103_1,USA.47_1,Virginia,Pulaski,pulaski,County,County,US.VA.PU,51,0,MultiPolygon
USA.47.104_1,USA.47_1,Virginia,Radford,radford,IndependentCity,IndependentCity,US.VA.RD,51,0,MultiPolygon
USA.47.105_1,USA.47_1,Virginia,Rappahannock,rappahannock,County,County,US.VA.RP,51,0,MultiPolygon
USA.47.106_1,USA.47_1,Virginia,Richmond,richmond,IndependentCity,IndependentCity,US.VA.RC,51,0,MultiPolygon
USA.47.107_1,USA.47_1,Virginia,Roanoke,roanoke,County,County,US.VA.RO,51,0,MultiPolygon
USA.47.108_1,USA.47_1,Virginia,RoanokeCity,roanokecity,IndependentCity,IndependentCity,US.VA.RO,51,0,MultiPolygon
USA.47.109_1,USA.47_1,Virginia,Rockbridge,rockbridge,County,County,US.VA.RB,51,0,MultiPolygon
USA.47.10_1,USA.47_1,Virginia,Bath,bath,County,County,US.VA.BA,51,0,MultiPolygon
USA.47.110_1,USA.47_1,Virginia,Rockingham,rockingham,County,County,US.VA.RG,51,0,MultiPolygon
USA.47.111_1,USA.47_1,Virginia,Russell,russell,County,County,US.VA.RU,51,0,MultiPolygon
USA.47.112_1,USA.47_1,Virginia,Salem,salem,IndependentCity,IndependentCity,US.VA.SE,51,0,MultiPolygon
USA.47.113_1,USA.47_1,Virginia,Scott,scott,County,County,US.VA.SC,51,0,MultiPolygon
USA.47.114_1,USA.47_1,Virginia,Shenandoah,shenandoah,County,County,US.VA.SN,51,0,MultiPolygon
USA.47.115_1,USA.47_1,Virginia,Smyth,smyth,County,County,US.VA.SM,51,0,MultiPolygon
USA.47.116_1,USA.47_1,Virginia,Southampton,southampton,County,County,US.VA.SA,51,0,MultiPolygon
USA.47.117_1,USA.47_1,Virginia,Spotsylvania,spotsylvania,County,County,US.VA.SP,51,0,MultiPolygon
USA.47.118_1,USA.47_1,Virginia,Stafford,stafford,County,County,US.VA.SF,51,0,MultiPolygon
USA.47.119_1,USA.47_1,Virginia,Staunton,staunton,IndependentCity,IndependentCity,US.VA.SU,51,0,MultiPolygon
USA.47.11_1,USA.47_1,Virginia,Bedford,bedford,County,County,US.VA.BD,51,0,MultiPolygon
USA.47.120_1,USA.47_1,Virginia,Suffolk,suffolk,IndependentCity,IndependentCity,US.VA.SO,51,0,MultiPolygon
USA.47.121_1,USA.47_1,Virginia,Surry,surry,County,County,US.VA.SR,51,0,MultiPolygon
USA.47.122_1,USA.47_1,Virginia,Sussex,sussex,County,County,US.VA.SS,51,0,MultiPolygon
USA.47.123_1,USA.47_1,Virginia,Tazewell,tazewell,County,County,US.VA.TA,51,0,MultiPolygon
USA.47.124_1,USA.47_1,Virginia,VirginiaBeach,virginiabeach,IndependentCity,IndependentCity,US.VA.VI,51,0,MultiPolygon
USA.47.125_1,USA.47_1,Virginia,Warren,warren,County,County,US.VA.WR,51,0,MultiPolygon
USA.47.126_1,USA.47_1,Virginia,Washington,washington,County,County,US.VA.WG,51,0,MultiPolygon
USA.47.127_1,USA.47_1,Virginia,Waynesboro,waynesboro,IndependentCity,IndependentCity,US.VA.WS,51,0,MultiPolygon
USA.47.128_1,USA.47_1,Virginia,Westmoreland,westmoreland,County,County,US.VA.WM,51,0,MultiPolygon
USA.47.129_1,USA.47_1,Virginia,Williamsburg,williamsburg,IndependentCity,IndependentCity,US.VA.WL,51,0,MultiPolygon
USA.47.12_1,USA.47_1,Virginia,BedfordCity,bedfordcity,City,County,US.VA.BD,51,0,MultiPolygon
USA.47.130_1,USA.47_1,Virginia,Winchester,winchester,IndependentCity,IndependentCity,US.VA.WH,51,0,MultiPolygon
USA.47.131_1,USA.47_1,Virginia,Wise,wise,County,County,US.VA.WI,51,0,MultiPolygon
USA.47.132_1,USA.47_1,Virginia,Wythe,wythe,County,County,US.VA.WY,51,0,MultiPolygon
USA.47.133_1,USA.47_1,Virginia,York,york,County,County,US.VA.YO,51,0,MultiPolygon
USA.47.13_1,USA.47_1,Virginia,Bland,bland,County,County,US.VA.BL,51,0,MultiPolygon
USA.47.14_1,USA.47_1,Virginia,Botetourt,botetourt,County,County,US.VA.BO,51,0,MultiPolygon
USA.47.15_1,USA.47_1,Virginia,Bristol,bristol,IndependentCity,IndependentCity,US.VA.BI,51,0,MultiPolygon
USA.47.16_1,USA.47_1,Virginia,Brunswick,brunswick,County,County,US.VA.BU,51,0,MultiPolygon
USA.47.17_1,USA.47_1,Virginia,Buchanan,buchanan,County,County,US.VA.BH,51,0,MultiPolygon
USA.47.18_1,USA.47_1,Virginia,Buckingham,buckingham,County,County,US.VA.BK,51,0,MultiPolygon
USA.47.19_1,USA.47_1,Virginia,BuenaVista,buenavista,IndependentCity,IndependentCity,US.VA.BE,51,0,MultiPolygon
USA.47.1_1,USA.47_1,Virginia,Accomack,accomack,County,County,US.VA.AC,51,0,MultiPolygon
USA.47.20_1,USA.47_1,Virginia,Campbell,campbell,County,County,US.VA.CM,51,0,MultiPolygon
USA.47.21_1,USA.47_1,Virginia,Caroline,caroline,County,County,US.VA.CI,51,0,MultiPolygon
USA.47.22_1,USA.47_1,Virginia,Carroll,carroll,County,County,US.VA.CL,51,0,MultiPolygon
USA.47.23_1,USA.47_1,Virginia,CharlesCity,charlescity,County,County,US.VA.CC,51,0,MultiPolygon
USA.47.24_1,USA.47_1,Virginia,Charlotte,charlotte,County,County,US.VA.CT,51,0,MultiPolygon
USA.47.25_1,USA.47_1,Virginia,Charlottesville,charlottesville,IndependentCity,IndependentCity,US.VA.CE,51,0,MultiPolygon
USA.47.26_1,USA.47_1,Virginia,Chesapeake,chesapeake,IndependentCity,IndependentCity,US.VA.CS,51,0,MultiPolygon
USA.47.27_1,USA.47_1,Virginia,Chesterfield,chesterfield,County,County,US.VA.CD,51,0,MultiPolygon
USA.47.28_1,USA.47_1,Virginia,Clarke,clarke,County,County,US.VA.CK,51,0,MultiPolygon
USA.47.29_1,USA.47_1,Virginia,CliftonForgeCity,cliftonforgecity,IndependentCity,IndependentCity,US.VA.CF,51,0,MultiPolygon
USA.47.2_1,USA.47_1,Virginia,Albemarle,albemarle,County,County,US.VA.AB,51,0,MultiPolygon
USA.47.30_1,USA.47_1,Virginia,ColonialHeights,colonialheights,IndependentCity,IndependentCity,US.VA.CH,51,0,MultiPolygon
USA.47.31_1,USA.47_1,Virginia,Covington,covington,IndependentCity,IndependentCity,US.VA.CV,51,0,MultiPolygon
USA.47.32_1,USA.47_1,Virginia,Craig,craig,County,County,US.VA.CG,51,0,MultiPolygon
USA.47.33_1,USA.47_1,Virginia,Culpeper,culpeper,County,County,US.VA.CP,51,0,MultiPolygon
USA.47.34_1,USA.47_1,Virginia,Cumberland,cumberland,County,County,US.VA.CU,51,0,MultiPolygon
USA.47.35_1,USA.47_1,Virginia,Danville,danville,IndependentCity,IndependentCity,US.VA.DA,51,0,MultiPolygon
USA.47.36_1,USA.47_1,Virginia,Dickenson,dickenson,County,County,US.VA.DC,51,0,MultiPolygon
USA.47.37_1,USA.47_1,Virginia,Dinwiddie,dinwiddie,County,County,US.VA.DN,51,0,MultiPolygon
USA.47.38_1,USA.47_1,Virginia,Emporia,emporia,IndependentCity,IndependentCity,US.VA.EM,51,0,MultiPolygon
USA.47.39_1,USA.47_1,Virginia,Essex,essex,County,County,US.VA.ES,51,0,MultiPolygon
USA.47.3_1,USA.47_1,Virginia,Alexandria,alexandria,IndependentCity,IndependentCity,US.VA.AX,51,0,MultiPolygon
USA.47.40_1,USA.47_1,Virginia,Fairfax,fairfax,County,County,US.VA.FC,51,0,MultiPolygon
USA.47.41_1,USA.47_1,Virginia,FairfaxCity,fairfaxcity,City,County,US.VA.FC,51,0,MultiPolygon
USA.47.42_1,USA.47_1,Virginia,FallsChurch,fallschurch,IndependentCity,IndependentCity,US.VA.FU,51,0,MultiPolygon
USA.47.43_1,USA.47_1,Virginia,Fauquier,fauquier,County,County,US.VA.FQ,51,0,MultiPolygon
USA.47.44_1,USA.47_1,Virginia,Floyd,floyd,County,County,US.VA.FO,51,0,MultiPolygon
USA.47.45_1,USA.47_1,Virginia,Fluvanna,fluvanna,County,County,US.VA.FV,51,0,MultiPolygon
USA.47.46_1,USA.47_1,Virginia,Franklin,franklin,County,County,US.VA.FN,51,0,MultiPolygon
USA.47.47_1,USA.47_1,Virginia,Frederick,frederick,County,County,US.VA.FK,51,0,MultiPolygon
USA.47.48_1,USA.47_1,Virginia,Fredericksburg,fredericksburg,IndependentCity,IndependentCity,US.VA.FB,51,0,MultiPolygon
USA.47.49_1,USA.47_1,Virginia,Galax,galax,IndependentCity,IndependentCity,US.VA.GA,51,0,MultiPolygon
USA.47.4_1,USA.47_1,Virginia,Alleghany,alleghany,County,County,US.VA.AL,51,0,MultiPolygon
USA.47.50_1,USA.47_1,Virginia,Giles,giles,County,County,US.VA.GI,51,0,MultiPolygon
USA.47.51_1,USA.47_1,Virginia,Gloucester,gloucester,County,County,US.VA.GL,51,0,MultiPolygon
USA.47.52_1,USA.47_1,Virginia,Goochland,goochland,County,County,US.VA.GO,51,0,MultiPolygon
USA.47.53_1,USA.47_1,Virginia,Grayson,grayson,County,County,US.VA.GY,51,0,MultiPolygon
USA.47.54_1,USA.47_1,Virginia,Greene,greene,County,County,US.VA.GE,51,0,MultiPolygon
USA.47.55_1,USA.47_1,Virginia,Greensville,greensville,County,County,US.VA.GS,51,0,MultiPolygon
USA.47.56_1,USA.47_1,Virginia,Halifax,halifax,County,County,US.VA.HL,51,0,MultiPolygon
USA.47.57_1,USA.47_1,Virginia,Hampton,hampton,IndependentCity,IndependentCity,US.VA.HM,51,0,MultiPolygon
USA.47.58_1,USA.47_1,Virginia,Hanover,hanover,County,County,US.VA.HV,51,0,MultiPolygon
USA.47.59_1,USA.47_1,Virginia,Harrisonburg,harrisonburg,IndependentCity,IndependentCity,US.VA.HS,51,0,MultiPolygon
USA.47.5_1,USA.47_1,Virginia,Amelia,amelia,County,County,US.VA.AI,51,0,MultiPolygon
USA.47.60_1,USA.47_1,Virginia,Henrico,henrico,County,County,US.VA.HC,51,0,MultiPolygon
USA.47.61_1,USA.47_1,Virginia,Henry,henry,County,County,US.VA.HY,51,0,MultiPolygon
USA.47.62_1,USA.47_1,Virginia,Highland,highland,County,County,US.VA.HA,51,0,MultiPolygon
USA.47.63_1,USA.47_1,Virginia,Hopewell,hopewell,IndependentCity,IndependentCity,US.VA.HW,51,0,MultiPolygon
USA.47.64_1,USA.47_1,Virginia,IsleofWight,isleofwight,County,County,US.VA.IS,51,0,MultiPolygon
USA.47.65_1,USA.47_1,Virginia,JamesCity,jamescity,County,County,US.VA.JA,51,0,MultiPolygon
USA.47.66_1,USA.47_1,Virginia,KingandQueen,kingandqueen,County,County,US.VA.KA,51,0,MultiPolygon
USA.47.67_1,USA.47_1,Virginia,KingGeorge,kinggeorge,County,County,US.VA.KG,51,0,MultiPolygon
USA.47.68_1,USA.47_1,Virginia,KingWilliam,kingwilliam,County,County,US.VA.KW,51,0,MultiPolygon
USA.47.69_1,USA.47_1,Virginia,Lancaster,lancaster,County,County,US.VA.LA,51,0,MultiPolygon
USA.47.6_1,USA.47_1,Virginia,Amherst,amherst,County,County,US.VA.AH,51,0,MultiPolygon
USA.47.70_1,USA.47_1,Virginia,Lee,lee,County,County,US.VA.LE,51,0,MultiPolygon
USA.47.71_1,USA.47_1,Virginia,Lexington,lexington,IndependentCity,IndependentCity,US.VA.LX,51,0,MultiPolygon
USA.47.72_1,USA.47_1,Virginia,Loudoun,loudoun,County,County,US.VA.LD,51,0,MultiPolygon
USA.47.73_1,USA.47_1,Virginia,Louisa,louisa,County,County,US.VA.LI,51,0,MultiPolygon
USA.47.74_1,USA.47_1,Virginia,Lunenburg,lunenburg,County,County,US.VA.LN,51,0,MultiPolygon
USA.47.75_1,USA.47_1,Virginia,Lynchburg,lynchburg,IndependentCity,IndependentCity,US.VA.LY,51,0,MultiPolygon
USA.47.76_1,USA.47_1,Virginia,Madison,madison,County,County,US.VA.MD,51,0,MultiPolygon
USA.47.77_1,USA.47_1,Virginia,Manassas,manassas,IndependentCity,IndependentCity,US.VA.MS,51,0,MultiPolygon
USA.47.78_1,USA.47_1,Virginia,ManassasPark,manassaspark,IndependentCity,IndependentCity,US.VA.MP,51,0,MultiPolygon
USA.47.79_1,USA.47_1,Virginia,Martinsville,martinsville,IndependentCity,IndependentCity,US.VA.MR,51,0,MultiPolygon
USA.47.7_1,USA.47_1,Virginia,Appomattox,appomattox,County,County,US.VA.AP,51,0,MultiPolygon
USA.47.80_1,USA.47_1,Virginia,Mathews,mathews,County,County,US.VA.MT,51,0,MultiPolygon
USA.47.81_1,USA.47_1,Virginia,Mecklenburg,mecklenburg,County,County,US.VA.ME,51,0,MultiPolygon
USA.47.82_1,USA.47_1,Virginia,Middlesex,middlesex,County,County,US.VA.MI,51,0,MultiPolygon
USA.47.83_1,USA.47_1,Virginia,Montgomery,montgomery,County,County,US.VA.MO,51,0,MultiPolygon
USA.47.84_1,USA.47_1,Virginia,Nelson,nelson,County,County,US.VA.NL,51,0,MultiPolygon
USA.47.85_1,USA.47_1,Virginia,NewKent,newkent,County,County,US.VA.NK,51,0,MultiPolygon
USA.47.86_1,USA.47_1,Virginia,NewportNews,newportnews,IndependentCity,IndependentCity,US.VA.NN,51,0,MultiPolygon
USA.47.87_1,USA.47_1,Virginia,Norfolk,norfolk,IndependentCity,IndependentCity,US.VA.NF,51,0,MultiPolygon
USA.47.88_1,USA.47_1,Virginia,Northampton,northampton,County,County,US.VA.NA,51,0,MultiPolygon
USA.47.89_1,USA.47_1,Virginia,Northumberland,northumberland,County,County,US.VA.NU,51,0,MultiPolygon
USA.47.8_1,USA.47_1,Virginia,Arlington,arlington,County,County,US.VA.AR,51,0,MultiPolygon
USA.47.90_1,USA.47_1,Virginia,Norton,norton,IndependentCity,IndependentCity,US.VA.NC,51,0,MultiPolygon
USA.47.91_1,USA.47_1,Virginia,Nottoway,nottoway,County,County,US.VA.NY,51,0,MultiPolygon
USA.47.92_1,USA.47_1,Virginia,Orange,orange,County,County,US.VA.OR,51,0,MultiPolygon
USA.47.93_1,USA.47_1,Virginia,Page,page,County,County,US.VA.PA,51,0,MultiPolygon
USA.47.94_1,USA.47_1,Virginia,Patrick,patrick,County,County,US.VA.PK,51,0,MultiPolygon
USA.47.95_1,USA.47_1,Virginia,Petersburg,petersburg,IndependentCity,IndependentCity,US.VA.PB,51,0,MultiPolygon
USA.47.96_1,USA.47_1,Virginia,Pittsylvania,pittsylvania,County,County,US.VA.PS,51,0,MultiPolygon
USA.47.97_1,USA.47_1,Virginia,Poquoson,poquoson,IndependentCity,IndependentCity,US.VA.PQ,51,0,MultiPolygon
USA.47.98_1,USA.47_1,Virginia,Portsmouth,portsmouth,IndependentCity,IndependentCity,US.VA.PR,51,0,MultiPolygon
USA.47.99_1,USA.47_1,Virginia,Powhatan,powhatan,County,County,US.VA.PH,51,0,MultiPolygon
USA.47.9_1,USA.47_1,Virginia,Augusta,augusta,County,County,US.VA.AU,51,0,MultiPolygon
USA.48.10_1,USA.48_1,Washington,Ferry,ferry,County,County,US.WA.FE,53,0,MultiPolygon
USA.48.11_1,USA.48_1,Washington,Franklin,franklin,County,County,US.WA.FR,53,0,MultiPolygon
USA.48.12_1,USA.48_1,Washington,Garfield,garfield,County,County,US.WA.GF,53,0,MultiPolygon
USA.48.13_1,USA.48_1,Washington,Grant,grant,County,County,US.WA.GN,53,0,MultiPolygon
USA.48.14_1,USA.48_1,Washington,GraysHarbor,graysharbor,County,County,US.WA.GY,53,0,MultiPolygon
USA.48.15_1,USA.48_1,Washington,Island,island,County,County,US.WA.IS,53,0,MultiPolygon
USA.48.16_1,USA.48_1,Washington,Jefferson,jefferson,County,County,US.WA.JE,53,0,MultiPolygon
USA.48.17_1,USA.48_1,Washington,King,king,County,County,US.WA.KN,53,0,MultiPolygon
USA.48.18_1,USA.48_1,Washington,Kitsap,kitsap,County,County,US.WA.KS,53,0,MultiPolygon
USA.48.19_1,USA.48_1,Washington,Kittitas,kittitas,County,County,US.WA.KT,53,0,MultiPolygon
USA.48.1_1,USA.48_1,Washington,Adams,adams,County,County,US.WA.AD,53,0,MultiPolygon
USA.48.20_1,USA.48_1,Washington,Klickitat,klickitat,County,County,US.WA.KL,53,0,MultiPolygon
USA.48.21_1,USA.48_1,Washington,Lewis,lewis,County,County,US.WA.LE,53,0,MultiPolygon
USA.48.22_1,USA.48_1,Washington,Lincoln,lincoln,County,County,US.WA.LI,53,0,MultiPolygon
USA.48.23_1,USA.48_1,Washington,Mason,mason,County,County,US.WA.MA,53,0,MultiPolygon
USA.48.24_1,USA.48_1,Washington,Okanogan,okanogan,County,County,US.WA.OK,53,0,MultiPolygon
USA.48.25_1,USA.48_1,Washington,Pacific,pacific,County,County,US.WA.PA,53,0,MultiPolygon
USA.48.26_1,USA.48_1,Washington,PendOreille,pendoreille,County,County,US.WA.PE,53,0,MultiPolygon
USA.48.27_1,USA.48_1,Washington,Pierce,pierce,County,County,US.WA.PI,53,0,MultiPolygon
USA.48.28_1,USA.48_1,Washington,SanJuan,sanjuan,County,County,US.WA.SA,53,0,MultiPolygon
USA.48.29_1,USA.48_1,Washington,Skagit,skagit,County,County,US.WA.SG,53,0,MultiPolygon
USA.48.2_1,USA.48_1,Washington,Asotin,asotin,County,County,US.WA.AS,53,0,MultiPolygon
USA.48.30_1,USA.48_1,Washington,Skamania,skamania,County,County,US.WA.SM,53,0,MultiPolygon
USA.48.31_1,USA.48_1,Washington,Snohomish,snohomish,County,County,US.WA.SN,53,0,MultiPolygon
USA.48.32_1,USA.48_1,Washington,Spokane,spokane,County,County,US.WA.SP,53,0,MultiPolygon
USA.48.33_1,USA.48_1,Washington,Stevens,stevens,County,County,US.WA.ST,53,0,MultiPolygon
USA.48.34_1,USA.48_1,Washington,Thurston,thurston,County,County,US.WA.TH,53,0,MultiPolygon
USA.48.35_1,USA.48_1,Washington,Wahkiakum,wahkiakum,County,County,US.WA.WH,53,0,MultiPolygon
USA.48.36_1,USA.48_1,Washington,WallaWalla,wallawalla,County,County,US.WA.WL,53,0,MultiPolygon
USA.48.37_1,USA.48_1,Washington,Whatcom,whatcom,County,County,US.WA.WA,53,0,MultiPolygon
USA.48.38_1,USA.48_1,Washington,Whitman,whitman,County,County,US.WA.WI,53,0,MultiPolygon
USA.48.39_1,USA.48_1,Washington,Yakima,yakima,County,County,US.WA.YA,53,0,MultiPolygon
USA.48.3_1,USA.48_1,Washington,Benton,benton,County,County,US.WA.BE,53,0,MultiPolygon
USA.48.4_1,USA.48_1,Washington,Chelan,chelan,County,County,US.WA.CH,53,0,MultiPolygon
USA.48.5_1,USA.48_1,Washington,Clallam,clallam,County,County,US.WA.CL,53,0,MultiPolygon
USA.48.6_1,USA.48_1,Washington,Clark,clark,County,County,US.WA.CR,53,0,MultiPolygon
USA.48.7_1,USA.48_1,Washington,Columbia,columbia,County,County,US.WA.CM,53,0,MultiPolygon
USA.48.8_1,USA.48_1,Washington,Cowlitz,cowlitz,County,County,US.WA.CW,53,0,MultiPolygon
USA.48.9_1,USA.48_1,Washington,Douglas,douglas,County,County,US.WA.DO,53,0,MultiPolygon
USA.49.10_1,USA.49_1,WestVirginia,Fayette,fayette,County,County,US.WV.FA,54,0,MultiPolygon
USA.49.11_1,USA.49_1,WestVirginia,Gilmer,gilmer,County,County,US.WV.GI,54,0,MultiPolygon
USA.49.12_1,USA.49_1,WestVirginia,Grant,grant,County,County,US.WV.GA,54,0,MultiPolygon
USA.49.13_1,USA.49_1,WestVirginia,Greenbrier,greenbrier,County,County,US.WV.GE,54,0,MultiPolygon
USA.49.14_1,USA.49_1,WestVirginia,Hampshire,hampshire,County,County,US.WV.HM,54,0,MultiPolygon
USA.49.15_1,USA.49_1,WestVirginia,Hancock,hancock,County,County,US.WV.HN,54,0,MultiPolygon
USA.49.16_1,USA.49_1,WestVirginia,Hardy,hardy,County,County,US.WV.HD,54,0,MultiPolygon
USA.49.17_1,USA.49_1,WestVirginia,Harrison,harrison,County,County,US.WV.HR,54,0,MultiPolygon
USA.49.18_1,USA.49_1,WestVirginia,Jackson,jackson,County,County,US.WV.JA,54,0,MultiPolygon
USA.49.19_1,USA.49_1,WestVirginia,Jefferson,jefferson,County,County,US.WV.JE,54,0,MultiPolygon
USA.49.1_1,USA.49_1,WestVirginia,Barbour,barbour,County,County,US.WV.BB,54,0,MultiPolygon
USA.49.20_1,USA.49_1,WestVirginia,Kanawha,kanawha,County,County,US.WV.KA,54,0,MultiPolygon
USA.49.21_1,USA.49_1,WestVirginia,Lewis,lewis,County,County,US.WV.LE,54,0,MultiPolygon
USA.49.22_1,USA.49_1,WestVirginia,Lincoln,lincoln,County,County,US.WV.LI,54,0,MultiPolygon
USA.49.23_1,USA.49_1,WestVirginia,Logan,logan,County,County,US.WV.LO,54,0,MultiPolygon
USA.49.24_1,USA.49_1,WestVirginia,Marion,marion,County,County,US.WV.MI,54,0,MultiPolygon
USA.49.25_1,USA.49_1,WestVirginia,Marshall,marshall,County,County,US.WV.MH,54,0,MultiPolygon
USA.49.26_1,USA.49_1,WestVirginia,Mason,mason,County,County,US.WV.MN,54,0,MultiPolygon
USA.49.27_1,USA.49_1,WestVirginia,McDowell,mcdowell,County,County,US.WV.MC,54,0,MultiPolygon
USA.49.28_1,USA.49_1,WestVirginia,Mercer,mercer,County,County,US.WV.MR,54,0,MultiPolygon
USA.49.29_1,USA.49_1,WestVirginia,Mineral,mineral,County,County,US.WV.ML,54,0,MultiPolygon
USA.49.2_1,USA.49_1,WestVirginia,Berkeley,berkeley,County,County,US.WV.BE,54,0,MultiPolygon
USA.49.30_1,USA.49_1,WestVirginia,Mingo,mingo,County,County,US.WV.MO,54,0,MultiPolygon
USA.49.31_1,USA.49_1,WestVirginia,Monongalia,monongalia,County,County,US.WV.MG,54,0,MultiPolygon
USA.49.32_1,USA.49_1,WestVirginia,Monroe,monroe,County,County,US.WV.ME,54,0,MultiPolygon
USA.49.33_1,USA.49_1,WestVirginia,Morgan,morgan,County,County,US.WV.MA,54,0,MultiPolygon
USA.49.34_1,USA.49_1,WestVirginia,Nicholas,nicholas,County,County,US.WV.NI,54,0,MultiPolygon
USA.49.35_1,USA.49_1,WestVirginia,Ohio,ohio,County,County,US.WV.OH,54,0,MultiPolygon
USA.49.36_1,USA.49_1,WestVirginia,Pendleton,pendleton,County,County,US.WV.PE,54,0,MultiPolygon
USA.49.37_1,USA.49_1,WestVirginia,Pleasants,pleasants,County,County,US.WV.PL,54,0,MultiPolygon
USA.49.38_1,USA.49_1,WestVirginia,Pocahontas,pocahontas,County,County,US.WV.PO,54,0,MultiPolygon
USA.49.39_1,USA.49_1,WestVirginia,Preston,preston,County,County,US.WV.PR,54,0,MultiPolygon
USA.49.3_1,USA.49_1,WestVirginia,Boone,boone,County,County,US.WV.BN,54,0,MultiPolygon
USA.49.40_1,USA.49_1,WestVirginia,Putnam,putnam,County,County,US.WV.PU,54,0,MultiPolygon
USA.49.41_1,USA.49_1,WestVirginia,Raleigh,raleigh,County,County,US.WV.RL,54,0,MultiPolygon
USA.49.42_1,USA.49_1,WestVirginia,Randolph,randolph,County,County,US.WV.RN,54,0,MultiPolygon
USA.49.43_1,USA.49_1,WestVirginia,Ritchie,ritchie,County,County,US.WV.RI,54,0,MultiPolygon
USA.49.44_1,USA.49_1,WestVirginia,Roane,roane,County,County,US.WV.RO,54,0,MultiPolygon
USA.49.45_1,USA.49_1,WestVirginia,Summers,summers,County,County,US.WV.SU,54,0,MultiPolygon
USA.49.46_1,USA.49_1,WestVirginia,Taylor,taylor,County,County,US.WV.TA,54,0,MultiPolygon
USA.49.47_1,USA.49_1,WestVirginia,Tucker,tucker,County,County,US.WV.TU,54,0,MultiPolygon
USA.49.48_1,USA.49_1,WestVirginia,Tyler,tyler,County,County,US.WV.TY,54,0,MultiPolygon
USA.49.49_1,USA.49_1,WestVirginia,Upshur,upshur,County,County,US.WV.UP,54,0,MultiPolygon
USA.49.4_1,USA.49_1,WestVirginia,Braxton,braxton,County,County,US.WV.BX,54,0,MultiPolygon
USA.49.50_1,USA.49_1,WestVirginia,Wayne,wayne,County,County,US.WV.WA,54,0,MultiPolygon
USA.49.51_1,USA.49_1,WestVirginia,Webster,webster,County,County,US.WV.WB,54,0,MultiPolygon
USA.49.52_1,USA.49_1,WestVirginia,Wetzel,wetzel,County,County,US.WV.WT,54,0,MultiPolygon
USA.49.53_1,USA.49_1,WestVirginia,Wirt,wirt,County,County,US.WV.WI,54,0,MultiPolygon
USA.49.54_1,USA.49_1,WestVirginia,Wood,wood,County,County,US.WV.WO,54,0,MultiPolygon
USA.49.55_1,USA.49_1,WestVirginia,Wyoming,wyoming,County,County,US.WV.WY,54,0,MultiPolygon
USA.49.5_1,USA.49_1,WestVirginia,Brooke,brooke,County,County,US.WV.BO,54,0,MultiPolygon
USA.49.6_1,USA.49_1,WestVirginia,Cabell,cabell,County,County,US.WV.CB,54,0,MultiPolygon
USA.49.7_1,USA.49_1,WestVirginia,Calhoun,calhoun,County,County,US.WV.CH,54,0,MultiPolygon
USA.49.8_1,USA.49_1,WestVirginia,Clay,clay,County,County,US.WV.CY,54,0,MultiPolygon
USA.49.9_1,USA.49_1,WestVirginia,Doddridge,doddridge,County,County,US.WV.DO,54,0,MultiPolygon
USA.50.10_1,USA.50_1,Wisconsin,Clark,clark,County,County,US.WI.CL,55,0,MultiPolygon
USA.50.11_1,USA.50_1,Wisconsin,Columbia,columbia,County,County,US.WI.CO,55,0,MultiPolygon
USA.50.12_1,USA.50_1,Wisconsin,Crawford,crawford,County,County,US.WI.CR,55,0,MultiPolygon
USA.50.13_1,USA.50_1,Wisconsin,Dane,dane,County,County,US.WI.DA,55,0,MultiPolygon
USA.50.14_1,USA.50_1,Wisconsin,Dodge,dodge,County,County,US.WI.DD,55,0,MultiPolygon
USA.50.15_1,USA.50_1,Wisconsin,Door,door,County,County,US.WI.DO,55,0,MultiPolygon
USA.50.16_1,USA.50_1,Wisconsin,Douglas,douglas,County,County,US.WI.DG,55,0,MultiPolygon
USA.50.17_1,USA.50_1,Wisconsin,Dunn,dunn,County,County,US.WI.DN,55,0,MultiPolygon
USA.50.18_1,USA.50_1,Wisconsin,EauClaire,eauclaire,County,County,US.WI.EA,55,0,MultiPolygon
USA.50.19_1,USA.50_1,Wisconsin,Florence,florence,County,County,US.WI.FL,55,0,MultiPolygon
USA.50.1_1,USA.50_1,Wisconsin,Adams,adams,County,County,US.WI.AD,55,0,MultiPolygon
USA.50.20_1,USA.50_1,Wisconsin,FondduLac,fonddulac,County,County,US.WI.FN,55,0,MultiPolygon
USA.50.21_1,USA.50_1,Wisconsin,Forest,forest,County,County,US.WI.FR,55,0,MultiPolygon
USA.50.22_1,USA.50_1,Wisconsin,Grant,grant,County,County,US.WI.GA,55,0,MultiPolygon
USA.50.23_1,USA.50_1,Wisconsin,Green,green,County,County,US.WI.GN,55,0,MultiPolygon
USA.50.24_1,USA.50_1,Wisconsin,GreenLake,greenlake,County,County,US.WI.GL,55,0,MultiPolygon
USA.50.25_1,USA.50_1,Wisconsin,Iowa,iowa,County,County,US.WI.IO,55,0,MultiPolygon
USA.50.26_1,USA.50_1,Wisconsin,Iron,iron,County,County,US.WI.IR,55,0,MultiPolygon
USA.50.27_1,USA.50_1,Wisconsin,Jackson,jackson,County,County,US.WI.JA,55,0,MultiPolygon
USA.50.28_1,USA.50_1,Wisconsin,Jefferson,jefferson,County,County,US.WI.JE,55,0,MultiPolygon
USA.50.29_1,USA.50_1,Wisconsin,Juneau,juneau,County,County,US.WI.JU,55,0,MultiPolygon
USA.50.2_1,USA.50_1,Wisconsin,Ashland,ashland,County,County,US.WI.AS,55,0,MultiPolygon
USA.50.30_1,USA.50_1,Wisconsin,Kenosha,kenosha,County,County,US.WI.KN,55,0,MultiPolygon
USA.50.31_1,USA.50_1,Wisconsin,Kewaunee,kewaunee,County,County,US.WI.KW,55,0,MultiPolygon
USA.50.32_1,USA.50_1,Wisconsin,LaCrosse,lacrosse,County,County,US.WI.LA,55,0,MultiPolygon
USA.50.33_1,USA.50_1,Wisconsin,Lafayette,lafayette,County,County,US.WI.LF,55,0,MultiPolygon
USA.50.34_1,USA.50_1,Wisconsin,LakeMichigan,lakemichigan,Waterbody,Waterbody,US.WI.WB,55,1,MultiPolygon
USA.50.35_1,USA.50_1,Wisconsin,LakeSuperior,lakesuperior,Waterbody,Waterbody,US.WI.WB,55,1,MultiPolygon
USA.50.36_1,USA.50_1,Wisconsin,Langlade,langlade,County,County,US.WI.LN,55,0,MultiPolygon
USA.50.37_1,USA.50_1,Wisconsin,Lincoln,lincoln,County,County,US.WI.LI,55,0,MultiPolygon
USA.50.38_1,USA.50_1,Wisconsin,Manitowoc,manitowoc,County,County,US.WI.MW,55,0,MultiPolygon
USA.50.39_1,USA.50_1,Wisconsin,Marathon,marathon,County,County,US.WI.MH,55,0,MultiPolygon
USA.50.3_1,USA.50_1,Wisconsin,Barron,barron,County,County,US.WI.BR,55,0,MultiPolygon
USA.50.40_1,USA.50_1,Wisconsin,Marinette,marinette,County,County,US.WI.MT,55,0,MultiPolygon
USA.50.41_1,USA.50_1,Wisconsin,Marquette,marquette,County,County,US.WI.MQ,55,0,MultiPolygon
USA.50.42_1,USA.50_1,Wisconsin,Menominee,menominee,County,County,US.WI.MN,55,0,MultiPolygon
USA.50.43_1,USA.50_1,Wisconsin,Milwaukee,milwaukee,County,County,US.WI.MU,55,0,MultiPolygon
USA.50.44_1,USA.50_1,Wisconsin,Monroe,monroe,County,County,US.WI.MO,55,0,MultiPolygon
USA.50.45_1,USA.50_1,Wisconsin,Oconto,oconto,County,County,US.WI.OC,55,0,MultiPolygon
USA.50.46_1,USA.50_1,Wisconsin,Oneida,oneida,County,County,US.WI.ON,55,0,MultiPolygon
USA.50.47_1,USA.50_1,Wisconsin,Outagamie,outagamie,County,County,US.WI.OU,55,0,MultiPolygon
USA.50.48_1,USA.50_1,Wisconsin,Ozaukee,ozaukee,County,County,US.WI.OZ,55,0,MultiPolygon
USA.50.49_1,USA.50_1,Wisconsin,Pepin,pepin,County,County,US.WI.PE,55,0,MultiPolygon
USA.50.4_1,USA.50_1,Wisconsin,Bayfield,bayfield,County,County,US.WI.BY,55,0,MultiPolygon
USA.50.50_1,USA.50_1,Wisconsin,Pierce,pierce,County,County,US.WI.PI,55,0,MultiPolygon
USA.50.51_1,USA.50_1,Wisconsin,Polk,polk,County,County,US.WI.PL,55,0,MultiPolygon
USA.50.52_1,USA.50_1,Wisconsin,Portage,portage,County,County,US.WI.PT,55,0,MultiPolygon
USA.50.53_1,USA.50_1,Wisconsin,Price,price,County,County,US.WI.PC,55,0,MultiPolygon
USA.50.54_1,USA.50_1,Wisconsin,Racine,racine,County,County,US.WI.RA,55,0,MultiPolygon
USA.50.55_1,USA.50_1,Wisconsin,Richland,richland,County,County,US.WI.RI,55,0,MultiPolygon
USA.50.56_1,USA.50_1,Wisconsin,Rock,rock,County,County,US.WI.RO,55,0,MultiPolygon
USA.50.57_1,USA.50_1,Wisconsin,Rusk,rusk,County,County,US.WI.RU,55,0,MultiPolygon
USA.50.58_1,USA.50_1,Wisconsin,SaintCroix,saintcroix,County,County,US.WI.SI,55,0,MultiPolygon
USA.50.59_1,USA.50_1,Wisconsin,Sauk,sauk,County,County,US.WI.SU,55,0,MultiPolygon
USA.50.5_1,USA.50_1,Wisconsin,Brown,brown,County,County,US.WI.BW,55,0,MultiPolygon
USA.50.60_1,USA.50_1,Wisconsin,Sawyer,sawyer,County,County,US.WI.SW,55,0,MultiPolygon
USA.50.61_1,USA.50_1,Wisconsin,Shawano,shawano,County,County,US.WI.SA,55,0,MultiPolygon
USA.50.62_1,USA.50_1,Wisconsin,Sheboygan,sheboygan,County,County,US.WI.SE,55,0,MultiPolygon
USA.50.63_1,USA.50_1,Wisconsin,Taylor,taylor,County,County,US.WI.TA,55,0,MultiPolygon
USA.50.64_1,USA.50_1,Wisconsin,Trempealeau,trempealeau,County,County,US.WI.TR,55,0,MultiPolygon
USA.50.65_1,USA.50_1,Wisconsin,Vernon,vernon,County,County,US.WI.VE,55,0,MultiPolygon
USA.50.66_1,USA.50_1,Wisconsin,Vilas,vilas,County,County,US.WI.VI,55,0,MultiPolygon
USA.50.67_1,USA.50_1,Wisconsin,Walworth,walworth,County,County,US.WI.WL,55,0,MultiPolygon
USA.50.68_1,USA.50_1,Wisconsin,Washburn,washburn,County,County,US.WI.WR,55,0,MultiPolygon
USA.50.69_1,USA.50_1,Wisconsin,Washington,washington,County,County,US.WI.WN,55,0,MultiPolygon
USA.50.6_1,USA.50_1,Wisconsin,Buffalo,buffalo,County,County,US.WI.BF,55,0,MultiPolygon
USA.50.70_1,USA.50_1,Wisconsin,Waukesha,waukesha,County,County,US.WI.WK,55,0,MultiPolygon
USA.50.71_1,USA.50_1,Wisconsin,Waupaca,waupaca,County,County,US.WI.WP,55,0,MultiPolygon
USA.50.72_1,USA.50_1,Wisconsin,Waushara,waushara,County,County,US.WI.WS,55,0,MultiPolygon
USA.50.73_1,USA.50_1,Wisconsin,Winnebago,winnebago,County,County,US.WI.WA,55,0,MultiPolygon
USA.50.74_1,USA.50_1,Wisconsin,Wood,wood,County,County,US.WI.WO,55,0,MultiPolygon
USA.50.7_1,USA.50_1,Wisconsin,Burnett,burnett,County,County,US.WI.BN,55,0,MultiPolygon
USA.50.8_1,USA.50_1,Wisconsin,Calumet,calumet,County,County,US.WI.CA,55,0,MultiPolygon
USA.50.9_1,USA.50_1,Wisconsin,Chippewa,chippewa,County,County,US.WI.CH,55,0,MultiPolygon
USA.51.10_1,USA.51_1,Wyoming,Johnson,johnson,County,County,US.WY.JO,56,0,MultiPolygon
USA.51.11_1,USA.51_1,Wyoming,Laramie,laramie,County,County,US.WY.LA,56,0,MultiPolygon
USA.51.12_1,USA.51_1,Wyoming,Lincoln,lincoln,County,County,US.WY.LI,56,0,MultiPolygon
USA.51.13_1,USA.51_1,Wyoming,Natrona,natrona,County,County,US.WY.NA,56,0,MultiPolygon
USA.51.14_1,USA.51_1,Wyoming,Niobrara,niobrara,County,County,US.WY.NI,56,0,MultiPolygon
USA.51.15_1,USA.51_1,Wyoming,Park,park,County,County,US.WY.PA,56,0,MultiPolygon
USA.51.16_1,USA.51_1,Wyoming,Platte,platte,County,County,US.WY.PL,56,0,MultiPolygon
USA.51.17_1,USA.51_1,Wyoming,Sheridan,sheridan,County,County,US.WY.SH,56,0,MultiPolygon
USA.51.18_1,USA.51_1,Wyoming,Sublette,sublette,County,County,US.WY.SU,56,0,MultiPolygon
USA.51.19_1,USA.51_1,Wyoming,Sweetwater,sweetwater,County,County,US.WY.SW,56,0,MultiPolygon
USA.51.1_1,USA.51_1,Wyoming,Albany,albany,County,County,US.WY.AL,56,0,MultiPolygon
USA.51.20_1,USA.51_1,Wyoming,Teton,teton,County,County,US.WY.TE,56,0,MultiPolygon
USA.51.21_1,USA.51_1,Wyoming,Uinta,uinta,County,County,US.WY.UI,56,0,MultiPolygon
USA.51.22_1,USA.51_1,Wyoming,Washakie,washakie,County,County,US.WY.WA,56,0,MultiPolygon
USA.51.23_1,USA.51_1,Wyoming,Weston,weston,County,County,US.WY.WE,56,0,MultiPolygon
USA.51.2_1,USA.51_1,Wyoming,BigHorn,bighorn,County,County,US.WY.BI,56,0,MultiPolygon
USA.51.3_1,USA.51_1,Wyoming,Campbell,campbell,County,County,US.WY.CM,56,0,MultiPolygon
USA.51.4_1,USA.51_1,Wyoming,Carbon,carbon,County,County,US.WY.CB,56,0,MultiPolygon
USA.51.5_1,USA.51_1,Wyoming,Converse,converse,County,County,US.WY.CE,56,0,MultiPolygon
USA.51.6_1,USA.51_1,Wyoming,Crook,crook,County,County,US.WY.CK,56,0,MultiPolygon
USA.51.7_1,USA.51_1,Wyoming,Fremont,fremont,County,County,US.WY.FR,56,0,MultiPolygon
USA.51.8_1,USA.51_1,Wyoming,Goshen,goshen,County,County,US.WY.GO,56,0,MultiPolygon
USA.51.9_1,USA.51_1,Wyoming,HotSprings,hotsprings,County,County,US.WY.HO,56,0,MultiPolygon
