{
"type": "FeatureCollection",
"name": "05_USM13_都市圈边界",
"crs": { "type": "name", "properties": { "name": "urn:ogc:def:crs:OGC:1.3:CRS84" } },
"features": [
{ "type": "Feature", "properties": { "metro_id": "USM13", "GID_2": "USA.31.2_1", "GID_0": "USA", "COUNTRY": "UnitedStates", "GID_1": "USA.31_1", "NAME_1": "NewJersey", "NL_NAME_1": "NA", "NAME_2": "Bergen", "VARNAME_2": "NA", "NL_NAME_2": "NA", "TYPE_2": "County", "ENGTYPE_2": "County", "CC_2": "NA", "HASC_2": "US.NJ.BE", "level": 3, "admin_level": 2, "metro_name": "New York-Newark-Jersey City, NY-NJ-PA" }, "geometry": { "type": "MultiPolygon", "coordinates": [ [ [ [ -74.3467, 39.5068 ], [ -74.3528, 39.5094 ], [ -74.3517, 39.5108 ], [ -74.3444, 39.5102 ], [ -74.3401, 39.5085 ], [ -74.3467, 39.5068 ] ] ], [ [ [ -74.3458, 39.5144 ], [ -74.3464, 39.5128 ], [ -74.3494, 39.5142 ], [ -74.3506, 39.5181 ], [ -74.3458, 39.5144 ] ] ], [ [ [ -74.3422, 39.5128 ], [ -74.3511, 39.5206 ], [ -74.351, 39.5239 ], [ -74.3492, 39.5239 ], [ -74.3433, 39.5181 ], [ -74.3414, 39.5139 ], [ -74.3422, 39.5128 ] ] ], [ [ [ -74.3489, 39.5253 ], [ -74.3459, 39.525 ], [ -74.3358, 39.5189 ], [ -74.3392, 39.5144 ], [ -74.3489, 39.5253 ] ] ], [ [ [ -74.285, 39.5375 ], [ -74.2847, 39.5386 ], [ -74.2806, 39.5397 ], [ -74.2825, 39.5369 ], [ -74.285, 39.5375 ] ] ], [ [ [ -74.2761, 39.5389 ], [ -74.2797, 39.5386 ], [ -74.2746, 39.5434 ], [ -74.2732, 39.541 ], [ -74.2761, 39.5389 ] ] ], [ [ [ -74.2733, 39.5475 ], [ -74.275, 39.5464 ], [ -74.2769, 39.5486 ], [ -74.2761, 39.5497 ], [ -74.2747, 39.5497 ], [ -74.2733, 39.5475 ] ] ], [ [ [ -74.3039, 39.5439 ], [ -74.3119, 39.5489 ], [ -74.3083, 39.5569 ], [ -74.3089, 39.5622 ], [ -74.3044, 39.5639 ], [ -74.3031, 39.56 ], [ -74.3053, 39.5572 ], [ -74.2978, 39.5481 ], [ -74.2953, 39.5494 ], [ -74.2931, 39.5483 ], [ -74.2942, 39.5439 ], [ -74.2969, 39.5456 ], [ -74.3, 39.5436 ], [ -74.3039, 39.5439 ] ] ], [ [ [ -74.2744, 39.5631 ], [ -74.2722, 39.56 ], [ -74.2742, 39.555 ], [ -74.2731, 39.5517 ], [ -74.2808, 39.5497 ], [ -74.2822, 39.5539 ], [ -74.28, 39.5522 ], [ -74.2775, 39.5544 ], [ -74.2758, 39.5619 ], [ -74.2744, 39.5631 ] ] ], [ [ [ -74.2956, 39.5653 ], [ -74.2958, 39.5606 ], [ -74.2892, 39.5517 ], [ -74.2906, 39.5497 ], [ -74.2967, 39.5536 ], [ -74.2972, 39.5567 ], [ -74.3017, 39.5611 ], [ -74.3003, 39.5639 ], [ -74.2956, 39.5653 ] ] ], [ [ [ -74.2478, 39.5606 ], [ -74.2489, 39.5594 ], [ -74.2517, 39.5575 ], [ -74.2491, 39.5573 ], [ -74.2495, 39.5563 ], [ -74.2542, 39.5544 ], [ -74.2547, 39.5556 ], [ -74.2511, 39.5603 ], [ -74.2489, 39.5614 ], [ -74.2478, 39.5606 ] ] ], [ [ [ -74.2819, 39.5627 ], [ -74.2826, 39.5581 ], [ -74.2857, 39.5535 ], [ -74.2924, 39.5604 ], [ -74.2921, 39.5636 ], [ -74.2902, 39.566 ], [ -74.2831, 39.5636 ], [ -74.2819, 39.5627 ] ] ], [ [ [ -74.2742, 39.5642 ], [ -74.2761, 39.5631 ], [ -74.2772, 39.5656 ], [ -74.2756, 39.5664 ], [ -74.2742, 39.5642 ] ] ], [ [ [ -74.2822, 39.5686 ], [ -74.2806, 39.5697 ], [ -74.2786, 39.5678 ], [ -74.2781, 39.5667 ], [ -74.28, 39.5653 ], [ -74.2822, 39.5686 ] ] ], [ [ [ -74.2469, 39.5703 ], [ -74.2444, 39.5703 ], [ -74.2459, 39.5676 ], [ -74.2478, 39.5686 ], [ -74.2469, 39.5703 ] ] ], [ [ [ -74.2328, 39.5822 ], [ -74.2339, 39.5792 ], [ -74.2372, 39.5781 ], [ -74.2389, 39.5806 ], [ -74.2328, 39.5822 ] ] ], [ [ [ -74.2367, 39.5833 ], [ -74.2397, 39.5814 ], [ -74.2411, 39.5825 ], [ -74.2397, 39.5867 ], [ -74.2361, 39.5858 ], [ -74.2353, 39.5847 ], [ -74.2367, 39.5833 ] ] ], [ [ [ -74.2281, 39.6011 ], [ -74.2267, 39.6039 ], [ -74.2247, 39.6006 ], [ -74.2269, 39.5997 ], [ -74.2281, 39.6011 ] ] ], [ [ [ -74.2101, 39.6387 ], [ -74.208, 39.6358 ], [ -74.2104, 39.6329 ], [ -74.2119, 39.6336 ], [ -74.2125, 39.6348 ], [ -74.2101, 39.6387 ] ] ], [ [ [ -74.1977, 39.6355 ], [ -74.1987, 39.6393 ], [ -74.195, 39.6398 ], [ -74.1926, 39.6366 ], [ -74.199, 39.6321 ], [ -74.1977, 39.6355 ] ] ], [ [ [ -74.1142, 39.7581 ], [ -74.1103, 39.7625 ], [ -74.1056, 39.765 ], [ -74.0922, 39.7573 ], [ -74.0997, 39.7564 ], [ -74.103, 39.7502 ], [ -74.1128, 39.7423 ], [ -74.1386, 39.6944 ], [ -74.1569, 39.6687 ], [ -74.1892, 39.6282 ], [ -74.2373, 39.5583 ], [ -74.2494, 39.5478 ], [ -74.2595, 39.5336 ], [ -74.2656, 39.5302 ], [ -74.28, 39.5104 ], [ -74.2877, 39.5062 ], [ -74.2925, 39.5064 ], [ -74.2932, 39.5075 ], [ -74.2903, 39.5117 ], [ -74.2858, 39.5139 ], [ -74.2839, 39.5194 ], [ -74.2817, 39.5217 ], [ -74.2789, 39.5214 ], [ -74.2772, 39.5264 ], [ -74.2725, 39.5281 ], [ -74.2639, 39.5364 ], [ -74.2642, 39.5392 ], [ -74.2594, 39.5472 ], [ -74.2564, 39.5456 ], [ -74.2569, 39.5542 ], [ -74.2558, 39.555 ], [ -74.2531, 39.5528 ], [ -74.2489, 39.5556 ], [ -74.2455, 39.5613 ], [ -74.2472, 39.5658 ], [ -74.2436, 39.5683 ], [ -74.2414, 39.5681 ], [ -74.2369, 39.5725 ], [ -74.2364, 39.575 ], [ -74.2311, 39.5789 ], [ -74.2294, 39.5814 ], [ -74.2295, 39.5871 ], [ -74.2189, 39.5948 ], [ -74.2162, 39.599 ], [ -74.2167, 39.6022 ], [ -74.2074, 39.611 ], [ -74.2083, 39.6139 ], [ -74.2019, 39.6157 ], [ -74.2011, 39.6208 ], [ -74.1994, 39.6217 ], [ -74.2, 39.6241 ], [ -74.19, 39.6336 ], [ -74.188, 39.638 ], [ -74.189, 39.6405 ], [ -74.1858, 39.6403 ], [ -74.1861, 39.6448 ], [ -74.1886, 39.6456 ], [ -74.1842, 39.6548 ], [ -74.178, 39.6575 ], [ -74.1806, 39.6622 ], [ -74.1761, 39.6619 ], [ -74.1744, 39.665 ], [ -74.1646, 39.669 ], [ -74.1567, 39.6772 ], [ -74.1528, 39.6846 ], [ -74.1498, 39.6856 ], [ -74.1503, 39.6875 ], [ -74.1483, 39.6872 ], [ -74.1442, 39.6919 ], [ -74.1447, 39.6936 ], [ -74.1419, 39.6958 ], [ -74.1461, 39.6956 ], [ -74.1445, 39.7014 ], [ -74.1431, 39.7034 ], [ -74.1383, 39.7031 ], [ -74.1358, 39.7063 ], [ -74.1381, 39.7094 ], [ -74.1317, 39.7158 ], [ -74.1305, 39.7194 ], [ -74.135, 39.7225 ], [ -74.1361, 39.7253 ], [ -74.135, 39.73 ], [ -74.1331, 39.7319 ], [ -74.1239, 39.7331 ], [ -74.1225, 39.7347 ], [ -74.1239, 39.7367 ], [ -74.1211, 39.7389 ], [ -74.124, 39.741 ], [ -74.1206, 39.7415 ], [ -74.1161, 39.7481 ], [ -74.1187, 39.7501 ], [ -74.122, 39.7481 ], [ -74.1251, 39.7519 ], [ -74.1261, 39.7492 ], [ -74.1297, 39.75 ], [ -74.1311, 39.7475 ], [ -74.1345, 39.75 ], [ -74.1417, 39.752 ], [ -74.1397, 39.7539 ], [ -74.137, 39.7536 ], [ -74.1308, 39.7594 ], [ -74.1256, 39.7573 ], [ -74.1211, 39.7581 ], [ -74.1203, 39.7656 ], [ -74.1222, 39.7683 ], [ -74.1242, 39.7683 ], [ -74.1244, 39.7722 ], [ -74.1217, 39.7739 ], [ -74.1183, 39.7719 ], [ -74.1192, 39.7711 ], [ -74.1192, 39.7589 ], [ -74.1153, 39.7553 ], [ -74.117, 39.7531 ], [ -74.1147, 39.7511 ], [ -74.1122, 39.7534 ], [ -74.1133, 39.755 ], [ -74.1115, 39.7575 ], [ -74.1142, 39.7581 ] ] ], [ [ [ -74.2122, 39.6486 ], [ -74.2106, 39.6464 ], [ -74.2144, 39.6456 ], [ -74.2144, 39.6483 ], [ -74.2122, 39.6486 ] ] ], [ [ [ -74.1936, 39.6458 ], [ -74.1981, 39.6467 ], [ -74.1971, 39.6487 ], [ -74.2011, 39.6467 ], [ -74.2017, 39.6503 ], [ -74.1975, 39.6519 ], [ -74.2022, 39.6539 ], [ -74.1989, 39.6579 ], [ -74.2017, 39.6608 ], [ -74.1989, 39.6628 ], [ -74.198, 39.6616 ], [ -74.1975, 39.6628 ], [ -74.1933, 39.6623 ], [ -74.1886, 39.6603 ], [ -74.1883, 39.6567 ], [ -74.1847, 39.6592 ], [ -74.1828, 39.6578 ], [ -74.1872, 39.6536 ], [ -74.1907, 39.6553 ], [ -74.1906, 39.6483 ], [ -74.1936, 39.6458 ] ] ], [ [ [ -74.1845, 39.6881 ], [ -74.19, 39.6861 ], [ -74.1911, 39.6833 ], [ -74.1933, 39.6834 ], [ -74.1911, 39.6892 ], [ -74.1869, 39.6933 ], [ -74.1833, 39.6903 ], [ -74.1845, 39.6881 ] ] ], [ [ [ -74.1656, 39.6972 ], [ -74.1631, 39.6957 ], [ -74.1694, 39.695 ], [ -74.1706, 39.6969 ], [ -74.1656, 39.6972 ] ] ], [ [ [ -74.1775, 39.7019 ], [ -74.1737, 39.6986 ], [ -74.1769, 39.6965 ], [ -74.1786, 39.6981 ], [ -74.1791, 39.6999 ], [ -74.1775, 39.7019 ] ] ], [ [ [ -74.4738, 39.9278 ], [ -74.508, 39.9949 ], [ -74.5194, 40.0144 ], [ -74.5284, 40.0362 ], [ -74.5531, 40.0788 ], [ -74.5561, 40.0838 ], [ -74.5922, 40.1395 ], [ -74.6139, 40.1812 ], [ -74.6013, 40.1867 ], [ -74.5989, 40.1803 ], [ -74.5935, 40.1794 ], [ -74.5869, 40.1835 ], [ -74.5676, 40.1872 ], [ -74.5484, 40.2076 ], [ -74.5447, 40.2153 ], [ -74.4809, 40.2434 ], [ -74.4875, 40.2511 ], [ -74.4869, 40.2538 ], [ -74.4592, 40.2507 ], [ -74.4851, 40.2543 ], [ -74.4815, 40.2711 ], [ -74.4821, 40.2742 ], [ -74.4954, 40.2797 ], [ -74.5104, 40.2815 ], [ -74.5297, 40.2928 ], [ -74.5394, 40.2901 ], [ -74.5599, 40.2937 ], [ -74.5641, 40.2983 ], [ -74.5834, 40.3073 ], [ -74.5894, 40.3137 ], [ -74.6015, 40.3155 ], [ -74.6124, 40.3254 ], [ -74.625, 40.325 ], [ -74.6299, 40.3404 ], [ -74.6209, 40.3735 ], [ -74.6215, 40.3803 ], [ -74.6245, 40.3871 ], [ -74.6505, 40.3916 ], [ -74.6578, 40.3911 ], [ -74.7199, 40.3738 ], [ -74.7229, 40.3765 ], [ -74.7484, 40.4241 ], [ -74.8094, 40.4163 ], [ -74.8032, 40.3863 ], [ -74.8695, 40.3766 ], [ -74.8579, 40.3449 ], [ -74.9372, 40.3387 ], [ -74.9437, 40.3451 ], [ -74.9532, 40.3786 ], [ -74.9626, 40.394 ], [ -74.9692, 40.4014 ], [ -74.9907, 40.4108 ], [ -74.9973, 40.412 ], [ -75.0296, 40.4055 ], [ -75.0373, 40.408 ], [ -75.0606, 40.4205 ], [ -75.0714, 40.4529 ], [ -75.0631, 40.4855 ], [ -75.0656, 40.5147 ], [ -75.0645, 40.5333 ], [ -75.0682, 40.5432 ], [ -75.0996, 40.5683 ], [ -75.1181, 40.5746 ], [ -75.1411, 40.5756 ], [ -75.1614, 40.5655 ], [ -75.1664, 40.565 ], [ -75.1801, 40.5676 ], [ -75.1903, 40.5742 ], [ -75.193, 40.5791 ], [ -75.1908, 40.5916 ], [ -75.1662, 40.6085 ], [ -75.162, 40.6176 ], [ -75.1482, 40.6245 ], [ -75.1452, 40.6291 ], [ -75.109, 40.6428 ], [ -75.0999, 40.6497 ], [ -75.0656, 40.6693 ], [ -75.0572, 40.6775 ], [ -75.0336, 40.6863 ], [ -75.0251, 40.6922 ], [ -75.0033, 40.6959 ], [ -74.9828, 40.7069 ], [ -74.9798, 40.7105 ], [ -74.9689, 40.7124 ], [ -74.9581, 40.726 ], [ -74.9382, 40.7465 ], [ -74.911, 40.7679 ], [ -74.9056, 40.7706 ], [ -74.899, 40.7829 ], [ -74.885, 40.7889 ], [ -74.8669, 40.7953 ], [ -74.8639, 40.8007 ], [ -74.8535, 40.8026 ], [ -74.8481, 40.8062 ], [ -74.836, 40.8185 ], [ -74.8263, 40.8321 ], [ -74.8185, 40.8362 ], [ -74.8204, 40.8485 ], [ -74.8094, 40.8526 ], [ -74.8089, 40.8603 ], [ -74.804, 40.8617 ], [ -74.804, 40.868 ], [ -74.8071, 40.8771 ], [ -74.8065, 40.8843 ], [ -74.7999, 40.888 ], [ -74.7896, 40.8907 ], [ -74.7871, 40.8975 ], [ -74.772, 40.9071 ], [ -74.7684, 40.9112 ], [ -74.827, 40.9632 ], [ -74.9659, 41.0939 ], [ -74.9664, 41.0967 ], [ -74.9727, 41.0957 ], [ -74.9854, 41.0888 ], [ -74.9899, 41.0888 ], [ -74.9915, 41.0926 ], [ -74.9939, 41.094 ], [ -74.9995, 41.091 ], [ -75.0025, 41.0924 ], [ -75.0105, 41.0898 ], [ -75.0137, 41.0858 ], [ -75.0192, 41.0864 ], [ -75.0267, 41.082 ], [ -75.0373, 41.0908 ], [ -75.0764, 41.1419 ], [ -75.1561, 41.1516 ], [ -75.1276, 41.2536 ], [ -75.2476, 41.2467 ], [ -75.3273, 41.2377 ], [ -75.3319, 41.2491 ], [ -75.3474, 41.2598 ], [ -75.3436, 41.2665 ], [ -75.3324, 41.2704 ], [ -75.3322, 41.2786 ], [ -75.3297, 41.2804 ], [ -75.3302, 41.2849 ], [ -75.3251, 41.2889 ], [ -75.328, 41.2971 ], [ -75.3224, 41.2998 ], [ -75.3141, 41.311 ], [ -75.3134, 41.3132 ], [ -75.3164, 41.3165 ], [ -75.3162, 41.3196 ], [ -75.3119, 41.3218 ], [ -75.3124, 41.3241 ], [ -75.3105, 41.3282 ], [ -75.3206, 41.3379 ], [ -75.3261, 41.3384 ], [ -75.331, 41.3362 ], [ -75.3378, 41.3363 ], [ -75.3432, 41.3382 ], [ -75.3431, 41.3405 ], [ -75.3369, 41.3449 ], [ -75.3374, 41.3477 ], [ -75.3427, 41.355 ], [ -75.3469, 41.3578 ], [ -75.3509, 41.3679 ], [ -75.3483, 41.371 ], [ -75.3447, 41.3709 ], [ -75.3384, 41.3763 ], [ -75.3353, 41.3758 ], [ -75.3336, 41.3726 ], [ -75.3282, 41.3689 ], [ -75.3209, 41.3678 ], [ -75.3129, 41.37 ], [ -75.3103, 41.3735 ], [ -75.3121, 41.3754 ], [ -75.3114, 41.3772 ], [ -75.3077, 41.3776 ], [ -75.3, 41.3702 ], [ -75.2656, 41.3741 ], [ -75.2635, 41.3827 ], [ -75.2554, 41.3871 ], [ -75.2528, 41.3903 ], [ -75.2531, 41.3998 ], [ -75.2506, 41.4029 ], [ -75.2527, 41.4139 ], [ -75.2471, 41.4169 ], [ -75.2457, 41.4219 ], [ -75.2335, 41.4208 ], [ -75.2346, 41.4226 ], [ -75.2321, 41.4253 ], [ -75.2205, 41.4251 ], [ -75.2149, 41.4268 ], [ -75.1999, 41.4352 ], [ -75.1979, 41.4397 ], [ -75.1912, 41.44 ], [ -75.1905, 41.4423 ], [ -75.1862, 41.444 ], [ -75.189, 41.4491 ], [ -75.187, 41.4545 ], [ -75.1881, 41.4581 ], [ -75.1813, 41.4616 ], [ -75.1743, 41.4688 ], [ -75.0699, 41.602 ], [ -75.0613, 41.5935 ], [ -75.055, 41.5906 ], [ -75.0472, 41.5821 ], [ -75.0408, 41.571 ], [ -75.0247, 41.5598 ], [ -75.0192, 41.553 ], [ -75.0168, 41.5471 ], [ -75.0174, 41.5448 ], [ -75.023, 41.5403 ], [ -75.0228, 41.5377 ], [ -75.02, 41.5335 ], [ -75.008, 41.5278 ], [ -75.0035, 41.5229 ], [ -75.0016, 41.5182 ], [ -75.0042, 41.5105 ], [ -75.003, 41.5092 ], [ -74.9994, 41.5082 ], [ -74.9889, 41.5093 ], [ -74.9844, 41.5055 ], [ -74.9838, 41.5007 ], [ -74.9865, 41.4866 ], [ -74.9859, 41.483 ], [ -74.9835, 41.4808 ], [ -74.9799, 41.4788 ], [ -74.9658, 41.4765 ], [ -74.9541, 41.4783 ], [ -74.942, 41.4837 ], [ -74.9383, 41.4842 ], [ -74.9311, 41.4818 ], [ -74.9149, 41.474 ], [ -74.9085, 41.4628 ], [ -74.8946, 41.4552 ], [ -74.8931, 41.4508 ], [ -74.8979, 41.444 ], [ -74.8976, 41.4417 ], [ -74.8932, 41.4391 ], [ -74.8866, 41.4391 ], [ -74.8668, 41.4452 ], [ -74.8577, 41.444 ], [ -74.8348, 41.4336 ], [ -74.8283, 41.435 ], [ -74.8178, 41.4413 ], [ -74.8104, 41.4426 ], [ -74.8062, 41.4394 ], [ -74.7977, 41.4251 ], [ -74.7929, 41.4231 ], [ -74.7726, 41.427 ], [ -74.7561, 41.4246 ], [ -74.750684090712369, 41.427687068293949 ], [ -74.7535, 41.4373 ], [ -74.7589, 41.4451 ], [ -74.7601, 41.4501 ], [ -74.7588, 41.4573 ], [ -74.7514, 41.4659 ], [ -74.7513, 41.4686 ], [ -74.7597, 41.4868 ], [ -74.7591, 41.4896 ], [ -74.7541, 41.4945 ], [ -74.4781, 41.5031 ], [ -74.4687, 41.5139 ], [ -74.4668, 41.522 ], [ -74.4599, 41.5302 ], [ -74.4488, 41.5364 ], [ -74.4469, 41.5423 ], [ -74.4201, 41.5666 ], [ -74.3867, 41.5854 ], [ -74.3583, 41.5938 ], [ -74.3521, 41.5982 ], [ -74.3404, 41.5954 ], [ -74.3156, 41.6115 ], [ -74.2667, 41.6324 ], [ -74.2606, 41.6337 ], [ -74.2502, 41.6291 ], [ -74.25, 41.6059 ], [ -74.2458, 41.6036 ], [ -74.1907, 41.5913 ], [ -74.187, 41.5908 ], [ -74.1858, 41.5944 ], [ -74.1282, 41.5833 ], [ -74.1325, 41.6152 ], [ -74.0983, 41.6089 ], [ -74.0886, 41.5988 ], [ -74.0677, 41.604 ], [ -74.0575, 41.5926 ], [ -74.0521, 41.5816 ], [ -73.9525, 41.59 ], [ -73.9526, 41.5841 ], [ -73.9513, 41.6149 ], [ -73.9411, 41.6884 ], [ -73.9439, 41.6993 ], [ -73.938, 41.7469 ], [ -73.9408, 41.7592 ], [ -73.946, 41.7719 ], [ -73.9504, 41.7979 ], [ -73.9463, 41.8142 ], [ -73.9477, 41.8346 ], [ -73.9461, 41.851 ], [ -73.939, 41.8654 ], [ -73.9389, 41.8704 ], [ -73.9423, 41.8827 ], [ -73.9639, 41.9138 ], [ -73.954, 41.9401 ], [ -73.9556, 41.9528 ], [ -73.9331, 42.0216 ], [ -73.937, 42.0398 ], [ -73.9341, 42.0575 ], [ -73.9302, 42.0679 ], [ -73.9311, 42.082 ], [ -73.9164, 42.0763 ], [ -73.9144, 42.0804 ], [ -73.9089, 42.0776 ], [ -73.907, 42.0817 ], [ -73.7123, 42.0069 ], [ -73.6723, 42.0 ], [ -73.5265, 41.9797 ], [ -73.5213, 42.0105 ], [ -73.5196, 42.0495 ], [ -73.4901, 42.0497 ], [ -73.4923, 41.9865 ], [ -73.5038, 41.8662 ], [ -73.5198, 41.6676 ], [ -73.5313, 41.5229 ], [ -73.5455, 41.3638 ], [ -73.5523, 41.2933 ], [ -73.4838, 41.2136 ], [ -73.7297, 41.1009 ], [ -73.657, 41.0119 ], [ -73.661, 40.9993 ], [ -73.6606, 40.9889 ], [ -73.6641, 40.984 ], [ -73.6631, 40.98 ], [ -73.6667, 40.9831 ], [ -73.6675, 40.9819 ], [ -73.6672, 40.9778 ], [ -73.665, 40.9794 ], [ -73.6622, 40.9775 ], [ -73.6647, 40.9775 ], [ -73.6697, 40.9742 ], [ -73.6711, 40.9728 ], [ -73.67, 40.9706 ], [ -73.6733, 40.9689 ], [ -73.6694, 40.9675 ], [ -73.6667, 40.9683 ], [ -73.6677, 40.9739 ], [ -73.6606, 40.9761 ], [ -73.6603, 40.9803 ], [ -73.6623, 40.9824 ], [ -73.6578, 40.9828 ], [ -73.6559, 40.9794 ], [ -73.6603, 40.9742 ], [ -73.6594, 40.9692 ], [ -73.6617, 40.9658 ], [ -73.6702, 40.9664 ], [ -73.6731, 40.9636 ], [ -73.6761, 40.9644 ], [ -73.6783, 40.9622 ], [ -73.6828, 40.9547 ], [ -73.6817, 40.9525 ], [ -73.6831, 40.9492 ], [ -73.6844, 40.9506 ], [ -73.6875, 40.9483 ], [ -73.6854, 40.9474 ], [ -73.6863, 40.9459 ], [ -73.6839, 40.9433 ], [ -73.6936, 40.9442 ], [ -73.6953, 40.9397 ], [ -73.6986, 40.94 ], [ -73.6928, 40.9505 ], [ -73.6936, 40.9558 ], [ -73.7014, 40.9464 ], [ -73.7028, 40.9492 ], [ -73.7057, 40.9453 ], [ -73.7159, 40.9446 ], [ -73.7205, 40.9406 ], [ -73.7272, 40.9433 ], [ -73.7278, 40.9489 ], [ -73.7367, 40.9444 ], [ -73.7356, 40.9431 ], [ -73.73, 40.9461 ], [ -73.7281, 40.9414 ], [ -73.7214, 40.9391 ], [ -73.7255, 40.9273 ], [ -73.7311, 40.9277 ], [ -73.7332, 40.9218 ], [ -73.735, 40.9211 ], [ -73.736, 40.9233 ], [ -73.7345, 40.9286 ], [ -73.7372, 40.9273 ], [ -73.7371, 40.9294 ], [ -73.7389, 40.9294 ], [ -73.7426, 40.9274 ], [ -73.7442, 40.9239 ], [ -73.7438, 40.9178 ], [ -73.7559, 40.9126 ], [ -73.7591, 40.9102 ], [ -73.7603, 40.9069 ], [ -73.7616, 40.9086 ], [ -73.76, 40.9111 ], [ -73.7654, 40.9159 ], [ -73.7663, 40.914 ], [ -73.7633, 40.9133 ], [ -73.7631, 40.9117 ], [ -73.7656, 40.9108 ], [ -73.7672, 40.9128 ], [ -73.7699, 40.9109 ], [ -73.7673, 40.9083 ], [ -73.7688, 40.9048 ], [ -73.7642, 40.9028 ], [ -73.7645, 40.8999 ], [ -73.77, 40.8942 ], [ -73.7729, 40.8936 ], [ -73.7733, 40.8914 ], [ -73.7791, 40.8893 ], [ -73.7787, 40.8869 ], [ -73.7833, 40.8814 ], [ -73.7853, 40.8817 ], [ -73.7872, 40.8858 ], [ -73.7892, 40.8833 ], [ -73.7927, 40.8828 ], [ -73.7958, 40.8769 ], [ -73.8047, 40.8678 ], [ -73.8022, 40.8661 ], [ -73.7986, 40.8717 ], [ -73.7939, 40.8752 ], [ -73.7945, 40.8774 ], [ -73.7929, 40.8798 ], [ -73.7898, 40.8811 ], [ -73.789, 40.8791 ], [ -73.7847, 40.8786 ], [ -73.7836, 40.8775 ], [ -73.7869, 40.8733 ], [ -73.7833, 40.8742 ], [ -73.7828, 40.8711 ], [ -73.7925, 40.8672 ], [ -73.7917, 40.8622 ], [ -73.7977, 40.8547 ], [ -73.7978, 40.8513 ], [ -73.8003, 40.8478 ], [ -73.8047, 40.8536 ], [ -73.8038, 40.8564 ], [ -73.8053, 40.8615 ], [ -73.8075, 40.8594 ], [ -73.8142, 40.8628 ], [ -73.8161, 40.8661 ], [ -73.8144, 40.8678 ], [ -73.8155, 40.8694 ], [ -73.82, 40.8692 ], [ -73.8222, 40.8706 ], [ -73.8194, 40.8817 ], [ -73.82, 40.8847 ], [ -73.8236, 40.8736 ], [ -73.8233, 40.8697 ], [ -73.82, 40.8678 ], [ -73.8197, 40.8625 ], [ -73.8153, 40.8619 ], [ -73.8128, 40.8597 ], [ -73.8123, 40.8551 ], [ -73.8169, 40.8522 ], [ -73.8154, 40.8489 ], [ -73.816, 40.8463 ], [ -73.8132, 40.8448 ], [ -73.8139, 40.8431 ], [ -73.8164, 40.8433 ], [ -73.8143, 40.8391 ], [ -73.8163, 40.8378 ], [ -73.8154, 40.8329 ], [ -73.8125, 40.8281 ], [ -73.813, 40.8258 ], [ -73.8119, 40.8246 ], [ -73.8072, 40.8256 ], [ -73.8047, 40.8192 ], [ -73.7975, 40.8164 ], [ -73.8017, 40.8126 ], [ -73.8058, 40.8156 ], [ -73.8044, 40.8119 ], [ -73.7942, 40.8072 ], [ -73.7909, 40.8072 ], [ -73.7901, 40.8052 ], [ -73.7947, 40.8039 ], [ -73.8094, 40.8125 ], [ -73.8181, 40.8136 ], [ -73.8305, 40.8105 ], [ -73.8322, 40.8048 ], [ -73.8342, 40.8044 ], [ -73.8378, 40.8068 ], [ -73.8404, 40.8114 ], [ -73.84, 40.8195 ], [ -73.8454, 40.8109 ], [ -73.8493, 40.8098 ], [ -73.8475, 40.8063 ], [ -73.8487, 40.8043 ], [ -73.8573, 40.805 ], [ -73.8603, 40.8092 ], [ -73.8679, 40.8108 ], [ -73.8708, 40.8142 ], [ -73.8717, 40.8133 ], [ -73.8681, 40.8075 ], [ -73.8728, 40.7975 ], [ -73.8803, 40.8022 ], [ -73.8842, 40.8018 ], [ -73.8885, 40.8044 ], [ -73.8971, 40.8058 ], [ -73.9041, 40.8027 ], [ -73.9099, 40.7964 ], [ -73.9139, 40.7964 ], [ -73.915, 40.7917 ], [ -73.9239, 40.7828 ], [ -73.9289, 40.7817 ], [ -73.9342, 40.7831 ], [ -73.9358, 40.7844 ], [ -73.9346, 40.7875 ], [ -73.9281, 40.7917 ], [ -73.9269, 40.7961 ], [ -73.9281, 40.7986 ], [ -73.9297, 40.7947 ], [ -73.936, 40.7908 ], [ -73.9385, 40.7858 ], [ -73.9444, 40.7823 ], [ -73.9421, 40.7751 ], [ -73.9619, 40.7555 ], [ -73.9717, 40.7433 ], [ -73.9744, 40.7331 ], [ -73.9717, 40.7264 ], [ -73.9769, 40.7114 ], [ -73.9821, 40.7095 ], [ -73.9943, 40.709 ], [ -74.0, 40.7063 ], [ -74.0003, 40.7073 ], [ -74.0011, 40.7049 ], [ -74.0052, 40.7023 ], [ -74.0155, 40.7009 ], [ -74.02, 40.706 ], [ -74.0175, 40.7153 ], [ -74.0243, 40.7144 ], [ -74.0328, 40.715 ], [ -74.0342, 40.7117 ], [ -74.0386, 40.7103 ], [ -74.0344, 40.7092 ], [ -74.0339, 40.7067 ], [ -74.0414, 40.7058 ], [ -74.0507, 40.6968 ], [ -74.0546, 40.6953 ], [ -74.0558, 40.6919 ], [ -74.0578, 40.692 ], [ -74.0658, 40.6981 ], [ -74.0658, 40.6942 ], [ -74.07, 40.6897 ], [ -74.0706, 40.6833 ], [ -74.0764, 40.6889 ], [ -74.0794, 40.6886 ], [ -74.08, 40.6875 ], [ -74.0778, 40.6875 ], [ -74.0711, 40.6817 ], [ -74.073, 40.6789 ], [ -74.0723, 40.6751 ], [ -74.0811, 40.6756 ], [ -74.0675, 40.6704 ], [ -74.0657, 40.6686 ], [ -74.0664, 40.6667 ], [ -74.0833, 40.6716 ], [ -74.0875, 40.6753 ], [ -74.0958, 40.6747 ], [ -74.0878, 40.6722 ], [ -74.0836, 40.6692 ], [ -74.0794, 40.6692 ], [ -74.0691, 40.6623 ], [ -74.072, 40.6615 ], [ -74.0906, 40.6681 ], [ -74.1061, 40.6703 ], [ -74.1072, 40.6697 ], [ -74.1008, 40.6681 ], [ -74.0961, 40.6644 ], [ -74.0912, 40.6646 ], [ -74.0906, 40.6603 ], [ -74.0857, 40.6549 ], [ -74.0861, 40.6533 ], [ -74.0961, 40.6483 ], [ -74.1064, 40.6503 ], [ -74.1133, 40.6478 ], [ -74.1153, 40.6497 ], [ -74.1225, 40.645 ], [ -74.1447, 40.6444 ], [ -74.1461, 40.6492 ], [ -74.1417, 40.6522 ], [ -74.1378, 40.6578 ], [ -74.1336, 40.6594 ], [ -74.1308, 40.6642 ], [ -74.1272, 40.6667 ], [ -74.1261, 40.6717 ], [ -74.1244, 40.6714 ], [ -74.1178, 40.6775 ], [ -74.1178, 40.6819 ], [ -74.1128, 40.6864 ], [ -74.1114, 40.6925 ], [ -74.1028, 40.7008 ], [ -74.1025, 40.7022 ], [ -74.1064, 40.705 ], [ -74.1075, 40.7122 ], [ -74.1022, 40.7178 ], [ -74.0978, 40.7194 ], [ -74.0961, 40.725 ], [ -74.0972, 40.7267 ], [ -74.0939, 40.735 ], [ -74.0856, 40.7392 ], [ -74.0817, 40.7392 ], [ -74.0736, 40.7444 ], [ -74.0744, 40.7492 ], [ -74.0781, 40.7522 ], [ -74.0925, 40.7506 ], [ -74.0944, 40.7528 ], [ -74.0919, 40.7586 ], [ -74.0872, 40.7631 ], [ -74.0861, 40.7672 ], [ -74.0892, 40.7761 ], [ -74.0889, 40.7794 ], [ -74.0758, 40.7903 ], [ -74.0719, 40.7961 ], [ -74.0603, 40.8044 ], [ -74.0461, 40.8067 ], [ -74.0369, 40.8064 ], [ -74.0303, 40.8126 ], [ -74.0292, 40.8183 ], [ -74.0342, 40.8264 ], [ -74.0283, 40.8344 ], [ -74.03, 40.8394 ], [ -74.0286, 40.8464 ], [ -74.0303, 40.8497 ], [ -74.0319, 40.8383 ], [ -74.0306, 40.8331 ], [ -74.0364, 40.8292 ], [ -74.0369, 40.8264 ], [ -74.0364, 40.823 ], [ -74.0319, 40.8181 ], [ -74.0344, 40.8106 ], [ -74.0369, 40.8089 ], [ -74.0625, 40.8067 ], [ -74.0697, 40.8011 ], [ -74.0703, 40.7986 ], [ -74.075, 40.7986 ], [ -74.0794, 40.7956 ], [ -74.0825, 40.7889 ], [ -74.0923, 40.7775 ], [ -74.0897, 40.7661 ], [ -74.0906, 40.7631 ], [ -74.0947, 40.7622 ], [ -74.0981, 40.7664 ], [ -74.0956, 40.7742 ], [ -74.0978, 40.7767 ], [ -74.1, 40.7761 ], [ -74.1016, 40.7734 ], [ -74.1128, 40.7614 ], [ -74.1106, 40.7572 ], [ -74.105, 40.7514 ], [ -74.0983, 40.7536 ], [ -74.0947, 40.7483 ], [ -74.0878, 40.7464 ], [ -74.0803, 40.7467 ], [ -74.0783, 40.7481 ], [ -74.0764, 40.7456 ], [ -74.0806, 40.7419 ], [ -74.0842, 40.7422 ], [ -74.0944, 40.7375 ], [ -74.1, 40.7314 ], [ -74.1, 40.7264 ], [ -74.1031, 40.7217 ], [ -74.1061, 40.7192 ], [ -74.1142, 40.7175 ], [ -74.1161, 40.7178 ], [ -74.1197, 40.7225 ], [ -74.1171, 40.7302 ], [ -74.1182, 40.7312 ], [ -74.1169, 40.7385 ], [ -74.1231, 40.7181 ], [ -74.1225, 40.7103 ], [ -74.12, 40.705 ], [ -74.1275, 40.6931 ], [ -74.1317, 40.6925 ], [ -74.1339, 40.6906 ], [ -74.14, 40.6958 ], [ -74.15, 40.6992 ], [ -74.1539, 40.6986 ], [ -74.1417, 40.6944 ], [ -74.1356, 40.6897 ], [ -74.1394, 40.6833 ], [ -74.1431, 40.6806 ], [ -74.1464, 40.6806 ], [ -74.1589, 40.6886 ], [ -74.1608, 40.6881 ], [ -74.1599, 40.6872 ], [ -74.1455, 40.6786 ], [ -74.1447, 40.6786 ], [ -74.145093120393113, 40.678305159705161 ], [ -74.1386, 40.6736 ], [ -74.1481, 40.6597 ], [ -74.1578, 40.6622 ], [ -74.1647, 40.6547 ], [ -74.19, 40.6442 ], [ -74.1989, 40.6347 ], [ -74.2019, 40.6336 ], [ -74.2051, 40.6289 ], [ -74.2039, 40.6261 ], [ -74.2067, 40.6247 ], [ -74.2047, 40.6178 ], [ -74.2056, 40.6053 ], [ -74.2008, 40.6003 ], [ -74.2053, 40.5944 ], [ -74.2117, 40.5997 ], [ -74.2454, 40.5978 ], [ -74.2133, 40.5995 ], [ -74.2061, 40.5922 ], [ -74.2083, 40.5892 ], [ -74.2086, 40.5842 ], [ -74.2108, 40.5819 ], [ -74.215, 40.5642 ], [ -74.2206, 40.5589 ], [ -74.2264, 40.5614 ], [ -74.2322, 40.5617 ], [ -74.2372, 40.5581 ], [ -74.2489, 40.5547 ], [ -74.2533, 40.5517 ], [ -74.2547, 40.5472 ], [ -74.2528, 40.5414 ], [ -74.2542, 40.5397 ], [ -74.25, 40.5208 ], [ -74.2578, 40.5147 ], [ -74.2622, 40.5036 ], [ -74.2669, 40.4992 ], [ -74.2795, 40.5006 ], [ -74.2842, 40.4931 ], [ -74.2764, 40.4908 ], [ -74.275, 40.4858 ], [ -74.2694, 40.4831 ], [ -74.2661, 40.4747 ], [ -74.2661, 40.4708 ], [ -74.2614, 40.4647 ], [ -74.25, 40.4617 ], [ -74.2447, 40.4581 ], [ -74.2369, 40.4572 ], [ -74.2292, 40.4525 ], [ -74.2243, 40.4528 ], [ -74.2088, 40.4461 ], [ -74.2069, 40.4411 ], [ -74.2094, 40.4378 ], [ -74.2086, 40.4364 ], [ -74.2028, 40.4401 ], [ -74.1996, 40.4395 ], [ -74.1928, 40.4419 ], [ -74.1869, 40.4483 ], [ -74.1858, 40.4531 ], [ -74.18, 40.4586 ], [ -74.1764, 40.4572 ], [ -74.1686, 40.4503 ], [ -74.1584, 40.4473 ], [ -74.1484, 40.4491 ], [ -74.1375, 40.4567 ], [ -74.1349, 40.4566 ], [ -74.11, 40.4436 ], [ -74.0946, 40.441 ], [ -74.0689, 40.4283 ], [ -74.0558, 40.4481 ], [ -74.0547, 40.4506 ], [ -74.0556, 40.4553 ], [ -74.0542, 40.4567 ], [ -74.0525, 40.4556 ], [ -74.0544, 40.4539 ], [ -74.0536, 40.4514 ], [ -74.0497, 40.4564 ], [ -74.0519, 40.4519 ], [ -74.0489, 40.4547 ], [ -74.0483, 40.4528 ], [ -74.0539, 40.4497 ], [ -74.0556, 40.4447 ], [ -74.0669, 40.4275 ], [ -74.0593, 40.4229 ], [ -74.0453, 40.4184 ], [ -74.0386, 40.4172 ], [ -74.0339, 40.4189 ], [ -74.0283, 40.415 ], [ -74.0101, 40.4124 ], [ -74.0072, 40.4105 ], [ -74.0, 40.4118 ], [ -73.9982, 40.4093 ], [ -73.9883, 40.4072 ], [ -73.9822, 40.4022 ], [ -73.9804, 40.3944 ], [ -73.9812, 40.3869 ], [ -73.9825, 40.3848 ], [ -73.9942, 40.3836 ], [ -74.0028, 40.3908 ], [ -74.0077, 40.3884 ], [ -74.0107, 40.3887 ], [ -74.0214, 40.3936 ], [ -74.0168, 40.3893 ], [ -74.0166, 40.3837 ], [ -74.026, 40.3822 ], [ -74.0317, 40.3786 ], [ -74.0368, 40.3775 ], [ -74.0424, 40.3732 ], [ -74.0486, 40.3756 ], [ -74.0472, 40.3722 ], [ -74.0519, 40.37 ], [ -74.0569, 40.3708 ], [ -74.0656, 40.3667 ], [ -74.0672, 40.3644 ], [ -74.0658, 40.3628 ], [ -74.069, 40.361 ], [ -74.0685, 40.3587 ], [ -74.075, 40.3581 ], [ -74.0828, 40.3533 ], [ -74.0806, 40.3503 ], [ -74.0853, 40.3433 ], [ -74.0836, 40.3417 ], [ -74.0831, 40.3456 ], [ -74.0778, 40.3489 ], [ -74.0769, 40.355 ], [ -74.0746, 40.3559 ], [ -74.0694, 40.3522 ], [ -74.065, 40.3552 ], [ -74.0614, 40.3545 ], [ -74.0536, 40.3606 ], [ -74.0528, 40.3644 ], [ -74.0481, 40.3653 ], [ -74.0467, 40.3675 ], [ -74.0312, 40.3674 ], [ -74.0228, 40.3764 ], [ -74.0159, 40.3754 ], [ -74.0119, 40.3791 ], [ -74.0022, 40.3783 ], [ -74.0, 40.3757 ], [ -73.9983, 40.3758 ], [ -73.9969, 40.3769 ], [ -73.9978, 40.38 ], [ -73.9926, 40.3808 ], [ -73.9903, 40.3778 ], [ -73.9864, 40.3775 ], [ -73.9817, 40.3789 ], [ -73.9817, 40.3817 ], [ -73.9802, 40.3821 ], [ -73.9773, 40.3754 ], [ -73.9764, 40.3683 ], [ -73.9767, 40.3636 ], [ -73.979, 40.3593 ], [ -73.9877, 40.3545 ], [ -73.9931, 40.3536 ], [ -73.9944, 40.3547 ], [ -73.998, 40.3523 ], [ -74.0017, 40.3519 ], [ -74.0072, 40.3467 ], [ -74.0064, 40.345 ], [ -74.0089, 40.3417 ], [ -74.0133, 40.3414 ], [ -74.0175, 40.3453 ], [ -74.0161, 40.3419 ], [ -74.0179, 40.3404 ], [ -74.0207, 40.3417 ], [ -74.0289, 40.3389 ], [ -74.03, 40.3369 ], [ -74.0217, 40.3383 ], [ -74.0133, 40.3375 ], [ -74.0253, 40.3339 ], [ -74.0269, 40.3317 ], [ -74.0264, 40.3306 ], [ -74.0203, 40.3339 ], [ -74.0181, 40.333 ], [ -74.0221, 40.3244 ], [ -74.0372, 40.3228 ], [ -74.0467, 40.3178 ], [ -74.0422, 40.3181 ], [ -74.0394, 40.3206 ], [ -74.0347, 40.3208 ], [ -74.0336, 40.3222 ], [ -74.0234, 40.3223 ], [ -74.0226, 40.3211 ], [ -74.0269, 40.3178 ], [ -74.0261, 40.3147 ], [ -74.0242, 40.3186 ], [ -74.0202, 40.3198 ], [ -74.0187, 40.3246 ], [ -74.0132, 40.3288 ], [ -74.0107, 40.3283 ], [ -74.0142, 40.3244 ], [ -74.0108, 40.3228 ], [ -74.0077, 40.3253 ], [ -74.0084, 40.3275 ], [ -74.0036, 40.3314 ], [ -74.0003, 40.3303 ], [ -73.9993, 40.3314 ], [ -73.9967, 40.3211 ], [ -73.9972, 40.3178 ], [ -74.0016, 40.315 ], [ -74.0013, 40.3135 ], [ -73.995, 40.3169 ], [ -73.9901, 40.3146 ], [ -73.9889, 40.315 ], [ -73.9956, 40.3189 ], [ -73.9933, 40.3228 ], [ -73.9964, 40.325 ], [ -73.9958, 40.3278 ], [ -73.9904, 40.3272 ], [ -73.9889, 40.3253 ], [ -73.986, 40.3267 ], [ -73.985, 40.325 ], [ -73.9833, 40.3256 ], [ -73.9862, 40.3281 ], [ -73.9881, 40.3269 ], [ -73.9942, 40.3294 ], [ -73.9944, 40.3336 ], [ -73.9972, 40.3358 ], [ -73.9921, 40.3388 ], [ -73.9892, 40.3369 ], [ -73.9894, 40.3351 ], [ -73.9848, 40.3405 ], [ -73.9828, 40.3369 ], [ -73.9781, 40.3375 ], [ -73.9792, 40.3394 ], [ -73.9767, 40.3419 ], [ -73.9778, 40.3472 ], [ -73.975, 40.3533 ], [ -73.9767, 40.3617 ], [ -73.9744, 40.3689 ], [ -73.976, 40.3849 ], [ -73.9789, 40.3953 ], [ -73.9775, 40.3986 ], [ -73.9789, 40.4033 ], [ -73.9822, 40.4061 ], [ -73.9808, 40.4139 ], [ -73.99, 40.4192 ], [ -73.9858, 40.4197 ], [ -73.9861, 40.4247 ], [ -73.9892, 40.4286 ], [ -73.9947, 40.4301 ], [ -73.9922, 40.4428 ], [ -73.9933, 40.445 ], [ -73.9975, 40.4481 ], [ -74.0031, 40.4487 ], [ -74.0025, 40.4522 ], [ -74.0053, 40.4564 ], [ -74.0075, 40.4658 ], [ -74.0103, 40.4668 ], [ -74.0118, 40.4698 ], [ -74.0194, 40.4717 ], [ -74.0156, 40.4764 ], [ -74.0133, 40.4747 ], [ -74.0114, 40.4756 ], [ -74.0103, 40.4728 ], [ -74.0078, 40.475 ], [ -74.0017, 40.4728 ], [ -73.9967, 40.4667 ], [ -73.995, 40.4611 ], [ -73.9864, 40.4506 ], [ -73.9842, 40.4503 ], [ -73.9818, 40.4439 ], [ -73.9813, 40.4205 ], [ -73.9748, 40.4063 ], [ -73.9746, 40.3979 ], [ -73.9721, 40.3911 ], [ -73.9704, 40.363 ], [ -73.972, 40.3283 ], [ -73.9744, 40.3228 ], [ -73.9759, 40.3031 ], [ -73.9867, 40.2573 ], [ -73.9922, 40.2469 ], [ -73.9989, 40.2175 ], [ -74.0024, 40.2139 ], [ -74.0035, 40.208 ], [ -74.0067, 40.2042 ], [ -74.0097, 40.1878 ], [ -74.0203, 40.1881 ], [ -74.0253, 40.1856 ], [ -74.0242, 40.1844 ], [ -74.0192, 40.1867 ], [ -74.0133, 40.1869 ], [ -74.0108, 40.1839 ], [ -74.0166, 40.168 ], [ -74.0222, 40.1692 ], [ -74.0269, 40.1669 ], [ -74.0261, 40.1658 ], [ -74.0194, 40.1669 ], [ -74.0173, 40.1654 ], [ -74.0307, 40.1244 ], [ -74.0311, 40.1156 ], [ -74.0347, 40.1036 ], [ -74.0431, 40.1075 ], [ -74.0431, 40.1117 ], [ -74.0492, 40.1164 ], [ -74.0503, 40.1153 ], [ -74.0458, 40.1119 ], [ -74.0444, 40.1075 ], [ -74.0472, 40.1081 ], [ -74.0522, 40.1058 ], [ -74.0586, 40.1025 ], [ -74.0608, 40.0989 ], [ -74.0639, 40.0989 ], [ -74.0702, 40.0945 ], [ -74.0767, 40.0942 ], [ -74.0831, 40.0964 ], [ -74.0875, 40.1014 ], [ -74.0883, 40.1069 ], [ -74.0911, 40.1086 ], [ -74.0917, 40.1161 ], [ -74.0969, 40.1228 ], [ -74.1003, 40.1242 ], [ -74.0992, 40.1158 ], [ -74.0975, 40.1144 ], [ -74.0989, 40.1125 ], [ -74.0969, 40.1111 ], [ -74.0971, 40.1037 ], [ -74.0942, 40.1033 ], [ -74.0936, 40.1006 ], [ -74.0875, 40.0989 ], [ -74.0833, 40.0931 ], [ -74.0778, 40.0897 ], [ -74.0697, 40.0881 ], [ -74.0656, 40.0889 ], [ -74.055, 40.0961 ], [ -74.0533, 40.0994 ], [ -74.0497, 40.1019 ], [ -74.0489, 40.1053 ], [ -74.0444, 40.105 ], [ -74.0411, 40.1022 ], [ -74.0375, 40.1033 ], [ -74.0336, 40.1017 ], [ -74.0401, 40.0796 ], [ -74.0487, 40.0383 ], [ -74.0583, 40.0031 ], [ -74.0578, 40.0003 ], [ -74.0597, 39.9975 ], [ -74.0689, 39.9497 ], [ -74.0677, 39.942 ], [ -74.0701, 39.9397 ], [ -74.0772, 39.9102 ], [ -74.0842, 39.8602 ], [ -74.0833, 39.8562 ], [ -74.0865, 39.8422 ], [ -74.0967, 39.7642 ], [ -74.102, 39.7692 ], [ -74.1011, 39.7719 ], [ -74.1033, 39.7742 ], [ -74.0992, 39.7775 ], [ -74.1022, 39.7778 ], [ -74.1081, 39.7744 ], [ -74.1124, 39.7756 ], [ -74.1169, 39.7792 ], [ -74.1178, 39.7839 ], [ -74.1122, 39.785 ], [ -74.1181, 39.7856 ], [ -74.1214, 39.79 ], [ -74.1183, 39.7927 ], [ -74.1203, 39.7967 ], [ -74.1183, 39.7975 ], [ -74.1163, 39.7931 ], [ -74.1125, 39.7912 ], [ -74.1127, 39.7893 ], [ -74.1086, 39.7892 ], [ -74.1072, 39.785 ], [ -74.1033, 39.7856 ], [ -74.1017, 39.7833 ], [ -74.0961, 39.7831 ], [ -74.0975, 39.7892 ], [ -74.1022, 39.7933 ], [ -74.1039, 39.7992 ], [ -74.1036, 39.8011 ], [ -74.0962, 39.808 ], [ -74.0972, 39.8117 ], [ -74.0923, 39.831 ], [ -74.0926, 39.8418 ], [ -74.091, 39.844 ], [ -74.0901, 39.857 ], [ -74.0883, 39.8604 ], [ -74.0897, 39.8631 ], [ -74.0878, 39.8675 ], [ -74.088, 39.878 ], [ -74.0853, 39.884 ], [ -74.0864, 39.8909 ], [ -74.0898, 39.895 ], [ -74.0891, 39.8985 ], [ -74.085, 39.9027 ], [ -74.0878, 39.9053 ], [ -74.0861, 39.9083 ], [ -74.0881, 39.91 ], [ -74.0814, 39.9191 ], [ -74.0797, 39.9241 ], [ -74.0799, 39.9282 ], [ -74.0844, 39.9318 ], [ -74.0794, 39.9322 ], [ -74.0842, 39.9339 ], [ -74.0797, 39.9356 ], [ -74.0836, 39.9408 ], [ -74.0878, 39.94 ], [ -74.0924, 39.9434 ], [ -74.0893, 39.9453 ], [ -74.0822, 39.9422 ], [ -74.0783, 39.9461 ], [ -74.0814, 39.9489 ], [ -74.0833, 39.9544 ], [ -74.0833, 39.9581 ], [ -74.0807, 39.9578 ], [ -74.0798, 39.9606 ], [ -74.0844, 39.9619 ], [ -74.0855, 39.9645 ], [ -74.0751, 39.9692 ], [ -74.0717, 39.9748 ], [ -74.0748, 39.9793 ], [ -74.0736, 39.9854 ], [ -74.0703, 39.9861 ], [ -74.0722, 39.9875 ], [ -74.0708, 39.9903 ], [ -74.074, 39.9932 ], [ -74.0723, 39.9956 ], [ -74.0728, 40.0006 ], [ -74.0675, 39.9983 ], [ -74.0656, 40.0025 ], [ -74.0681, 40.0047 ], [ -74.0586, 40.0088 ], [ -74.0607, 40.0141 ], [ -74.065, 40.0117 ], [ -74.0664, 40.0128 ], [ -74.063, 40.0162 ], [ -74.065, 40.0233 ], [ -74.0555, 40.0294 ], [ -74.0534, 40.0338 ], [ -74.0539, 40.0379 ], [ -74.0511, 40.0423 ], [ -74.0494, 40.0506 ], [ -74.0514, 40.0565 ], [ -74.0492, 40.0591 ], [ -74.0492, 40.0658 ], [ -74.0519, 40.0661 ], [ -74.0514, 40.0638 ], [ -74.0565, 40.0618 ], [ -74.0639, 40.0608 ], [ -74.0697, 40.0619 ], [ -74.0714, 40.06 ], [ -74.065, 40.0597 ], [ -74.0647, 40.0564 ], [ -74.0747, 40.0578 ], [ -74.0788, 40.0559 ], [ -74.0997, 40.0561 ], [ -74.1073, 40.0539 ], [ -74.1166, 40.0586 ], [ -74.1204, 40.063 ], [ -74.1233, 40.0617 ], [ -74.1261, 40.0644 ], [ -74.1281, 40.0625 ], [ -74.1294, 40.0653 ], [ -74.1314, 40.0647 ], [ -74.1311, 40.0617 ], [ -74.1269, 40.0594 ], [ -74.1242, 40.0606 ], [ -74.1212, 40.0589 ], [ -74.1205, 40.0561 ], [ -74.1247, 40.0536 ], [ -74.1244, 40.0525 ], [ -74.1185, 40.0532 ], [ -74.1118, 40.0492 ], [ -74.109, 40.05 ], [ -74.1034, 40.047 ], [ -74.0971, 40.0506 ], [ -74.0865, 40.0467 ], [ -74.076, 40.0517 ], [ -74.0576, 40.0493 ], [ -74.0599, 40.0462 ], [ -74.0572, 40.0399 ], [ -74.0623, 40.0382 ], [ -74.0621, 40.0355 ], [ -74.0663, 40.0344 ], [ -74.0692, 40.031 ], [ -74.0763, 40.0301 ], [ -74.0817, 40.0265 ], [ -74.0826, 40.0231 ], [ -74.0778, 40.0235 ], [ -74.0769, 40.0219 ], [ -74.0791, 40.0186 ], [ -74.0843, 40.0164 ], [ -74.0865, 40.0124 ], [ -74.093, 40.0143 ], [ -74.0953, 40.0127 ], [ -74.0994, 40.0128 ], [ -74.0981, 40.0153 ], [ -74.1008, 40.0147 ], [ -74.1047, 40.0166 ], [ -74.1093, 40.0249 ], [ -74.1201, 40.0234 ], [ -74.1244, 40.0248 ], [ -74.1264, 40.0286 ], [ -74.1306, 40.0308 ], [ -74.1339, 40.0294 ], [ -74.1285, 40.0261 ], [ -74.1258, 40.0214 ], [ -74.1269, 40.0197 ], [ -74.1333, 40.0186 ], [ -74.1169, 40.0171 ], [ -74.1124, 40.0126 ], [ -74.1082, 40.0128 ], [ -74.107, 40.0107 ], [ -74.1092, 40.0039 ], [ -74.1116, 40.0018 ], [ -74.1139, 40.0067 ], [ -74.1128, 40.0083 ], [ -74.1181, 40.0097 ], [ -74.1147, 40.0058 ], [ -74.1173, 40.0012 ], [ -74.1283, 40.0006 ], [ -74.138, 40.0038 ], [ -74.1367, 39.998 ], [ -74.145, 39.9986 ], [ -74.1475, 39.9961 ], [ -74.1414, 39.9942 ], [ -74.135, 39.9897 ], [ -74.1285, 39.9882 ], [ -74.1303, 39.9839 ], [ -74.1164, 39.9935 ], [ -74.1128, 39.9915 ], [ -74.1144, 39.9828 ], [ -74.1217, 39.9811 ], [ -74.1094, 39.9748 ], [ -74.1097, 39.9717 ], [ -74.1122, 39.9694 ], [ -74.1106, 39.9667 ], [ -74.1217, 39.9608 ], [ -74.1181, 39.9608 ], [ -74.1136, 39.9581 ], [ -74.1128, 39.9617 ], [ -74.1102, 39.9621 ], [ -74.109, 39.9552 ], [ -74.1162, 39.9448 ], [ -74.133, 39.9426 ], [ -74.1378, 39.9373 ], [ -74.1534, 39.9409 ], [ -74.1557, 39.9424 ], [ -74.1569, 39.9464 ], [ -74.1595, 39.9448 ], [ -74.1663, 39.9494 ], [ -74.1697, 39.9471 ], [ -74.1742, 39.9489 ], [ -74.178, 39.9451 ], [ -74.1854, 39.9463 ], [ -74.1897, 39.9497 ], [ -74.1956, 39.9489 ], [ -74.1946, 39.9468 ], [ -74.1905, 39.9479 ], [ -74.1877, 39.9425 ], [ -74.1837, 39.9423 ], [ -74.18, 39.9391 ], [ -74.1743, 39.9415 ], [ -74.1663, 39.9406 ], [ -74.1645, 39.9384 ], [ -74.1552, 39.938 ], [ -74.1506, 39.9334 ], [ -74.1462, 39.9343 ], [ -74.1429, 39.9303 ], [ -74.1394, 39.9304 ], [ -74.1339, 39.9278 ], [ -74.125, 39.929 ], [ -74.122, 39.931 ], [ -74.1128, 39.9317 ], [ -74.1054, 39.9305 ], [ -74.1065, 39.9252 ], [ -74.1081, 39.9244 ], [ -74.1081, 39.9264 ], [ -74.1114, 39.9228 ], [ -74.1074, 39.9227 ], [ -74.1075, 39.9204 ], [ -74.1163, 39.9143 ], [ -74.1186, 39.9146 ], [ -74.1196, 39.9128 ], [ -74.1245, 39.913 ], [ -74.1266, 39.9065 ], [ -74.1329, 39.9001 ], [ -74.1316, 39.8985 ], [ -74.1347, 39.8972 ], [ -74.1329, 39.8954 ], [ -74.1341, 39.8921 ], [ -74.1371, 39.8918 ], [ -74.1352, 39.8906 ], [ -74.137, 39.8881 ], [ -74.1355, 39.8867 ], [ -74.1396, 39.8843 ], [ -74.1367, 39.8792 ], [ -74.1395, 39.8757 ], [ -74.1349, 39.8736 ], [ -74.1322, 39.8747 ], [ -74.1314, 39.8733 ], [ -74.1402, 39.871 ], [ -74.1543, 39.8717 ], [ -74.1569, 39.8705 ], [ -74.1436, 39.8683 ], [ -74.1425, 39.868 ], [ -74.1434, 39.8667 ], [ -74.1406, 39.8661 ], [ -74.1381, 39.8672 ], [ -74.1383, 39.8686 ], [ -74.1349, 39.8686 ], [ -74.1304, 39.8643 ], [ -74.1308, 39.8625 ], [ -74.1342, 39.8617 ], [ -74.129, 39.8596 ], [ -74.1318, 39.8558 ], [ -74.1362, 39.8566 ], [ -74.1432, 39.8472 ], [ -74.1462, 39.8461 ], [ -74.1447, 39.8437 ], [ -74.1459, 39.8413 ], [ -74.1434, 39.8402 ], [ -74.1458, 39.8375 ], [ -74.1575, 39.8313 ], [ -74.1617, 39.8269 ], [ -74.175, 39.8261 ], [ -74.1648, 39.8256 ], [ -74.1609, 39.8214 ], [ -74.1645, 39.8154 ], [ -74.1695, 39.8121 ], [ -74.171, 39.8062 ], [ -74.1805, 39.7978 ], [ -74.1826, 39.7886 ], [ -74.1871, 39.7788 ], [ -74.1858, 39.7729 ], [ -74.1925, 39.7647 ], [ -74.1895, 39.7511 ], [ -74.1969, 39.7442 ], [ -74.1867, 39.7411 ], [ -74.1869, 39.7431 ], [ -74.1903, 39.7446 ], [ -74.189, 39.7465 ], [ -74.1829, 39.7417 ], [ -74.168, 39.7391 ], [ -74.164, 39.7366 ], [ -74.1646, 39.7351 ], [ -74.1675, 39.7361 ], [ -74.1691, 39.7345 ], [ -74.1692, 39.73 ], [ -74.1664, 39.7283 ], [ -74.1689, 39.7269 ], [ -74.1681, 39.7244 ], [ -74.1642, 39.7231 ], [ -74.1658, 39.7208 ], [ -74.1683, 39.7222 ], [ -74.1772, 39.7208 ], [ -74.1809, 39.724 ], [ -74.1844, 39.7238 ], [ -74.1852, 39.7259 ], [ -74.1858, 39.7236 ], [ -74.1881, 39.7231 ], [ -74.1779, 39.7187 ], [ -74.1745, 39.7149 ], [ -74.1739, 39.7172 ], [ -74.1717, 39.7175 ], [ -74.1686, 39.7125 ], [ -74.16, 39.7136 ], [ -74.1589, 39.7111 ], [ -74.1619, 39.7111 ], [ -74.1692, 39.7072 ], [ -74.16, 39.7064 ], [ -74.1606, 39.7032 ], [ -74.1636, 39.7047 ], [ -74.1689, 39.7023 ], [ -74.1739, 39.7026 ], [ -74.1785, 39.7058 ], [ -74.1839, 39.7061 ], [ -74.1812, 39.7037 ], [ -74.1806, 39.6969 ], [ -74.1842, 39.6983 ], [ -74.185, 39.6975 ], [ -74.1831, 39.6953 ], [ -74.1888, 39.6951 ], [ -74.1921, 39.6917 ], [ -74.1939, 39.6864 ], [ -74.2008, 39.6839 ], [ -74.1989, 39.68 ], [ -74.1896, 39.6805 ], [ -74.1894, 39.677 ], [ -74.1918, 39.6761 ], [ -74.1953, 39.6773 ], [ -74.2045, 39.6753 ], [ -74.213, 39.6695 ], [ -74.2125, 39.6753 ], [ -74.2161, 39.6711 ], [ -74.2134, 39.6674 ], [ -74.2171, 39.6636 ], [ -74.217, 39.6593 ], [ -74.2193, 39.658 ], [ -74.2147, 39.6538 ], [ -74.2142, 39.6508 ], [ -74.2183, 39.6472 ], [ -74.2181, 39.6449 ], [ -74.2202, 39.6441 ], [ -74.2268, 39.6462 ], [ -74.2269, 39.6444 ], [ -74.2354, 39.6485 ], [ -74.2394, 39.6448 ], [ -74.2421, 39.6443 ], [ -74.2436, 39.6458 ], [ -74.2457, 39.6433 ], [ -74.2508, 39.6444 ], [ -74.2539, 39.6481 ], [ -74.2547, 39.6469 ], [ -74.2506, 39.6404 ], [ -74.2508, 39.6331 ], [ -74.2538, 39.6329 ], [ -74.2562, 39.6304 ], [ -74.2555, 39.6279 ], [ -74.2535, 39.627 ], [ -74.2544, 39.6239 ], [ -74.2585, 39.623 ], [ -74.2636, 39.6281 ], [ -74.2617, 39.6244 ], [ -74.2623, 39.6201 ], [ -74.2664, 39.6175 ], [ -74.2711, 39.6172 ], [ -74.263, 39.6146 ], [ -74.2612, 39.6096 ], [ -74.2623, 39.605 ], [ -74.2673, 39.605 ], [ -74.2729, 39.6095 ], [ -74.2829, 39.6132 ], [ -74.2862, 39.6109 ], [ -74.2922, 39.6098 ], [ -74.2897, 39.6057 ], [ -74.2908, 39.6031 ], [ -74.2984, 39.606 ], [ -74.3008, 39.6036 ], [ -74.307, 39.6016 ], [ -74.3071, 39.5987 ], [ -74.3107, 39.5976 ], [ -74.312, 39.5954 ], [ -74.3165, 39.5952 ], [ -74.315, 39.5923 ], [ -74.3161, 39.587 ], [ -74.3237, 39.5845 ], [ -74.3265, 39.5797 ], [ -74.3252, 39.5762 ], [ -74.3313, 39.5766 ], [ -74.3342, 39.5803 ], [ -74.3369, 39.5794 ], [ -74.3389, 39.5742 ], [ -74.3381, 39.5686 ], [ -74.3418, 39.5661 ], [ -74.341, 39.564 ], [ -74.3366, 39.5641 ], [ -74.3323, 39.5619 ], [ -74.3265, 39.554 ], [ -74.319, 39.553 ], [ -74.3169, 39.5464 ], [ -74.2981, 39.5381 ], [ -74.2972, 39.5219 ], [ -74.302, 39.5161 ], [ -74.3051, 39.5168 ], [ -74.3069, 39.5209 ], [ -74.3066, 39.5167 ], [ -74.3034, 39.5137 ], [ -74.3072, 39.5094 ], [ -74.3144, 39.5078 ], [ -74.3275, 39.5083 ], [ -74.3328, 39.5111 ], [ -74.3344, 39.5147 ], [ -74.3325, 39.525 ], [ -74.3268, 39.5261 ], [ -74.3278, 39.5289 ], [ -74.325, 39.5319 ], [ -74.3219, 39.5314 ], [ -74.315, 39.5364 ], [ -74.3102, 39.5366 ], [ -74.3111, 39.5342 ], [ -74.3089, 39.5317 ], [ -74.3083, 39.5372 ], [ -74.3094, 39.5381 ], [ -74.3164, 39.5372 ], [ -74.3214, 39.5328 ], [ -74.3253, 39.5336 ], [ -74.3286, 39.5294 ], [ -74.3312, 39.536 ], [ -74.3281, 39.5375 ], [ -74.3339, 39.5406 ], [ -74.3317, 39.5428 ], [ -74.3325, 39.5436 ], [ -74.3353, 39.5431 ], [ -74.3353, 39.5405 ], [ -74.339, 39.5385 ], [ -74.3528, 39.5451 ], [ -74.3618, 39.5445 ], [ -74.365, 39.5461 ], [ -74.3711, 39.5441 ], [ -74.3772, 39.5447 ], [ -74.3811, 39.5402 ], [ -74.393, 39.5384 ], [ -74.397, 39.545 ], [ -74.3972, 39.5505 ], [ -74.4061, 39.5508 ], [ -74.4047, 39.5536 ], [ -74.4003, 39.5542 ], [ -74.4067, 39.5569 ], [ -74.4067, 39.5589 ], [ -74.4047, 39.5587 ], [ -74.4044, 39.5599 ], [ -74.4075, 39.5592 ], [ -74.4113, 39.5518 ], [ -74.4142, 39.5497 ], [ -74.4178, 39.5583 ], [ -74.4149, 39.5597 ], [ -74.4149, 39.5638 ], [ -74.4173, 39.5688 ], [ -74.4023, 39.5701 ], [ -74.3987, 39.5756 ], [ -74.3975, 39.5824 ], [ -74.391, 39.5964 ], [ -74.3841, 39.7637 ], [ -74.4738, 39.9278 ] ], [ [ -74.1205, 40.7412 ], [ -74.121508115709105, 40.741230735235035 ], [ -74.1169, 40.7385 ], [ -74.1205, 40.7412 ] ], [ [ -73.9573, 41.4016 ], [ -73.9828, 41.4401 ], [ -73.9869, 41.4451 ], [ -73.9573, 41.4016 ] ], [ [ -73.917793750000044, 40.91875812499989 ], [ -73.9172, 40.9201 ], [ -73.8964, 40.9808 ], [ -73.917793750000044, 40.91875812499989 ] ], [ [ -74.1533, 41.1098 ], [ -74.218219075765603, 41.136654723267014 ], [ -74.2129, 41.1344 ], [ -74.1533, 41.1098 ] ], [ [ -74.1383, 40.8084 ], [ -74.1328, 40.8189 ], [ -74.1347, 40.8157 ], [ -74.1383, 40.8084 ] ], [ [ -74.14566553948832, 40.787003225806451 ], [ -74.1378, 40.7994 ], [ -74.1439, 40.7912 ], [ -74.14566553948832, 40.787003225806451 ] ], [ [ -74.155477585328569, 40.770824044829354 ], [ -74.15, 40.7767 ], [ -74.1537, 40.7736 ], [ -74.155477585328569, 40.770824044829354 ] ], [ [ -74.161826144756276, 40.759839586410649 ], [ -74.155564119291739, 40.770688909599215 ], [ -74.161, 40.7622 ], [ -74.161826144756276, 40.759839586410649 ] ], [ [ -74.165622844723487, 40.747163680270475 ], [ -74.164987989556138, 40.750805744125287 ], [ -74.1659, 40.7482 ], [ -74.165622844723487, 40.747163680270475 ] ], [ [ -74.1599, 40.7341 ], [ -74.164169331872955, 40.741728806133636 ], [ -74.1636, 40.7396 ], [ -74.1599, 40.7341 ] ], [ [ -74.1581, 40.7337 ], [ -74.1478, 40.7341 ], [ -74.1599, 40.7341 ], [ -74.1581, 40.7337 ] ], [ [ -74.1369, 40.7417 ], [ -74.137996920634919, 40.740935174603173 ], [ -74.135591467404964, 40.741660105713571 ], [ -74.1369, 40.7417 ] ], [ [ -74.4953, 41.0353 ], [ -74.4819, 41.0453 ], [ -74.497037614678902, 41.0353 ], [ -74.4953, 41.0353 ] ], [ [ -74.2655, 40.9099 ], [ -74.2667, 40.9122 ], [ -74.268384684684676, 40.912784684684681 ], [ -74.2655, 40.9099 ] ], [ [ -74.276393045055968, 40.895030148170548 ], [ -74.267932198297444, 40.894175062593888 ], [ -74.2729, 40.8954 ], [ -74.276393045055968, 40.895030148170548 ] ], [ [ -74.265, 40.8877 ], [ -74.2656, 40.8936 ], [ -74.266149623545516, 40.893735523613962 ], [ -74.265, 40.8877 ] ], [ [ -74.4512, 40.6048 ], [ -74.4318, 40.6175 ], [ -74.455840537514035, 40.60289075027994 ], [ -74.4512, 40.6048 ] ], [ [ -74.4687, 40.5976 ], [ -74.464113442939976, 40.599487040618982 ], [ -74.4772, 40.5949 ], [ -74.4687, 40.5976 ] ], [ [ -74.335, 40.8166 ], [ -74.3411, 40.8116 ], [ -74.3381, 40.8134 ], [ -74.335, 40.8166 ] ], [ [ -74.3354, 40.9046 ], [ -74.3379, 40.9005 ], [ -74.3324, 40.9073 ], [ -74.3354, 40.9046 ] ], [ [ -74.3208, 40.9073 ], [ -74.3251, 40.9082 ], [ -74.3324, 40.9073 ], [ -74.3208, 40.9073 ] ], [ [ -74.744557841654057, 41.43015451336359 ], [ -74.742378871391068, 41.429948950131234 ], [ -74.7438, 41.4305 ], [ -74.744557841654057, 41.43015451336359 ] ], [ [ -74.74019717842323, 41.429102987551872 ], [ -74.7376, 41.4261 ], [ -74.7389, 41.4286 ], [ -74.74019717842323, 41.429102987551872 ] ], [ [ -74.4101, 41.2248 ], [ -74.3677, 41.2033 ], [ -74.3259, 41.1823 ], [ -74.4101, 41.2248 ] ], [ [ -74.9728, 41.1136 ], [ -74.9771, 41.1114 ], [ -74.967768451242819, 41.114129636711283 ], [ -74.9728, 41.1136 ] ], [ [ -74.952454926108331, 41.121404926108404 ], [ -74.963329327408616, 41.115428155928086 ], [ -74.9624, 41.1157 ], [ -74.952454926108331, 41.121404926108404 ] ], [ [ -74.943, 41.1303 ], [ -74.952077701047003, 41.121621318779233 ], [ -74.9495, 41.1231 ], [ -74.943, 41.1303 ] ], [ [ -74.8972, 41.1697 ], [ -74.908930630407895, 41.152707836835617 ], [ -74.905, 41.1568 ], [ -74.8972, 41.1697 ] ], [ [ -74.85982224824356, 41.220189929742389 ], [ -74.860578832792953, 41.218147151459014 ], [ -74.8598, 41.2193 ], [ -74.85982224824356, 41.220189929742389 ] ], [ [ -74.8657, 41.2294 ], [ -74.85987502014504, 41.222300805801765 ], [ -74.8599, 41.2233 ], [ -74.8657, 41.2294 ] ], [ [ -74.8661, 41.2335 ], [ -74.866010431654686, 41.232581924460433 ], [ -74.864907185628752, 41.234804640718558 ], [ -74.8661, 41.2335 ] ], [ [ -74.8254, 41.2922 ], [ -74.826494068192432, 41.290917608594114 ], [ -74.7937, 41.3109 ], [ -74.8254, 41.2922 ] ] ], [ [ [ -74.2067, 40.5739 ], [ -74.2075, 40.5753 ], [ -74.2064, 40.5781 ], [ -74.2016, 40.579 ], [ -74.2009, 40.5753 ], [ -74.2034, 40.5736 ], [ -74.2067, 40.5739 ] ] ], [ [ [ -74.2031, 40.6083 ], [ -74.2011, 40.6136 ], [ -74.1986, 40.6128 ], [ -74.2003, 40.6088 ], [ -74.1989, 40.6039 ], [ -74.2019, 40.6056 ], [ -74.2031, 40.6083 ] ] ], [ [ [ -74.1617, 40.6422 ], [ -74.1614, 40.6447 ], [ -74.1586, 40.6447 ], [ -74.1575, 40.6433 ], [ -74.1592, 40.6414 ], [ -74.1617, 40.6422 ] ] ], [ [ [ -74.1546, 39.7079 ], [ -74.1468, 39.7104 ], [ -74.1467, 39.7083 ], [ -74.1486, 39.7059 ], [ -74.1526, 39.7055 ], [ -74.1546, 39.7079 ] ] ], [ [ [ -74.1286, 39.7417 ], [ -74.1303, 39.7439 ], [ -74.1281, 39.7453 ], [ -74.1262, 39.7431 ], [ -74.1222, 39.7456 ], [ -74.1217, 39.7444 ], [ -74.1254, 39.741 ], [ -74.1286, 39.7417 ] ] ], [ [ [ -74.1328, 39.765 ], [ -74.1342, 39.7611 ], [ -74.1397, 39.7593 ], [ -74.1447, 39.7617 ], [ -74.1419, 39.7667 ], [ -74.1353, 39.7664 ], [ -74.1328, 39.765 ] ] ], [ [ [ -74.1319, 39.7706 ], [ -74.1327, 39.7672 ], [ -74.1367, 39.7694 ], [ -74.1344, 39.7722 ], [ -74.1319, 39.7706 ] ] ], [ [ [ -74.1056, 39.7972 ], [ -74.1047, 39.7972 ], [ -74.1035, 39.7963 ], [ -74.1044, 39.7959 ], [ -74.1056, 39.7972 ] ] ], [ [ [ -74.0856, 39.9442 ], [ -74.0886, 39.9506 ], [ -74.0858, 39.9539 ], [ -74.0858, 39.9506 ], [ -74.0833, 39.95 ], [ -74.0822, 39.9467 ], [ -74.0856, 39.9442 ] ] ], [ [ [ -74.0878, 39.9561 ], [ -74.0875, 39.9578 ], [ -74.0847, 39.9572 ], [ -74.0856, 39.9556 ], [ -74.0878, 39.9561 ] ] ], [ [ [ -74.0761, 39.9786 ], [ -74.0764, 39.9761 ], [ -74.0792, 39.9783 ], [ -74.0778, 39.9794 ], [ -74.0761, 39.9786 ] ] ], [ [ [ -74.0794, 39.9811 ], [ -74.0761, 39.9836 ], [ -74.0753, 39.9825 ], [ -74.0786, 39.98 ], [ -74.0794, 39.9811 ] ] ], [ [ [ -74.0853, 39.9917 ], [ -74.0833, 39.9931 ], [ -74.0833, 39.9967 ], [ -74.0778, 39.9925 ], [ -74.0783, 39.9911 ], [ -74.0853, 39.9917 ] ] ], [ [ [ -74.0736, 39.9956 ], [ -74.0764, 39.9931 ], [ -74.0814, 39.9986 ], [ -74.08, 40.0003 ], [ -74.0775, 39.9992 ], [ -74.0756, 39.9992 ], [ -74.0736, 39.9956 ] ] ], [ [ [ -74.0539, 40.0475 ], [ -74.0558, 40.0494 ], [ -74.0547, 40.0511 ], [ -74.0533, 40.0536 ], [ -74.0511, 40.0497 ], [ -74.0539, 40.0475 ] ] ], [ [ [ -74.0711, 40.093 ], [ -74.0711, 40.0915 ], [ -74.0724, 40.0911 ], [ -74.0724, 40.0933 ], [ -74.0711, 40.093 ] ] ], [ [ [ -73.9877, 40.3485 ], [ -73.9803, 40.3492 ], [ -73.98, 40.3473 ], [ -73.9794, 40.3442 ], [ -73.9811, 40.3433 ], [ -73.9877, 40.3485 ] ] ], [ [ [ -73.9842, 40.3503 ], [ -73.9836, 40.3519 ], [ -73.9767, 40.3539 ], [ -73.9778, 40.3517 ], [ -73.9842, 40.3503 ] ] ], [ [ [ -73.982, 40.3571 ], [ -73.9778, 40.3579 ], [ -73.9784, 40.3556 ], [ -73.9825, 40.3542 ], [ -73.9847, 40.3547 ], [ -73.982, 40.3571 ] ] ], [ [ [ -73.9953, 40.4192 ], [ -73.9956, 40.4219 ], [ -73.9936, 40.4236 ], [ -73.9928, 40.4194 ], [ -73.9953, 40.4192 ] ] ], [ [ [ -74.0717, 40.6239 ], [ -74.0696, 40.6208 ], [ -74.0658, 40.6203 ], [ -74.0554, 40.6062 ], [ -74.0553, 40.6031 ], [ -74.0527, 40.6014 ], [ -74.0751, 40.5793 ], [ -74.0897, 40.5688 ], [ -74.1051, 40.5538 ], [ -74.1091, 40.5526 ], [ -74.113, 40.5477 ], [ -74.1155, 40.5478 ], [ -74.1238, 40.543 ], [ -74.1356, 40.5301 ], [ -74.1394, 40.5316 ], [ -74.1403, 40.5339 ], [ -74.1386, 40.5353 ], [ -74.1343, 40.5348 ], [ -74.1281, 40.5411 ], [ -74.1286, 40.5449 ], [ -74.1316, 40.5466 ], [ -74.1364, 40.5457 ], [ -74.1422, 40.5397 ], [ -74.1419, 40.5372 ], [ -74.1468, 40.5354 ], [ -74.1559, 40.5279 ], [ -74.1619, 40.5272 ], [ -74.1778, 40.5195 ], [ -74.181, 40.5203 ], [ -74.1856, 40.5188 ], [ -74.1947, 40.5103 ], [ -74.1999, 40.512 ], [ -74.2074, 40.5116 ], [ -74.2182, 40.5028 ], [ -74.2303, 40.5019 ], [ -74.2368, 40.4997 ], [ -74.2379, 40.4979 ], [ -74.2463, 40.4963 ], [ -74.2516, 40.4981 ], [ -74.2558, 40.5075 ], [ -74.2492, 40.5178 ], [ -74.2436, 40.5186 ], [ -74.2419, 40.5203 ], [ -74.2439, 40.5292 ], [ -74.2419, 40.5306 ], [ -74.2425, 40.535 ], [ -74.2458, 40.5417 ], [ -74.2486, 40.5439 ], [ -74.2436, 40.5481 ], [ -74.2397, 40.5481 ], [ -74.2306, 40.5561 ], [ -74.2164, 40.5572 ], [ -74.2117, 40.5614 ], [ -74.2097, 40.5692 ], [ -74.1994, 40.5735 ], [ -74.1988, 40.5781 ], [ -74.1971, 40.5787 ], [ -74.1913, 40.5761 ], [ -74.1825, 40.5763 ], [ -74.1786, 40.5792 ], [ -74.1811, 40.5853 ], [ -74.1749, 40.5906 ], [ -74.1794, 40.5894 ], [ -74.1804, 40.5913 ], [ -74.1786, 40.5945 ], [ -74.1816, 40.5918 ], [ -74.1806, 40.5881 ], [ -74.1831, 40.5853 ], [ -74.18, 40.5803 ], [ -74.1819, 40.5779 ], [ -74.1871, 40.5787 ], [ -74.1915, 40.5773 ], [ -74.1967, 40.5799 ], [ -74.2058, 40.58 ], [ -74.205, 40.5892 ], [ -74.1975, 40.5975 ], [ -74.1967, 40.6039 ], [ -74.1983, 40.6081 ], [ -74.1958, 40.6128 ], [ -74.1969, 40.6158 ], [ -74.2008, 40.6175 ], [ -74.2019, 40.6289 ], [ -74.1919, 40.6397 ], [ -74.1864, 40.6436 ], [ -74.18, 40.6453 ], [ -74.1783, 40.6428 ], [ -74.1733, 40.6447 ], [ -74.1706, 40.6422 ], [ -74.1689, 40.6444 ], [ -74.1572, 40.6389 ], [ -74.145, 40.6392 ], [ -74.135, 40.6419 ], [ -74.1289, 40.6417 ], [ -74.1253, 40.6394 ], [ -74.1219, 40.6419 ], [ -74.1097, 40.6456 ], [ -74.0989, 40.645 ], [ -74.0844, 40.6486 ], [ -74.071, 40.644 ], [ -74.0704, 40.6414 ], [ -74.0727, 40.6387 ], [ -74.0706, 40.6372 ], [ -74.0739, 40.6339 ], [ -74.0684, 40.6292 ], [ -74.072, 40.6269 ], [ -74.0717, 40.6239 ] ] ], [ [ [ -73.7956, 40.5856 ], [ -73.8211, 40.5822 ], [ -73.8745, 40.5629 ], [ -73.8994, 40.5561 ], [ -73.9044, 40.5569 ], [ -73.908, 40.5558 ], [ -73.941, 40.5422 ], [ -73.9392, 40.5553 ], [ -73.9314, 40.5581 ], [ -73.9266, 40.5617 ], [ -73.9189, 40.562 ], [ -73.9108, 40.5653 ], [ -73.9058, 40.5628 ], [ -73.9005, 40.5635 ], [ -73.8947, 40.5681 ], [ -73.8792, 40.569 ], [ -73.8708, 40.5717 ], [ -73.8519, 40.5817 ], [ -73.84, 40.5817 ], [ -73.8235, 40.5878 ], [ -73.8207, 40.5868 ], [ -73.8192, 40.5892 ], [ -73.8156, 40.5892 ], [ -73.8122, 40.5923 ], [ -73.8049, 40.5954 ], [ -73.8056, 40.5972 ], [ -73.8028, 40.5992 ], [ -73.7947, 40.5992 ], [ -73.7867, 40.6039 ], [ -73.7858, 40.6031 ], [ -73.79, 40.5994 ], [ -73.7909, 40.5964 ], [ -73.7897, 40.5959 ], [ -73.7836, 40.6028 ], [ -73.7831, 40.6064 ], [ -73.778, 40.61 ], [ -73.7748, 40.6096 ], [ -73.7739, 40.6058 ], [ -73.7761, 40.6022 ], [ -73.7822, 40.5981 ], [ -73.7781, 40.5983 ], [ -73.7756, 40.6014 ], [ -73.7733, 40.5983 ], [ -73.7716, 40.5984 ], [ -73.7689, 40.6092 ], [ -73.7736, 40.6111 ], [ -73.7731, 40.6138 ], [ -73.7656, 40.6142 ], [ -73.7633, 40.6114 ], [ -73.7583, 40.61 ], [ -73.755829248415324, 40.610405357681863 ], [ -73.7636, 40.6136 ], [ -73.7631, 40.6153 ], [ -73.7589, 40.6167 ], [ -73.7589, 40.6183 ], [ -73.7644, 40.6156 ], [ -73.7692, 40.6156 ], [ -73.7704, 40.6169 ], [ -73.7681, 40.6206 ], [ -73.7633, 40.6236 ], [ -73.7609, 40.6224 ], [ -73.7606, 40.6239 ], [ -73.7503, 40.6281 ], [ -73.7497, 40.6306 ], [ -73.7453, 40.6344 ], [ -73.741, 40.647 ], [ -73.7449, 40.6358 ], [ -73.7461, 40.6367 ], [ -73.7531, 40.6328 ], [ -73.7669, 40.6283 ], [ -73.7703, 40.6197 ], [ -73.7742, 40.6208 ], [ -73.7728, 40.6238 ], [ -73.7747, 40.6259 ], [ -73.7798, 40.6261 ], [ -73.7843, 40.6199 ], [ -73.7809, 40.6139 ], [ -73.79, 40.6081 ], [ -73.8011, 40.6119 ], [ -73.7944, 40.6229 ], [ -73.7889, 40.6233 ], [ -73.7833, 40.6289 ], [ -73.7853, 40.6314 ], [ -73.8196, 40.6465 ], [ -73.8231, 40.6522 ], [ -73.8228, 40.6583 ], [ -73.825, 40.6556 ], [ -73.8239, 40.6489 ], [ -73.8288, 40.6488 ], [ -73.8311, 40.6514 ], [ -73.8309, 40.6491 ], [ -73.8356, 40.6478 ], [ -73.8369, 40.6447 ], [ -73.8495, 40.6443 ], [ -73.8522, 40.6469 ], [ -73.8511, 40.6503 ], [ -73.8547, 40.6508 ], [ -73.8601, 40.6581 ], [ -73.855, 40.6511 ], [ -73.8564, 40.6517 ], [ -73.8581, 40.6519 ], [ -73.857, 40.6445 ], [ -73.858, 40.6433 ], [ -73.8671, 40.6396 ], [ -73.8723, 40.6448 ], [ -73.8681, 40.6376 ], [ -73.8739, 40.6359 ], [ -73.8781, 40.6383 ], [ -73.8781, 40.6351 ], [ -73.884, 40.6311 ], [ -73.8833, 40.6272 ], [ -73.8887, 40.6285 ], [ -73.897, 40.6237 ], [ -73.9069, 40.6272 ], [ -73.9108, 40.6311 ], [ -73.9143, 40.6304 ], [ -73.9128, 40.6275 ], [ -73.8967, 40.6213 ], [ -73.8955, 40.6155 ], [ -73.8892, 40.612 ], [ -73.894, 40.607 ], [ -73.8989, 40.605 ], [ -73.9071, 40.6055 ], [ -73.9095, 40.6028 ], [ -73.8825, 40.6047 ], [ -73.8804, 40.5945 ], [ -73.8761, 40.5847 ], [ -73.8797, 40.5793 ], [ -73.8861, 40.5778 ], [ -73.8954, 40.577 ], [ -73.8977, 40.5796 ], [ -73.8964, 40.5828 ], [ -73.8986, 40.586 ], [ -73.9011, 40.5853 ], [ -73.9067, 40.5869 ], [ -73.9117, 40.5847 ], [ -73.9106, 40.5819 ], [ -73.9131, 40.5806 ], [ -73.9176, 40.5828 ], [ -73.9194, 40.5817 ], [ -73.9284, 40.5836 ], [ -73.9323, 40.5821 ], [ -73.9486, 40.5829 ], [ -73.9425, 40.5808 ], [ -73.9327, 40.581 ], [ -73.9311, 40.5769 ], [ -73.9319, 40.5753 ], [ -73.9444, 40.5758 ], [ -73.9514, 40.5737 ], [ -73.957, 40.5749 ], [ -73.9817, 40.5712 ], [ -73.9959, 40.5708 ], [ -74.0111, 40.5739 ], [ -74.0131, 40.5776 ], [ -74.0103, 40.5802 ], [ -74.004, 40.5814 ], [ -73.992, 40.5794 ], [ -73.9911, 40.5814 ], [ -73.9995, 40.5833 ], [ -73.9997, 40.5928 ], [ -74.01, 40.6005 ], [ -74.0295, 40.6045 ], [ -74.0335, 40.6068 ], [ -74.04, 40.6145 ], [ -74.0399, 40.6181 ], [ -74.0416, 40.6212 ], [ -74.042, 40.6284 ], [ -74.0376, 40.6368 ], [ -74.038, 40.6399 ], [ -74.034, 40.6443 ], [ -74.027, 40.6454 ], [ -74.0278, 40.6479 ], [ -74.0264, 40.6519 ], [ -74.0207, 40.6572 ], [ -74.013, 40.661 ], [ -74.0086, 40.6597 ], [ -74.0099, 40.6622 ], [ -74.0045, 40.6658 ], [ -74.0092, 40.6689 ], [ -74.0122, 40.6644 ], [ -74.0167, 40.6647 ], [ -74.0183, 40.6669 ], [ -74.0183, 40.6711 ], [ -74.0156, 40.6661 ], [ -74.013, 40.6664 ], [ -74.02, 40.6769 ], [ -74.0194, 40.6797 ], [ -74.0128, 40.6839 ], [ -74.0108, 40.6872 ], [ -74.0092, 40.6867 ], [ -74.0033, 40.6938 ], [ -73.9997, 40.6953 ], [ -73.9984, 40.7014 ], [ -73.9942, 40.7047 ], [ -73.9915, 40.7036 ], [ -73.9789, 40.706 ], [ -73.9752, 40.7024 ], [ -73.9728, 40.7025 ], [ -73.9734, 40.7077 ], [ -73.9724, 40.7068 ], [ -73.9722, 40.7089 ], [ -73.97, 40.7072 ], [ -73.97, 40.71 ], [ -73.969673333333333, 40.710287466666664 ], [ -73.9672, 40.7184 ], [ -73.9627, 40.7231 ], [ -73.9606, 40.7442 ], [ -73.9427, 40.7659 ], [ -73.936, 40.7698 ], [ -73.938, 40.7736 ], [ -73.936, 40.7775 ], [ -73.9286, 40.7767 ], [ -73.9178, 40.784 ], [ -73.913, 40.7897 ], [ -73.9089, 40.7911 ], [ -73.9026, 40.7898 ], [ -73.8954, 40.7857 ], [ -73.8912, 40.7817 ], [ -73.8897, 40.7748 ], [ -73.8873, 40.7739 ], [ -73.8848, 40.7759 ], [ -73.8851, 40.7801 ], [ -73.8811, 40.78 ], [ -73.8786, 40.7831 ], [ -73.875, 40.7819 ], [ -73.8717, 40.7858 ], [ -73.8792, 40.785 ], [ -73.8892, 40.7878 ], [ -73.8928, 40.7933 ], [ -73.8925, 40.7967 ], [ -73.8883, 40.7989 ], [ -73.8831, 40.7953 ], [ -73.8764, 40.7936 ], [ -73.8719, 40.7911 ], [ -73.8706, 40.7883 ], [ -73.8683, 40.7881 ], [ -73.8705, 40.7821 ], [ -73.8697, 40.7792 ], [ -73.8554, 40.7714 ], [ -73.8575, 40.7675 ], [ -73.861, 40.766 ], [ -73.8606, 40.7642 ], [ -73.8565, 40.7645 ], [ -73.8537, 40.7611 ], [ -73.8476, 40.7609 ], [ -73.8434, 40.7643 ], [ -73.8504, 40.7701 ], [ -73.8492, 40.776 ], [ -73.8522, 40.7806 ], [ -73.8508, 40.7819 ], [ -73.8536, 40.7814 ], [ -73.8594, 40.7853 ], [ -73.8549, 40.788 ], [ -73.8533, 40.7949 ], [ -73.8503, 40.7937 ], [ -73.847, 40.796 ], [ -73.8393, 40.7973 ], [ -73.8364, 40.7932 ], [ -73.8368, 40.7897 ], [ -73.8331, 40.7886 ], [ -73.8284, 40.7928 ], [ -73.8292, 40.7967 ], [ -73.8244, 40.7977 ], [ -73.8198, 40.801 ], [ -73.8112, 40.7975 ], [ -73.7953, 40.7956 ], [ -73.7943, 40.7896 ], [ -73.7927, 40.7888 ], [ -73.7903, 40.7905 ], [ -73.7825, 40.7907 ], [ -73.781, 40.7928 ], [ -73.7822, 40.7953 ], [ -73.7788, 40.797 ], [ -73.7759, 40.7962 ], [ -73.7726, 40.7924 ], [ -73.7707, 40.7881 ], [ -73.774, 40.7861 ], [ -73.7682, 40.7799 ], [ -73.7656, 40.7739 ], [ -73.7575, 40.7669 ], [ -73.7551, 40.7671 ], [ -73.7558, 40.7711 ], [ -73.7536, 40.7736 ], [ -73.7554, 40.7766 ], [ -73.7536, 40.7808 ], [ -73.7508, 40.7827 ], [ -73.7481, 40.7806 ], [ -73.7467, 40.7813 ], [ -73.7056, 40.7499 ], [ -73.7528, 40.7869 ], [ -73.7546, 40.7966 ], [ -73.752, 40.7985 ], [ -73.7636, 40.8067 ], [ -73.7634, 40.8093 ], [ -73.7658, 40.8121 ], [ -73.7619, 40.8172 ], [ -73.7574, 40.8181 ], [ -73.7545, 40.821 ], [ -73.7533, 40.8244 ], [ -73.7569, 40.8297 ], [ -73.7572, 40.8339 ], [ -73.7539, 40.835 ], [ -73.7529, 40.8382 ], [ -73.7481, 40.8331 ], [ -73.7431, 40.8322 ], [ -73.7386, 40.8276 ], [ -73.7327, 40.8275 ], [ -73.7288, 40.8235 ], [ -73.7217, 40.8224 ], [ -73.718, 40.8178 ], [ -73.715, 40.8103 ], [ -73.7167, 40.8056 ], [ -73.7114, 40.7975 ], [ -73.7098, 40.7995 ], [ -73.7114, 40.8008 ], [ -73.7114, 40.8064 ], [ -73.7089, 40.8125 ], [ -73.705, 40.8147 ], [ -73.6992, 40.8119 ], [ -73.7003, 40.8142 ], [ -73.7036, 40.8153 ], [ -73.7055, 40.8226 ], [ -73.7033, 40.8322 ], [ -73.7003, 40.835 ], [ -73.7031, 40.8364 ], [ -73.7089, 40.8325 ], [ -73.7131, 40.8384 ], [ -73.7216, 40.8363 ], [ -73.7267, 40.8386 ], [ -73.7281, 40.8339 ], [ -73.7297, 40.8357 ], [ -73.7302, 40.8414 ], [ -73.7381, 40.8484 ], [ -73.7285, 40.8541 ], [ -73.7275, 40.857 ], [ -73.7297, 40.8664 ], [ -73.7209, 40.8654 ], [ -73.7171, 40.8691 ], [ -73.7127, 40.8705 ], [ -73.7075, 40.8668 ], [ -73.6764, 40.8575 ], [ -73.6682, 40.8428 ], [ -73.6622, 40.8386 ], [ -73.6568, 40.8303 ], [ -73.6508, 40.8283 ], [ -73.6549, 40.8267 ], [ -73.6528, 40.82 ], [ -73.6542, 40.8111 ], [ -73.6513, 40.8083 ], [ -73.6536, 40.8058 ], [ -73.6514, 40.8042 ], [ -73.6481, 40.8067 ], [ -73.6471, 40.8097 ], [ -73.647, 40.8185 ], [ -73.6483, 40.8275 ], [ -73.653, 40.8358 ], [ -73.6541, 40.8438 ], [ -73.6526, 40.8496 ], [ -73.6477, 40.8548 ], [ -73.6521, 40.8572 ], [ -73.6531, 40.8617 ], [ -73.6558, 40.8649 ], [ -73.6557, 40.8749 ], [ -73.6546, 40.8782 ], [ -73.6485, 40.8821 ], [ -73.6418, 40.8901 ], [ -73.6405, 40.8941 ], [ -73.6341, 40.8984 ], [ -73.6328, 40.9027 ], [ -73.6247, 40.8989 ], [ -73.6176, 40.8982 ], [ -73.6147, 40.8995 ], [ -73.6131, 40.9025 ], [ -73.604, 40.9021 ], [ -73.5936, 40.9088 ], [ -73.5807, 40.9092 ], [ -73.571, 40.9155 ], [ -73.5657, 40.9155 ], [ -73.5529, 40.9099 ], [ -73.5464, 40.909 ], [ -73.5325, 40.9128 ], [ -73.5264, 40.9175 ], [ -73.5217, 40.9186 ], [ -73.5206, 40.9149 ], [ -73.5131, 40.9122 ], [ -73.5106, 40.9089 ], [ -73.5075, 40.9078 ], [ -73.5083, 40.9011 ], [ -73.5117, 40.9022 ], [ -73.5178, 40.8994 ], [ -73.5214, 40.8864 ], [ -73.5319, 40.885 ], [ -73.5339, 40.8867 ], [ -73.5339, 40.89 ], [ -73.5286, 40.8919 ], [ -73.5236, 40.8972 ], [ -73.5222, 40.9033 ], [ -73.5225, 40.9086 ], [ -73.5281, 40.9136 ], [ -73.5325, 40.9092 ], [ -73.5431, 40.9033 ], [ -73.5492, 40.9033 ], [ -73.5561, 40.9064 ], [ -73.5592, 40.9019 ], [ -73.5645, 40.8998 ], [ -73.5702, 40.8999 ], [ -73.5741, 40.9029 ], [ -73.5771, 40.902 ], [ -73.5733, 40.8997 ], [ -73.5725, 40.8956 ], [ -73.5672, 40.8892 ], [ -73.5669, 40.8864 ], [ -73.5689, 40.8842 ], [ -73.5647, 40.8819 ], [ -73.5622, 40.8847 ], [ -73.5678, 40.8936 ], [ -73.5672, 40.8968 ], [ -73.5483, 40.902 ], [ -73.5489, 40.8954 ], [ -73.5469, 40.8895 ], [ -73.5481, 40.8858 ], [ -73.5414, 40.8769 ], [ -73.5286, 40.8783 ], [ -73.5225, 40.8742 ], [ -73.5103, 40.875 ], [ -73.5064, 40.8719 ], [ -73.5039, 40.8739 ], [ -73.5056, 40.8756 ], [ -73.5047, 40.8786 ], [ -73.5107, 40.8866 ], [ -73.5083, 40.8908 ], [ -73.5097, 40.8925 ], [ -73.5073, 40.8941 ], [ -73.4961, 40.8957 ], [ -73.4936, 40.8945 ], [ -73.4905, 40.8894 ], [ -73.4893, 40.8857 ], [ -73.4902, 40.8817 ], [ -73.4864, 40.8753 ], [ -73.4797, 40.8731 ], [ -73.4707, 40.8671 ], [ -73.4658, 40.8592 ], [ -73.4631, 40.8606 ], [ -73.4623, 40.8678 ], [ -73.4608, 40.8669 ], [ -73.4624, 40.8699 ], [ -73.4675, 40.8744 ], [ -73.4692, 40.8736 ], [ -73.4714, 40.8756 ], [ -73.4736, 40.8947 ], [ -73.4808, 40.9017 ], [ -73.4901, 40.9189 ], [ -73.4968, 40.9236 ], [ -73.4961, 40.9303 ], [ -73.4937, 40.9347 ], [ -73.4917, 40.9339 ], [ -73.49, 40.9356 ], [ -73.4875, 40.9431 ], [ -73.4923, 40.9407 ], [ -73.4912, 40.9398 ], [ -73.491, 40.9369 ], [ -73.4931, 40.9412 ], [ -73.4853, 40.9473 ], [ -73.4802, 40.9433 ], [ -73.464, 40.9372 ], [ -73.4583, 40.9381 ], [ -73.4491, 40.9352 ], [ -73.4422, 40.9364 ], [ -73.4369, 40.935 ], [ -73.43, 40.9288 ], [ -73.4286, 40.9198 ], [ -73.433, 40.9186 ], [ -73.4345, 40.9142 ], [ -73.4356, 40.9142 ], [ -73.4347, 40.9186 ], [ -73.4322, 40.9222 ], [ -73.4439, 40.9197 ], [ -73.4525, 40.9142 ], [ -73.4828, 40.9128 ], [ -73.4839, 40.9094 ], [ -73.4719, 40.9122 ], [ -73.4566, 40.9111 ], [ -73.4486, 40.9129 ], [ -73.4408, 40.9075 ], [ -73.4344, 40.9079 ], [ -73.4352, 40.9043 ], [ -73.4383, 40.9009 ], [ -73.4433, 40.9003 ], [ -73.4458, 40.9019 ], [ -73.4467, 40.9006 ], [ -73.4335, 40.8973 ], [ -73.4297, 40.8981 ], [ -73.4282, 40.8962 ], [ -73.4253, 40.8958 ], [ -73.4208, 40.8892 ], [ -73.4206, 40.8864 ], [ -73.4173, 40.8886 ], [ -73.4194, 40.8944 ], [ -73.4225, 40.8961 ], [ -73.4233, 40.8994 ], [ -73.4254, 40.8984 ], [ -73.4291, 40.9012 ], [ -73.4323, 40.8999 ], [ -73.4332, 40.9021 ], [ -73.4311, 40.9044 ], [ -73.4333, 40.906 ], [ -73.426, 40.9064 ], [ -73.4133, 40.9042 ], [ -73.4039, 40.9056 ], [ -73.3957, 40.9088 ], [ -73.3864, 40.9047 ], [ -73.3839, 40.9008 ], [ -73.3761, 40.8958 ], [ -73.3714, 40.8881 ], [ -73.3692, 40.8875 ], [ -73.3683, 40.8883 ], [ -73.3719, 40.8925 ], [ -73.3725, 40.8956 ], [ -73.3756, 40.8978 ], [ -73.375, 40.9003 ], [ -73.3783, 40.9031 ], [ -73.3804, 40.901 ], [ -73.3769, 40.9113 ], [ -73.3747, 40.9133 ], [ -73.3587, 40.9 ], [ -73.3639, 40.8947 ], [ -73.3628, 40.8886 ], [ -73.3536, 40.8958 ], [ -73.354, 40.9023 ], [ -73.3594, 40.91 ], [ -73.3575, 40.9122 ], [ -73.3538, 40.9129 ], [ -73.352, 40.9226 ], [ -73.3539, 40.9243 ], [ -73.3614, 40.9256 ], [ -73.3642, 40.9286 ], [ -73.3689, 40.9303 ], [ -73.3754, 40.9295 ], [ -73.3773, 40.9279 ], [ -73.3774, 40.9254 ], [ -73.3794, 40.9254 ], [ -73.3806, 40.9288 ], [ -73.3772, 40.9297 ], [ -73.3744, 40.9336 ], [ -73.373, 40.9314 ], [ -73.3706, 40.932 ], [ -73.3792, 40.9403 ], [ -73.3808, 40.9377 ], [ -73.3782, 40.9364 ], [ -73.3783, 40.9333 ], [ -73.385, 40.9358 ], [ -73.3839, 40.9264 ], [ -73.3881, 40.925 ], [ -73.3894, 40.9228 ], [ -73.4011, 40.9303 ], [ -73.4022, 40.9237 ], [ -73.4051, 40.9202 ], [ -73.4053, 40.9157 ], [ -73.4069, 40.9161 ], [ -73.4033, 40.9264 ], [ -73.4042, 40.9428 ], [ -73.4022, 40.9467 ], [ -73.3997, 40.9481 ], [ -73.3989, 40.9522 ], [ -73.4003, 40.9539 ], [ -73.4028, 40.9481 ], [ -73.4028, 40.9536 ], [ -73.4006, 40.9556 ], [ -73.3942, 40.9556 ], [ -73.3697, 40.9333 ], [ -73.3469, 40.9253 ], [ -73.345, 40.9208 ], [ -73.3438, 40.9278 ], [ -73.3407, 40.9273 ], [ -73.3319, 40.93 ], [ -73.3219, 40.9295 ], [ -73.3142, 40.9269 ], [ -73.2939, 40.9244 ], [ -73.2672, 40.9147 ], [ -73.2367, 40.9092 ], [ -73.236, 40.9067 ], [ -73.2258, 40.9022 ], [ -73.2264, 40.8994 ], [ -73.225, 40.8981 ], [ -73.2272, 40.8953 ], [ -73.2214, 40.8985 ], [ -73.2106, 40.8953 ], [ -73.2044, 40.8908 ], [ -73.2008, 40.8856 ], [ -73.1969, 40.8864 ], [ -73.1944, 40.88 ], [ -73.1936, 40.8825 ], [ -73.2003, 40.8944 ], [ -73.2028, 40.8947 ], [ -73.205, 40.8975 ], [ -73.2061, 40.8936 ], [ -73.215, 40.8983 ], [ -73.2192, 40.9033 ], [ -73.2323, 40.9072 ], [ -73.2308, 40.9086 ], [ -73.2161, 40.9086 ], [ -73.1989, 40.9156 ], [ -73.1723, 40.9214 ], [ -73.1488, 40.9296 ], [ -73.1522, 40.9247 ], [ -73.1581, 40.9214 ], [ -73.1639, 40.9189 ], [ -73.1704, 40.9202 ], [ -73.1681, 40.9175 ], [ -73.1708, 40.9167 ], [ -73.1733, 40.9184 ], [ -73.1739, 40.9153 ], [ -73.1772, 40.9177 ], [ -73.1819, 40.9138 ], [ -73.1814, 40.9036 ], [ -73.1734, 40.8946 ], [ -73.1693, 40.8949 ], [ -73.1692, 40.8997 ], [ -73.1711, 40.9042 ], [ -73.1619, 40.9142 ], [ -73.1534, 40.9157 ], [ -73.1509, 40.9181 ], [ -73.1511, 40.9206 ], [ -73.1475, 40.9236 ], [ -73.1483, 40.9272 ], [ -73.1464, 40.9326 ], [ -73.1444, 40.9551 ], [ -73.1589, 40.9661 ], [ -73.1585, 40.9679 ], [ -73.1478, 40.9653 ], [ -73.1346, 40.9672 ], [ -73.1187, 40.9778 ], [ -73.1122, 40.9731 ], [ -73.104, 40.9696 ], [ -73.0974, 40.9687 ], [ -73.0933, 40.9703 ], [ -73.0906, 40.9667 ], [ -73.0914, 40.9656 ], [ -73.1051, 40.9678 ], [ -73.1145, 40.9725 ], [ -73.1178, 40.9661 ], [ -73.1275, 40.9594 ], [ -73.1253, 40.9544 ], [ -73.1197, 40.9533 ], [ -73.1181, 40.9495 ], [ -73.1183, 40.9531 ], [ -73.1161, 40.9567 ], [ -73.1189, 40.9636 ], [ -73.1127, 40.9697 ], [ -73.1083, 40.9683 ], [ -73.1063, 40.9621 ], [ -73.1021, 40.9621 ], [ -73.0996, 40.9602 ], [ -73.1013, 40.9563 ], [ -73.1, 40.954 ], [ -73.1021, 40.9514 ], [ -73.1074, 40.9502 ], [ -73.1103, 40.9543 ], [ -73.113, 40.9546 ], [ -73.1127, 40.9507 ], [ -73.107, 40.9491 ], [ -73.1022, 40.945 ], [ -73.1028, 40.9479 ], [ -73.0976, 40.9514 ], [ -73.0989, 40.9564 ], [ -73.0953, 40.9583 ], [ -73.0749, 40.9504 ], [ -73.0727, 40.9471 ], [ -73.0675, 40.9502 ], [ -73.0786, 40.9661 ], [ -73.0743, 40.9686 ], [ -73.0749, 40.9709 ], [ -73.0765, 40.9712 ], [ -73.0794, 40.9675 ], [ -73.0843, 40.97 ], [ -73.0894, 40.9694 ], [ -73.0921, 40.9719 ], [ -73.08, 40.9736 ], [ -73.0611, 40.9669 ], [ -73.045, 40.9644 ], [ -73.0405, 40.9583 ], [ -73.0444, 40.9544 ], [ -73.0389, 40.9549 ], [ -73.0333, 40.9513 ], [ -73.0291, 40.9546 ], [ -73.0244, 40.9544 ], [ -73.0225, 40.9586 ], [ -73.0236, 40.9603 ], [ -73.0206, 40.961 ], [ -73.02, 40.9628 ], [ -73.0241, 40.9636 ], [ -73.0383, 40.9619 ], [ -73.0422, 40.9633 ], [ -73.0426, 40.9653 ], [ -72.9667, 40.9669 ], [ -72.9281, 40.9628 ], [ -72.9011, 40.9622 ], [ -72.8764, 40.9636 ], [ -72.8311, 40.9708 ], [ -72.8131, 40.9675 ], [ -72.778, 40.9652 ], [ -72.7389, 40.9703 ], [ -72.6975, 40.9803 ], [ -72.6878, 40.9808 ], [ -72.6722, 40.979 ], [ -72.65, 40.9817 ], [ -72.6369, 40.9814 ], [ -72.6108, 40.9903 ], [ -72.5908, 40.995 ], [ -72.575, 41.0022 ], [ -72.5653, 41.0089 ], [ -72.5608, 41.0156 ], [ -72.5558, 41.0144 ], [ -72.5403, 41.0264 ], [ -72.5192, 41.0394 ], [ -72.5089, 41.0408 ], [ -72.4917, 41.0486 ], [ -72.4789, 41.0514 ], [ -72.4592, 41.0678 ], [ -72.4452, 41.0868 ], [ -72.436, 41.0861 ], [ -72.4202, 41.0878 ], [ -72.4141, 41.0895 ], [ -72.4109, 41.0926 ], [ -72.4069, 41.093 ], [ -72.4026, 41.0961 ], [ -72.3967, 41.0964 ], [ -72.3872, 41.1058 ], [ -72.383, 41.1148 ], [ -72.3639, 41.1246 ], [ -72.3563, 41.1335 ], [ -72.357, 41.1344 ], [ -72.3536, 41.1403 ], [ -72.339, 41.1413 ], [ -72.3355, 41.1391 ], [ -72.3277, 41.1382 ], [ -72.3214, 41.14 ], [ -72.3135, 41.1483 ], [ -72.3066, 41.148 ], [ -72.2994, 41.1532 ], [ -72.2881, 41.1575 ], [ -72.283, 41.1573 ], [ -72.2783, 41.1593 ], [ -72.2737, 41.1554 ], [ -72.2678, 41.1543 ], [ -72.2511, 41.1608 ], [ -72.2455, 41.1616 ], [ -72.2395, 41.1598 ], [ -72.2337, 41.1609 ], [ -72.2445, 41.1521 ], [ -72.2461, 41.1482 ], [ -72.253, 41.1412 ], [ -72.2543, 41.1351 ], [ -72.2603, 41.1292 ], [ -72.2692, 41.1289 ], [ -72.2778, 41.1232 ], [ -72.2895, 41.1187 ], [ -72.2951, 41.1139 ], [ -72.3049, 41.1106 ], [ -72.2914, 41.1192 ], [ -72.2856, 41.1256 ], [ -72.2783, 41.1257 ], [ -72.2693, 41.1295 ], [ -72.2593, 41.1365 ], [ -72.2567, 41.1356 ], [ -72.2603, 41.1333 ], [ -72.2567, 41.1336 ], [ -72.2547, 41.1408 ], [ -72.2479, 41.1483 ], [ -72.254, 41.1447 ], [ -72.2575, 41.1381 ], [ -72.2609, 41.1368 ], [ -72.2633, 41.1389 ], [ -72.261, 41.1407 ], [ -72.2624, 41.1422 ], [ -72.2659, 41.14 ], [ -72.2688, 41.1414 ], [ -72.2754, 41.1401 ], [ -72.2739, 41.1413 ], [ -72.2755, 41.1416 ], [ -72.2761, 41.1392 ], [ -72.2789, 41.1387 ], [ -72.2815, 41.1458 ], [ -72.2835, 41.1396 ], [ -72.2824, 41.14 ], [ -72.28, 41.1356 ], [ -72.2794, 41.1308 ], [ -72.2811, 41.1339 ], [ -72.2831, 41.1335 ], [ -72.284, 41.1308 ], [ -72.2882, 41.1327 ], [ -72.2876, 41.1291 ], [ -72.2832, 41.1295 ], [ -72.2841, 41.127 ], [ -72.3001, 41.1323 ], [ -72.3087, 41.1403 ], [ -72.3165, 41.1403 ], [ -72.3226, 41.1351 ], [ -72.3273, 41.1348 ], [ -72.3274, 41.1365 ], [ -72.3238, 41.1365 ], [ -72.3238, 41.138 ], [ -72.3314, 41.1373 ], [ -72.3312, 41.1352 ], [ -72.3291, 41.1345 ], [ -72.3318, 41.1331 ], [ -72.3256, 41.1335 ], [ -72.339, 41.1146 ], [ -72.3477, 41.1126 ], [ -72.3502, 41.1061 ], [ -72.357, 41.1077 ], [ -72.3539, 41.1083 ], [ -72.3559, 41.1107 ], [ -72.3591, 41.1099 ], [ -72.3581, 41.1127 ], [ -72.3605, 41.112 ], [ -72.3592, 41.1126 ], [ -72.3593, 41.114 ], [ -72.3612, 41.1126 ], [ -72.3601, 41.1101 ], [ -72.3612, 41.1092 ], [ -72.3558, 41.1058 ], [ -72.3565, 41.1031 ], [ -72.3628, 41.0991 ], [ -72.3624, 41.0957 ], [ -72.3639, 41.0935 ], [ -72.3652, 41.0923 ], [ -72.3723, 41.0949 ], [ -72.3801, 41.092 ], [ -72.38, 41.0894 ], [ -72.3824, 41.0883 ], [ -72.3823, 41.0867 ], [ -72.3758, 41.0828 ], [ -72.3743, 41.0769 ], [ -72.3761, 41.077 ], [ -72.3749, 41.0777 ], [ -72.3753, 41.0798 ], [ -72.3768, 41.0781 ], [ -72.3773, 41.0797 ], [ -72.3806, 41.0783 ], [ -72.3904, 41.0825 ], [ -72.3878, 41.0794 ], [ -72.397, 41.0762 ], [ -72.3962, 41.0781 ], [ -72.3978, 41.0776 ], [ -72.3979, 41.0789 ], [ -72.4022, 41.0756 ], [ -72.405, 41.0753 ], [ -72.4032, 41.0738 ], [ -72.4044, 41.0704 ], [ -72.4068, 41.0674 ], [ -72.4091, 41.0671 ], [ -72.4139, 41.06 ], [ -72.4233, 41.0636 ], [ -72.4231, 41.0619 ], [ -72.4183, 41.0594 ], [ -72.4192, 41.0581 ], [ -72.4231, 41.0586 ], [ -72.4228, 41.0558 ], [ -72.4199, 41.0575 ], [ -72.4156, 41.0572 ], [ -72.4147, 41.0522 ], [ -72.4044, 41.0522 ], [ -72.3914, 41.0483 ], [ -72.3842, 41.0492 ], [ -72.3892, 41.0405 ], [ -72.3864, 41.0336 ], [ -72.3903, 41.03 ], [ -72.4039, 41.0297 ], [ -72.4194, 41.0322 ], [ -72.4217, 41.0336 ], [ -72.4161, 41.035 ], [ -72.4183, 41.0381 ], [ -72.4217, 41.0369 ], [ -72.4228, 41.0392 ], [ -72.4247, 41.0381 ], [ -72.4281, 41.0397 ], [ -72.4292, 41.0392 ], [ -72.4267, 41.0375 ], [ -72.4281, 41.0333 ], [ -72.4331, 41.0358 ], [ -72.4383, 41.0356 ], [ -72.4386, 41.0314 ], [ -72.4483, 41.0228 ], [ -72.4486, 41.0189 ], [ -72.4456, 41.01 ], [ -72.4331, 40.9864 ], [ -72.4333, 40.9844 ], [ -72.4375, 40.9897 ], [ -72.4564, 41.0014 ], [ -72.4553, 41.0028 ], [ -72.4536, 41.0019 ], [ -72.4531, 41.0039 ], [ -72.4597, 41.0089 ], [ -72.4558, 41.0078 ], [ -72.4533, 41.0117 ], [ -72.4483, 41.0119 ], [ -72.4497, 41.015 ], [ -72.4517, 41.0153 ], [ -72.4519, 41.0133 ], [ -72.4588, 41.011 ], [ -72.4603, 41.0156 ], [ -72.4611, 41.0092 ], [ -72.4672, 41.0136 ], [ -72.4722, 41.0214 ], [ -72.4708, 41.0145 ], [ -72.4675, 41.01 ], [ -72.4639, 41.01 ], [ -72.4619, 41.0078 ], [ -72.4694, 41.0022 ], [ -72.4714, 40.9969 ], [ -72.4708, 40.9897 ], [ -72.4811, 40.9886 ], [ -72.4939, 40.9908 ], [ -72.4997, 40.9883 ], [ -72.5025, 40.9911 ], [ -72.5025, 40.9878 ], [ -72.5056, 40.9853 ], [ -72.5267, 40.98 ], [ -72.5339, 40.9756 ], [ -72.5425, 40.9658 ], [ -72.5478, 40.9556 ], [ -72.5528, 40.9536 ], [ -72.5581, 40.9478 ], [ -72.5664, 40.9442 ], [ -72.5714, 40.9367 ], [ -72.5753, 40.9339 ], [ -72.5819, 40.9353 ], [ -72.5914, 40.9297 ], [ -72.6019, 40.9342 ], [ -72.6064, 40.932 ], [ -72.6094, 40.9353 ], [ -72.6117, 40.9306 ], [ -72.6144, 40.9289 ], [ -72.6186, 40.9386 ], [ -72.6194, 40.9367 ], [ -72.6169, 40.93 ], [ -72.6194, 40.9331 ], [ -72.6219, 40.9306 ], [ -72.6181, 40.9247 ], [ -72.6197, 40.9228 ], [ -72.635, 40.9178 ], [ -72.6436, 40.9183 ], [ -72.6428, 40.9164 ], [ -72.6344, 40.9158 ], [ -72.6272, 40.9192 ], [ -72.6144, 40.9192 ], [ -72.6142, 40.9178 ], [ -72.6183, 40.9183 ], [ -72.6203, 40.9167 ], [ -72.6183, 40.915 ], [ -72.6214, 40.915 ], [ -72.6258, 40.9117 ], [ -72.6175, 40.9092 ], [ -72.6186, 40.9044 ], [ -72.6125, 40.9083 ], [ -72.6131, 40.9097 ], [ -72.6106, 40.9128 ], [ -72.6, 40.9167 ], [ -72.6022, 40.9131 ], [ -72.6, 40.9114 ], [ -72.6, 40.9075 ], [ -72.5986, 40.9075 ], [ -72.5989, 40.9142 ], [ -72.5969, 40.9114 ], [ -72.5981, 40.9094 ], [ -72.5956, 40.9097 ], [ -72.5906, 40.9044 ], [ -72.5894, 40.9069 ], [ -72.5919, 40.9086 ], [ -72.5906, 40.9103 ], [ -72.5883, 40.9089 ], [ -72.5872, 40.91 ], [ -72.5819, 40.9064 ], [ -72.5833, 40.9025 ], [ -72.5806, 40.8994 ], [ -72.5797, 40.9014 ], [ -72.5817, 40.9031 ], [ -72.5781, 40.9078 ], [ -72.5711, 40.9064 ], [ -72.5664, 40.9098 ], [ -72.5642, 40.915 ], [ -72.5683, 40.9161 ], [ -72.5683, 40.9181 ], [ -72.5608, 40.9147 ], [ -72.5544, 40.9144 ], [ -72.5536, 40.9125 ], [ -72.5572, 40.9117 ], [ -72.5514, 40.9086 ], [ -72.5497, 40.9108 ], [ -72.5522, 40.9128 ], [ -72.5517, 40.9147 ], [ -72.5086, 40.8964 ], [ -72.5025, 40.8972 ], [ -72.5014, 40.8953 ], [ -72.4944, 40.8947 ], [ -72.4878, 40.8953 ], [ -72.4747, 40.8994 ], [ -72.4514, 40.9178 ], [ -72.4472, 40.9272 ], [ -72.4425, 40.9456 ], [ -72.4403, 40.9469 ], [ -72.4344, 40.9483 ], [ -72.4219, 40.9472 ], [ -72.4181, 40.9486 ], [ -72.4158, 40.9456 ], [ -72.4147, 40.9489 ], [ -72.4072, 40.95 ], [ -72.4019, 40.9544 ], [ -72.3989, 40.9528 ], [ -72.3953, 40.9542 ], [ -72.3972, 40.9556 ], [ -72.4, 40.9547 ], [ -72.4014, 40.9572 ], [ -72.3858, 40.9733 ], [ -72.3739, 40.9892 ], [ -72.3717, 40.9956 ], [ -72.3678, 40.9928 ], [ -72.3669, 40.9903 ], [ -72.3628, 40.9914 ], [ -72.3639, 40.9936 ], [ -72.3681, 40.9947 ], [ -72.3686, 41.0031 ], [ -72.3719, 41.0058 ], [ -72.3767, 41.0197 ], [ -72.3708, 41.0125 ], [ -72.3667, 40.9964 ], [ -72.3519, 40.9975 ], [ -72.3492, 40.9944 ], [ -72.3461, 40.9961 ], [ -72.3464, 41.0004 ], [ -72.3477, 41.0003 ], [ -72.3484, 40.9957 ], [ -72.3497, 41.0 ], [ -72.3429, 41.0014 ], [ -72.3347, 40.9953 ], [ -72.3314, 40.9953 ], [ -72.3222, 40.9997 ], [ -72.3183, 41.0042 ], [ -72.3172, 41.0086 ], [ -72.3258, 41.0214 ], [ -72.3314, 41.0267 ], [ -72.3328, 41.0333 ], [ -72.3303, 41.0364 ], [ -72.3114, 41.0403 ], [ -72.3061, 41.0344 ], [ -72.3042, 41.0256 ], [ -72.2981, 41.0186 ], [ -72.2975, 41.0139 ], [ -72.3006, 41.0081 ], [ -72.2997, 41.0033 ], [ -72.3058, 41.0069 ], [ -72.3139, 41.0069 ], [ -72.3158, 41.0089 ], [ -72.3158, 41.0067 ], [ -72.3097, 41.0044 ], [ -72.3119, 41.0033 ], [ -72.3106, 41.0017 ], [ -72.3115, 40.999 ], [ -72.2997, 41.0022 ], [ -72.2958, 41.0053 ], [ -72.2903, 41.0022 ], [ -72.2789, 41.0003 ], [ -72.2714, 41.0019 ], [ -72.2678, 41.0044 ], [ -72.2642, 41.0125 ], [ -72.2608, 41.0133 ], [ -72.2528, 41.0125 ], [ -72.2564, 41.0033 ], [ -72.2553, 41.0017 ], [ -72.2508, 41.0025 ], [ -72.2506, 41.0064 ], [ -72.2472, 41.0106 ], [ -72.2506, 41.0119 ], [ -72.2467, 41.0136 ], [ -72.2425, 41.02 ], [ -72.2431, 41.0286 ], [ -72.2392, 41.0336 ], [ -72.2411, 41.0381 ], [ -72.2408, 41.0417 ], [ -72.2428, 41.0433 ], [ -72.2526, 41.0406 ], [ -72.2611, 41.04 ], [ -72.2619, 41.0411 ], [ -72.2422, 41.045 ], [ -72.2322, 41.045 ], [ -72.2236, 41.0428 ], [ -72.2033, 41.0325 ], [ -72.1892, 41.0328 ], [ -72.1883, 41.035 ], [ -72.1833, 41.0289 ], [ -72.1842, 41.0258 ], [ -72.1917, 41.03 ], [ -72.2, 41.03 ], [ -72.2011, 41.0314 ], [ -72.2042, 41.0283 ], [ -72.2008, 41.0217 ], [ -72.2019, 41.0181 ], [ -72.1961, 41.0158 ], [ -72.1944, 41.0114 ], [ -72.1914, 41.0092 ], [ -72.1919, 41.0067 ], [ -72.1864, 41.0047 ], [ -72.1828, 41.0014 ], [ -72.1814, 41.0025 ], [ -72.1853, 41.0086 ], [ -72.1822, 41.0117 ], [ -72.1808, 41.0161 ], [ -72.1817, 41.0228 ], [ -72.18, 41.0267 ], [ -72.1825, 41.0311 ], [ -72.1794, 41.0342 ], [ -72.1844, 41.0325 ], [ -72.1872, 41.035 ], [ -72.1792, 41.0389 ], [ -72.175, 41.0478 ], [ -72.1594, 41.0539 ], [ -72.1528, 41.0517 ], [ -72.1461, 41.0447 ], [ -72.1397, 41.0419 ], [ -72.1358, 41.0369 ], [ -72.135, 41.0308 ], [ -72.1378, 41.0244 ], [ -72.1397, 41.0269 ], [ -72.1383, 41.0283 ], [ -72.1392, 41.0322 ], [ -72.1369, 41.0339 ], [ -72.1372, 41.0369 ], [ -72.1431, 41.0417 ], [ -72.1431, 41.0372 ], [ -72.1406, 41.0333 ], [ -72.1447, 41.0275 ], [ -72.1483, 41.0267 ], [ -72.1433, 41.0247 ], [ -72.1453, 41.0222 ], [ -72.1489, 41.0236 ], [ -72.1514, 41.0214 ], [ -72.1463, 41.0208 ], [ -72.1458, 41.0181 ], [ -72.1388, 41.0231 ], [ -72.1383, 41.0205 ], [ -72.1411, 41.0194 ], [ -72.1344, 41.0161 ], [ -72.1328, 41.0183 ], [ -72.1354, 41.02 ], [ -72.1369, 41.0194 ], [ -72.1373, 41.0224 ], [ -72.1361, 41.0225 ], [ -72.1275, 41.0153 ], [ -72.1192, 41.0025 ], [ -72.1103, 40.9947 ], [ -72.1025, 40.9914 ], [ -72.0956, 40.9914 ], [ -72.085, 40.9953 ], [ -72.0786, 41.0078 ], [ -72.0639, 41.0108 ], [ -72.0617, 41.0178 ], [ -72.0572, 41.0181 ], [ -72.0556, 41.0225 ], [ -72.0475, 41.0231 ], [ -72.0358, 41.0199 ], [ -72.0222, 41.0214 ], [ -72.004, 41.0389 ], [ -71.9987, 41.0402 ], [ -71.9936, 41.0474 ], [ -71.984, 41.0491 ], [ -71.9787, 41.0435 ], [ -71.974, 41.041 ], [ -71.9689, 41.0402 ], [ -71.9639, 41.0419 ], [ -71.957, 41.0491 ], [ -71.9617, 41.0638 ], [ -71.9603, 41.0702 ], [ -71.9568, 41.073 ], [ -71.9508, 41.0725 ], [ -71.9378, 41.0758 ], [ -71.9381, 41.0683 ], [ -71.9361, 41.0672 ], [ -71.9336, 41.0608 ], [ -71.9278, 41.0572 ], [ -71.9272, 41.0528 ], [ -71.9133, 41.0481 ], [ -71.9083, 41.0514 ], [ -71.9075, 41.0597 ], [ -71.9111, 41.0619 ], [ -71.9119, 41.0608 ], [ -71.9186, 41.0708 ], [ -71.9264, 41.0714 ], [ -71.9319, 41.0747 ], [ -71.9347, 41.0742 ], [ -71.9361, 41.0774 ], [ -71.915, 41.0806 ], [ -71.9035, 41.0855 ], [ -71.8959, 41.0772 ], [ -71.8798, 41.0771 ], [ -71.8711, 41.0746 ], [ -71.8635, 41.0767 ], [ -71.8564, 41.0709 ], [ -71.8615, 41.0641 ], [ -71.8724, 41.0556 ], [ -71.8741, 41.0517 ], [ -71.887, 41.0479 ], [ -71.9037, 41.04 ], [ -71.9158, 41.0398 ], [ -71.9575, 41.0283 ], [ -72.0094, 41.0089 ], [ -72.0108, 41.0072 ], [ -72.02, 41.005 ], [ -72.0249, 41.0023 ], [ -72.0271, 40.9992 ], [ -72.0333, 40.9984 ], [ -72.0405, 40.9945 ], [ -72.0535, 40.9917 ], [ -72.0821, 40.9809 ], [ -72.1205, 40.9698 ], [ -72.1588, 40.9542 ], [ -72.1713, 40.9515 ], [ -72.1827, 40.9467 ], [ -72.1852, 40.9442 ], [ -72.1924, 40.9434 ], [ -72.206, 40.9384 ], [ -72.221, 40.9315 ], [ -72.2283, 40.93 ], [ -72.2281, 40.9317 ], [ -72.2253, 40.9336 ], [ -72.2236, 40.9331 ], [ -72.2194, 40.9367 ], [ -72.2175, 40.9417 ], [ -72.2192, 40.9417 ], [ -72.2239, 40.9339 ], [ -72.2292, 40.9422 ], [ -72.2294, 40.9458 ], [ -72.2311, 40.9472 ], [ -72.2347, 40.9461 ], [ -72.2369, 40.9481 ], [ -72.2375, 40.9469 ], [ -72.2328, 40.9422 ], [ -72.2339, 40.9394 ], [ -72.2369, 40.9392 ], [ -72.2336, 40.9383 ], [ -72.235, 40.9361 ], [ -72.2325, 40.9356 ], [ -72.23, 40.9308 ], [ -72.2305, 40.9289 ], [ -72.3177, 40.8942 ], [ -72.3261, 40.8917 ], [ -72.3281, 40.8945 ], [ -72.3264, 40.8956 ], [ -72.3247, 40.8944 ], [ -72.3158, 40.8983 ], [ -72.3133, 40.9 ], [ -72.3136, 40.9019 ], [ -72.3171, 40.8996 ], [ -72.3167, 40.9056 ], [ -72.3203, 40.9017 ], [ -72.3242, 40.9044 ], [ -72.3233, 40.907 ], [ -72.3261, 40.9061 ], [ -72.3306, 40.9078 ], [ -72.3317, 40.9094 ], [ -72.3283, 40.914 ], [ -72.3319, 40.9108 ], [ -72.3361, 40.9208 ], [ -72.3372, 40.9192 ], [ -72.3397, 40.9192 ], [ -72.3367, 40.9156 ], [ -72.3358, 40.9075 ], [ -72.3369, 40.9058 ], [ -72.3447, 40.9033 ], [ -72.3533, 40.9078 ], [ -72.3539, 40.9058 ], [ -72.3469, 40.9025 ], [ -72.3444, 40.8986 ], [ -72.3458, 40.8972 ], [ -72.3492, 40.8979 ], [ -72.3417, 40.8911 ], [ -72.3325, 40.8914 ], [ -72.3319, 40.8925 ], [ -72.3335, 40.8928 ], [ -72.3319, 40.8944 ], [ -72.3294, 40.8899 ], [ -72.4738, 40.8389 ], [ -72.4744, 40.843 ], [ -72.4658, 40.8475 ], [ -72.4619, 40.8517 ], [ -72.4582, 40.8501 ], [ -72.4542, 40.8514 ], [ -72.4519, 40.8503 ], [ -72.4433, 40.8561 ], [ -72.4383, 40.8553 ], [ -72.4311, 40.8581 ], [ -72.4292, 40.8603 ], [ -72.4267, 40.8589 ], [ -72.4158, 40.8622 ], [ -72.4131, 40.8639 ], [ -72.4128, 40.8683 ], [ -72.4139, 40.8697 ], [ -72.4147, 40.8689 ], [ -72.4158, 40.8647 ], [ -72.4194, 40.8653 ], [ -72.4211, 40.8697 ], [ -72.4194, 40.8744 ], [ -72.4206, 40.8792 ], [ -72.4225, 40.8792 ], [ -72.4214, 40.8728 ], [ -72.4222, 40.87 ], [ -72.4247, 40.8689 ], [ -72.4233, 40.8664 ], [ -72.425, 40.8622 ], [ -72.4272, 40.8608 ], [ -72.4292, 40.8625 ], [ -72.4358, 40.8622 ], [ -72.4394, 40.8656 ], [ -72.4422, 40.8747 ], [ -72.4378, 40.8797 ], [ -72.4392, 40.8814 ], [ -72.4381, 40.8839 ], [ -72.4431, 40.8825 ], [ -72.4408, 40.88 ], [ -72.4442, 40.8756 ], [ -72.4467, 40.8764 ], [ -72.4442, 40.8783 ], [ -72.4472, 40.8811 ], [ -72.4486, 40.8803 ], [ -72.4481, 40.8767 ], [ -72.4531, 40.8775 ], [ -72.4528, 40.8806 ], [ -72.4558, 40.8806 ], [ -72.4553, 40.8779 ], [ -72.4697, 40.8817 ], [ -72.4933, 40.8831 ], [ -72.5017, 40.881 ], [ -72.4992, 40.8753 ], [ -72.4905, 40.8726 ], [ -72.4911, 40.8683 ], [ -72.4997, 40.8586 ], [ -72.5025, 40.8531 ], [ -72.5021, 40.8468 ], [ -72.5117, 40.8511 ], [ -72.5117, 40.8533 ], [ -72.5131, 40.8514 ], [ -72.5153, 40.8514 ], [ -72.5169, 40.8547 ], [ -72.5178, 40.8519 ], [ -72.5208, 40.8517 ], [ -72.525, 40.8569 ], [ -72.5261, 40.8564 ], [ -72.5239, 40.8494 ], [ -72.52, 40.8458 ], [ -72.5322, 40.8492 ], [ -72.5353, 40.8514 ], [ -72.5292, 40.8564 ], [ -72.5292, 40.8583 ], [ -72.5417, 40.8683 ], [ -72.5411, 40.8586 ], [ -72.5497, 40.8492 ], [ -72.5503, 40.8392 ], [ -72.5664, 40.8408 ], [ -72.5706, 40.8458 ], [ -72.5733, 40.8469 ], [ -72.5706, 40.8403 ], [ -72.5737, 40.8302 ], [ -72.5822, 40.8331 ], [ -72.5833, 40.8297 ], [ -72.5794, 40.8292 ], [ -72.58, 40.8258 ], [ -72.5822, 40.8242 ], [ -72.5789, 40.8222 ], [ -72.5808, 40.8203 ], [ -72.585, 40.8197 ], [ -72.5908, 40.8217 ], [ -72.5908, 40.8203 ], [ -72.5842, 40.8169 ], [ -72.5861, 40.8139 ], [ -72.5906, 40.8136 ], [ -72.59, 40.8117 ], [ -72.5856, 40.8128 ], [ -72.5783, 40.8192 ], [ -72.5731, 40.8189 ], [ -72.5714, 40.8217 ], [ -72.5647, 40.8225 ], [ -72.5625, 40.8214 ], [ -72.5616, 40.8241 ], [ -72.5564, 40.8219 ], [ -72.5572, 40.8253 ], [ -72.5539, 40.8247 ], [ -72.5522, 40.8261 ], [ -72.5426, 40.824 ], [ -72.5419, 40.8258 ], [ -72.5355, 40.8259 ], [ -72.5267, 40.83 ], [ -72.5228, 40.8367 ], [ -72.5156, 40.8378 ], [ -72.5164, 40.8339 ], [ -72.5115, 40.8336 ], [ -72.5086, 40.8364 ], [ -72.4992, 40.8378 ], [ -72.4989, 40.8422 ], [ -72.4955, 40.8396 ], [ -72.4785, 40.8433 ], [ -72.4771, 40.8398 ], [ -72.4819, 40.8404 ], [ -72.4921, 40.8354 ], [ -72.5146, 40.8303 ], [ -72.5466, 40.8195 ], [ -72.5774, 40.812 ], [ -72.6708, 40.7848 ], [ -72.7158, 40.7739 ], [ -72.7191, 40.772 ], [ -72.7246, 40.7717 ], [ -72.753, 40.7626 ], [ -72.7527, 40.7659 ], [ -72.7449, 40.7678 ], [ -72.7391, 40.7722 ], [ -72.7385, 40.7748 ], [ -72.741, 40.7792 ], [ -72.7402, 40.7812 ], [ -72.7313, 40.7784 ], [ -72.7294, 40.7792 ], [ -72.7271, 40.7767 ], [ -72.7223, 40.7754 ], [ -72.7149, 40.7779 ], [ -72.7149, 40.7809 ], [ -72.7133, 40.7823 ], [ -72.7105, 40.782 ], [ -72.708, 40.7793 ], [ -72.707, 40.7831 ], [ -72.7017, 40.7842 ], [ -72.7046, 40.7814 ], [ -72.7033, 40.7798 ], [ -72.6899, 40.7837 ], [ -72.6849, 40.7884 ], [ -72.6796, 40.7862 ], [ -72.6758, 40.7876 ], [ -72.6759, 40.7906 ], [ -72.6685, 40.7915 ], [ -72.6665, 40.7899 ], [ -72.6645, 40.791 ], [ -72.6656, 40.7929 ], [ -72.6621, 40.7915 ], [ -72.6452, 40.7964 ], [ -72.6555, 40.7987 ], [ -72.661, 40.802 ], [ -72.6652, 40.8076 ], [ -72.6683, 40.8028 ], [ -72.6724, 40.8031 ], [ -72.678, 40.8009 ], [ -72.6899, 40.8031 ], [ -72.6913, 40.8084 ], [ -72.6935, 40.7967 ], [ -72.7016, 40.7967 ], [ -72.713, 40.8001 ], [ -72.7238, 40.8089 ], [ -72.7233, 40.8176 ], [ -72.7249, 40.8145 ], [ -72.7285, 40.8142 ], [ -72.7285, 40.8231 ], [ -72.7299, 40.8217 ], [ -72.7299, 40.8164 ], [ -72.733, 40.8148 ], [ -72.7296, 40.8117 ], [ -72.7319, 40.8084 ], [ -72.7327, 40.8003 ], [ -72.7399, 40.7998 ], [ -72.7471, 40.8026 ], [ -72.7538, 40.8009 ], [ -72.7524, 40.7959 ], [ -72.7452, 40.792 ], [ -72.7449, 40.7878 ], [ -72.7505, 40.7876 ], [ -72.757, 40.7929 ], [ -72.7588, 40.792 ], [ -72.7616, 40.7934 ], [ -72.7643, 40.7919 ], [ -72.7638, 40.7906 ], [ -72.7596, 40.7901 ], [ -72.7544, 40.7837 ], [ -72.7588, 40.7842 ], [ -72.763, 40.7823 ], [ -72.7715, 40.7835 ], [ -72.7735, 40.7923 ], [ -72.7721, 40.7956 ], [ -72.7733, 40.7962 ], [ -72.7752, 40.7937 ], [ -72.7744, 40.7856 ], [ -72.7755, 40.7828 ], [ -72.7949, 40.7853 ], [ -72.8021, 40.7842 ], [ -72.8008, 40.7913 ], [ -72.806, 40.7848 ], [ -72.8094, 40.7915 ], [ -72.8096, 40.7873 ], [ -72.8055, 40.7823 ], [ -72.8085, 40.7776 ], [ -72.8169, 40.7848 ], [ -72.8155, 40.792 ], [ -72.8169, 40.7917 ], [ -72.8188, 40.7864 ], [ -72.8202, 40.7881 ], [ -72.8191, 40.7895 ], [ -72.8252, 40.7917 ], [ -72.8263, 40.7942 ], [ -72.8252, 40.7964 ], [ -72.828, 40.7956 ], [ -72.8302, 40.8014 ], [ -72.8324, 40.8023 ], [ -72.8305, 40.7931 ], [ -72.8271, 40.7895 ], [ -72.8341, 40.787 ], [ -72.8269, 40.7876 ], [ -72.8144, 40.7765 ], [ -72.8141, 40.7726 ], [ -72.8174, 40.7731 ], [ -72.8185, 40.7715 ], [ -72.8116, 40.7703 ], [ -72.8119, 40.7637 ], [ -72.8171, 40.7592 ], [ -72.8333, 40.7573 ], [ -72.8369, 40.7537 ], [ -72.8405, 40.7526 ], [ -72.8477, 40.7556 ], [ -72.8455, 40.7473 ], [ -72.8588, 40.7431 ], [ -72.8605, 40.7462 ], [ -72.8649, 40.7445 ], [ -72.8658, 40.7463 ], [ -72.8694, 40.7392 ], [ -72.8733, 40.7408 ], [ -72.8761, 40.7383 ], [ -72.8814, 40.7411 ], [ -72.8842, 40.7511 ], [ -72.8831, 40.7567 ], [ -72.8875, 40.7625 ], [ -72.8864, 40.7653 ], [ -72.8947, 40.7714 ], [ -72.8958, 40.7708 ], [ -72.8936, 40.7653 ], [ -72.8947, 40.76 ], [ -72.9061, 40.7578 ], [ -72.9172, 40.7597 ], [ -72.9275, 40.7581 ], [ -72.9325, 40.7543 ], [ -72.9332, 40.7517 ], [ -72.935, 40.7519 ], [ -72.9436, 40.7458 ], [ -72.9453, 40.7408 ], [ -72.9647, 40.7433 ], [ -72.9828, 40.7497 ], [ -72.9983, 40.7469 ], [ -73.0128, 40.7494 ], [ -73.0206, 40.7486 ], [ -73.0277, 40.7441 ], [ -73.0332, 40.7376 ], [ -73.0341, 40.7314 ], [ -73.0357, 40.7297 ], [ -73.064, 40.7275 ], [ -73.0699, 40.7232 ], [ -73.0767, 40.7239 ], [ -73.082, 40.7219 ], [ -73.0975, 40.7207 ], [ -73.1031, 40.7185 ], [ -73.1105, 40.72 ], [ -73.1223, 40.7272 ], [ -73.1264, 40.7253 ], [ -73.1351, 40.7274 ], [ -73.1533, 40.7266 ], [ -73.1565, 40.729 ], [ -73.1582, 40.7357 ], [ -73.1547, 40.7406 ], [ -73.1486, 40.7433 ], [ -73.1549, 40.7424 ], [ -73.1597, 40.7367 ], [ -73.1597, 40.7331 ], [ -73.1567, 40.7264 ], [ -73.1489, 40.7231 ], [ -73.1414, 40.7225 ], [ -73.1364, 40.7192 ], [ -73.135, 40.7192 ], [ -73.1367, 40.721 ], [ -73.136, 40.7221 ], [ -73.1319, 40.7211 ], [ -73.1323, 40.7192 ], [ -73.145, 40.7108 ], [ -73.1485, 40.6984 ], [ -73.1712, 40.6992 ], [ -73.1854, 40.7053 ], [ -73.1867, 40.71 ], [ -73.1883, 40.7094 ], [ -73.1872, 40.7081 ], [ -73.1889, 40.7061 ], [ -73.1925, 40.7049 ], [ -73.2017, 40.7078 ], [ -73.2039, 40.7108 ], [ -73.2022, 40.7153 ], [ -73.2032, 40.7226 ], [ -73.2067, 40.7097 ], [ -73.2151, 40.7053 ], [ -73.2222, 40.7067 ], [ -73.225, 40.7094 ], [ -73.2225, 40.7225 ], [ -73.2242, 40.7239 ], [ -73.2256, 40.7181 ], [ -73.2283, 40.7167 ], [ -73.2331, 40.7172 ], [ -73.235, 40.7131 ], [ -73.2397, 40.715 ], [ -73.2367, 40.7128 ], [ -73.237, 40.7115 ], [ -73.245, 40.7092 ], [ -73.2485, 40.7041 ], [ -73.2584, 40.6989 ], [ -73.2602, 40.6962 ], [ -73.2659, 40.695 ], [ -73.2731, 40.6903 ], [ -73.2784, 40.6839 ], [ -73.2599, 40.656 ], [ -73.2531, 40.655 ], [ -73.2534, 40.6576 ], [ -73.2503, 40.6592 ], [ -73.2433, 40.6544 ], [ -73.2433, 40.6505 ], [ -73.2467, 40.6486 ], [ -73.2448, 40.6467 ], [ -73.2455, 40.6442 ], [ -73.248, 40.647 ], [ -73.2525, 40.6483 ], [ -73.2569, 40.6464 ], [ -73.2531, 40.6472 ], [ -73.2486, 40.6444 ], [ -73.2536, 40.6453 ], [ -73.2564, 40.6439 ], [ -73.2697, 40.6436 ], [ -73.2887, 40.649 ], [ -73.2817, 40.6542 ], [ -73.2694, 40.6569 ], [ -73.2661, 40.6611 ], [ -73.2807, 40.685 ], [ -73.2979, 40.6849 ], [ -73.3013, 40.6879 ], [ -73.3041, 40.6864 ], [ -73.3159, 40.6868 ], [ -73.3152, 40.6798 ], [ -73.3182, 40.681 ], [ -73.3256, 40.6806 ], [ -73.3278, 40.6817 ], [ -73.3283, 40.6842 ], [ -73.3324, 40.6768 ], [ -73.3416, 40.6712 ], [ -73.3456, 40.6722 ], [ -73.348, 40.6756 ], [ -73.3475, 40.6689 ], [ -73.3505, 40.6681 ], [ -73.3558, 40.6703 ], [ -73.3585, 40.6665 ], [ -73.3669, 40.6664 ], [ -73.3678, 40.6625 ], [ -73.3769, 40.6602 ], [ -73.3801, 40.6579 ], [ -73.3868, 40.6568 ], [ -73.3917, 40.6589 ], [ -73.3939, 40.6559 ], [ -73.4006, 40.6548 ], [ -73.4054, 40.6581 ], [ -73.4077, 40.6544 ], [ -73.4134, 40.6583 ], [ -73.4177, 40.6545 ], [ -73.4232, 40.6576 ], [ -73.4262, 40.6559 ], [ -73.4317, 40.6581 ], [ -73.4294, 40.6512 ], [ -73.4313, 40.65 ], [ -73.4481, 40.6533 ], [ -73.447505426356585, 40.653620155038759 ], [ -73.4502, 40.6546 ], [ -73.4514, 40.6525 ], [ -73.4547, 40.652 ], [ -73.4562, 40.6492 ], [ -73.4613, 40.6468 ], [ -73.4669, 40.6486 ], [ -73.4697, 40.6554 ], [ -73.4719, 40.655 ], [ -73.474, 40.6499 ], [ -73.4844, 40.6506 ], [ -73.492, 40.639 ], [ -73.5011, 40.6381 ], [ -73.5003, 40.6367 ], [ -73.4969, 40.6372 ], [ -73.4964, 40.6358 ], [ -73.4989, 40.6287 ], [ -73.5004, 40.6283 ], [ -73.4987, 40.6261 ], [ -73.5007, 40.6239 ], [ -73.4986, 40.6225 ], [ -73.4986, 40.6203 ], [ -73.5017, 40.6144 ], [ -73.5044, 40.6161 ], [ -73.5022, 40.6231 ], [ -73.5049, 40.6278 ], [ -73.5081, 40.6292 ], [ -73.5091, 40.633 ], [ -73.5078, 40.6387 ], [ -73.509, 40.6401 ], [ -73.5164, 40.6427 ], [ -73.5211, 40.6393 ], [ -73.5274, 40.6433 ], [ -73.5317, 40.6383 ], [ -73.5344, 40.6394 ], [ -73.5361, 40.6431 ], [ -73.5405, 40.6423 ], [ -73.5428, 40.6461 ], [ -73.545, 40.6443 ], [ -73.5445, 40.6403 ], [ -73.5459, 40.6383 ], [ -73.5497, 40.6386 ], [ -73.5555, 40.6426 ], [ -73.5588, 40.6386 ], [ -73.5558, 40.635 ], [ -73.5593, 40.6301 ], [ -73.5617, 40.6294 ], [ -73.5597, 40.6233 ], [ -73.5548, 40.6184 ], [ -73.5552, 40.6153 ], [ -73.5583, 40.6153 ], [ -73.5725, 40.6231 ], [ -73.5681, 40.6286 ], [ -73.5642, 40.6308 ], [ -73.5664, 40.6419 ], [ -73.5666, 40.6353 ], [ -73.5681, 40.6336 ], [ -73.5661, 40.6311 ], [ -73.5706, 40.6286 ], [ -73.5741, 40.6239 ], [ -73.577, 40.6245 ], [ -73.5797, 40.6278 ], [ -73.5856, 40.6264 ], [ -73.5865, 40.631 ], [ -73.5952, 40.6338 ], [ -73.5933, 40.6256 ], [ -73.5976, 40.6212 ], [ -73.6005, 40.6235 ], [ -73.6098, 40.6232 ], [ -73.6156, 40.6279 ], [ -73.6176, 40.6256 ], [ -73.618, 40.6206 ], [ -73.6241, 40.6165 ], [ -73.6265, 40.6124 ], [ -73.6391, 40.6139 ], [ -73.639, 40.6121 ], [ -73.6345, 40.6103 ], [ -73.6343, 40.6043 ], [ -73.6384, 40.6 ], [ -73.6416, 40.5992 ], [ -73.6439, 40.6 ], [ -73.6425, 40.6039 ], [ -73.6444, 40.6042 ], [ -73.645, 40.5986 ], [ -73.6507, 40.5958 ], [ -73.6697, 40.5975 ], [ -73.6698, 40.5999 ], [ -73.6662, 40.5978 ], [ -73.6694, 40.6014 ], [ -73.6689, 40.605 ], [ -73.6571, 40.6073 ], [ -73.6531, 40.6108 ], [ -73.6522, 40.6154 ], [ -73.6539, 40.6208 ], [ -73.6564, 40.6233 ], [ -73.6667, 40.6228 ], [ -73.6675, 40.6264 ], [ -73.6703, 40.6281 ], [ -73.6765, 40.6285 ], [ -73.6817, 40.6253 ], [ -73.6878, 40.6252 ], [ -73.6878, 40.6203 ], [ -73.6836, 40.62 ], [ -73.6811, 40.6172 ], [ -73.6761, 40.6172 ], [ -73.6781, 40.6081 ], [ -73.6842, 40.6047 ], [ -73.6906, 40.6058 ], [ -73.6908, 40.6114 ], [ -73.6956, 40.6178 ], [ -73.6939, 40.6219 ], [ -73.6947, 40.6231 ], [ -73.7006, 40.6183 ], [ -73.7019, 40.6153 ], [ -73.7079, 40.6124 ], [ -73.7065, 40.6111 ], [ -73.7071, 40.6091 ], [ -73.7039, 40.6081 ], [ -73.7058, 40.6033 ], [ -73.705, 40.6022 ], [ -73.7017, 40.6022 ], [ -73.6994, 40.5992 ], [ -73.6983, 40.6003 ], [ -73.7003, 40.6031 ], [ -73.6956, 40.605 ], [ -73.6917, 40.6014 ], [ -73.6864, 40.5997 ], [ -73.6872, 40.5935 ], [ -73.6939, 40.592 ], [ -73.7034, 40.5914 ], [ -73.7337, 40.5952 ], [ -73.7374, 40.594 ], [ -73.7461, 40.5947 ], [ -73.7536, 40.5912 ], [ -73.7729, 40.5905 ], [ -73.7956, 40.5856 ] ], [ [ -73.744, 40.6102 ], [ -73.7425, 40.6084 ], [ -73.7455, 40.6121 ], [ -73.744, 40.6102 ] ], [ [ -73.4231, 40.6803 ], [ -73.4547, 40.8482 ], [ -73.4604, 40.8592 ], [ -73.4543, 40.846 ], [ -73.4231, 40.6803 ] ], [ [ -73.4322, 40.66 ], [ -73.4224, 40.6616 ], [ -73.4364, 40.6596 ], [ -73.4322, 40.66 ] ] ], [ [ [ -74.0531, 40.5793 ], [ -74.0532, 40.5776 ], [ -74.0544, 40.577 ], [ -74.055, 40.5798 ], [ -74.0531, 40.5793 ] ] ], [ [ [ -73.856, 40.6023 ], [ -73.8531, 40.6022 ], [ -73.8508, 40.6 ], [ -73.8522, 40.5972 ], [ -73.8586, 40.5956 ], [ -73.8631, 40.5986 ], [ -73.8633, 40.6008 ], [ -73.8617, 40.6022 ], [ -73.856, 40.6023 ] ] ], [ [ [ -73.8473, 40.6036 ], [ -73.849, 40.6069 ], [ -73.8465, 40.6079 ], [ -73.8463, 40.614 ], [ -73.8379, 40.6121 ], [ -73.8407, 40.6044 ], [ -73.8473, 40.6036 ] ] ], [ [ [ -73.8542, 40.6061 ], [ -73.8567, 40.6103 ], [ -73.8514, 40.6131 ], [ -73.8494, 40.6125 ], [ -73.8492, 40.61 ], [ -73.8542, 40.6061 ] ] ], [ [ [ -73.8681, 40.6278 ], [ -73.865, 40.6272 ], [ -73.8669, 40.6242 ], [ -73.8656, 40.6214 ], [ -73.8669, 40.6178 ], [ -73.8761, 40.6153 ], [ -73.8794, 40.6164 ], [ -73.8797, 40.6197 ], [ -73.8781, 40.6217 ], [ -73.8681, 40.6278 ] ] ], [ [ [ -73.8474, 40.6363 ], [ -73.8483, 40.6372 ], [ -73.8471, 40.6384 ], [ -73.8465, 40.637 ], [ -73.8474, 40.6363 ] ] ], [ [ [ -74.0122, 40.6889 ], [ -74.0139, 40.6872 ], [ -74.0206, 40.6842 ], [ -74.0256, 40.6847 ], [ -74.0247, 40.6878 ], [ -74.0194, 40.6925 ], [ -74.0136, 40.6928 ], [ -74.0122, 40.6889 ] ] ], [ [ [ -74.0477, 40.6901 ], [ -74.0462, 40.6909 ], [ -74.0437, 40.69 ], [ -74.0437, 40.6884 ], [ -74.0477, 40.6901 ] ] ], [ [ [ -74.0381, 40.7 ], [ -74.0411, 40.6969 ], [ -74.0431, 40.6972 ], [ -74.0414, 40.7006 ], [ -74.0381, 40.7 ] ] ], [ [ [ -73.9529, 40.7562 ], [ -73.9616, 40.7496 ], [ -73.9442, 40.7703 ], [ -73.9408, 40.7717 ], [ -73.9411, 40.7697 ], [ -73.9528, 40.7581 ], [ -73.9529, 40.7562 ] ] ], [ [ [ -73.897, 40.7958 ], [ -73.8971, 40.7955 ], [ -73.8992, 40.7964 ], [ -73.8974, 40.797 ], [ -73.897, 40.7958 ] ] ], [ [ [ -73.8969, 40.8019 ], [ -73.8994, 40.7989 ], [ -73.9006, 40.7997 ], [ -73.8997, 40.8019 ], [ -73.8969, 40.8019 ] ] ], [ [ [ -73.621, 40.5858 ], [ -73.6434, 40.5822 ], [ -73.6758, 40.5835 ], [ -73.703, 40.5824 ], [ -73.7202, 40.5852 ], [ -73.741, 40.5858 ], [ -73.7558, 40.5844 ], [ -73.7499, 40.5897 ], [ -73.7424, 40.5933 ], [ -73.7256, 40.5901 ], [ -73.6871, 40.5891 ], [ -73.6835, 40.5919 ], [ -73.6669, 40.5941 ], [ -73.6374, 40.5958 ], [ -73.6233, 40.5944 ], [ -73.6173, 40.5954 ], [ -73.6163, 40.5969 ], [ -73.6138, 40.5958 ], [ -73.5885, 40.5938 ], [ -73.576, 40.5949 ], [ -73.5744, 40.5933 ], [ -73.5766, 40.5874 ], [ -73.581, 40.5852 ], [ -73.5863, 40.5866 ], [ -73.6019, 40.5844 ], [ -73.621, 40.5858 ] ] ], [ [ [ -73.6076, 40.5991 ], [ -73.6072, 40.6006 ], [ -73.6033, 40.6 ], [ -73.5958, 40.5981 ], [ -73.5944, 40.5964 ], [ -73.6076, 40.5991 ] ] ], [ [ [ -73.6161, 40.5983 ], [ -73.6214, 40.5978 ], [ -73.6242, 40.6 ], [ -73.6228, 40.6019 ], [ -73.6197, 40.6011 ], [ -73.6172, 40.6006 ], [ -73.6161, 40.5983 ] ] ], [ [ [ -73.5939, 40.5975 ], [ -73.6019, 40.6031 ], [ -73.5978, 40.6025 ], [ -73.5942, 40.6003 ], [ -73.5922, 40.5983 ], [ -73.5939, 40.5975 ] ] ], [ [ [ -73.5714, 40.6029 ], [ -73.5728, 40.5993 ], [ -73.5765, 40.5969 ], [ -73.5867, 40.595 ], [ -73.5903, 40.5964 ], [ -73.5897, 40.5997 ], [ -73.5831, 40.6047 ], [ -73.5729, 40.606 ], [ -73.5714, 40.6029 ] ] ], [ [ [ -73.5558, 40.61 ], [ -73.5537, 40.6074 ], [ -73.5517, 40.5992 ], [ -73.5619, 40.5954 ], [ -73.5622, 40.5994 ], [ -73.5656, 40.5972 ], [ -73.5664, 40.5981 ], [ -73.5684, 40.6037 ], [ -73.5678, 40.6075 ], [ -73.5558, 40.61 ] ] ], [ [ [ -73.6703, 40.6047 ], [ -73.6719, 40.6022 ], [ -73.6719, 40.5969 ], [ -73.6811, 40.5969 ], [ -73.6817, 40.5989 ], [ -73.6717, 40.6092 ], [ -73.6689, 40.6067 ], [ -73.6703, 40.6047 ] ] ], [ [ [ -73.6117, 40.5978 ], [ -73.6164, 40.6021 ], [ -73.6103, 40.6119 ], [ -73.6081, 40.6094 ], [ -73.6075, 40.6047 ], [ -73.6053, 40.6028 ], [ -73.6075, 40.6019 ], [ -73.6117, 40.5978 ] ] ], [ [ [ -73.7967, 40.6039 ], [ -73.8044, 40.605 ], [ -73.8047, 40.6067 ], [ -73.802, 40.6095 ], [ -73.7969, 40.6094 ], [ -73.7933, 40.6067 ], [ -73.7967, 40.6039 ] ] ], [ [ [ -73.63, 40.5978 ], [ -73.6344, 40.5994 ], [ -73.6292, 40.6092 ], [ -73.6256, 40.6097 ], [ -73.6258, 40.6111 ], [ -73.6222, 40.6128 ], [ -73.6211, 40.6161 ], [ -73.6178, 40.6153 ], [ -73.61, 40.6144 ], [ -73.6144, 40.6111 ], [ -73.6131, 40.6086 ], [ -73.6158, 40.6053 ], [ -73.6231, 40.6053 ], [ -73.6269, 40.6033 ], [ -73.63, 40.5978 ] ] ], [ [ [ -73.6925, 40.6064 ], [ -73.6939, 40.6056 ], [ -73.6958, 40.6064 ], [ -73.7017, 40.6033 ], [ -73.7031, 40.6044 ], [ -73.6953, 40.6108 ], [ -73.6925, 40.6094 ], [ -73.6925, 40.6064 ] ] ], [ [ [ -73.8358, 40.6061 ], [ -73.8328, 40.61 ], [ -73.8301, 40.6086 ], [ -73.8301, 40.606 ], [ -73.8324, 40.6052 ], [ -73.8356, 40.605 ], [ -73.8358, 40.6061 ] ] ], [ [ [ -73.8272, 40.6081 ], [ -73.8283, 40.6097 ], [ -73.8248, 40.6059 ], [ -73.8261, 40.6058 ], [ -73.8286, 40.6056 ], [ -73.8272, 40.6081 ] ] ], [ [ [ -73.5952, 40.6153 ], [ -73.5929, 40.6119 ], [ -73.5895, 40.611 ], [ -73.5869, 40.6042 ], [ -73.5917, 40.6017 ], [ -73.5944, 40.6042 ], [ -73.5938, 40.6057 ], [ -73.5967, 40.6081 ], [ -73.5981, 40.6119 ], [ -73.5953, 40.6128 ], [ -73.5952, 40.6153 ] ] ], [ [ [ -73.595, 40.6156 ], [ -73.5897, 40.6156 ], [ -73.5864, 40.6144 ], [ -73.5847, 40.6103 ], [ -73.5744, 40.6103 ], [ -73.5728, 40.6081 ], [ -73.5861, 40.6047 ], [ -73.5878, 40.6108 ], [ -73.5919, 40.6122 ], [ -73.595, 40.6156 ] ] ], [ [ [ -73.6578, 40.6089 ], [ -73.661, 40.6074 ], [ -73.6656, 40.6083 ], [ -73.6617, 40.6152 ], [ -73.6599, 40.615 ], [ -73.6614, 40.6128 ], [ -73.6592, 40.6097 ], [ -73.6578, 40.6089 ] ] ], [ [ [ -73.6953, 40.6133 ], [ -73.6964, 40.6139 ], [ -73.6957, 40.6158 ], [ -73.6936, 40.6128 ], [ -73.6953, 40.6133 ] ] ], [ [ [ -73.8132, 40.5992 ], [ -73.8156, 40.6051 ], [ -73.8178, 40.6033 ], [ -73.8206, 40.5944 ], [ -73.8344, 40.595 ], [ -73.8322, 40.5931 ], [ -73.8319, 40.59 ], [ -73.8331, 40.5886 ], [ -73.8369, 40.5892 ], [ -73.8431, 40.5922 ], [ -73.8436, 40.5947 ], [ -73.8405, 40.5966 ], [ -73.8283, 40.5975 ], [ -73.8197, 40.61 ], [ -73.8208, 40.6119 ], [ -73.8231, 40.6103 ], [ -73.8258, 40.6142 ], [ -73.8378, 40.6153 ], [ -73.8347, 40.6228 ], [ -73.8317, 40.6256 ], [ -73.8328, 40.6275 ], [ -73.8317, 40.6333 ], [ -73.8339, 40.6383 ], [ -73.8322, 40.6392 ], [ -73.8253, 40.6362 ], [ -73.8242, 40.6408 ], [ -73.8219, 40.6347 ], [ -73.8206, 40.6286 ], [ -73.8181, 40.6261 ], [ -73.8188, 40.6228 ], [ -73.8156, 40.6211 ], [ -73.8166, 40.6186 ], [ -73.8147, 40.6067 ], [ -73.8095, 40.6001 ], [ -73.8132, 40.5992 ] ] ], [ [ [ -73.5369, 40.6019 ], [ -73.5472, 40.6014 ], [ -73.5547, 40.6122 ], [ -73.5517, 40.6175 ], [ -73.5463, 40.6169 ], [ -73.5514, 40.6183 ], [ -73.5531, 40.6217 ], [ -73.5408, 40.6292 ], [ -73.5344, 40.6236 ], [ -73.5317, 40.6206 ], [ -73.5321, 40.6169 ], [ -73.5278, 40.6178 ], [ -73.5253, 40.6161 ], [ -73.5247, 40.6044 ], [ -73.5264, 40.6033 ], [ -73.5316, 40.6054 ], [ -73.5369, 40.6019 ] ] ], [ [ [ -73.5786, 40.6178 ], [ -73.5756, 40.6225 ], [ -73.5706, 40.6203 ], [ -73.5619, 40.6161 ], [ -73.5593, 40.6144 ], [ -73.5631, 40.6139 ], [ -73.5655, 40.6097 ], [ -73.5686, 40.6093 ], [ -73.5703, 40.6125 ], [ -73.5786, 40.6178 ] ] ], [ [ [ -73.6556, 40.6206 ], [ -73.6539, 40.6167 ], [ -73.6542, 40.6117 ], [ -73.6572, 40.61 ], [ -73.6603, 40.6119 ], [ -73.6586, 40.615 ], [ -73.6597, 40.6219 ], [ -73.6575, 40.6225 ], [ -73.6556, 40.6206 ] ] ], [ [ [ -73.6619, 40.6214 ], [ -73.6611, 40.6183 ], [ -73.6678, 40.6117 ], [ -73.6717, 40.6128 ], [ -73.6725, 40.6161 ], [ -73.668, 40.6219 ], [ -73.6642, 40.6214 ], [ -73.6619, 40.6214 ] ] ], [ [ [ -73.5908, 40.6186 ], [ -73.5869, 40.6208 ], [ -73.5867, 40.6236 ], [ -73.5914, 40.6267 ], [ -73.5875, 40.6291 ], [ -73.5875, 40.6264 ], [ -73.5847, 40.625 ], [ -73.5808, 40.6258 ], [ -73.5794, 40.6244 ], [ -73.5803, 40.6164 ], [ -73.5761, 40.6122 ], [ -73.5827, 40.6111 ], [ -73.5853, 40.6161 ], [ -73.5908, 40.6186 ] ] ], [ [ [ -73.8017, 40.6231 ], [ -73.8028, 40.6208 ], [ -73.8017, 40.6184 ], [ -73.8036, 40.6154 ], [ -73.8064, 40.6225 ], [ -73.8008, 40.6264 ], [ -73.7981, 40.6253 ], [ -73.8017, 40.6231 ] ] ], [ [ [ -73.6733, 40.6175 ], [ -73.6819, 40.6206 ], [ -73.6783, 40.6208 ], [ -73.6767, 40.6239 ], [ -73.6739, 40.6244 ], [ -73.6714, 40.6217 ], [ -73.6719, 40.6183 ], [ -73.6733, 40.6175 ] ] ], [ [ [ -73.8122, 40.6267 ], [ -73.8125, 40.625 ], [ -73.8136, 40.6241 ], [ -73.8144, 40.6256 ], [ -73.8122, 40.6267 ] ] ], [ [ [ -73.5497, 40.6364 ], [ -73.5475, 40.6353 ], [ -73.5506, 40.6322 ], [ -73.55, 40.6278 ], [ -73.5564, 40.6219 ], [ -73.5592, 40.6247 ], [ -73.5592, 40.6294 ], [ -73.5528, 40.6378 ], [ -73.5497, 40.6364 ] ] ], [ [ [ -73.5447, 40.6306 ], [ -73.5406, 40.6339 ], [ -73.5372, 40.6325 ], [ -73.5486, 40.6267 ], [ -73.5489, 40.6325 ], [ -73.5464, 40.6342 ], [ -73.5453, 40.6322 ], [ -73.5447, 40.6306 ] ] ], [ [ [ -73.7903, 40.85 ], [ -73.7924, 40.8568 ], [ -73.7897, 40.8589 ], [ -73.7866, 40.8527 ], [ -73.7842, 40.8519 ], [ -73.7807, 40.8485 ], [ -73.7819, 40.8445 ], [ -73.7792, 40.8439 ], [ -73.7828, 40.8364 ], [ -73.7856, 40.8367 ], [ -73.7902, 40.8433 ], [ -73.7919, 40.8472 ], [ -73.7903, 40.85 ] ] ], [ [ [ -73.7678, 40.8453 ], [ -73.7694, 40.8456 ], [ -73.7717, 40.8478 ], [ -73.7722, 40.8519 ], [ -73.7725, 40.8597 ], [ -73.7714, 40.8603 ], [ -73.7644, 40.8553 ], [ -73.7689, 40.8533 ], [ -73.7694, 40.8483 ], [ -73.7678, 40.8453 ] ] ], [ [ [ -73.7842, 40.8597 ], [ -73.7848, 40.8587 ], [ -73.7875, 40.8585 ], [ -73.7858, 40.8608 ], [ -73.7842, 40.8597 ] ] ], [ [ [ -73.7628, 40.8781 ], [ -73.7607, 40.8775 ], [ -73.7619, 40.8764 ], [ -73.7636, 40.8764 ], [ -73.7628, 40.8781 ] ] ], [ [ [ -73.7664, 40.8847 ], [ -73.7678, 40.8806 ], [ -73.7714, 40.8799 ], [ -73.7742, 40.8832 ], [ -73.7703, 40.8883 ], [ -73.7664, 40.8847 ] ] ], [ [ [ -73.7552, 40.8893 ], [ -73.7536, 40.8869 ], [ -73.7553, 40.8867 ], [ -73.7572, 40.8858 ], [ -73.7592, 40.8874 ], [ -73.7552, 40.8893 ] ] ], [ [ [ -73.7006, 40.9342 ], [ -73.7014, 40.9349 ], [ -73.7007, 40.9363 ], [ -73.6995, 40.9367 ], [ -73.7006, 40.9342 ] ] ], [ [ [ -73.7078, 40.9408 ], [ -73.7036, 40.945 ], [ -73.7014, 40.9447 ], [ -73.7064, 40.9403 ], [ -73.7078, 40.9408 ] ] ], [ [ [ -73.6849, 40.9458 ], [ -73.6849, 40.9472 ], [ -73.6839, 40.9471 ], [ -73.6833, 40.9458 ], [ -73.6849, 40.9458 ] ] ], [ [ [ -73.6803, 40.9486 ], [ -73.6811, 40.949 ], [ -73.6812, 40.9502 ], [ -73.6792, 40.9503 ], [ -73.6803, 40.9486 ] ] ], [ [ [ -73.5414, 40.5967 ], [ -73.5353, 40.5969 ], [ -73.5294, 40.5994 ], [ -73.5206, 40.5992 ], [ -73.515, 40.6031 ], [ -73.5108, 40.6019 ], [ -73.5106, 40.6064 ], [ -73.5019, 40.6097 ], [ -73.4992, 40.6139 ], [ -73.4964, 40.6106 ], [ -73.4894, 40.6081 ], [ -73.4922, 40.6031 ], [ -73.5013, 40.6009 ], [ -73.5006, 40.5986 ], [ -73.4815, 40.6009 ], [ -73.4822, 40.6056 ], [ -73.4642, 40.6119 ], [ -73.4419, 40.6147 ], [ -73.4372, 40.6142 ], [ -73.4353, 40.6119 ], [ -73.4317, 40.6122 ], [ -73.4294, 40.6133 ], [ -73.4294, 40.6167 ], [ -73.4261, 40.6178 ], [ -73.4283, 40.6153 ], [ -73.4275, 40.6144 ], [ -73.4216, 40.6184 ], [ -73.42, 40.6192 ], [ -73.416, 40.6185 ], [ -73.4147, 40.6153 ], [ -73.4128, 40.6206 ], [ -73.4075, 40.6225 ], [ -73.3981, 40.6189 ], [ -73.3969, 40.6197 ], [ -73.3986, 40.6239 ], [ -73.3925, 40.6256 ], [ -73.3853, 40.6219 ], [ -73.3817, 40.6244 ], [ -73.3825, 40.6264 ], [ -73.3865, 40.6258 ], [ -73.3861, 40.6269 ], [ -73.3772, 40.6291 ], [ -73.3742, 40.6264 ], [ -73.3633, 40.6286 ], [ -73.3614, 40.63 ], [ -73.3674, 40.6308 ], [ -73.3478, 40.6361 ], [ -73.345, 40.635 ], [ -73.3442, 40.6372 ], [ -73.3348, 40.6412 ], [ -73.3325, 40.6394 ], [ -73.3322, 40.6408 ], [ -73.3281, 40.6408 ], [ -73.3278, 40.6439 ], [ -73.3238, 40.6467 ], [ -73.3122, 40.6454 ], [ -73.3102, 40.6419 ], [ -73.2978, 40.64 ], [ -73.2769, 40.6428 ], [ -73.2508, 40.6428 ], [ -73.2497, 40.6417 ], [ -73.2503, 40.6394 ], [ -73.2544, 40.6372 ], [ -73.2669, 40.635 ], [ -73.2828, 40.6394 ], [ -73.2931, 40.6375 ], [ -73.3108, 40.6386 ], [ -73.3122, 40.6367 ], [ -73.3097, 40.6328 ], [ -73.3133, 40.6339 ], [ -73.3267, 40.6331 ], [ -73.3369, 40.6285 ], [ -73.3552, 40.6284 ], [ -73.4208, 40.61 ], [ -73.4261, 40.6088 ], [ -73.4847, 40.5958 ], [ -73.5148, 40.5916 ], [ -73.5754, 40.5748 ], [ -73.5728, 40.5817 ], [ -73.5647, 40.5894 ], [ -73.5583, 40.5914 ], [ -73.5519, 40.59 ], [ -73.5414, 40.5967 ] ] ], [ [ [ -73.485, 40.6049 ], [ -73.4877, 40.6041 ], [ -73.4886, 40.6061 ], [ -73.4868, 40.6071 ], [ -73.485, 40.6049 ] ] ], [ [ [ -73.4839, 40.6075 ], [ -73.484, 40.6086 ], [ -73.4739, 40.6144 ], [ -73.4744, 40.6125 ], [ -73.4778, 40.6107 ], [ -73.4775, 40.6086 ], [ -73.4797, 40.6081 ], [ -73.4839, 40.6075 ] ] ], [ [ [ -73.5191, 40.6143 ], [ -73.5161, 40.6144 ], [ -73.52, 40.6164 ], [ -73.5112, 40.6192 ], [ -73.5097, 40.6172 ], [ -73.5119, 40.6136 ], [ -73.5078, 40.6156 ], [ -73.5058, 40.6128 ], [ -73.5125, 40.61 ], [ -73.5178, 40.6044 ], [ -73.5225, 40.6036 ], [ -73.5191, 40.6143 ] ] ], [ [ [ -73.4872, 40.6108 ], [ -73.4897, 40.61 ], [ -73.4908, 40.6128 ], [ -73.487, 40.612 ], [ -73.4872, 40.6108 ] ] ], [ [ [ -73.4364, 40.6144 ], [ -73.4325, 40.6161 ], [ -73.4314, 40.6156 ], [ -73.4352, 40.6126 ], [ -73.4364, 40.6144 ] ] ], [ [ [ -73.4638, 40.6159 ], [ -73.4618, 40.6148 ], [ -73.4618, 40.6142 ], [ -73.4649, 40.6143 ], [ -73.4638, 40.6159 ] ] ], [ [ [ -73.4508, 40.6167 ], [ -73.4522, 40.615 ], [ -73.4545, 40.6177 ], [ -73.4508, 40.6178 ], [ -73.4508, 40.6167 ] ] ], [ [ [ -73.4608, 40.6167 ], [ -73.4547, 40.6194 ], [ -73.4553, 40.6172 ], [ -73.4533, 40.615 ], [ -73.4558, 40.6142 ], [ -73.4606, 40.6142 ], [ -73.4608, 40.6167 ] ] ], [ [ [ -73.4644, 40.6175 ], [ -73.4631, 40.6186 ], [ -73.4614, 40.6186 ], [ -73.4643, 40.6166 ], [ -73.4644, 40.6175 ] ] ], [ [ [ -73.4829, 40.6213 ], [ -73.4881, 40.6242 ], [ -73.4934, 40.6249 ], [ -73.4886, 40.6269 ], [ -73.4845, 40.6266 ], [ -73.4797, 40.6257 ], [ -73.4783, 40.6234 ], [ -73.4712, 40.6243 ], [ -73.4836, 40.6136 ], [ -73.4958, 40.6154 ], [ -73.4974, 40.6198 ], [ -73.4952, 40.623 ], [ -73.4829, 40.6213 ] ] ], [ [ [ -73.4317, 40.6197 ], [ -73.4346, 40.6201 ], [ -73.4331, 40.6244 ], [ -73.4381, 40.6297 ], [ -73.4298, 40.6292 ], [ -73.4256, 40.6314 ], [ -73.4164, 40.6308 ], [ -73.4181, 40.6253 ], [ -73.4166, 40.6214 ], [ -73.4169, 40.6208 ], [ -73.4172, 40.6206 ], [ -73.420874556213022, 40.62028047337278 ], [ -73.425, 40.6192 ], [ -73.4311, 40.6178 ], [ -73.4317, 40.6197 ] ] ], [ [ [ -73.4347, 40.6244 ], [ -73.4364, 40.62 ], [ -73.4341, 40.6176 ], [ -73.4472, 40.6158 ], [ -73.4475, 40.625 ], [ -73.4389, 40.6272 ], [ -73.4369, 40.6253 ], [ -73.4347, 40.6244 ] ] ], [ [ [ -73.5303, 40.6206 ], [ -73.5339, 40.6281 ], [ -73.5325, 40.6308 ], [ -73.5283, 40.6308 ], [ -73.5281, 40.6294 ], [ -73.5272, 40.6272 ], [ -73.5203, 40.6286 ], [ -73.5125, 40.6272 ], [ -73.5117, 40.6206 ], [ -73.5167, 40.6201 ], [ -73.5222, 40.6161 ], [ -73.5225, 40.6192 ], [ -73.5303, 40.6206 ] ] ], [ [ [ -73.385, 40.6303 ], [ -73.3811, 40.6291 ], [ -73.3831, 40.6283 ], [ -73.3878, 40.6275 ], [ -73.385, 40.6303 ] ] ], [ [ [ -73.3953, 40.6394 ], [ -73.395, 40.635 ], [ -73.4078, 40.6242 ], [ -73.4156, 40.6256 ], [ -73.4153, 40.6319 ], [ -73.4131, 40.6353 ], [ -73.4078, 40.6339 ], [ -73.4006, 40.6344 ], [ -73.4019, 40.6378 ], [ -73.3953, 40.6394 ] ] ], [ [ [ -73.4917, 40.6339 ], [ -73.4889, 40.6372 ], [ -73.4842, 40.6378 ], [ -73.4822, 40.6347 ], [ -73.4794, 40.6328 ], [ -73.4744, 40.6333 ], [ -73.4728, 40.6311 ], [ -73.4831, 40.6278 ], [ -73.4831, 40.6289 ], [ -73.4894, 40.6292 ], [ -73.4917, 40.6314 ], [ -73.4917, 40.6339 ] ] ], [ [ [ -73.3731, 40.6314 ], [ -73.3752, 40.6318 ], [ -73.3744, 40.6344 ], [ -73.3731, 40.6345 ], [ -73.3731, 40.6314 ] ] ], [ [ [ -73.4258, 40.6342 ], [ -73.4337, 40.6338 ], [ -73.4313, 40.633 ], [ -73.4325, 40.6323 ], [ -73.4383, 40.6328 ], [ -73.4358, 40.6353 ], [ -73.4289, 40.6353 ], [ -73.4258, 40.6342 ] ] ], [ [ [ -73.4181, 40.6328 ], [ -73.4233, 40.6347 ], [ -73.4231, 40.6361 ], [ -73.4175, 40.6364 ], [ -73.4181, 40.6328 ] ] ], [ [ [ -73.372, 40.6327 ], [ -73.3703, 40.6383 ], [ -73.3672, 40.6339 ], [ -73.3647, 40.6342 ], [ -73.3682, 40.6317 ], [ -73.372, 40.6327 ] ] ], [ [ [ -73.445, 40.6331 ], [ -73.4431, 40.6372 ], [ -73.4403, 40.6375 ], [ -73.4417, 40.6332 ], [ -73.445, 40.6331 ] ] ], [ [ [ -73.3894, 40.6383 ], [ -73.3869, 40.6397 ], [ -73.3808, 40.6389 ], [ -73.3789, 40.6333 ], [ -73.3819, 40.6325 ], [ -73.3883, 40.6367 ], [ -73.3894, 40.6383 ] ] ], [ [ [ -73.3483, 40.6369 ], [ -73.3511, 40.6364 ], [ -73.3513, 40.6387 ], [ -73.3467, 40.6375 ], [ -73.3483, 40.6369 ] ] ], [ [ [ -73.5156, 40.6364 ], [ -73.5167, 40.6375 ], [ -73.5158, 40.6403 ], [ -73.5114, 40.6403 ], [ -73.5103, 40.6386 ], [ -73.5156, 40.6364 ] ] ], [ [ [ -73.3439, 40.6392 ], [ -73.3436, 40.6394 ], [ -73.3414, 40.6392 ], [ -73.3446, 40.6382 ], [ -73.3439, 40.6392 ] ] ], [ [ [ -73.4341, 40.6379 ], [ -73.429, 40.6412 ], [ -73.4249, 40.6394 ], [ -73.425, 40.6381 ], [ -73.4278, 40.6373 ], [ -73.4341, 40.6379 ] ] ], [ [ [ -73.4139, 40.6394 ], [ -73.4125, 40.6444 ], [ -73.4064, 40.6431 ], [ -73.4108, 40.64 ], [ -73.4103, 40.6386 ], [ -73.4122, 40.6369 ], [ -73.4139, 40.6369 ], [ -73.4139, 40.6394 ] ] ], [ [ [ -73.3383, 40.6406 ], [ -73.3394, 40.6419 ], [ -73.3366, 40.6429 ], [ -73.3367, 40.6417 ], [ -73.3383, 40.6406 ] ] ], [ [ [ -73.3433, 40.6406 ], [ -73.3469, 40.6386 ], [ -73.3508, 40.6403 ], [ -73.3522, 40.6394 ], [ -73.3519, 40.6361 ], [ -73.3556, 40.635 ], [ -73.3631, 40.6342 ], [ -73.3633, 40.6364 ], [ -73.3672, 40.6353 ], [ -73.3697, 40.6386 ], [ -73.3678, 40.6406 ], [ -73.3653, 40.6389 ], [ -73.3608, 40.6389 ], [ -73.3597, 40.6408 ], [ -73.3631, 40.64 ], [ -73.3653, 40.6417 ], [ -73.355, 40.6483 ], [ -73.3526, 40.6471 ], [ -73.3469, 40.6494 ], [ -73.3436, 40.6481 ], [ -73.3372, 40.6481 ], [ -73.3353, 40.6461 ], [ -73.3361, 40.6448 ], [ -73.3342, 40.6446 ], [ -73.3386, 40.6444 ], [ -73.3408, 40.6417 ], [ -73.34, 40.6397 ], [ -73.3433, 40.6406 ] ] ], [ [ [ -73.4819, 40.6453 ], [ -73.4781, 40.6403 ], [ -73.4858, 40.6411 ], [ -73.487, 40.6436 ], [ -73.4819, 40.6453 ] ] ], [ [ [ -73.4013, 40.643 ], [ -73.404, 40.6421 ], [ -73.4048, 40.6429 ], [ -73.4041, 40.644 ], [ -73.4013, 40.643 ] ] ], [ [ [ -73.39, 40.6401 ], [ -73.3932, 40.6405 ], [ -73.3953, 40.6434 ], [ -73.3918, 40.6463 ], [ -73.3889, 40.6454 ], [ -73.3825, 40.6439 ], [ -73.39, 40.6401 ] ] ], [ [ [ -73.3739, 40.6453 ], [ -73.3744, 40.6441 ], [ -73.3753, 40.6441 ], [ -73.3759, 40.6453 ], [ -73.3739, 40.6453 ] ] ], [ [ [ -73.2928, 40.642 ], [ -73.2995, 40.6411 ], [ -73.306, 40.6433 ], [ -73.3043, 40.6461 ], [ -73.2981, 40.6441 ], [ -73.2981, 40.6481 ], [ -73.2931, 40.6486 ], [ -73.2892, 40.6444 ], [ -73.2928, 40.642 ] ] ], [ [ [ -73.485, 40.6478 ], [ -73.4831, 40.6494 ], [ -73.482, 40.6464 ], [ -73.4852, 40.6462 ], [ -73.485, 40.6478 ] ] ], [ [ [ -73.3363, 40.6489 ], [ -73.3319, 40.6505 ], [ -73.33, 40.6483 ], [ -73.3308, 40.6464 ], [ -73.3331, 40.6461 ], [ -73.3363, 40.6489 ] ] ], [ [ [ -73.3392, 40.6497 ], [ -73.3428, 40.6486 ], [ -73.3439, 40.6502 ], [ -73.3411, 40.6512 ], [ -73.3392, 40.6497 ] ] ], [ [ [ -73.4656, 40.8678 ], [ -73.4636, 40.8681 ], [ -73.4678, 40.8664 ], [ -73.4678, 40.8669 ], [ -73.4656, 40.8678 ] ] ], [ [ [ -73.3617, 40.8947 ], [ -73.3594, 40.8978 ], [ -73.3583, 40.8977 ], [ -73.3606, 40.8928 ], [ -73.3617, 40.8947 ] ] ], [ [ [ -73.285, 40.6467 ], [ -73.2847, 40.6461 ], [ -73.2872, 40.6453 ], [ -73.2892, 40.6482 ], [ -73.285, 40.6467 ] ] ], [ [ [ -73.2297, 40.6511 ], [ -73.2253, 40.6508 ], [ -73.2242, 40.6494 ], [ -73.2264, 40.6481 ], [ -73.2356, 40.6506 ], [ -73.2314, 40.6546 ], [ -73.2303, 40.6536 ], [ -73.2324, 40.6524 ], [ -73.2297, 40.6511 ] ] ], [ [ [ -73.2931, 40.6517 ], [ -73.295, 40.65 ], [ -73.2975, 40.6503 ], [ -73.3003, 40.6525 ], [ -73.2958, 40.655 ], [ -73.2931, 40.6517 ] ] ], [ [ [ -73.2894, 40.6564 ], [ -73.2903, 40.6553 ], [ -73.2909, 40.6547 ], [ -73.2911, 40.657 ], [ -73.2894, 40.6564 ] ] ], [ [ [ -73.1756, 40.6561 ], [ -73.1781, 40.6522 ], [ -73.1911, 40.6575 ], [ -73.1911, 40.6597 ], [ -73.1886, 40.6589 ], [ -73.1786, 40.6594 ], [ -73.1756, 40.6561 ] ] ], [ [ [ -73.2016, 40.6594 ], [ -73.1938, 40.6557 ], [ -73.1981, 40.6537 ], [ -73.2042, 40.6561 ], [ -73.2034, 40.6588 ], [ -73.2016, 40.6594 ] ] ], [ [ [ -73.2399, 40.6569 ], [ -73.2426, 40.6593 ], [ -73.2387, 40.6601 ], [ -73.2373, 40.6586 ], [ -73.2399, 40.6569 ] ] ], [ [ [ -73.0822, 40.6587 ], [ -73.097, 40.6565 ], [ -73.2344, 40.6256 ], [ -73.2878, 40.6197 ], [ -73.3067, 40.6197 ], [ -73.3114, 40.6233 ], [ -73.3108, 40.6275 ], [ -73.3072, 40.6278 ], [ -73.3083, 40.6258 ], [ -73.3067, 40.625 ], [ -73.3008, 40.6292 ], [ -73.2917, 40.6253 ], [ -73.2878, 40.6264 ], [ -73.2567, 40.6256 ], [ -73.2456, 40.6299 ], [ -73.2244, 40.6319 ], [ -73.2086, 40.6361 ], [ -73.2006, 40.6394 ], [ -73.1994, 40.6418 ], [ -73.1937, 40.6433 ], [ -73.1925, 40.6389 ], [ -73.1894, 40.6392 ], [ -73.1837, 40.6421 ], [ -73.1678, 40.6436 ], [ -73.1575, 40.6503 ], [ -73.1428, 40.6498 ], [ -73.1325, 40.6538 ], [ -73.0992, 40.6581 ], [ -73.0733, 40.6667 ], [ -73.055, 40.6689 ], [ -73.0447, 40.6717 ], [ -73.0419, 40.6742 ], [ -73.0386, 40.6733 ], [ -73.0117, 40.6825 ], [ -73.0, 40.6891 ], [ -72.9944, 40.6906 ], [ -72.9906, 40.6947 ], [ -72.9836, 40.6953 ], [ -72.9794, 40.6975 ], [ -72.9736, 40.6969 ], [ -72.9725, 40.6986 ], [ -72.9758, 40.7003 ], [ -72.9742, 40.7022 ], [ -72.9719, 40.6997 ], [ -72.9714, 40.7022 ], [ -72.9658, 40.7006 ], [ -72.9517, 40.7078 ], [ -72.9469, 40.7125 ], [ -72.9411, 40.7119 ], [ -72.9344, 40.7153 ], [ -72.9308, 40.7147 ], [ -72.9286, 40.7175 ], [ -72.925, 40.7164 ], [ -72.9186, 40.7236 ], [ -72.9147, 40.7231 ], [ -72.91, 40.7253 ], [ -72.9083, 40.7244 ], [ -72.9094, 40.7217 ], [ -72.8978, 40.7239 ], [ -72.8942, 40.7283 ], [ -72.8944, 40.7306 ], [ -72.8917, 40.7328 ], [ -72.8906, 40.7303 ], [ -72.8839, 40.7322 ], [ -72.8744, 40.7314 ], [ -72.8692, 40.7344 ], [ -72.8675, 40.7372 ], [ -72.8563, 40.7373 ], [ -72.8396, 40.7434 ], [ -72.8349, 40.7434 ], [ -72.8352, 40.7448 ], [ -72.8419, 40.7442 ], [ -72.8377, 40.7487 ], [ -72.8302, 40.7459 ], [ -72.8218, 40.75 ], [ -72.8133, 40.7501 ], [ -72.8102, 40.7528 ], [ -72.805, 40.754 ], [ -72.805, 40.7573 ], [ -72.8021, 40.757 ], [ -72.7988, 40.7603 ], [ -72.7952, 40.7612 ], [ -72.7969, 40.7628 ], [ -72.7955, 40.7648 ], [ -72.7921, 40.7637 ], [ -72.7788, 40.7645 ], [ -72.7769, 40.762 ], [ -72.7755, 40.7637 ], [ -72.7696, 40.7637 ], [ -72.766, 40.7673 ], [ -72.7633, 40.7659 ], [ -72.7549, 40.7698 ], [ -72.7552, 40.7642 ], [ -72.7702, 40.7581 ], [ -72.7738, 40.7589 ], [ -72.7835, 40.7565 ], [ -72.8649, 40.7317 ], [ -72.8727, 40.7281 ], [ -72.9188, 40.7142 ], [ -73.0225, 40.6759 ], [ -73.0822, 40.6587 ] ] ], [ [ [ -72.9125, 40.7306 ], [ -72.9103, 40.7278 ], [ -72.9111, 40.7267 ], [ -72.9161, 40.7278 ], [ -72.9172, 40.7294 ], [ -72.9125, 40.7306 ] ] ], [ [ [ -72.8945, 40.7406 ], [ -72.8959, 40.7392 ], [ -72.8981, 40.7395 ], [ -72.8961, 40.7409 ], [ -72.8945, 40.7406 ] ] ], [ [ [ -72.7514, 40.7742 ], [ -72.7514, 40.7717 ], [ -72.7608, 40.7783 ], [ -72.7525, 40.7806 ], [ -72.7497, 40.7789 ], [ -72.7472, 40.7747 ], [ -72.7514, 40.7742 ] ] ], [ [ [ -72.7228, 40.7786 ], [ -72.7236, 40.7772 ], [ -72.7256, 40.7778 ], [ -72.7275, 40.7786 ], [ -72.7267, 40.78 ], [ -72.7228, 40.7786 ] ] ], [ [ [ -72.6984, 40.7862 ], [ -72.6977, 40.7869 ], [ -72.6956, 40.7853 ], [ -72.6965, 40.7849 ], [ -72.6984, 40.7862 ] ] ], [ [ [ -72.5068, 40.8377 ], [ -72.5087, 40.8399 ], [ -72.5063, 40.8408 ], [ -72.505, 40.8397 ], [ -72.5068, 40.8377 ] ] ], [ [ [ -72.5121, 40.8415 ], [ -72.5126, 40.8415 ], [ -72.5123, 40.8425 ], [ -72.5107, 40.8432 ], [ -72.5121, 40.8415 ] ] ], [ [ [ -72.4885, 40.8481 ], [ -72.4876, 40.8453 ], [ -72.4926, 40.8451 ], [ -72.4924, 40.8481 ], [ -72.4899, 40.847 ], [ -72.4902, 40.8456 ], [ -72.4885, 40.8481 ] ] ], [ [ [ -72.4807, 40.8539 ], [ -72.4779, 40.8551 ], [ -72.4763, 40.8536 ], [ -72.4801, 40.852 ], [ -72.4799, 40.8476 ], [ -72.4815, 40.8503 ], [ -72.4812, 40.8478 ], [ -72.4868, 40.8465 ], [ -72.4818, 40.8503 ], [ -72.4807, 40.8539 ] ] ], [ [ [ -72.4721, 40.8528 ], [ -72.4727, 40.8514 ], [ -72.4746, 40.8537 ], [ -72.4724, 40.8534 ], [ -72.4721, 40.8528 ] ] ], [ [ [ -73.2219, 40.9028 ], [ -73.2186, 40.9006 ], [ -73.2251, 40.8999 ], [ -73.225, 40.9036 ], [ -73.2219, 40.9028 ] ] ], [ [ [ -73.1675, 40.9122 ], [ -73.1692, 40.9111 ], [ -73.1703, 40.9124 ], [ -73.165, 40.9139 ], [ -73.1664, 40.9108 ], [ -73.1689, 40.9089 ], [ -73.1675, 40.9122 ] ] ], [ [ [ -73.1552, 40.9168 ], [ -73.1538, 40.9177 ], [ -73.153, 40.9174 ], [ -73.1561, 40.9157 ], [ -73.1552, 40.9168 ] ] ], [ [ [ -73.15, 40.9244 ], [ -73.15, 40.9225 ], [ -73.1542, 40.9186 ], [ -73.1578, 40.9161 ], [ -73.165, 40.9158 ], [ -73.15, 40.9244 ] ] ], [ [ [ -72.615, 40.9261 ], [ -72.6167, 40.9258 ], [ -72.6178, 40.9278 ], [ -72.615, 40.9281 ], [ -72.615, 40.9261 ] ] ], [ [ [ -73.035, 40.9566 ], [ -73.0353, 40.9578 ], [ -73.0333, 40.9575 ], [ -73.0333, 40.9564 ], [ -73.035, 40.9566 ] ] ], [ [ [ -73.027, 40.9589 ], [ -73.025, 40.9597 ], [ -73.0239, 40.9583 ], [ -73.0254, 40.9569 ], [ -73.027, 40.9589 ] ] ], [ [ [ -73.0377, 40.9599 ], [ -73.0308, 40.9604 ], [ -73.0281, 40.9597 ], [ -73.0278, 40.9567 ], [ -73.0377, 40.9599 ] ] ], [ [ [ -72.4681, 40.9764 ], [ -72.4611, 40.9775 ], [ -72.4581, 40.9756 ], [ -72.4547, 40.9608 ], [ -72.4517, 40.9564 ], [ -72.4622, 40.9622 ], [ -72.4686, 40.9678 ], [ -72.4719, 40.9772 ], [ -72.4681, 40.9764 ] ] ], [ [ [ -72.0995, 41.0324 ], [ -72.1009, 41.0326 ], [ -72.1, 41.0346 ], [ -72.0997, 41.0364 ], [ -72.0982, 41.0358 ], [ -72.0995, 41.0324 ] ] ], [ [ [ -72.0988, 41.0374 ], [ -72.0992, 41.0403 ], [ -72.0992, 41.0416 ], [ -72.0983, 41.0375 ], [ -72.0988, 41.0374 ] ] ], [ [ [ -72.0998, 41.0436 ], [ -72.0998, 41.0448 ], [ -72.0991, 41.0419 ], [ -72.0996, 41.0418 ], [ -72.0998, 41.0436 ] ] ], [ [ [ -72.3055, 41.075 ], [ -72.3105, 41.0866 ], [ -72.3198, 41.087 ], [ -72.3234, 41.089 ], [ -72.3237, 41.0852 ], [ -72.3202, 41.0777 ], [ -72.318, 41.0777 ], [ -72.3169, 41.0743 ], [ -72.31, 41.07 ], [ -72.3104, 41.0686 ], [ -72.3112, 41.0686 ], [ -72.315, 41.0713 ], [ -72.3191, 41.0702 ], [ -72.315, 41.0688 ], [ -72.3169, 41.0673 ], [ -72.3136, 41.0672 ], [ -72.3132, 41.0636 ], [ -72.3098, 41.0671 ], [ -72.3039, 41.0661 ], [ -72.3006, 41.0672 ], [ -72.2939, 41.0631 ], [ -72.2825, 41.0681 ], [ -72.28, 41.0617 ], [ -72.2733, 41.0522 ], [ -72.2797, 41.0486 ], [ -72.2806, 41.0433 ], [ -72.2744, 41.0331 ], [ -72.27, 41.0292 ], [ -72.2706, 41.0269 ], [ -72.2728, 41.0281 ], [ -72.2769, 41.0258 ], [ -72.2817, 41.0286 ], [ -72.2806, 41.0333 ], [ -72.2781, 41.0361 ], [ -72.2808, 41.0403 ], [ -72.2856, 41.0386 ], [ -72.2914, 41.0428 ], [ -72.2981, 41.0447 ], [ -72.3044, 41.0514 ], [ -72.3106, 41.0542 ], [ -72.3189, 41.0511 ], [ -72.3158, 41.0422 ], [ -72.3181, 41.0436 ], [ -72.3242, 41.0422 ], [ -72.3292, 41.0442 ], [ -72.3327, 41.0492 ], [ -72.3436, 41.0523 ], [ -72.34, 41.0572 ], [ -72.3434, 41.0621 ], [ -72.3468, 41.0612 ], [ -72.3442, 41.0607 ], [ -72.345, 41.0584 ], [ -72.3415, 41.0555 ], [ -72.3457, 41.0523 ], [ -72.3456, 41.0505 ], [ -72.3503, 41.0486 ], [ -72.3502, 41.0528 ], [ -72.3525, 41.052 ], [ -72.3542, 41.0547 ], [ -72.3527, 41.0581 ], [ -72.3547, 41.057 ], [ -72.3561, 41.058 ], [ -72.3525, 41.063 ], [ -72.3557, 41.0662 ], [ -72.3594, 41.0656 ], [ -72.3637, 41.0671 ], [ -72.3661, 41.0634 ], [ -72.3632, 41.0603 ], [ -72.3578, 41.0616 ], [ -72.3556, 41.0643 ], [ -72.3545, 41.0622 ], [ -72.3577, 41.0574 ], [ -72.3506, 41.0436 ], [ -72.3456, 41.0421 ], [ -72.3413, 41.0468 ], [ -72.3387, 41.0472 ], [ -72.3438, 41.0418 ], [ -72.3542, 41.042 ], [ -72.3731, 41.0518 ], [ -72.3731, 41.0606 ], [ -72.384, 41.0691 ], [ -72.3841, 41.0722 ], [ -72.3822, 41.0729 ], [ -72.3749, 41.0705 ], [ -72.3667, 41.0736 ], [ -72.3639, 41.0761 ], [ -72.3621, 41.0828 ], [ -72.358, 41.0879 ], [ -72.3525, 41.0873 ], [ -72.354, 41.0874 ], [ -72.3526, 41.0826 ], [ -72.3538, 41.0795 ], [ -72.3514, 41.0819 ], [ -72.3522, 41.0842 ], [ -72.3422, 41.0852 ], [ -72.3484, 41.095 ], [ -72.3399, 41.0985 ], [ -72.3351, 41.1078 ], [ -72.3305, 41.1066 ], [ -72.3208, 41.1003 ], [ -72.3213, 41.0951 ], [ -72.3181, 41.0896 ], [ -72.3081, 41.0872 ], [ -72.2998, 41.0815 ], [ -72.3036, 41.0815 ], [ -72.3032, 41.078 ], [ -72.3055, 41.075 ] ] ], [ [ [ -71.9331, 41.0719 ], [ -71.9319, 41.0681 ], [ -71.9331, 41.0664 ], [ -71.9367, 41.0717 ], [ -71.9344, 41.0739 ], [ -71.9319, 41.0722 ], [ -71.9331, 41.0719 ] ] ], [ [ [ -72.2952, 41.0776 ], [ -72.2956, 41.08 ], [ -72.2976, 41.0809 ], [ -72.2942, 41.0822 ], [ -72.2914, 41.0814 ], [ -72.2781, 41.0797 ], [ -72.2765, 41.0757 ], [ -72.2794, 41.0705 ], [ -72.2813, 41.07 ], [ -72.2802, 41.0748 ], [ -72.2889, 41.0728 ], [ -72.2894, 41.0747 ], [ -72.2952, 41.0776 ] ] ], [ [ [ -72.0857, 41.0943 ], [ -72.0884, 41.0945 ], [ -72.094, 41.0882 ], [ -72.0908, 41.0836 ], [ -72.0915, 41.0821 ], [ -72.0868, 41.0797 ], [ -72.0881, 41.0886 ], [ -72.0858, 41.0911 ], [ -72.0864, 41.083 ], [ -72.0817, 41.0717 ], [ -72.0864, 41.0694 ], [ -72.0875, 41.0583 ], [ -72.0928, 41.0564 ], [ -72.0881, 41.0592 ], [ -72.0892, 41.0601 ], [ -72.0875, 41.0614 ], [ -72.0892, 41.0622 ], [ -72.0925, 41.0625 ], [ -72.0961, 41.0603 ], [ -72.0959, 41.056 ], [ -72.0944, 41.0556 ], [ -72.0989, 41.05 ], [ -72.0967, 41.0572 ], [ -72.0971, 41.069 ], [ -72.0947, 41.0731 ], [ -72.1039, 41.0878 ], [ -72.1139, 41.0914 ], [ -72.1122, 41.0919 ], [ -72.1128, 41.0936 ], [ -72.1156, 41.0953 ], [ -72.1231, 41.095 ], [ -72.1242, 41.0931 ], [ -72.1383, 41.0925 ], [ -72.1397, 41.0933 ], [ -72.1394, 41.0956 ], [ -72.1419, 41.0953 ], [ -72.1425, 41.0967 ], [ -72.1403, 41.1014 ], [ -72.1303, 41.1065 ], [ -72.1281, 41.1113 ], [ -72.127, 41.1169 ], [ -72.1308, 41.1236 ], [ -72.1173, 41.112 ], [ -72.1061, 41.1078 ], [ -72.1017, 41.1078 ], [ -72.0889, 41.1017 ], [ -72.0819, 41.1019 ], [ -72.0772, 41.0997 ], [ -72.0782, 41.0949 ], [ -72.0864, 41.0956 ], [ -72.0857, 41.0943 ] ] ], [ [ [ -72.2092, 41.18 ], [ -72.2, 41.1822 ], [ -72.1903, 41.1886 ], [ -72.1728, 41.1869 ], [ -72.1631, 41.1911 ], [ -72.1614, 41.1906 ], [ -72.1619, 41.1883 ], [ -72.1658, 41.1872 ], [ -72.1764, 41.1844 ], [ -72.1847, 41.1847 ], [ -72.1981, 41.1644 ], [ -72.205, 41.1719 ], [ -72.2042, 41.1731 ], [ -72.2067, 41.1719 ], [ -72.2122, 41.1744 ], [ -72.2092, 41.18 ] ] ], [ [ [ -72.115, 41.2033 ], [ -72.1208, 41.2006 ], [ -72.1231, 41.2008 ], [ -72.1164, 41.2044 ], [ -72.115, 41.2033 ] ] ], [ [ [ -72.1077, 41.2061 ], [ -72.1073, 41.2074 ], [ -72.1064, 41.2072 ], [ -72.1064, 41.2061 ], [ -72.1077, 41.2061 ] ] ], [ [ [ -71.9611, 41.2774 ], [ -71.9659, 41.2761 ], [ -71.9678, 41.2733 ], [ -71.9734, 41.2722 ], [ -71.9759, 41.2691 ], [ -71.9875, 41.2646 ], [ -71.9933, 41.2597 ], [ -71.9947, 41.256 ], [ -72.0025, 41.2528 ], [ -72.0163, 41.2561 ], [ -72.0258, 41.2507 ], [ -72.0387, 41.25 ], [ -72.0359, 41.256 ], [ -72.0314, 41.2581 ], [ -72.0305, 41.262 ], [ -72.0289, 41.2639 ], [ -72.0268, 41.2636 ], [ -72.0261, 41.2667 ], [ -72.025, 41.265 ], [ -72.0264, 41.2631 ], [ -72.0275, 41.2632 ], [ -72.0268, 41.2606 ], [ -72.0211, 41.2616 ], [ -72.0225, 41.2648 ], [ -72.0211, 41.2708 ], [ -72.0221, 41.272 ], [ -72.0228, 41.2706 ], [ -72.025, 41.2733 ], [ -72.0211, 41.2767 ], [ -72.0157, 41.2728 ], [ -72.0072, 41.2711 ], [ -72.0096, 41.2667 ], [ -72.0128, 41.2659 ], [ -72.0129, 41.2634 ], [ -72.0099, 41.263 ], [ -72.0076, 41.2606 ], [ -72.0086, 41.2592 ], [ -72.0056, 41.2594 ], [ -72.0046, 41.2598 ], [ -72.0081, 41.2617 ], [ -72.0071, 41.2643 ], [ -72.0049, 41.2648 ], [ -72.0041, 41.2637 ], [ -72.0057, 41.2622 ], [ -72.0033, 41.262 ], [ -72.0026, 41.2667 ], [ -71.9942, 41.2708 ], [ -71.9928, 41.2799 ], [ -71.9911, 41.2816 ], [ -71.9831, 41.2822 ], [ -71.9781, 41.2791 ], [ -71.9742, 41.2816 ], [ -71.9706, 41.281 ], [ -71.9686, 41.2855 ], [ -71.9614, 41.2833 ], [ -71.9533, 41.2852 ], [ -71.9495, 41.2824 ], [ -71.9458, 41.2844 ], [ -71.942, 41.2824 ], [ -71.94, 41.2847 ], [ -71.9408, 41.2866 ], [ -71.9383, 41.286 ], [ -71.9386, 41.2872 ], [ -71.9428, 41.2872 ], [ -71.94, 41.2913 ], [ -71.9314, 41.2911 ], [ -71.9314, 41.2891 ], [ -71.9297, 41.2891 ], [ -71.9283, 41.2919 ], [ -71.9222, 41.2924 ], [ -71.9233, 41.2919 ], [ -71.9275, 41.2899 ], [ -71.9281, 41.2855 ], [ -71.9347, 41.281 ], [ -71.9442, 41.281 ], [ -71.947, 41.2785 ], [ -71.9503, 41.2797 ], [ -71.9558, 41.2758 ], [ -71.9611, 41.2774 ] ] ] ] } }
]
}
