gid_2,gid_1,state_name,muni_name,type_2,cc_2,muni_norm
BRA.1.1_2,BRA.1_1,Acre,Acrelândia,Município,1200013,acrelandia
BRA.1.2_2,BRA.1_1,Acre,AssisBrasil,Município,1200054,assisbrasil
BRA.1.3_2,BRA.1_1,Acre,Brasiléia,Município,1200104,brasileia
BRA.1.4_2,BRA.1_1,Acre,Bujari,Município,1200138,bujari
BRA.1.5_2,BRA.1_1,Acre,Capixaba,Município,1200179,capixaba
BRA.1.6_2,BRA.1_1,Acre,CruzeirodoSul,Município,1200203,cruzeirodosul
BRA.1.7_2,BRA.1_1,Acre,Epitaciolândia,Município,1200252,epitaciolandia
BRA.1.8_2,BRA.1_1,Acre,Feijó,Município,1200302,feijo
BRA.1.9_2,BRA.1_1,Acre,Jordão,Município,1200328,jordao
BRA.1.10_2,BRA.1_1,Acre,MâncioLima,Município,1200336,manciolima
BRA.1.11_2,BRA.1_1,Acre,ManoelUrbano,Município,1200344,manoelurbano
BRA.1.12_2,BRA.1_1,Acre,MarechalThaumaturgo,Município,1200351,marechalthaumaturgo
BRA.1.13_2,BRA.1_1,Acre,PlácidodeCastro,Município,1200385,placidodecastro
BRA.1.14_2,BRA.1_1,Acre,PortoAcre,Município,1200807,portoacre
BRA.1.15_2,BRA.1_1,Acre,PortoWalter,Município,1200393,portowalter
BRA.1.16_2,BRA.1_1,Acre,RioBranco,Município,1200401,riobranco
BRA.1.17_2,BRA.1_1,Acre,RodriguesAlves,Município,1200427,rodriguesalves
BRA.1.18_2,BRA.1_1,Acre,SantaRosadoPurus,Município,1200435,santarosadopurus
BRA.1.19_2,BRA.1_1,Acre,SenaMadureira,Município,1200500,senamadureira
BRA.1.20_2,BRA.1_1,Acre,SenadorGuiomard,Município,1200450,senadorguiomard
BRA.1.21_2,BRA.1_1,Acre,Tarauacá,Município,1200609,tarauaca
BRA.1.22_2,BRA.1_1,Acre,Xapuri,Município,1200708,xapuri
BRA.2.1_2,BRA.2_1,Alagoas,ÁguaBranca,Município,2700102,aguabranca
BRA.2.2_2,BRA.2_1,Alagoas,Anadia,Município,2700201,anadia
BRA.2.3_2,BRA.2_1,Alagoas,Arapiraca,Município,2700300,arapiraca
BRA.2.4_2,BRA.2_1,Alagoas,Atalaia,Município,2700409,atalaia
BRA.2.5_2,BRA.2_1,Alagoas,BarradeSantoAntônio,Município,2700508,barradesantoantonio
BRA.2.6_2,BRA.2_1,Alagoas,BarradeSãoMiguel,Município,2700607,barradesaomiguel
BRA.2.7_2,BRA.2_1,Alagoas,Batalha,Município,2700706,batalha
BRA.2.8_2,BRA.2_1,Alagoas,Belém,Município,2700805,belem
BRA.2.9_2,BRA.2_1,Alagoas,BeloMonte,Município,2700904,belomonte
BRA.2.10_2,BRA.2_1,Alagoas,BocadaMata,Município,2701001,bocadamata
BRA.2.11_2,BRA.2_1,Alagoas,Branquinha,Município,2701100,branquinha
BRA.2.12_2,BRA.2_1,Alagoas,Cacimbinhas,Município,2701209,cacimbinhas
BRA.2.13_2,BRA.2_1,Alagoas,Cajueiro,Município,2701308,cajueiro
BRA.2.14_2,BRA.2_1,Alagoas,Campestre,Município,2701357,campestre
BRA.2.15_2,BRA.2_1,Alagoas,CampoAlegre,Município,2701407,campoalegre
BRA.2.16_2,BRA.2_1,Alagoas,CampoGrande,Município,2701506,campogrande
BRA.2.17_2,BRA.2_1,Alagoas,Canapi,Município,2701605,canapi
BRA.2.18_2,BRA.2_1,Alagoas,Capela,Município,2701704,capela
BRA.2.19_2,BRA.2_1,Alagoas,Carneiros,Município,2701803,carneiros
BRA.2.20_2,BRA.2_1,Alagoas,ChãPreta,Município,2701902,chapreta
BRA.2.21_2,BRA.2_1,Alagoas,CoitédoNóia,Município,2702009,coitedonoia
BRA.2.22_2,BRA.2_1,Alagoas,ColôniaLeopoldina,Município,2702108,colonialeopoldina
BRA.2.23_2,BRA.2_1,Alagoas,CoqueiroSeco,Município,2702207,coqueiroseco
BRA.2.24_2,BRA.2_1,Alagoas,Coruripe,Município,2702306,coruripe
BRA.2.25_2,BRA.2_1,Alagoas,Craíbas,Município,2702355,craibas
BRA.2.26_2,BRA.2_1,Alagoas,DelmiroGouveia,Município,2702405,delmirogouveia
BRA.2.27_2,BRA.2_1,Alagoas,DoisRiachos,Município,2702504,doisriachos
BRA.2.28_2,BRA.2_1,Alagoas,EstreladeAlagoas,Município,2702553,estreladealagoas
BRA.2.29_2,BRA.2_1,Alagoas,FeiraGrande,Município,2702603,feiragrande
BRA.2.30_2,BRA.2_1,Alagoas,FelizDeserto,Município,2702702,felizdeserto
BRA.2.31_2,BRA.2_1,Alagoas,Flexeiras,Município,2702801,flexeiras
BRA.2.32_2,BRA.2_1,Alagoas,GiraudoPonciano,Município,2702900,giraudoponciano
BRA.2.33_2,BRA.2_1,Alagoas,Ibateguara,Município,2703007,ibateguara
BRA.2.34_2,BRA.2_1,Alagoas,Igaci,Município,2703106,igaci
BRA.2.35_2,BRA.2_1,Alagoas,IgrejaNova,Município,2703205,igrejanova
BRA.2.36_2,BRA.2_1,Alagoas,Inhapi,Município,2703304,inhapi
BRA.2.37_2,BRA.2_1,Alagoas,JacarédosHomens,Município,2703403,jacaredoshomens
BRA.2.38_2,BRA.2_1,Alagoas,Jacuípe,Município,2703502,jacuipe
BRA.2.39_2,BRA.2_1,Alagoas,Japaratinga,Município,2703601,japaratinga
BRA.2.40_2,BRA.2_1,Alagoas,Jaramataia,Município,2703700,jaramataia
BRA.2.41_2,BRA.2_1,Alagoas,JequiádaPraia,Município,2703759,jequiadapraia
BRA.2.42_2,BRA.2_1,Alagoas,JoaquimGomes,Município,2703809,joaquimgomes
BRA.2.43_2,BRA.2_1,Alagoas,Jundiá,Município,2703908,jundia
BRA.2.44_2,BRA.2_1,Alagoas,Junqueiro,Município,2704005,junqueiro
BRA.2.45_2,BRA.2_1,Alagoas,LagoadaCanoa,Município,2704104,lagoadacanoa
BRA.2.46_2,BRA.2_1,Alagoas,LimoeirodeAnadia,Município,2704203,limoeirodeanadia
BRA.2.47_2,BRA.2_1,Alagoas,Maceió,Município,2704302,maceio
BRA.2.48_2,BRA.2_1,Alagoas,MajorIsidoro,Município,2704401,majorisidoro
BRA.2.49_2,BRA.2_1,Alagoas,MarVermelho,Município,2704906,marvermelho
BRA.2.50_2,BRA.2_1,Alagoas,Maragogi,Município,2704500,maragogi
BRA.2.51_2,BRA.2_1,Alagoas,Maravilha,Município,2704609,maravilha
BRA.2.52_2,BRA.2_1,Alagoas,MarechalDeodoro,Município,2704708,marechaldeodoro
BRA.2.53_2,BRA.2_1,Alagoas,Maribondo,Município,2704807,maribondo
BRA.2.54_2,BRA.2_1,Alagoas,MataGrande,Município,2705002,matagrande
BRA.2.55_2,BRA.2_1,Alagoas,MatrizdeCamaragibe,Município,2705101,matrizdecamaragibe
BRA.2.56_2,BRA.2_1,Alagoas,Messias,Município,2705200,messias
BRA.2.57_2,BRA.2_1,Alagoas,MinadordoNegrão,Município,2705309,minadordonegrao
BRA.2.58_2,BRA.2_1,Alagoas,Monteirópolis,Município,2705408,monteiropolis
BRA.2.59_2,BRA.2_1,Alagoas,Murici,Município,2705507,murici
BRA.2.60_2,BRA.2_1,Alagoas,NovoLino,Município,2705606,novolino
BRA.2.61_2,BRA.2_1,Alagoas,Olhod'ÁguadasFlores,Município,2705705,olhodaguadasflores
BRA.2.62_2,BRA.2_1,Alagoas,Olhod'ÁguadoCasado,Município,2705804,olhodaguadocasado
BRA.2.63_2,BRA.2_1,Alagoas,Olhod'ÁguaGrande,Município,2705903,olhodaguagrande
BRA.2.64_2,BRA.2_1,Alagoas,Olivença,Município,2706000,olivenca
BRA.2.65_2,BRA.2_1,Alagoas,OuroBranco,Município,2706109,ourobranco
BRA.2.66_2,BRA.2_1,Alagoas,Palestina,Município,2706208,palestina
BRA.2.67_2,BRA.2_1,Alagoas,PalmeiradosÍndios,Município,2706307,palmeiradosindios
BRA.2.68_2,BRA.2_1,Alagoas,PãodeAçúcar,Município,2706406,paodeacucar
BRA.2.69_2,BRA.2_1,Alagoas,Pariconha,Município,2706422,pariconha
BRA.2.70_2,BRA.2_1,Alagoas,Paripueira,Município,2706448,paripueira
BRA.2.71_2,BRA.2_1,Alagoas,PassodeCamaragibe,Município,2706505,passodecamaragibe
BRA.2.72_2,BRA.2_1,Alagoas,PauloJacinto,Município,2706604,paulojacinto
BRA.2.73_2,BRA.2_1,Alagoas,Penedo,Município,2706703,penedo
BRA.2.74_2,BRA.2_1,Alagoas,Piaçabuçu,Município,2706802,piacabucu
BRA.2.75_2,BRA.2_1,Alagoas,Pilar,Município,2706901,pilar
BRA.2.76_2,BRA.2_1,Alagoas,Pindoba,Município,2707008,pindoba
BRA.2.77_2,BRA.2_1,Alagoas,Piranhas,Município,2707107,piranhas
BRA.2.78_2,BRA.2_1,Alagoas,PoçodasTrincheiras,Município,2707206,pocodastrincheiras
BRA.2.79_2,BRA.2_1,Alagoas,PortoCalvo,Município,2707305,portocalvo
BRA.2.80_2,BRA.2_1,Alagoas,PortodePedras,Município,2707404,portodepedras
BRA.2.81_2,BRA.2_1,Alagoas,PortoRealdoColégio,Município,2707503,portorealdocolegio
BRA.2.82_2,BRA.2_1,Alagoas,Quebrangulo,Município,2707602,quebrangulo
BRA.2.83_2,BRA.2_1,Alagoas,RioLargo,Município,2707701,riolargo
BRA.2.84_2,BRA.2_1,Alagoas,Roteiro,Município,2707800,roteiro
BRA.2.85_2,BRA.2_1,Alagoas,SantaLuziadoNorte,Município,2707909,santaluziadonorte
BRA.2.86_2,BRA.2_1,Alagoas,SantanadoIpanema,Município,2708006,santanadoipanema
BRA.2.87_2,BRA.2_1,Alagoas,SantanadoMundaú,Município,2708105,santanadomundau
BRA.2.88_2,BRA.2_1,Alagoas,SãoBrás,Município,2708204,saobras
BRA.2.89_2,BRA.2_1,Alagoas,SãoJosédaLaje,Município,2708303,saojosedalaje
BRA.2.90_2,BRA.2_1,Alagoas,SãoJosédaTapera,Município,2708402,saojosedatapera
BRA.2.91_2,BRA.2_1,Alagoas,SãoLuísdoQuitunde,Município,2708501,saoluisdoquitunde
BRA.2.92_2,BRA.2_1,Alagoas,SãoMigueldosCampos,Município,2708600,saomigueldoscampos
BRA.2.93_2,BRA.2_1,Alagoas,SãoMigueldosMilagres,Município,2708709,saomigueldosmilagres
BRA.2.94_2,BRA.2_1,Alagoas,SãoSebastião,Município,2708808,saosebastiao
BRA.2.95_2,BRA.2_1,Alagoas,Satuba,Município,2708907,satuba
BRA.2.96_2,BRA.2_1,Alagoas,SenadorRuiPalmeira,Município,2708956,senadorruipalmeira
BRA.2.97_2,BRA.2_1,Alagoas,Tanqued'Arca,Município,2709004,tanquedarca
BRA.2.98_2,BRA.2_1,Alagoas,Taquarana,Município,2709103,taquarana
BRA.2.99_2,BRA.2_1,Alagoas,TeotônioVilela,Município,2709152,teotoniovilela
BRA.2.100_2,BRA.2_1,Alagoas,Traipu,Município,2709202,traipu
BRA.2.101_2,BRA.2_1,Alagoas,UniãodosPalmares,Município,2709301,uniaodospalmares
BRA.2.102_2,BRA.2_1,Alagoas,Viçosa,Município,2709400,vicosa
BRA.3.1_2,BRA.3_1,Amapá,Amapá,Município,1600105,amapa
BRA.3.2_2,BRA.3_1,Amapá,Calçoene,Município,1600204,calcoene
BRA.3.3_2,BRA.3_1,Amapá,Cutias,Município,1600212,cutias
BRA.3.4_2,BRA.3_1,Amapá,FerreiraGomes,Município,1600238,ferreiragomes
BRA.3.5_2,BRA.3_1,Amapá,Itaubal,Município,1600253,itaubal
BRA.3.6_2,BRA.3_1,Amapá,LaranjaldoJari,Município,1600279,laranjaldojari
BRA.3.7_2,BRA.3_1,Amapá,Macapá,Município,1600303,macapa
BRA.3.8_2,BRA.3_1,Amapá,Mazagão,Município,1600402,mazagao
BRA.3.9_2,BRA.3_1,Amapá,Oiapoque,Município,1600501,oiapoque
BRA.3.10_2,BRA.3_1,Amapá,PedraBrancadoAmapari,Município,1600154,pedrabrancadoamapari
BRA.3.11_2,BRA.3_1,Amapá,PortoGrande,Município,1600535,portogrande
BRA.3.12_2,BRA.3_1,Amapá,Pracuúba,Município,1600550,pracuuba
BRA.3.13_2,BRA.3_1,Amapá,Santana,Município,1600600,santana
BRA.3.14_2,BRA.3_1,Amapá,SerradoNavio,Município,1600055,serradonavio
BRA.3.15_2,BRA.3_1,Amapá,Tartarugalzinho,Município,1600709,tartarugalzinho
BRA.3.16_2,BRA.3_1,Amapá,VitóriadoJari,Município,1600808,vitoriadojari
BRA.4.1_2,BRA.4_1,Amazonas,Alvarães,Município,1300029,alvaraes
BRA.4.2_2,BRA.4_1,Amazonas,Amaturá,Município,1300060,amatura
BRA.4.3_2,BRA.4_1,Amazonas,Anamã,Município,1300086,anama
BRA.4.4_2,BRA.4_1,Amazonas,Anori,Município,1300102,anori
BRA.4.5_2,BRA.4_1,Amazonas,Apuí,Município,1300144,apui
BRA.4.6_2,BRA.4_1,Amazonas,AtalaiadoNorte,Município,1300201,atalaiadonorte
BRA.4.7_2,BRA.4_1,Amazonas,Autazes,Município,1300300,autazes
BRA.4.8_2,BRA.4_1,Amazonas,Barcelos,Município,1300409,barcelos
BRA.4.9_2,BRA.4_1,Amazonas,Barreirinha,Município,1300508,barreirinha
BRA.4.10_2,BRA.4_1,Amazonas,BenjaminConstant,Município,1300607,benjaminconstant
BRA.4.11_2,BRA.4_1,Amazonas,Beruri,Município,1300631,beruri
BRA.4.12_2,BRA.4_1,Amazonas,BoaVistadoRamos,Município,1300680,boavistadoramos
BRA.4.13_2,BRA.4_1,Amazonas,BocadoAcre,Município,1300706,bocadoacre
BRA.4.14_2,BRA.4_1,Amazonas,Borba,Município,1300805,borba
BRA.4.15_2,BRA.4_1,Amazonas,Caapiranga,Município,1300839,caapiranga
BRA.4.16_2,BRA.4_1,Amazonas,Canutama,Município,1300904,canutama
BRA.4.17_2,BRA.4_1,Amazonas,Carauari,Município,1301001,carauari
BRA.4.18_2,BRA.4_1,Amazonas,Careiro,Município,1301100,careiro
BRA.4.19_2,BRA.4_1,Amazonas,CareirodaVárzea,Município,1301159,careirodavarzea
BRA.4.20_2,BRA.4_1,Amazonas,Coari,Município,1301209,coari
BRA.4.21_2,BRA.4_1,Amazonas,Codajás,Município,1301308,codajas
BRA.4.22_2,BRA.4_1,Amazonas,Eirunepé,Município,1301407,eirunepe
BRA.4.23_2,BRA.4_1,Amazonas,Envira,Município,1301506,envira
BRA.4.24_2,BRA.4_1,Amazonas,FonteBoa,Município,1301605,fonteboa
BRA.4.25_2,BRA.4_1,Amazonas,Guajará,Município,1301654,guajara
BRA.4.26_2,BRA.4_1,Amazonas,Humaitá,Município,1301704,humaita
BRA.4.27_2,BRA.4_1,Amazonas,Ipixuna,Município,1301803,ipixuna
BRA.4.28_2,BRA.4_1,Amazonas,Iranduba,Município,1301852,iranduba
BRA.4.29_2,BRA.4_1,Amazonas,Itacoatiara,Município,1301902,itacoatiara
BRA.4.30_2,BRA.4_1,Amazonas,Itamarati,Município,1301951,itamarati
BRA.4.31_2,BRA.4_1,Amazonas,Itapiranga,Município,1302009,itapiranga
BRA.4.32_2,BRA.4_1,Amazonas,Japurá,Município,1302108,japura
BRA.4.33_2,BRA.4_1,Amazonas,Juruá,Município,1302207,jurua
BRA.4.34_2,BRA.4_1,Amazonas,Jutaí,Município,1302306,jutai
BRA.4.35_2,BRA.4_1,Amazonas,Lábrea,Município,1302405,labrea
BRA.4.36_2,BRA.4_1,Amazonas,Manacapuru,Município,1302504,manacapuru
BRA.4.37_2,BRA.4_1,Amazonas,Manaquiri,Município,1302553,manaquiri
BRA.4.38_2,BRA.4_1,Amazonas,Manaus,Município,1302603,manaus
BRA.4.39_2,BRA.4_1,Amazonas,Manicoré,Município,1302702,manicore
BRA.4.40_2,BRA.4_1,Amazonas,Maraã,Município,1302801,maraa
BRA.4.41_2,BRA.4_1,Amazonas,Maués,Município,1302900,maues
BRA.4.42_2,BRA.4_1,Amazonas,Nhamundá,Município,1303007,nhamunda
BRA.4.43_2,BRA.4_1,Amazonas,NovaOlindadoNorte,Município,1303106,novaolindadonorte
BRA.4.44_2,BRA.4_1,Amazonas,NovoAirão,Município,1303205,novoairao
BRA.4.45_2,BRA.4_1,Amazonas,NovoAripuanã,Município,1303304,novoaripuana
BRA.4.46_2,BRA.4_1,Amazonas,Parintins,Município,1303403,parintins
BRA.4.47_2,BRA.4_1,Amazonas,Pauini,Município,1303502,pauini
BRA.4.48_2,BRA.4_1,Amazonas,PresidenteFigueiredo,Município,1303536,presidentefigueiredo
BRA.4.49_2,BRA.4_1,Amazonas,RioPretodaEva,Município,1303569,riopretodaeva
BRA.4.50_2,BRA.4_1,Amazonas,SantaIsabeldoRioNegro,Município,1303601,santaisabeldorionegro
BRA.4.51_2,BRA.4_1,Amazonas,SantoAntôniodoIçá,Município,1303700,santoantoniodoica
BRA.4.52_2,BRA.4_1,Amazonas,SãoGabrieldaCachoeira,Município,1303809,saogabrieldacachoeira
BRA.4.53_2,BRA.4_1,Amazonas,SãoPaulodeOlivença,Município,1303908,saopaulodeolivenca
BRA.4.54_2,BRA.4_1,Amazonas,SãoSebastiãodoUatumã,Município,1303957,saosebastiaodouatuma
BRA.4.55_2,BRA.4_1,Amazonas,Silves,Município,1304005,silves
BRA.4.56_2,BRA.4_1,Amazonas,Tabatinga,Município,1304062,tabatinga
BRA.4.57_2,BRA.4_1,Amazonas,Tapauá,Município,1304104,tapaua
BRA.4.58_2,BRA.4_1,Amazonas,Tefé,Município,1304203,tefe
BRA.4.59_2,BRA.4_1,Amazonas,Tonantins,Município,1304237,tonantins
BRA.4.60_2,BRA.4_1,Amazonas,Uarini,Município,1304260,uarini
BRA.4.61_2,BRA.4_1,Amazonas,Urucará,Município,1304302,urucara
BRA.4.62_2,BRA.4_1,Amazonas,Urucurituba,Município,1304401,urucurituba
BRA.5.1_2,BRA.5_1,Bahia,Abaíra,Município,2900108,abaira
BRA.5.2_2,BRA.5_1,Bahia,Abaré,Município,2900207,abare
BRA.5.3_2,BRA.5_1,Bahia,Acajutiba,Município,2900306,acajutiba
BRA.5.4_2,BRA.5_1,Bahia,Adustina,Município,2900355,adustina
BRA.5.5_2,BRA.5_1,Bahia,ÁguaFria,Município,2900405,aguafria
BRA.5.6_2,BRA.5_1,Bahia,Aiquara,Município,2900603,aiquara
BRA.5.7_2,BRA.5_1,Bahia,Alagoinhas,Município,2900702,alagoinhas
BRA.5.8_2,BRA.5_1,Bahia,Alcobaça,Município,2900801,alcobaca
BRA.5.9_2,BRA.5_1,Bahia,Almadina,Município,2900900,almadina
BRA.5.10_2,BRA.5_1,Bahia,Amargosa,Município,2901007,amargosa
BRA.5.11_2,BRA.5_1,Bahia,AméliaRodrigues,Município,2901106,ameliarodrigues
BRA.5.12_2,BRA.5_1,Bahia,AméricaDourada,Município,2901155,americadourada
BRA.5.13_2,BRA.5_1,Bahia,Anagé,Município,2901205,anage
BRA.5.14_2,BRA.5_1,Bahia,Andaraí,Município,2901304,andarai
BRA.5.15_2,BRA.5_1,Bahia,Andorinha,Município,2901353,andorinha
BRA.5.16_2,BRA.5_1,Bahia,Angical,Município,2901403,angical
BRA.5.17_2,BRA.5_1,Bahia,Anguera,Município,2901502,anguera
BRA.5.18_2,BRA.5_1,Bahia,Antas,Município,2901601,antas
BRA.5.19_2,BRA.5_1,Bahia,AntônioCardoso,Município,2901700,antoniocardoso
BRA.5.20_2,BRA.5_1,Bahia,AntônioGonçalves,Município,2901809,antoniogoncalves
BRA.5.21_2,BRA.5_1,Bahia,Aporá,Município,2901908,apora
BRA.5.22_2,BRA.5_1,Bahia,Apuarema,Município,2901957,apuarema
BRA.5.23_2,BRA.5_1,Bahia,Araçás,Município,2902054,aracas
BRA.5.24_2,BRA.5_1,Bahia,Aracatu,Município,2902005,aracatu
BRA.5.25_2,BRA.5_1,Bahia,Araci,Município,2902104,araci
BRA.5.26_2,BRA.5_1,Bahia,Aramari,Município,2902203,aramari
BRA.5.27_2,BRA.5_1,Bahia,Arataca,Município,2902252,arataca
BRA.5.28_2,BRA.5_1,Bahia,Aratuípe,Município,2902302,aratuipe
BRA.5.29_2,BRA.5_1,Bahia,AurelinoLeal,Município,2902401,aurelinoleal
BRA.5.30_2,BRA.5_1,Bahia,Baianópolis,Município,2902500,baianopolis
BRA.5.31_2,BRA.5_1,Bahia,BaixaGrande,Município,2902609,baixagrande
BRA.5.32_2,BRA.5_1,Bahia,Banzaê,Município,2902658,banzae
BRA.5.33_2,BRA.5_1,Bahia,Barra,Município,2902708,barra
BRA.5.34_2,BRA.5_1,Bahia,BarradaEstiva,Município,2902807,barradaestiva
BRA.5.35_2,BRA.5_1,Bahia,BarradoChoça,Município,2902906,barradochoca
BRA.5.36_2,BRA.5_1,Bahia,BarradoMendes,Município,2903003,barradomendes
BRA.5.37_2,BRA.5_1,Bahia,BarradoRocha,Município,2903102,barradorocha
BRA.5.38_2,BRA.5_1,Bahia,Barreiras,Município,2903201,barreiras
BRA.5.39_2,BRA.5_1,Bahia,BarroAlto,Município,2903235,barroalto
BRA.5.40_2,BRA.5_1,Bahia,BarroPreto,Município,2903300,barropreto
BRA.5.41_2,BRA.5_1,Bahia,Barrocas,Município,2903276,barrocas
BRA.5.42_2,BRA.5_1,Bahia,Belmonte,Município,2903409,belmonte
BRA.5.43_2,BRA.5_1,Bahia,BeloCampo,Município,2903508,belocampo
BRA.5.44_2,BRA.5_1,Bahia,Biritinga,Município,2903607,biritinga
BRA.5.45_2,BRA.5_1,Bahia,BoaNova,Município,2903706,boanova
BRA.5.46_2,BRA.5_1,Bahia,BoaVistadoTupim,Município,2903805,boavistadotupim
BRA.5.47_2,BRA.5_1,Bahia,BomJesusdaLapa,Município,2903904,bomjesusdalapa
BRA.5.48_2,BRA.5_1,Bahia,BomJesusdaSerra,Município,2903953,bomjesusdaserra
BRA.5.49_2,BRA.5_1,Bahia,Boninal,Município,2904001,boninal
BRA.5.50_2,BRA.5_1,Bahia,Bonito,Município,2904050,bonito
BRA.5.51_2,BRA.5_1,Bahia,Boquira,Município,2904100,boquira
BRA.5.52_2,BRA.5_1,Bahia,Botuporã,Município,2904209,botupora
BRA.5.53_2,BRA.5_1,Bahia,Brejões,Município,2904308,brejoes
BRA.5.54_2,BRA.5_1,Bahia,Brejolândia,Município,2904407,brejolandia
BRA.5.55_2,BRA.5_1,Bahia,BrotasdeMacaúbas,Município,2904506,brotasdemacaubas
BRA.5.56_2,BRA.5_1,Bahia,Brumado,Município,2904605,brumado
BRA.5.57_2,BRA.5_1,Bahia,Buerarema,Município,2904704,buerarema
BRA.5.58_2,BRA.5_1,Bahia,Buritirama,Município,2904753,buritirama
BRA.5.59_2,BRA.5_1,Bahia,Caatiba,Município,2904803,caatiba
BRA.5.60_2,BRA.5_1,Bahia,CabaceirasdoParaguaçu,Município,2904852,cabaceirasdoparaguacu
BRA.5.61_2,BRA.5_1,Bahia,Cachoeira,Município,2904902,cachoeira
BRA.5.62_2,BRA.5_1,Bahia,Caculé,Município,2905008,cacule
BRA.5.63_2,BRA.5_1,Bahia,Caém,Município,2905107,caem
BRA.5.64_2,BRA.5_1,Bahia,Caetanos,Município,2905156,caetanos
BRA.5.65_2,BRA.5_1,Bahia,Caetité,Município,2905206,caetite
BRA.5.66_2,BRA.5_1,Bahia,Cafarnaum,Município,2905305,cafarnaum
BRA.5.67_2,BRA.5_1,Bahia,Cairu,Município,2905404,cairu
BRA.5.68_2,BRA.5_1,Bahia,CaldeirãoGrande,Município,2905503,caldeiraogrande
BRA.5.69_2,BRA.5_1,Bahia,Camacan,Município,2905602,camacan
BRA.5.70_2,BRA.5_1,Bahia,Camaçari,Município,2905701,camacari
BRA.5.71_2,BRA.5_1,Bahia,Camamu,Município,2905800,camamu
BRA.5.72_2,BRA.5_1,Bahia,CampoAlegredeLourdes,Município,2905909,campoalegredelourdes
BRA.5.73_2,BRA.5_1,Bahia,CampoFormoso,Município,2906006,campoformoso
BRA.5.74_2,BRA.5_1,Bahia,Canápolis,Município,2906105,canapolis
BRA.5.75_2,BRA.5_1,Bahia,Canarana,Município,2906204,canarana
BRA.5.76_2,BRA.5_1,Bahia,Canavieiras,Município,2906303,canavieiras
BRA.5.77_2,BRA.5_1,Bahia,Candeal,Município,2906402,candeal
BRA.5.78_2,BRA.5_1,Bahia,Candeias,Município,2906501,candeias
BRA.5.79_2,BRA.5_1,Bahia,Candiba,Município,2906600,candiba
BRA.5.80_2,BRA.5_1,Bahia,CândidoSales,Município,2906709,candidosales
BRA.5.81_2,BRA.5_1,Bahia,Cansanção,Município,2906808,cansancao
BRA.5.82_2,BRA.5_1,Bahia,Canudos,Município,2906824,canudos
BRA.5.83_2,BRA.5_1,Bahia,CapeladoAltoAlegre,Município,2906857,capeladoaltoalegre
BRA.5.84_2,BRA.5_1,Bahia,CapimGrosso,Município,2906873,capimgrosso
BRA.5.85_2,BRA.5_1,Bahia,Caraíbas,Município,2906899,caraibas
BRA.5.86_2,BRA.5_1,Bahia,Caravelas,Município,2906907,caravelas
BRA.5.87_2,BRA.5_1,Bahia,CardealdaSilva,Município,2907004,cardealdasilva
BRA.5.88_2,BRA.5_1,Bahia,Carinhanha,Município,2907103,carinhanha
BRA.5.89_2,BRA.5_1,Bahia,CasaNova,Município,2907202,casanova
BRA.5.90_2,BRA.5_1,Bahia,CastroAlves,Município,2907301,castroalves
BRA.5.91_2,BRA.5_1,Bahia,Catolândia,Município,2907400,catolandia
BRA.5.92_2,BRA.5_1,Bahia,Catu,Município,2907509,catu
BRA.5.93_2,BRA.5_1,Bahia,Caturama,Município,2907558,caturama
BRA.5.94_2,BRA.5_1,Bahia,Central,Município,2907608,central
BRA.5.95_2,BRA.5_1,Bahia,Chorrochó,Município,2907707,chorrocho
BRA.5.96_2,BRA.5_1,Bahia,CíceroDantas,Município,2907806,cicerodantas
BRA.5.97_2,BRA.5_1,Bahia,Cipó,Município,2907905,cipo
BRA.5.98_2,BRA.5_1,Bahia,Coaraci,Município,2908002,coaraci
BRA.5.99_2,BRA.5_1,Bahia,Cocos,Município,2908101,cocos
BRA.5.100_2,BRA.5_1,Bahia,ConceiçãodaFeira,Município,2908200,conceicaodafeira
BRA.5.101_2,BRA.5_1,Bahia,ConceiçãodoAlmeida,Município,2908309,conceicaodoalmeida
BRA.5.102_2,BRA.5_1,Bahia,ConceiçãodoCoité,Município,2908408,conceicaodocoite
BRA.5.103_2,BRA.5_1,Bahia,ConceiçãodoJacuípe,Município,2908507,conceicaodojacuipe
BRA.5.104_2,BRA.5_1,Bahia,Conde,Município,2908606,conde
BRA.5.105_2,BRA.5_1,Bahia,Condeúba,Município,2908705,condeuba
BRA.5.106_2,BRA.5_1,Bahia,ContendasdoSincorá,Município,2908804,contendasdosincora
BRA.5.107_2,BRA.5_1,Bahia,CoraçãodeMaria,Município,2908903,coracaodemaria
BRA.5.108_2,BRA.5_1,Bahia,Cordeiros,Município,2909000,cordeiros
BRA.5.109_2,BRA.5_1,Bahia,Coribe,Município,2909109,coribe
BRA.5.110_2,BRA.5_1,Bahia,CoronelJoãoSá,Município,2909208,coroneljoaosa
BRA.5.111_2,BRA.5_1,Bahia,Correntina,Município,2909307,correntina
BRA.5.112_2,BRA.5_1,Bahia,Cotegipe,Município,2909406,cotegipe
BRA.5.113_2,BRA.5_1,Bahia,Cravolândia,Município,2909505,cravolandia
BRA.5.114_2,BRA.5_1,Bahia,Crisópolis,Município,2909604,crisopolis
BRA.5.115_2,BRA.5_1,Bahia,Cristópolis,Município,2909703,cristopolis
BRA.5.116_2,BRA.5_1,Bahia,CruzdasAlmas,Município,2909802,cruzdasalmas
BRA.5.117_2,BRA.5_1,Bahia,Curaçá,Município,2909901,curaca
BRA.5.118_2,BRA.5_1,Bahia,DárioMeira,Município,2910008,dariomeira
BRA.5.119_2,BRA.5_1,Bahia,Diasd'Ávila,Município,2910057,diasdavila
BRA.5.120_2,BRA.5_1,Bahia,DomBasílio,Município,2910107,dombasilio
BRA.5.121_2,BRA.5_1,Bahia,DomMacedoCosta,Município,2910206,dommacedocosta
BRA.5.122_2,BRA.5_1,Bahia,ElísioMedrado,Município,2910305,elisiomedrado
BRA.5.123_2,BRA.5_1,Bahia,Encruzilhada,Município,2910404,encruzilhada
BRA.5.124_2,BRA.5_1,Bahia,EntreRios,Município,2910503,entrerios
BRA.5.125_2,BRA.5_1,Bahia,ÉricoCardoso,Município,2900504,ericocardoso
BRA.5.126_2,BRA.5_1,Bahia,Esplanada,Município,2910602,esplanada
BRA.5.127_2,BRA.5_1,Bahia,EuclidesdaCunha,Município,2910701,euclidesdacunha
BRA.5.128_2,BRA.5_1,Bahia,Eunápolis,Município,2910727,eunapolis
BRA.5.129_2,BRA.5_1,Bahia,Fátima,Município,2910750,fatima
BRA.5.130_2,BRA.5_1,Bahia,FeiradaMata,Município,2910776,feiradamata
BRA.5.131_2,BRA.5_1,Bahia,FeiradeSantana,Município,2910800,feiradesantana
BRA.5.132_2,BRA.5_1,Bahia,Filadélfia,Município,2910859,filadelfia
BRA.5.133_2,BRA.5_1,Bahia,FirminoAlves,Município,2910909,firminoalves
BRA.5.134_2,BRA.5_1,Bahia,FlorestaAzul,Município,2911006,florestaazul
BRA.5.135_2,BRA.5_1,Bahia,FormosadoRioPreto,Município,2911105,formosadoriopreto
BRA.5.136_2,BRA.5_1,Bahia,Gandu,Município,2911204,gandu
BRA.5.137_2,BRA.5_1,Bahia,Gavião,Município,2911253,gaviao
BRA.5.138_2,BRA.5_1,Bahia,GentiodoOuro,Município,2911303,gentiodoouro
BRA.5.139_2,BRA.5_1,Bahia,Glória,Município,2911402,gloria
BRA.5.140_2,BRA.5_1,Bahia,Gongogi,Município,2911501,gongogi
BRA.5.141_2,BRA.5_1,Bahia,GovernadorMangabeira,Município,2911600,governadormangabeira
BRA.5.142_2,BRA.5_1,Bahia,Guajeru,Município,2911659,guajeru
BRA.5.143_2,BRA.5_1,Bahia,Guanambi,Município,2911709,guanambi
BRA.5.144_2,BRA.5_1,Bahia,Guaratinga,Município,2911808,guaratinga
BRA.5.145_2,BRA.5_1,Bahia,Heliópolis,Município,2911857,heliopolis
BRA.5.146_2,BRA.5_1,Bahia,Iaçu,Município,2911907,iacu
BRA.5.147_2,BRA.5_1,Bahia,Ibiassucê,Município,2912004,ibiassuce
BRA.5.148_2,BRA.5_1,Bahia,Ibicaraí,Município,2912103,ibicarai
BRA.5.149_2,BRA.5_1,Bahia,Ibicoara,Município,2912202,ibicoara
BRA.5.150_2,BRA.5_1,Bahia,Ibicuí,Município,2912301,ibicui
BRA.5.151_2,BRA.5_1,Bahia,Ibipeba,Município,2912400,ibipeba
BRA.5.152_2,BRA.5_1,Bahia,Ibipitanga,Município,2912509,ibipitanga
BRA.5.153_2,BRA.5_1,Bahia,Ibiquera,Município,2912608,ibiquera
BRA.5.154_2,BRA.5_1,Bahia,Ibirapitanga,Município,2912707,ibirapitanga
BRA.5.155_2,BRA.5_1,Bahia,Ibirapuã,Município,2912806,ibirapua
BRA.5.156_2,BRA.5_1,Bahia,Ibirataia,Município,2912905,ibirataia
BRA.5.157_2,BRA.5_1,Bahia,Ibitiara,Município,2913002,ibitiara
BRA.5.158_2,BRA.5_1,Bahia,Ibititá,Município,2913101,ibitita
BRA.5.159_2,BRA.5_1,Bahia,Ibotirama,Município,2913200,ibotirama
BRA.5.160_2,BRA.5_1,Bahia,Ichu,Município,2913309,ichu
BRA.5.161_2,BRA.5_1,Bahia,Igaporã,Município,2913408,igapora
BRA.5.162_2,BRA.5_1,Bahia,Igrapiúna,Município,2913457,igrapiuna
BRA.5.163_2,BRA.5_1,Bahia,Iguaí,Município,2913507,iguai
BRA.5.164_2,BRA.5_1,Bahia,Ilhéus,Município,2913606,ilheus
BRA.5.165_2,BRA.5_1,Bahia,Inhambupe,Município,2913705,inhambupe
BRA.5.166_2,BRA.5_1,Bahia,Ipecaetá,Município,2913804,ipecaeta
BRA.5.167_2,BRA.5_1,Bahia,Ipiaú,Município,2913903,ipiau
BRA.5.168_2,BRA.5_1,Bahia,Ipirá,Município,2914000,ipira
BRA.5.169_2,BRA.5_1,Bahia,Ipupiara,Município,2914109,ipupiara
BRA.5.170_2,BRA.5_1,Bahia,Irajuba,Município,2914208,irajuba
BRA.5.171_2,BRA.5_1,Bahia,Iramaia,Município,2914307,iramaia
BRA.5.172_2,BRA.5_1,Bahia,Iraquara,Município,2914406,iraquara
BRA.5.173_2,BRA.5_1,Bahia,Irará,Município,2914505,irara
BRA.5.174_2,BRA.5_1,Bahia,Irecê,Município,2914604,irece
BRA.5.175_2,BRA.5_1,Bahia,Itabela,Município,2914653,itabela
BRA.5.176_2,BRA.5_1,Bahia,Itaberaba,Município,2914703,itaberaba
BRA.5.177_2,BRA.5_1,Bahia,Itabuna,Município,2914802,itabuna
BRA.5.178_2,BRA.5_1,Bahia,Itacaré,Município,2914901,itacare
BRA.5.179_2,BRA.5_1,Bahia,Itaeté,Município,2915007,itaete
BRA.5.180_2,BRA.5_1,Bahia,Itagi,Município,2915106,itagi
BRA.5.181_2,BRA.5_1,Bahia,Itagibá,Município,2915205,itagiba
BRA.5.182_2,BRA.5_1,Bahia,Itagimirim,Município,2915304,itagimirim
BRA.5.183_2,BRA.5_1,Bahia,ItaguaçudaBahia,Município,2915353,itaguacudabahia
BRA.5.184_2,BRA.5_1,Bahia,ItajudoColônia,Município,2915403,itajudocolonia
BRA.5.185_2,BRA.5_1,Bahia,Itajuípe,Município,2915502,itajuipe
BRA.5.186_2,BRA.5_1,Bahia,Itamaraju,Município,2915601,itamaraju
BRA.5.187_2,BRA.5_1,Bahia,Itamari,Município,2915700,itamari
BRA.5.188_2,BRA.5_1,Bahia,Itambé,Município,2915809,itambe
BRA.5.189_2,BRA.5_1,Bahia,Itanagra,Município,2915908,itanagra
BRA.5.190_2,BRA.5_1,Bahia,Itanhém,Município,2916005,itanhem
BRA.5.191_2,BRA.5_1,Bahia,Itaparica,Município,2916104,itaparica
BRA.5.192_2,BRA.5_1,Bahia,Itapé,Município,2916203,itape
BRA.5.193_2,BRA.5_1,Bahia,Itapebi,Município,2916302,itapebi
BRA.5.194_2,BRA.5_1,Bahia,Itapetinga,Município,2916401,itapetinga
BRA.5.195_2,BRA.5_1,Bahia,Itapicuru,Município,2916500,itapicuru
BRA.5.196_2,BRA.5_1,Bahia,Itapitanga,Município,2916609,itapitanga
BRA.5.197_2,BRA.5_1,Bahia,Itaquara,Município,2916708,itaquara
BRA.5.198_2,BRA.5_1,Bahia,Itarantim,Município,2916807,itarantim
BRA.5.199_2,BRA.5_1,Bahia,Itatim,Município,2916856,itatim
BRA.5.200_2,BRA.5_1,Bahia,Itiruçu,Município,2916906,itirucu
BRA.5.201_2,BRA.5_1,Bahia,Itiúba,Município,2917003,itiuba
BRA.5.202_2,BRA.5_1,Bahia,Itororó,Município,2917102,itororo
BRA.5.203_2,BRA.5_1,Bahia,Ituaçu,Município,2917201,ituacu
BRA.5.204_2,BRA.5_1,Bahia,Ituberá,Município,2917300,itubera
BRA.5.205_2,BRA.5_1,Bahia,Iuiu,Município,2917334,iuiu
BRA.5.206_2,BRA.5_1,Bahia,Jaborandi,Município,2917359,jaborandi
BRA.5.207_2,BRA.5_1,Bahia,Jacaraci,Município,2917409,jacaraci
BRA.5.208_2,BRA.5_1,Bahia,Jacobina,Município,2917508,jacobina
BRA.5.209_2,BRA.5_1,Bahia,Jaguaquara,Município,2917607,jaguaquara
BRA.5.210_2,BRA.5_1,Bahia,Jaguarari,Município,2917706,jaguarari
BRA.5.211_2,BRA.5_1,Bahia,Jaguaripe,Município,2917805,jaguaripe
BRA.5.212_2,BRA.5_1,Bahia,Jandaíra,Município,2917904,jandaira
BRA.5.213_2,BRA.5_1,Bahia,Jequié,Município,2918001,jequie
BRA.5.214_2,BRA.5_1,Bahia,Jeremoabo,Município,2918100,jeremoabo
BRA.5.215_2,BRA.5_1,Bahia,Jiquiriçá,Município,2918209,jiquirica
BRA.5.216_2,BRA.5_1,Bahia,Jitaúna,Município,2918308,jitauna
BRA.5.217_2,BRA.5_1,Bahia,JoãoDourado,Município,2918357,joaodourado
BRA.5.218_2,BRA.5_1,Bahia,Juazeiro,Município,2918407,juazeiro
BRA.5.219_2,BRA.5_1,Bahia,Jucuruçu,Município,2918456,jucurucu
BRA.5.220_2,BRA.5_1,Bahia,Jussara,Município,2918506,jussara
BRA.5.221_2,BRA.5_1,Bahia,Jussari,Município,2918555,jussari
BRA.5.222_2,BRA.5_1,Bahia,Jussiape,Município,2918605,jussiape
BRA.5.223_2,BRA.5_1,Bahia,LafaieteCoutinho,Município,2918704,lafaietecoutinho
BRA.5.224_2,BRA.5_1,Bahia,LagoaReal,Município,2918753,lagoareal
BRA.5.225_2,BRA.5_1,Bahia,Laje,Município,2918803,laje
BRA.5.226_2,BRA.5_1,Bahia,Lajedão,Município,2918902,lajedao
BRA.5.227_2,BRA.5_1,Bahia,Lajedinho,Município,2919009,lajedinho
BRA.5.228_2,BRA.5_1,Bahia,LajedodoTabocal,Município,2919058,lajedodotabocal
BRA.5.229_2,BRA.5_1,Bahia,Lamarão,Município,2919108,lamarao
BRA.5.230_2,BRA.5_1,Bahia,Lapão,Município,2919157,lapao
BRA.5.231_2,BRA.5_1,Bahia,LaurodeFreitas,Município,2919207,laurodefreitas
BRA.5.232_2,BRA.5_1,Bahia,Lençóis,Município,2919306,lencois
BRA.5.233_2,BRA.5_1,Bahia,LicíniodeAlmeida,Município,2919405,liciniodealmeida
BRA.5.234_2,BRA.5_1,Bahia,LivramentodeNossaSenhora,Município,2919504,livramentodenossasenhora
BRA.5.235_2,BRA.5_1,Bahia,LuísEduardoMagalhães,Município,2919553,luiseduardomagalhaes
BRA.5.236_2,BRA.5_1,Bahia,Macajuba,Município,2919603,macajuba
BRA.5.237_2,BRA.5_1,Bahia,Macarani,Município,2919702,macarani
BRA.5.238_2,BRA.5_1,Bahia,Macaúbas,Município,2919801,macaubas
BRA.5.239_2,BRA.5_1,Bahia,Macururé,Município,2919900,macurure
BRA.5.240_2,BRA.5_1,Bahia,MadredeDeus,Município,2919926,madrededeus
BRA.5.241_2,BRA.5_1,Bahia,Maetinga,Município,2919959,maetinga
BRA.5.242_2,BRA.5_1,Bahia,Maiquinique,Município,2920007,maiquinique
BRA.5.243_2,BRA.5_1,Bahia,Mairi,Município,2920106,mairi
BRA.5.244_2,BRA.5_1,Bahia,Malhada,Município,2920205,malhada
BRA.5.245_2,BRA.5_1,Bahia,MalhadadePedras,Município,2920304,malhadadepedras
BRA.5.246_2,BRA.5_1,Bahia,ManoelVitorino,Município,2920403,manoelvitorino
BRA.5.247_2,BRA.5_1,Bahia,Mansidão,Município,2920452,mansidao
BRA.5.248_2,BRA.5_1,Bahia,Maracás,Município,2920502,maracas
BRA.5.249_2,BRA.5_1,Bahia,Maragogipe,Município,2920601,maragogipe
BRA.5.250_2,BRA.5_1,Bahia,Maraú,Município,2920700,marau
BRA.5.251_2,BRA.5_1,Bahia,MarcionílioSouza,Município,2920809,marcioniliosouza
BRA.5.252_2,BRA.5_1,Bahia,Mascote,Município,2920908,mascote
BRA.5.253_2,BRA.5_1,Bahia,MatadeSãoJoão,Município,2921005,matadesaojoao
BRA.5.254_2,BRA.5_1,Bahia,Matina,Município,2921054,matina
BRA.5.255_2,BRA.5_1,Bahia,MedeirosNeto,Município,2921104,medeirosneto
BRA.5.256_2,BRA.5_1,Bahia,MiguelCalmon,Município,2921203,miguelcalmon
BRA.5.257_2,BRA.5_1,Bahia,Milagres,Município,2921302,milagres
BRA.5.258_2,BRA.5_1,Bahia,Mirangaba,Município,2921401,mirangaba
BRA.5.259_2,BRA.5_1,Bahia,Mirante,Município,2921450,mirante
BRA.5.260_2,BRA.5_1,Bahia,MonteSanto,Município,2921500,montesanto
BRA.5.261_2,BRA.5_1,Bahia,Morpará,Município,2921609,morpara
BRA.5.262_2,BRA.5_1,Bahia,MorrodoChapéu,Município,2921708,morrodochapeu
BRA.5.263_2,BRA.5_1,Bahia,Mortugaba,Município,2921807,mortugaba
BRA.5.264_2,BRA.5_1,Bahia,Mucugê,Município,2921906,mucuge
BRA.5.265_2,BRA.5_1,Bahia,Mucuri,Município,2922003,mucuri
BRA.5.266_2,BRA.5_1,Bahia,MulungudoMorro,Município,2922052,mulungudomorro
BRA.5.267_2,BRA.5_1,Bahia,MundoNovo,Município,2922102,mundonovo
BRA.5.268_2,BRA.5_1,Bahia,MunizFerreira,Município,2922201,munizferreira
BRA.5.269_2,BRA.5_1,Bahia,MuquémdoSãoFrancisco,Município,2922250,muquemdosaofrancisco
BRA.5.270_2,BRA.5_1,Bahia,Muritiba,Município,2922300,muritiba
BRA.5.271_2,BRA.5_1,Bahia,Mutuípe,Município,2922409,mutuipe
BRA.5.272_2,BRA.5_1,Bahia,Nazaré,Município,2922508,nazare
BRA.5.273_2,BRA.5_1,Bahia,NiloPeçanha,Município,2922607,nilopecanha
BRA.5.274_2,BRA.5_1,Bahia,Nordestina,Município,2922656,nordestina
BRA.5.275_2,BRA.5_1,Bahia,NovaCanaã,Município,2922706,novacanaa
BRA.5.276_2,BRA.5_1,Bahia,NovaFátima,Município,2922730,novafatima
BRA.5.277_2,BRA.5_1,Bahia,NovaIbiá,Município,2922755,novaibia
BRA.5.278_2,BRA.5_1,Bahia,NovaItarana,Município,2922805,novaitarana
BRA.5.279_2,BRA.5_1,Bahia,NovaRedenção,Município,2922854,novaredencao
BRA.5.280_2,BRA.5_1,Bahia,NovaSoure,Município,2922904,novasoure
BRA.5.281_2,BRA.5_1,Bahia,NovaViçosa,Município,2923001,novavicosa
BRA.5.282_2,BRA.5_1,Bahia,NovoHorizonte,Município,2923035,novohorizonte
BRA.5.283_2,BRA.5_1,Bahia,NovoTriunfo,Município,2923050,novotriunfo
BRA.5.284_2,BRA.5_1,Bahia,Olindina,Município,2923100,olindina
BRA.5.285_2,BRA.5_1,Bahia,OliveiradosBrejinhos,Município,2923209,oliveiradosbrejinhos
BRA.5.286_2,BRA.5_1,Bahia,Ouriçangas,Município,2923308,ouricangas
BRA.5.287_2,BRA.5_1,Bahia,Ourolândia,Município,2923357,ourolandia
BRA.5.288_2,BRA.5_1,Bahia,PalmasdeMonteAlto,Município,2923407,palmasdemontealto
BRA.5.289_2,BRA.5_1,Bahia,Palmeiras,Município,2923506,palmeiras
BRA.5.290_2,BRA.5_1,Bahia,Paramirim,Município,2923605,paramirim
BRA.5.291_2,BRA.5_1,Bahia,Paratinga,Município,2923704,paratinga
BRA.5.292_2,BRA.5_1,Bahia,Paripiranga,Município,2923803,paripiranga
BRA.5.293_2,BRA.5_1,Bahia,PauBrasil,Município,2923902,paubrasil
BRA.5.294_2,BRA.5_1,Bahia,PauloAfonso,Município,2924009,pauloafonso
BRA.5.295_2,BRA.5_1,Bahia,PédeSerra,Município,2924058,pedeserra
BRA.5.296_2,BRA.5_1,Bahia,Pedrão,Município,2924108,pedrao
BRA.5.297_2,BRA.5_1,Bahia,PedroAlexandre,Município,2924207,pedroalexandre
BRA.5.298_2,BRA.5_1,Bahia,Piatã,Município,2924306,piata
BRA.5.299_2,BRA.5_1,Bahia,PilãoArcado,Município,2924405,pilaoarcado
BRA.5.300_2,BRA.5_1,Bahia,Pindaí,Município,2924504,pindai
BRA.5.301_2,BRA.5_1,Bahia,Pindobaçu,Município,2924603,pindobacu
BRA.5.302_2,BRA.5_1,Bahia,Pintadas,Município,2924652,pintadas
BRA.5.303_2,BRA.5_1,Bahia,PiraídoNorte,Município,2924678,piraidonorte
BRA.5.304_2,BRA.5_1,Bahia,Piripá,Município,2924702,piripa
BRA.5.305_2,BRA.5_1,Bahia,Piritiba,Município,2924801,piritiba
BRA.5.306_2,BRA.5_1,Bahia,Planaltino,Município,2924900,planaltino
BRA.5.307_2,BRA.5_1,Bahia,Planalto,Município,2925006,planalto
BRA.5.308_2,BRA.5_1,Bahia,Poções,Município,2925105,pocoes
BRA.5.309_2,BRA.5_1,Bahia,Pojuca,Município,2925204,pojuca
BRA.5.310_2,BRA.5_1,Bahia,PontoNovo,Município,2925253,pontonovo
BRA.5.311_2,BRA.5_1,Bahia,PortoSeguro,Município,2925303,portoseguro
BRA.5.312_2,BRA.5_1,Bahia,Potiraguá,Município,2925402,potiragua
BRA.5.313_2,BRA.5_1,Bahia,Prado,Município,2925501,prado
BRA.5.314_2,BRA.5_1,Bahia,PresidenteDutra,Município,2925600,presidentedutra
BRA.5.315_2,BRA.5_1,Bahia,PresidenteJânioQuadros,Município,2925709,presidentejanioquadros
BRA.5.316_2,BRA.5_1,Bahia,PresidenteTancredoNeves,Município,2925758,presidentetancredoneves
BRA.5.317_2,BRA.5_1,Bahia,Queimadas,Município,2925808,queimadas
BRA.5.318_2,BRA.5_1,Bahia,Quijingue,Município,2925907,quijingue
BRA.5.319_2,BRA.5_1,Bahia,Quixabeira,Município,2925931,quixabeira
BRA.5.320_2,BRA.5_1,Bahia,RafaelJambeiro,Município,2925956,rafaeljambeiro
BRA.5.321_2,BRA.5_1,Bahia,Remanso,Município,2926004,remanso
BRA.5.322_2,BRA.5_1,Bahia,Retirolândia,Município,2926103,retirolandia
BRA.5.323_2,BRA.5_1,Bahia,RiachãodasNeves,Município,2926202,riachaodasneves
BRA.5.324_2,BRA.5_1,Bahia,RiachãodoJacuípe,Município,2926301,riachaodojacuipe
BRA.5.325_2,BRA.5_1,Bahia,RiachodeSantana,Município,2926400,riachodesantana
BRA.5.326_2,BRA.5_1,Bahia,RibeiradoAmparo,Município,2926509,ribeiradoamparo
BRA.5.327_2,BRA.5_1,Bahia,RibeiradoPombal,Município,2926608,ribeiradopombal
BRA.5.328_2,BRA.5_1,Bahia,RibeirãodoLargo,Município,2926657,ribeiraodolargo
BRA.5.329_2,BRA.5_1,Bahia,RiodeContas,Município,2926707,riodecontas
BRA.5.330_2,BRA.5_1,Bahia,RiodoAntônio,Município,2926806,riodoantonio
BRA.5.331_2,BRA.5_1,Bahia,RiodoPires,Município,2926905,riodopires
BRA.5.332_2,BRA.5_1,Bahia,RioReal,Município,2927002,rioreal
BRA.5.333_2,BRA.5_1,Bahia,Rodelas,Município,2927101,rodelas
BRA.5.334_2,BRA.5_1,Bahia,RuyBarbosa,Município,2927200,ruybarbosa
BRA.5.335_2,BRA.5_1,Bahia,SalinasdaMargarida,Município,2927309,salinasdamargarida
BRA.5.336_2,BRA.5_1,Bahia,Salvador,Município,2927408,salvador
BRA.5.337_2,BRA.5_1,Bahia,SantaBárbara,Município,2927507,santabarbara
BRA.5.338_2,BRA.5_1,Bahia,SantaBrígida,Município,2927606,santabrigida
BRA.5.339_2,BRA.5_1,Bahia,SantaCruzCabrália,Município,2927705,santacruzcabralia
BRA.5.340_2,BRA.5_1,Bahia,SantaCruzdaVitória,Município,2927804,santacruzdavitoria
BRA.5.341_2,BRA.5_1,Bahia,SantaInês,Município,2927903,santaines
BRA.5.342_2,BRA.5_1,Bahia,SantaLuzia,Município,2928059,santaluzia
BRA.5.343_2,BRA.5_1,Bahia,SantaMariadaVitória,Município,2928109,santamariadavitoria
BRA.5.344_2,BRA.5_1,Bahia,SantaRitadeCássia,Município,2928406,santaritadecassia
BRA.5.345_2,BRA.5_1,Bahia,SantaTerezinha,Município,2928505,santaterezinha
BRA.5.346_2,BRA.5_1,Bahia,Santaluz,Município,2928000,santaluz
BRA.5.347_2,BRA.5_1,Bahia,Santana,Município,2928208,santana
BRA.5.348_2,BRA.5_1,Bahia,Santanópolis,Município,2928307,santanopolis
BRA.5.349_2,BRA.5_1,Bahia,SantoAmaro,Município,2928604,santoamaro
BRA.5.350_2,BRA.5_1,Bahia,SantoAntôniodeJesus,Município,2928703,santoantoniodejesus
BRA.5.351_2,BRA.5_1,Bahia,SantoEstêvão,Município,2928802,santoestevao
BRA.5.352_2,BRA.5_1,Bahia,SãoDesidério,Município,2928901,saodesiderio
BRA.5.353_2,BRA.5_1,Bahia,SãoDomingos,Município,2928950,saodomingos
BRA.5.354_2,BRA.5_1,Bahia,SãoFelipe,Município,2929107,saofelipe
BRA.5.355_2,BRA.5_1,Bahia,SãoFélix,Município,2929008,saofelix
BRA.5.356_2,BRA.5_1,Bahia,SãoFélixdoCoribe,Município,2929057,saofelixdocoribe
BRA.5.357_2,BRA.5_1,Bahia,SãoFranciscodoConde,Município,2929206,saofranciscodoconde
BRA.5.358_2,BRA.5_1,Bahia,SãoGabriel,Município,2929255,saogabriel
BRA.5.359_2,BRA.5_1,Bahia,SãoGonçalodosCampos,Município,2929305,saogoncalodoscampos
BRA.5.360_2,BRA.5_1,Bahia,SãoJosédaVitória,Município,2929354,saojosedavitoria
BRA.5.361_2,BRA.5_1,Bahia,SãoJosédoJacuípe,Município,2929370,saojosedojacuipe
BRA.5.362_2,BRA.5_1,Bahia,SãoMigueldasMatas,Município,2929404,saomigueldasmatas
BRA.5.363_2,BRA.5_1,Bahia,SãoSebastiãodoPassé,Município,2929503,saosebastiaodopasse
BRA.5.364_2,BRA.5_1,Bahia,Sapeaçu,Município,2929602,sapeacu
BRA.5.365_2,BRA.5_1,Bahia,SátiroDias,Município,2929701,satirodias
BRA.5.366_2,BRA.5_1,Bahia,Saubara,Município,2929750,saubara
BRA.5.367_2,BRA.5_1,Bahia,Saúde,Município,2929800,saude
BRA.5.368_2,BRA.5_1,Bahia,Seabra,Município,2929909,seabra
BRA.5.369_2,BRA.5_1,Bahia,SebastiãoLaranjeiras,Município,2930006,sebastiaolaranjeiras
BRA.5.370_2,BRA.5_1,Bahia,SenhordoBonfim,Município,2930105,senhordobonfim
BRA.5.371_2,BRA.5_1,Bahia,SentoSé,Município,2930204,sentose
BRA.5.372_2,BRA.5_1,Bahia,SerradoRamalho,Município,2930154,serradoramalho
BRA.5.373_2,BRA.5_1,Bahia,SerraDourada,Município,2930303,serradourada
BRA.5.374_2,BRA.5_1,Bahia,SerraPreta,Município,2930402,serrapreta
BRA.5.375_2,BRA.5_1,Bahia,Serrinha,Município,2930501,serrinha
BRA.5.376_2,BRA.5_1,Bahia,Serrolândia,Município,2930600,serrolandia
BRA.5.377_2,BRA.5_1,Bahia,SimõesFilho,Município,2930709,simoesfilho
BRA.5.378_2,BRA.5_1,Bahia,SítiodoMato,Município,2930758,sitiodomato
BRA.5.379_2,BRA.5_1,Bahia,SítiodoQuinto,Município,2930766,sitiodoquinto
BRA.5.380_2,BRA.5_1,Bahia,Sobradinho,Município,2930774,sobradinho
BRA.5.381_2,BRA.5_1,Bahia,SoutoSoares,Município,2930808,soutosoares
BRA.5.382_2,BRA.5_1,Bahia,TabocasdoBrejoVelho,Município,2930907,tabocasdobrejovelho
BRA.5.383_2,BRA.5_1,Bahia,Tanhaçu,Município,2931004,tanhacu
BRA.5.384_2,BRA.5_1,Bahia,TanqueNovo,Município,2931053,tanquenovo
BRA.5.385_2,BRA.5_1,Bahia,Tanquinho,Município,2931103,tanquinho
BRA.5.386_2,BRA.5_1,Bahia,Taperoá,Município,2931202,taperoa
BRA.5.387_2,BRA.5_1,Bahia,Tapiramutá,Município,2931301,tapiramuta
BRA.5.388_2,BRA.5_1,Bahia,TeixeiradeFreitas,Município,2931350,teixeiradefreitas
BRA.5.389_2,BRA.5_1,Bahia,TeodoroSampaio,Município,2931400,teodorosampaio
BRA.5.390_2,BRA.5_1,Bahia,Teofilândia,Município,2931509,teofilandia
BRA.5.391_2,BRA.5_1,Bahia,Teolândia,Município,2931608,teolandia
BRA.5.392_2,BRA.5_1,Bahia,TerraNova,Município,2931707,terranova
BRA.5.393_2,BRA.5_1,Bahia,Tremedal,Município,2931806,tremedal
BRA.5.394_2,BRA.5_1,Bahia,Tucano,Município,2931905,tucano
BRA.5.395_2,BRA.5_1,Bahia,Uauá,Município,2932002,uaua
BRA.5.396_2,BRA.5_1,Bahia,Ubaíra,Município,2932101,ubaira
BRA.5.397_2,BRA.5_1,Bahia,Ubaitaba,Município,2932200,ubaitaba
BRA.5.398_2,BRA.5_1,Bahia,Ubatã,Município,2932309,ubata
BRA.5.399_2,BRA.5_1,Bahia,Uibaí,Município,2932408,uibai
BRA.5.400_2,BRA.5_1,Bahia,Umburanas,Município,2932457,umburanas
BRA.5.401_2,BRA.5_1,Bahia,Una,Município,2932507,una
BRA.5.402_2,BRA.5_1,Bahia,Urandi,Município,2932606,urandi
BRA.5.403_2,BRA.5_1,Bahia,Uruçuca,Município,2932705,urucuca
BRA.5.404_2,BRA.5_1,Bahia,Utinga,Município,2932804,utinga
BRA.5.405_2,BRA.5_1,Bahia,Valença,Município,2932903,valenca
BRA.5.406_2,BRA.5_1,Bahia,Valente,Município,2933000,valente
BRA.5.407_2,BRA.5_1,Bahia,VárzeadaRoça,Município,2933059,varzeadaroca
BRA.5.408_2,BRA.5_1,Bahia,VárzeadoPoço,Município,2933109,varzeadopoco
BRA.5.409_2,BRA.5_1,Bahia,VárzeaNova,Município,2933158,varzeanova
BRA.5.410_2,BRA.5_1,Bahia,Varzedo,Município,2933174,varzedo
BRA.5.411_2,BRA.5_1,Bahia,VeraCruz,Município,2933208,veracruz
BRA.5.412_2,BRA.5_1,Bahia,Vereda,Município,2933257,vereda
BRA.5.413_2,BRA.5_1,Bahia,VitóriadaConquista,Município,2933307,vitoriadaconquista
BRA.5.414_2,BRA.5_1,Bahia,Wagner,Município,2933406,wagner
BRA.5.415_2,BRA.5_1,Bahia,Wanderley,Município,2933455,wanderley
BRA.5.416_2,BRA.5_1,Bahia,WenceslauGuimarães,Município,2933505,wenceslauguimaraes
BRA.5.417_2,BRA.5_1,Bahia,Xique-Xique,Município,2933604,xiquexique
BRA.6.1_2,BRA.6_1,Ceará,Abaiara,Município,2300101,abaiara
BRA.6.2_2,BRA.6_1,Ceará,Acarape,Município,2300150,acarape
BRA.6.3_2,BRA.6_1,Ceará,Acaraú,Município,2300200,acarau
BRA.6.4_2,BRA.6_1,Ceará,Acopiara,Município,2300309,acopiara
BRA.6.5_2,BRA.6_1,Ceará,Aiuaba,Município,2300408,aiuaba
BRA.6.6_2,BRA.6_1,Ceará,Alcântaras,Município,2300507,alcantaras
BRA.6.7_2,BRA.6_1,Ceará,Altaneira,Município,2300606,altaneira
BRA.6.8_2,BRA.6_1,Ceará,AltoSanto,Município,2300705,altosanto
BRA.6.9_2,BRA.6_1,Ceará,Amontada,Município,2300754,amontada
BRA.6.10_2,BRA.6_1,Ceará,AntoninadoNorte,Município,2300804,antoninadonorte
BRA.6.11_2,BRA.6_1,Ceará,Apuiarés,Município,2300903,apuiares
BRA.6.12_2,BRA.6_1,Ceará,Aquiraz,Município,2301000,aquiraz
BRA.6.13_2,BRA.6_1,Ceará,Aracati,Município,2301109,aracati
BRA.6.14_2,BRA.6_1,Ceará,Aracoiaba,Município,2301208,aracoiaba
BRA.6.15_2,BRA.6_1,Ceará,Ararendá,Município,2301257,ararenda
BRA.6.16_2,BRA.6_1,Ceará,Araripe,Município,2301307,araripe
BRA.6.17_2,BRA.6_1,Ceará,Aratuba,Município,2301406,aratuba
BRA.6.18_2,BRA.6_1,Ceará,Arneiroz,Município,2301505,arneiroz
BRA.6.19_2,BRA.6_1,Ceará,Assaré,Município,2301604,assare
BRA.6.20_2,BRA.6_1,Ceará,Aurora,Município,2301703,aurora
BRA.6.21_2,BRA.6_1,Ceará,Baixio,Município,2301802,baixio
BRA.6.22_2,BRA.6_1,Ceará,Banabuiú,Município,2301851,banabuiu
BRA.6.23_2,BRA.6_1,Ceará,Barbalha,Município,2301901,barbalha
BRA.6.24_2,BRA.6_1,Ceará,Barreira,Município,2301950,barreira
BRA.6.25_2,BRA.6_1,Ceará,Barro,Município,2302008,barro
BRA.6.26_2,BRA.6_1,Ceará,Barroquinha,Município,2302057,barroquinha
BRA.6.27_2,BRA.6_1,Ceará,Baturité,Município,2302107,baturite
BRA.6.28_2,BRA.6_1,Ceará,Beberibe,Município,2302206,beberibe
BRA.6.29_2,BRA.6_1,Ceará,BelaCruz,Município,2302305,belacruz
BRA.6.30_2,BRA.6_1,Ceará,BoaViagem,Município,2302404,boaviagem
BRA.6.31_2,BRA.6_1,Ceará,BrejoSanto,Município,2302503,brejosanto
BRA.6.32_2,BRA.6_1,Ceará,Camocim,Município,2302602,camocim
BRA.6.33_2,BRA.6_1,Ceará,CamposSales,Município,2302701,campossales
BRA.6.34_2,BRA.6_1,Ceará,Canindé,Município,2302800,caninde
BRA.6.35_2,BRA.6_1,Ceará,Capistrano,Município,2302909,capistrano
BRA.6.36_2,BRA.6_1,Ceará,Caridade,Município,2303006,caridade
BRA.6.37_2,BRA.6_1,Ceará,Cariré,Município,2303105,carire
BRA.6.38_2,BRA.6_1,Ceará,Caririaçu,Município,2303204,caririacu
BRA.6.39_2,BRA.6_1,Ceará,Cariús,Município,2303303,carius
BRA.6.40_2,BRA.6_1,Ceará,Carnaubal,Município,2303402,carnaubal
BRA.6.41_2,BRA.6_1,Ceará,Cascavel,Município,2303501,cascavel
BRA.6.42_2,BRA.6_1,Ceará,Catarina,Município,2303600,catarina
BRA.6.43_2,BRA.6_1,Ceará,Catunda,Município,2303659,catunda
BRA.6.44_2,BRA.6_1,Ceará,Caucaia,Município,2303709,caucaia
BRA.6.45_2,BRA.6_1,Ceará,Cedro,Município,2303808,cedro
BRA.6.46_2,BRA.6_1,Ceará,Chaval,Município,2303907,chaval
BRA.6.47_2,BRA.6_1,Ceará,Choró,Município,2303931,choro
BRA.6.48_2,BRA.6_1,Ceará,Chorozinho,Município,2303956,chorozinho
BRA.6.49_2,BRA.6_1,Ceará,Coreaú,Município,2304004,coreau
BRA.6.50_2,BRA.6_1,Ceará,Crateús,Município,2304103,crateus
BRA.6.51_2,BRA.6_1,Ceará,Crato,Município,2304202,crato
BRA.6.52_2,BRA.6_1,Ceará,Croatá,Município,2304236,croata
BRA.6.53_2,BRA.6_1,Ceará,Cruz,Município,2304251,cruz
BRA.6.54_2,BRA.6_1,Ceará,DeputadoIrapuanPinheiro,Município,2304269,deputadoirapuanpinheiro
BRA.6.55_2,BRA.6_1,Ceará,Ereré,Município,2304277,erere
BRA.6.56_2,BRA.6_1,Ceará,Eusébio,Município,2304285,eusebio
BRA.6.57_2,BRA.6_1,Ceará,FariasBrito,Município,2304301,fariasbrito
BRA.6.58_2,BRA.6_1,Ceará,Forquilha,Município,2304350,forquilha
BRA.6.59_2,BRA.6_1,Ceará,Fortaleza,Município,2304400,fortaleza
BRA.6.60_2,BRA.6_1,Ceará,Fortim,Município,2304459,fortim
BRA.6.61_2,BRA.6_1,Ceará,Frecheirinha,Município,2304509,frecheirinha
BRA.6.62_2,BRA.6_1,Ceará,GeneralSampaio,Município,2304608,generalsampaio
BRA.6.63_2,BRA.6_1,Ceará,Graça,Município,2304657,graca
BRA.6.64_2,BRA.6_1,Ceará,Granja,Município,2304707,granja
BRA.6.65_2,BRA.6_1,Ceará,Granjeiro,Município,2304806,granjeiro
BRA.6.66_2,BRA.6_1,Ceará,Groaíras,Município,2304905,groairas
BRA.6.67_2,BRA.6_1,Ceará,Guaiúba,Município,2304954,guaiuba
BRA.6.68_2,BRA.6_1,Ceará,GuaraciabadoNorte,Município,2305001,guaraciabadonorte
BRA.6.69_2,BRA.6_1,Ceará,Guaramiranga,Município,2305100,guaramiranga
BRA.6.70_2,BRA.6_1,Ceará,Hidrolândia,Município,2305209,hidrolandia
BRA.6.71_2,BRA.6_1,Ceará,Horizonte,Município,2305233,horizonte
BRA.6.72_2,BRA.6_1,Ceará,Ibaretama,Município,2305266,ibaretama
BRA.6.73_2,BRA.6_1,Ceará,Ibiapina,Município,2305308,ibiapina
BRA.6.74_2,BRA.6_1,Ceará,Ibicuitinga,Município,2305332,ibicuitinga
BRA.6.75_2,BRA.6_1,Ceará,Icapuí,Município,2305357,icapui
BRA.6.76_2,BRA.6_1,Ceará,Icó,Município,2305407,ico
BRA.6.77_2,BRA.6_1,Ceará,Iguatu,Município,2305506,iguatu
BRA.6.78_2,BRA.6_1,Ceará,Independência,Município,2305605,independencia
BRA.6.79_2,BRA.6_1,Ceará,Ipaporanga,Município,2305654,ipaporanga
BRA.6.80_2,BRA.6_1,Ceará,Ipaumirim,Município,2305704,ipaumirim
BRA.6.81_2,BRA.6_1,Ceará,Ipu,Município,2305803,ipu
BRA.6.82_2,BRA.6_1,Ceará,Ipueiras,Município,2305902,ipueiras
BRA.6.83_2,BRA.6_1,Ceará,Iracema,Município,2306009,iracema
BRA.6.84_2,BRA.6_1,Ceará,Irauçuba,Município,2306108,iraucuba
BRA.6.85_2,BRA.6_1,Ceará,Itaiçaba,Município,2306207,itaicaba
BRA.6.86_2,BRA.6_1,Ceará,Itaitinga,Município,2306256,itaitinga
BRA.6.87_2,BRA.6_1,Ceará,Itapajé,Município,2306306,itapaje
BRA.6.88_2,BRA.6_1,Ceará,Itapipoca,Município,2306405,itapipoca
BRA.6.89_2,BRA.6_1,Ceará,Itapiúna,Município,2306504,itapiuna
BRA.6.90_2,BRA.6_1,Ceará,Itarema,Município,2306553,itarema
BRA.6.91_2,BRA.6_1,Ceará,Itatira,Município,2306603,itatira
BRA.6.92_2,BRA.6_1,Ceará,Jaguaretama,Município,2306702,jaguaretama
BRA.6.93_2,BRA.6_1,Ceará,Jaguaribara,Município,2306801,jaguaribara
BRA.6.94_2,BRA.6_1,Ceará,Jaguaribe,Município,2306900,jaguaribe
BRA.6.95_2,BRA.6_1,Ceará,Jaguaruana,Município,2307007,jaguaruana
BRA.6.96_2,BRA.6_1,Ceará,Jardim,Município,2307106,jardim
BRA.6.97_2,BRA.6_1,Ceará,Jati,Município,2307205,jati
BRA.6.98_2,BRA.6_1,Ceará,JijocadeJericoacoara,Município,2307254,jijocadejericoacoara
BRA.6.99_2,BRA.6_1,Ceará,JuazeirodoNorte,Município,2307304,juazeirodonorte
BRA.6.100_2,BRA.6_1,Ceará,Jucás,Município,2307403,jucas
BRA.6.101_2,BRA.6_1,Ceará,LavrasdaMangabeira,Município,2307502,lavrasdamangabeira
BRA.6.102_2,BRA.6_1,Ceará,LimoeirodoNorte,Município,2307601,limoeirodonorte
BRA.6.103_2,BRA.6_1,Ceará,Madalena,Município,2307635,madalena
BRA.6.104_2,BRA.6_1,Ceará,Maracanaú,Município,2307650,maracanau
BRA.6.105_2,BRA.6_1,Ceará,Maranguape,Município,2307700,maranguape
BRA.6.106_2,BRA.6_1,Ceará,Marco,Município,2307809,marco
BRA.6.107_2,BRA.6_1,Ceará,Martinópole,Município,2307908,martinopole
BRA.6.108_2,BRA.6_1,Ceará,Massapê,Município,2308005,massape
BRA.6.109_2,BRA.6_1,Ceará,Mauriti,Município,2308104,mauriti
BRA.6.110_2,BRA.6_1,Ceará,Meruoca,Município,2308203,meruoca
BRA.6.111_2,BRA.6_1,Ceará,Milagres,Município,2308302,milagres
BRA.6.112_2,BRA.6_1,Ceará,Milhã,Município,2308351,milha
BRA.6.113_2,BRA.6_1,Ceará,Miraíma,Município,2308377,miraima
BRA.6.114_2,BRA.6_1,Ceará,MissãoVelha,Município,2308401,missaovelha
BRA.6.115_2,BRA.6_1,Ceará,Mombaça,Município,2308500,mombaca
BRA.6.116_2,BRA.6_1,Ceará,MonsenhorTabosa,Município,2308609,monsenhortabosa
BRA.6.117_2,BRA.6_1,Ceará,MoradaNova,Município,2308708,moradanova
BRA.6.118_2,BRA.6_1,Ceará,Moraújo,Município,2308807,moraujo
BRA.6.119_2,BRA.6_1,Ceará,Morrinhos,Município,2308906,morrinhos
BRA.6.120_2,BRA.6_1,Ceará,Mucambo,Município,2309003,mucambo
BRA.6.121_2,BRA.6_1,Ceará,Mulungu,Município,2309102,mulungu
BRA.6.122_2,BRA.6_1,Ceará,NovaOlinda,Município,2309201,novaolinda
BRA.6.123_2,BRA.6_1,Ceará,NovaRussas,Município,2309300,novarussas
BRA.6.124_2,BRA.6_1,Ceará,NovoOriente,Município,2309409,novooriente
BRA.6.125_2,BRA.6_1,Ceará,Ocara,Município,2309458,ocara
BRA.6.126_2,BRA.6_1,Ceará,Orós,Município,2309508,oros
BRA.6.127_2,BRA.6_1,Ceará,Pacajus,Município,2309607,pacajus
BRA.6.128_2,BRA.6_1,Ceará,Pacatuba,Município,2309706,pacatuba
BRA.6.129_2,BRA.6_1,Ceará,Pacoti,Município,2309805,pacoti
BRA.6.130_2,BRA.6_1,Ceará,Pacujá,Município,2309904,pacuja
BRA.6.131_2,BRA.6_1,Ceará,Palhano,Município,2310001,palhano
BRA.6.132_2,BRA.6_1,Ceará,Palmácia,Município,2310100,palmacia
BRA.6.133_2,BRA.6_1,Ceará,Paracuru,Município,2310209,paracuru
BRA.6.134_2,BRA.6_1,Ceará,Paraipaba,Município,2310258,paraipaba
BRA.6.135_2,BRA.6_1,Ceará,Parambu,Município,2310308,parambu
BRA.6.136_2,BRA.6_1,Ceará,Paramoti,Município,2310407,paramoti
BRA.6.137_2,BRA.6_1,Ceará,PedraBranca,Município,2310506,pedrabranca
BRA.6.138_2,BRA.6_1,Ceará,Penaforte,Município,2310605,penaforte
BRA.6.139_2,BRA.6_1,Ceará,Pentecoste,Município,2310704,pentecoste
BRA.6.140_2,BRA.6_1,Ceará,Pereiro,Município,2310803,pereiro
BRA.6.141_2,BRA.6_1,Ceará,Pindoretama,Município,2310852,pindoretama
BRA.6.142_2,BRA.6_1,Ceará,PiquetCarneiro,Município,2310902,piquetcarneiro
BRA.6.143_2,BRA.6_1,Ceará,PiresFerreira,Município,2310951,piresferreira
BRA.6.144_2,BRA.6_1,Ceará,Poranga,Município,2311009,poranga
BRA.6.145_2,BRA.6_1,Ceará,Porteiras,Município,2311108,porteiras
BRA.6.146_2,BRA.6_1,Ceará,Potengi,Município,2311207,potengi
BRA.6.147_2,BRA.6_1,Ceará,Potiretama,Município,2311231,potiretama
BRA.6.148_2,BRA.6_1,Ceará,Quiterianópolis,Município,2311264,quiterianopolis
BRA.6.149_2,BRA.6_1,Ceará,Quixadá,Município,2311306,quixada
BRA.6.150_2,BRA.6_1,Ceará,Quixelô,Município,2311355,quixelo
BRA.6.151_2,BRA.6_1,Ceará,Quixeramobim,Município,2311405,quixeramobim
BRA.6.152_2,BRA.6_1,Ceará,Quixeré,Município,2311504,quixere
BRA.6.153_2,BRA.6_1,Ceará,Redenção,Município,2311603,redencao
BRA.6.154_2,BRA.6_1,Ceará,Reriutaba,Município,2311702,reriutaba
BRA.6.155_2,BRA.6_1,Ceará,Russas,Município,2311801,russas
BRA.6.156_2,BRA.6_1,Ceará,Saboeiro,Município,2311900,saboeiro
BRA.6.157_2,BRA.6_1,Ceará,Salitre,Município,2311959,salitre
BRA.6.158_2,BRA.6_1,Ceará,SantaQuitéria,Município,2312205,santaquiteria
BRA.6.159_2,BRA.6_1,Ceará,SantanadoAcaraú,Município,2312007,santanadoacarau
BRA.6.160_2,BRA.6_1,Ceará,SantanadoCariri,Município,2312106,santanadocariri
BRA.6.161_2,BRA.6_1,Ceará,SãoBenedito,Município,2312304,saobenedito
BRA.6.162_2,BRA.6_1,Ceará,SãoGonçalodoAmarante,Município,2312403,saogoncalodoamarante
BRA.6.163_2,BRA.6_1,Ceará,SãoJoãodoJaguaribe,Município,2312502,saojoaodojaguaribe
BRA.6.164_2,BRA.6_1,Ceará,SãoLuísdoCuru,Município,2312601,saoluisdocuru
BRA.6.165_2,BRA.6_1,Ceará,SenadorPompeu,Município,2312700,senadorpompeu
BRA.6.166_2,BRA.6_1,Ceará,SenadorSá,Município,2312809,senadorsa
BRA.6.167_2,BRA.6_1,Ceará,Sobral,Município,2312908,sobral
BRA.6.168_2,BRA.6_1,Ceará,Solonópole,Município,2313005,solonopole
BRA.6.169_2,BRA.6_1,Ceará,TabuleirodoNorte,Município,2313104,tabuleirodonorte
BRA.6.170_2,BRA.6_1,Ceará,Tamboril,Município,2313203,tamboril
BRA.6.171_2,BRA.6_1,Ceará,Tarrafas,Município,2313252,tarrafas
BRA.6.172_2,BRA.6_1,Ceará,Tauá,Município,2313302,taua
BRA.6.173_2,BRA.6_1,Ceará,Tejuçuoca,Município,2313351,tejucuoca
BRA.6.174_2,BRA.6_1,Ceará,Tianguá,Município,2313401,tiangua
BRA.6.175_2,BRA.6_1,Ceará,Trairi,Município,2313500,trairi
BRA.6.176_2,BRA.6_1,Ceará,Tururu,Município,2313559,tururu
BRA.6.177_2,BRA.6_1,Ceará,Ubajara,Município,2313609,ubajara
BRA.6.178_2,BRA.6_1,Ceará,Umari,Município,2313708,umari
BRA.6.179_2,BRA.6_1,Ceará,Umirim,Município,2313757,umirim
BRA.6.180_2,BRA.6_1,Ceará,Uruburetama,Município,2313807,uruburetama
BRA.6.181_2,BRA.6_1,Ceará,Uruoca,Município,2313906,uruoca
BRA.6.182_2,BRA.6_1,Ceará,Varjota,Município,2313955,varjota
BRA.6.183_2,BRA.6_1,Ceará,VárzeaAlegre,Município,2314003,varzeaalegre
BRA.6.184_2,BRA.6_1,Ceará,ViçosadoCeará,Município,2314102,vicosadoceara
BRA.7.1_2,BRA.7_1,DistritoFederal,Brasília,Município,5300108,brasilia
BRA.8.1_2,BRA.8_1,EspíritoSanto,AfonsoCláudio,Município,3200102,afonsoclaudio
BRA.8.2_2,BRA.8_1,EspíritoSanto,ÁguaDocedoNorte,Município,3200169,aguadocedonorte
BRA.8.3_2,BRA.8_1,EspíritoSanto,ÁguiaBranca,Município,3200136,aguiabranca
BRA.8.4_2,BRA.8_1,EspíritoSanto,Alegre,Município,3200201,alegre
BRA.8.5_2,BRA.8_1,EspíritoSanto,AlfredoChaves,Município,3200300,alfredochaves
BRA.8.6_2,BRA.8_1,EspíritoSanto,AltoRioNovo,Município,3200359,altorionovo
BRA.8.7_2,BRA.8_1,EspíritoSanto,Anchieta,Município,3200409,anchieta
BRA.8.8_2,BRA.8_1,EspíritoSanto,Apiacá,Município,3200508,apiaca
BRA.8.9_2,BRA.8_1,EspíritoSanto,Aracruz,Município,3200607,aracruz
BRA.8.10_2,BRA.8_1,EspíritoSanto,AtílioVivácqua,Município,3200706,atiliovivacqua
BRA.8.11_2,BRA.8_1,EspíritoSanto,BaixoGuandu,Município,3200805,baixoguandu
BRA.8.12_2,BRA.8_1,EspíritoSanto,BarradeSãoFrancisco,Município,3200904,barradesaofrancisco
BRA.8.13_2,BRA.8_1,EspíritoSanto,BoaEsperança,Município,3201001,boaesperanca
BRA.8.14_2,BRA.8_1,EspíritoSanto,BomJesusdoNorte,Município,3201100,bomjesusdonorte
BRA.8.15_2,BRA.8_1,EspíritoSanto,Brejetuba,Município,3201159,brejetuba
BRA.8.16_2,BRA.8_1,EspíritoSanto,CachoeirodeItapemirim,Município,3201209,cachoeirodeitapemirim
BRA.8.17_2,BRA.8_1,EspíritoSanto,Cariacica,Município,3201308,cariacica
BRA.8.18_2,BRA.8_1,EspíritoSanto,Castelo,Município,3201407,castelo
BRA.8.19_2,BRA.8_1,EspíritoSanto,Colatina,Município,3201506,colatina
BRA.8.20_2,BRA.8_1,EspíritoSanto,ConceiçãodaBarra,Município,3201605,conceicaodabarra
BRA.8.21_2,BRA.8_1,EspíritoSanto,ConceiçãodoCastelo,Município,3201704,conceicaodocastelo
BRA.8.22_2,BRA.8_1,EspíritoSanto,DivinodeSãoLourenço,Município,3201803,divinodesaolourenco
BRA.8.23_2,BRA.8_1,EspíritoSanto,DomingosMartins,Município,3201902,domingosmartins
BRA.8.24_2,BRA.8_1,EspíritoSanto,DoresdoRioPreto,Município,3202009,doresdoriopreto
BRA.8.25_2,BRA.8_1,EspíritoSanto,Ecoporanga,Município,3202108,ecoporanga
BRA.8.26_2,BRA.8_1,EspíritoSanto,Fundão,Município,3202207,fundao
BRA.8.27_2,BRA.8_1,EspíritoSanto,GovernadorLindenberg,Município,3202256,governadorlindenberg
BRA.8.28_2,BRA.8_1,EspíritoSanto,Guaçuí,Município,3202306,guacui
BRA.8.29_2,BRA.8_1,EspíritoSanto,Guarapari,Município,3202405,guarapari
BRA.8.30_2,BRA.8_1,EspíritoSanto,Ibatiba,Município,3202454,ibatiba
BRA.8.31_2,BRA.8_1,EspíritoSanto,Ibiraçu,Município,3202504,ibiracu
BRA.8.32_2,BRA.8_1,EspíritoSanto,Ibitirama,Município,3202553,ibitirama
BRA.8.33_2,BRA.8_1,EspíritoSanto,Iconha,Município,3202603,iconha
BRA.8.34_2,BRA.8_1,EspíritoSanto,Irupi,Município,3202652,irupi
BRA.8.35_2,BRA.8_1,EspíritoSanto,Itaguaçu,Município,3202702,itaguacu
BRA.8.36_2,BRA.8_1,EspíritoSanto,Itapemirim,Município,3202801,itapemirim
BRA.8.37_2,BRA.8_1,EspíritoSanto,Itarana,Município,3202900,itarana
BRA.8.38_2,BRA.8_1,EspíritoSanto,Iúna,Município,3203007,iuna
BRA.8.39_2,BRA.8_1,EspíritoSanto,Jaguaré,Município,3203056,jaguare
BRA.8.40_2,BRA.8_1,EspíritoSanto,JerônimoMonteiro,Município,3203106,jeronimomonteiro
BRA.8.41_2,BRA.8_1,EspíritoSanto,JoãoNeiva,Município,3203130,joaoneiva
BRA.8.42_2,BRA.8_1,EspíritoSanto,LaranjadaTerra,Município,3203163,laranjadaterra
BRA.8.43_2,BRA.8_1,EspíritoSanto,Linhares,Município,3203205,linhares
BRA.8.44_2,BRA.8_1,EspíritoSanto,Mantenópolis,Município,3203304,mantenopolis
BRA.8.45_2,BRA.8_1,EspíritoSanto,Marataízes,Município,3203320,marataizes
BRA.8.46_2,BRA.8_1,EspíritoSanto,MarechalFloriano,Município,3203346,marechalfloriano
BRA.8.47_2,BRA.8_1,EspíritoSanto,Marilândia,Município,3203353,marilandia
BRA.8.48_2,BRA.8_1,EspíritoSanto,MimosodoSul,Município,3203403,mimosodosul
BRA.8.49_2,BRA.8_1,EspíritoSanto,Montanha,Município,3203502,montanha
BRA.8.50_2,BRA.8_1,EspíritoSanto,Mucurici,Município,3203601,mucurici
BRA.8.51_2,BRA.8_1,EspíritoSanto,MunizFreire,Município,3203700,munizfreire
BRA.8.52_2,BRA.8_1,EspíritoSanto,Muqui,Município,3203809,muqui
BRA.8.53_2,BRA.8_1,EspíritoSanto,NovaVenécia,Município,3203908,novavenecia
BRA.8.54_2,BRA.8_1,EspíritoSanto,Pancas,Município,3204005,pancas
BRA.8.55_2,BRA.8_1,EspíritoSanto,PedroCanário,Município,3204054,pedrocanario
BRA.8.56_2,BRA.8_1,EspíritoSanto,Pinheiros,Município,3204104,pinheiros
BRA.8.57_2,BRA.8_1,EspíritoSanto,Piúma,Município,3204203,piuma
BRA.8.58_2,BRA.8_1,EspíritoSanto,PontoBelo,Município,3204252,pontobelo
BRA.8.59_2,BRA.8_1,EspíritoSanto,PresidenteKennedy,Município,3204302,presidentekennedy
BRA.8.60_2,BRA.8_1,EspíritoSanto,RioBananal,Município,3204351,riobananal
BRA.8.61_2,BRA.8_1,EspíritoSanto,RioNovodoSul,Município,3204401,rionovodosul
BRA.8.62_2,BRA.8_1,EspíritoSanto,SantaLeopoldina,Município,3204500,santaleopoldina
BRA.8.63_2,BRA.8_1,EspíritoSanto,SantaMariadeJetibá,Município,3204559,santamariadejetiba
BRA.8.64_2,BRA.8_1,EspíritoSanto,SantaTeresa,Município,3204609,santateresa
BRA.8.65_2,BRA.8_1,EspíritoSanto,SãoDomingosdoNorte,Município,3204658,saodomingosdonorte
BRA.8.66_2,BRA.8_1,EspíritoSanto,SãoGabrieldaPalha,Município,3204708,saogabrieldapalha
BRA.8.67_2,BRA.8_1,EspíritoSanto,SãoJosédoCalçado,Município,3204807,saojosedocalcado
BRA.8.68_2,BRA.8_1,EspíritoSanto,SãoMateus,Município,3204906,saomateus
BRA.8.69_2,BRA.8_1,EspíritoSanto,SãoRoquedoCanaã,Município,3204955,saoroquedocanaa
BRA.8.70_2,BRA.8_1,EspíritoSanto,Serra,Município,3205002,serra
BRA.8.71_2,BRA.8_1,EspíritoSanto,Sooretama,Município,3205010,sooretama
BRA.8.72_2,BRA.8_1,EspíritoSanto,VargemAlta,Município,3205036,vargemalta
BRA.8.73_2,BRA.8_1,EspíritoSanto,VendaNovadoImigrante,Município,3205069,vendanovadoimigrante
BRA.8.74_2,BRA.8_1,EspíritoSanto,Viana,Município,3205101,viana
BRA.8.75_2,BRA.8_1,EspíritoSanto,VilaPavão,Município,3205150,vilapavao
BRA.8.76_2,BRA.8_1,EspíritoSanto,VilaValério,Município,3205176,vilavalerio
BRA.8.77_2,BRA.8_1,EspíritoSanto,VilaVelha,Município,3205200,vilavelha
BRA.8.78_2,BRA.8_1,EspíritoSanto,Vitória,Município,3205309,vitoria
BRA.9.1_2,BRA.9_1,Goiás,AbadiadeGoiás,Município,5200050,abadiadegoias
BRA.9.2_2,BRA.9_1,Goiás,Abadiânia,Município,5200100,abadiania
BRA.9.3_2,BRA.9_1,Goiás,Acreúna,Município,5200134,acreuna
BRA.9.4_2,BRA.9_1,Goiás,Adelândia,Município,5200159,adelandia
BRA.9.5_2,BRA.9_1,Goiás,ÁguaFriadeGoiás,Município,5200175,aguafriadegoias
BRA.9.6_2,BRA.9_1,Goiás,ÁguaLimpa,Município,5200209,agualimpa
BRA.9.7_2,BRA.9_1,Goiás,ÁguasLindasdeGoiás,Município,5200258,aguaslindasdegoias
BRA.9.8_2,BRA.9_1,Goiás,Alexânia,Município,5200308,alexania
BRA.9.9_2,BRA.9_1,Goiás,Aloândia,Município,5200506,aloandia
BRA.9.10_2,BRA.9_1,Goiás,AltoHorizonte,Município,5200555,altohorizonte
BRA.9.11_2,BRA.9_1,Goiás,AltoParaísodeGoiás,Município,5200605,altoparaisodegoias
BRA.9.12_2,BRA.9_1,Goiás,AlvoradadoNorte,Município,5200803,alvoradadonorte
BRA.9.13_2,BRA.9_1,Goiás,Amaralina,Município,5200829,amaralina
BRA.9.14_2,BRA.9_1,Goiás,AmericanodoBrasil,Município,5200852,americanodobrasil
BRA.9.15_2,BRA.9_1,Goiás,Amorinópolis,Município,5200902,amorinopolis
BRA.9.16_2,BRA.9_1,Goiás,Anápolis,Município,5201108,anapolis
BRA.9.17_2,BRA.9_1,Goiás,Anhanguera,Município,5201207,anhanguera
BRA.9.18_2,BRA.9_1,Goiás,Anicuns,Município,5201306,anicuns
BRA.9.19_2,BRA.9_1,Goiás,AparecidadeGoiânia,Município,5201405,aparecidadegoiania
BRA.9.20_2,BRA.9_1,Goiás,AparecidadoRioDoce,Município,5201454,aparecidadoriodoce
BRA.9.21_2,BRA.9_1,Goiás,Aporé,Município,5201504,apore
BRA.9.22_2,BRA.9_1,Goiás,Araçu,Município,5201603,aracu
BRA.9.23_2,BRA.9_1,Goiás,Aragarças,Município,5201702,aragarcas
BRA.9.24_2,BRA.9_1,Goiás,Aragoiânia,Município,5201801,aragoiania
BRA.9.25_2,BRA.9_1,Goiás,Araguapaz,Município,5202155,araguapaz
BRA.9.26_2,BRA.9_1,Goiás,Arenópolis,Município,5202353,arenopolis
BRA.9.27_2,BRA.9_1,Goiás,Aruanã,Município,5202502,aruana
BRA.9.28_2,BRA.9_1,Goiás,Aurilândia,Município,5202601,aurilandia
BRA.9.29_2,BRA.9_1,Goiás,Avelinópolis,Município,5202809,avelinopolis
BRA.9.30_2,BRA.9_1,Goiás,Baliza,Município,5203104,baliza
BRA.9.31_2,BRA.9_1,Goiás,BarroAlto,Município,5203203,barroalto
BRA.9.32_2,BRA.9_1,Goiás,BelaVistadeGoiás,Município,5203302,belavistadegoias
BRA.9.33_2,BRA.9_1,Goiás,BomJardimdeGoiás,Município,5203401,bomjardimdegoias
BRA.9.34_2,BRA.9_1,Goiás,BomJesusdeGoiás,Município,5203500,bomjesusdegoias
BRA.9.35_2,BRA.9_1,Goiás,Bonfinópolis,Município,5203559,bonfinopolis
BRA.9.36_2,BRA.9_1,Goiás,Bonópolis,Município,5203575,bonopolis
BRA.9.37_2,BRA.9_1,Goiás,Brazabrantes,Município,5203609,brazabrantes
BRA.9.38_2,BRA.9_1,Goiás,Britânia,Município,5203807,britania
BRA.9.39_2,BRA.9_1,Goiás,BuritiAlegre,Município,5203906,buritialegre
BRA.9.40_2,BRA.9_1,Goiás,BuritideGoiás,Município,5203939,buritidegoias
BRA.9.41_2,BRA.9_1,Goiás,Buritinópolis,Município,5203962,buritinopolis
BRA.9.42_2,BRA.9_1,Goiás,Cabeceiras,Município,5204003,cabeceiras
BRA.9.43_2,BRA.9_1,Goiás,CachoeiraAlta,Município,5204102,cachoeiraalta
BRA.9.44_2,BRA.9_1,Goiás,CachoeiradeGoiás,Município,5204201,cachoeiradegoias
BRA.9.45_2,BRA.9_1,Goiás,CachoeiraDourada,Município,5204250,cachoeiradourada
BRA.9.46_2,BRA.9_1,Goiás,Caçu,Município,5204300,cacu
BRA.9.47_2,BRA.9_1,Goiás,Caiapônia,Município,5204409,caiaponia
BRA.9.48_2,BRA.9_1,Goiás,CaldasNovas,Município,5204508,caldasnovas
BRA.9.49_2,BRA.9_1,Goiás,Caldazinha,Município,5204557,caldazinha
BRA.9.50_2,BRA.9_1,Goiás,CampestredeGoiás,Município,5204607,campestredegoias
BRA.9.51_2,BRA.9_1,Goiás,Campinaçu,Município,5204656,campinacu
BRA.9.52_2,BRA.9_1,Goiás,Campinorte,Município,5204706,campinorte
BRA.9.53_2,BRA.9_1,Goiás,CampoAlegredeGoiás,Município,5204805,campoalegredegoias
BRA.9.54_2,BRA.9_1,Goiás,CampoLimpodeGoiás,Município,5204854,campolimpodegoias
BRA.9.55_2,BRA.9_1,Goiás,CamposBelos,Município,5204904,camposbelos
BRA.9.56_2,BRA.9_1,Goiás,CamposVerdes,Município,5204953,camposverdes
BRA.9.57_2,BRA.9_1,Goiás,CarmodoRioVerde,Município,5205000,carmodorioverde
BRA.9.58_2,BRA.9_1,Goiás,Castelândia,Município,5205059,castelandia
BRA.9.59_2,BRA.9_1,Goiás,Catalão,Município,5205109,catalao
BRA.9.60_2,BRA.9_1,Goiás,Caturaí,Município,5205208,caturai
BRA.9.61_2,BRA.9_1,Goiás,Cavalcante,Município,5205307,cavalcante
BRA.9.62_2,BRA.9_1,Goiás,Ceres,Município,5205406,ceres
BRA.9.63_2,BRA.9_1,Goiás,Cezarina,Município,5205455,cezarina
BRA.9.64_2,BRA.9_1,Goiás,ChapadãodoCéu,Município,5205471,chapadaodoceu
BRA.9.65_2,BRA.9_1,Goiás,CidadeOcidental,Município,5205497,cidadeocidental
BRA.9.66_2,BRA.9_1,Goiás,CocalzinhodeGoiás,Município,5205513,cocalzinhodegoias
BRA.9.67_2,BRA.9_1,Goiás,ColinasdoSul,Município,5205521,colinasdosul
BRA.9.68_2,BRA.9_1,Goiás,CórregodoOuro,Município,5205703,corregodoouro
BRA.9.69_2,BRA.9_1,Goiás,CorumbádeGoiás,Município,5205802,corumbadegoias
BRA.9.70_2,BRA.9_1,Goiás,Corumbaíba,Município,5205901,corumbaiba
BRA.9.71_2,BRA.9_1,Goiás,Cristalina,Município,5206206,cristalina
BRA.9.72_2,BRA.9_1,Goiás,Cristianópolis,Município,5206305,cristianopolis
BRA.9.73_2,BRA.9_1,Goiás,Crixás,Município,5206404,crixas
BRA.9.74_2,BRA.9_1,Goiás,Cromínia,Município,5206503,crominia
BRA.9.75_2,BRA.9_1,Goiás,Cumari,Município,5206602,cumari
BRA.9.76_2,BRA.9_1,Goiás,Damianópolis,Município,5206701,damianopolis
BRA.9.77_2,BRA.9_1,Goiás,Damolândia,Município,5206800,damolandia
BRA.9.78_2,BRA.9_1,Goiás,Davinópolis,Município,5206909,davinopolis
BRA.9.79_2,BRA.9_1,Goiás,Diorama,Município,5207105,diorama
BRA.9.80_2,BRA.9_1,Goiás,DivinópolisdeGoiás,Município,5208301,divinopolisdegoias
BRA.9.81_2,BRA.9_1,Goiás,Doverlândia,Município,5207253,doverlandia
BRA.9.82_2,BRA.9_1,Goiás,Edealina,Município,5207352,edealina
BRA.9.83_2,BRA.9_1,Goiás,Edéia,Município,5207402,edeia
BRA.9.84_2,BRA.9_1,Goiás,EstreladoNorte,Município,5207501,estreladonorte
BRA.9.85_2,BRA.9_1,Goiás,Faina,Município,5207535,faina
BRA.9.86_2,BRA.9_1,Goiás,FazendaNova,Município,5207600,fazendanova
BRA.9.87_2,BRA.9_1,Goiás,Firminópolis,Município,5207808,firminopolis
BRA.9.88_2,BRA.9_1,Goiás,FloresdeGoiás,Município,5207907,floresdegoias
BRA.9.89_2,BRA.9_1,Goiás,Formosa,Município,5208004,formosa
BRA.9.90_2,BRA.9_1,Goiás,Formoso,Município,5208103,formoso
BRA.9.91_2,BRA.9_1,Goiás,GameleiradeGoiás,Município,5208152,gameleiradegoias
BRA.9.92_2,BRA.9_1,Goiás,Goianápolis,Município,5208400,goianapolis
BRA.9.93_2,BRA.9_1,Goiás,Goiandira,Município,5208509,goiandira
BRA.9.94_2,BRA.9_1,Goiás,Goianésia,Município,5208608,goianesia
BRA.9.95_2,BRA.9_1,Goiás,Goiânia,Município,5208707,goiania
BRA.9.96_2,BRA.9_1,Goiás,Goianira,Município,5208806,goianira
BRA.9.97_2,BRA.9_1,Goiás,Goiás,Município,5208905,goias
BRA.9.98_2,BRA.9_1,Goiás,Goiatuba,Município,5209101,goiatuba
BRA.9.99_2,BRA.9_1,Goiás,Gouvelândia,Município,5209150,gouvelandia
BRA.9.100_2,BRA.9_1,Goiás,Guapó,Município,5209200,guapo
BRA.9.101_2,BRA.9_1,Goiás,Guaraíta,Município,5209291,guaraita
BRA.9.102_2,BRA.9_1,Goiás,GuaranideGoiás,Município,5209408,guaranidegoias
BRA.9.103_2,BRA.9_1,Goiás,Guarinos,Município,5209457,guarinos
BRA.9.104_2,BRA.9_1,Goiás,Heitoraí,Município,5209606,heitorai
BRA.9.105_2,BRA.9_1,Goiás,Hidrolândia,Município,5209705,hidrolandia
BRA.9.106_2,BRA.9_1,Goiás,Hidrolina,Município,5209804,hidrolina
BRA.9.107_2,BRA.9_1,Goiás,Iaciara,Município,5209903,iaciara
BRA.9.108_2,BRA.9_1,Goiás,Inaciolândia,Município,5209937,inaciolandia
BRA.9.109_2,BRA.9_1,Goiás,Indiara,Município,5209952,indiara
BRA.9.110_2,BRA.9_1,Goiás,Inhumas,Município,5210000,inhumas
BRA.9.111_2,BRA.9_1,Goiás,Ipameri,Município,5210109,ipameri
BRA.9.112_2,BRA.9_1,Goiás,IpirangadeGoiás,Município,5210158,ipirangadegoias
BRA.9.113_2,BRA.9_1,Goiás,Iporá,Município,5210208,ipora
BRA.9.114_2,BRA.9_1,Goiás,Israelândia,Município,5210307,israelandia
BRA.9.115_2,BRA.9_1,Goiás,Itaberaí,Município,5210406,itaberai
BRA.9.116_2,BRA.9_1,Goiás,Itaguari,Município,5210562,itaguari
BRA.9.117_2,BRA.9_1,Goiás,Itaguaru,Município,5210604,itaguaru
BRA.9.118_2,BRA.9_1,Goiás,Itajá,Município,5210802,itaja
BRA.9.119_2,BRA.9_1,Goiás,Itapaci,Município,5210901,itapaci
BRA.9.120_2,BRA.9_1,Goiás,Itapirapuã,Município,5211008,itapirapua
BRA.9.121_2,BRA.9_1,Goiás,Itapuranga,Município,5211206,itapuranga
BRA.9.122_2,BRA.9_1,Goiás,Itarumã,Município,5211305,itaruma
BRA.9.123_2,BRA.9_1,Goiás,Itauçu,Município,5211404,itaucu
BRA.9.124_2,BRA.9_1,Goiás,Itumbiara,Município,5211503,itumbiara
BRA.9.125_2,BRA.9_1,Goiás,Ivolândia,Município,5211602,ivolandia
BRA.9.126_2,BRA.9_1,Goiás,Jandaia,Município,5211701,jandaia
BRA.9.127_2,BRA.9_1,Goiás,Jaraguá,Município,5211800,jaragua
BRA.9.128_2,BRA.9_1,Goiás,Jataí,Município,5211909,jatai
BRA.9.129_2,BRA.9_1,Goiás,Jaupaci,Município,5212006,jaupaci
BRA.9.130_2,BRA.9_1,Goiás,Jesúpolis,Município,5212055,jesupolis
BRA.9.131_2,BRA.9_1,Goiás,Joviânia,Município,5212105,joviania
BRA.9.132_2,BRA.9_1,Goiás,Jussara,Município,5212204,jussara
BRA.9.133_2,BRA.9_1,Goiás,LagoaSanta,Município,5212253,lagoasanta
BRA.9.134_2,BRA.9_1,Goiás,LeopoldodeBulhões,Município,5212303,leopoldodebulhoes
BRA.9.135_2,BRA.9_1,Goiás,Luziânia,Município,5212501,luziania
BRA.9.136_2,BRA.9_1,Goiás,Mairipotaba,Município,5212600,mairipotaba
BRA.9.137_2,BRA.9_1,Goiás,Mambaí,Município,5212709,mambai
BRA.9.138_2,BRA.9_1,Goiás,MaraRosa,Município,5212808,mararosa
BRA.9.139_2,BRA.9_1,Goiás,Marzagão,Município,5212907,marzagao
BRA.9.140_2,BRA.9_1,Goiás,Matrinchã,Município,5212956,matrincha
BRA.9.141_2,BRA.9_1,Goiás,Maurilândia,Município,5213004,maurilandia
BRA.9.142_2,BRA.9_1,Goiás,MimosodeGoiás,Município,5213053,mimosodegoias
BRA.9.143_2,BRA.9_1,Goiás,Minaçu,Município,5213087,minacu
BRA.9.144_2,BRA.9_1,Goiás,Mineiros,Município,5213103,mineiros
BRA.9.145_2,BRA.9_1,Goiás,Moiporá,Município,5213400,moipora
BRA.9.146_2,BRA.9_1,Goiás,MonteAlegredeGoiás,Município,5213509,montealegredegoias
BRA.9.147_2,BRA.9_1,Goiás,MontesClarosdeGoiás,Município,5213707,montesclarosdegoias
BRA.9.148_2,BRA.9_1,Goiás,Montividiu,Município,5213756,montividiu
BRA.9.149_2,BRA.9_1,Goiás,MontividiudoNorte,Município,5213772,montividiudonorte
BRA.9.150_2,BRA.9_1,Goiás,Morrinhos,Município,5213806,morrinhos
BRA.9.151_2,BRA.9_1,Goiás,MorroAgudodeGoiás,Município,5213855,morroagudodegoias
BRA.9.152_2,BRA.9_1,Goiás,Mossâmedes,Município,5213905,mossamedes
BRA.9.153_2,BRA.9_1,Goiás,Mozarlândia,Município,5214002,mozarlandia
BRA.9.154_2,BRA.9_1,Goiás,MundoNovo,Município,5214051,mundonovo
BRA.9.155_2,BRA.9_1,Goiás,Mutunópolis,Município,5214101,mutunopolis
BRA.9.156_2,BRA.9_1,Goiás,Nazário,Município,5214408,nazario
BRA.9.157_2,BRA.9_1,Goiás,Nerópolis,Município,5214507,neropolis
BRA.9.158_2,BRA.9_1,Goiás,Niquelândia,Município,5214606,niquelandia
BRA.9.159_2,BRA.9_1,Goiás,NovaAmérica,Município,5214705,novaamerica
BRA.9.160_2,BRA.9_1,Goiás,NovaAurora,Município,5214804,novaaurora
BRA.9.161_2,BRA.9_1,Goiás,NovaCrixás,Município,5214838,novacrixas
BRA.9.162_2,BRA.9_1,Goiás,NovaGlória,Município,5214861,novagloria
BRA.9.163_2,BRA.9_1,Goiás,NovaIguaçudeGoiás,Município,5214879,novaiguacudegoias
BRA.9.164_2,BRA.9_1,Goiás,NovaRoma,Município,5214903,novaroma
BRA.9.165_2,BRA.9_1,Goiás,NovaVeneza,Município,5215009,novaveneza
BRA.9.166_2,BRA.9_1,Goiás,NovoBrasil,Município,5215207,novobrasil
BRA.9.167_2,BRA.9_1,Goiás,NovoGama,Município,5215231,novogama
BRA.9.168_2,BRA.9_1,Goiás,NovoPlanalto,Município,5215256,novoplanalto
BRA.9.169_2,BRA.9_1,Goiás,Orizona,Município,5215306,orizona
BRA.9.170_2,BRA.9_1,Goiás,OuroVerdedeGoiás,Município,5215405,ouroverdedegoias
BRA.9.171_2,BRA.9_1,Goiás,Ouvidor,Município,5215504,ouvidor
BRA.9.172_2,BRA.9_1,Goiás,PadreBernardo,Município,5215603,padrebernardo
BRA.9.173_2,BRA.9_1,Goiás,PalestinadeGoiás,Município,5215652,palestinadegoias
BRA.9.174_2,BRA.9_1,Goiás,PalmeirasdeGoiás,Município,5215702,palmeirasdegoias
BRA.9.175_2,BRA.9_1,Goiás,Palmelo,Município,5215801,palmelo
BRA.9.176_2,BRA.9_1,Goiás,Palminópolis,Município,5215900,palminopolis
BRA.9.177_2,BRA.9_1,Goiás,Panamá,Município,5216007,panama
BRA.9.178_2,BRA.9_1,Goiás,Paranaiguara,Município,5216304,paranaiguara
BRA.9.179_2,BRA.9_1,Goiás,Paraúna,Município,5216403,parauna
BRA.9.180_2,BRA.9_1,Goiás,Perolândia,Município,5216452,perolandia
BRA.9.181_2,BRA.9_1,Goiás,PetrolinadeGoiás,Município,5216809,petrolinadegoias
BRA.9.182_2,BRA.9_1,Goiás,PilardeGoiás,Município,5216908,pilardegoias
BRA.9.183_2,BRA.9_1,Goiás,Piracanjuba,Município,5217104,piracanjuba
BRA.9.184_2,BRA.9_1,Goiás,Piranhas,Município,5217203,piranhas
BRA.9.185_2,BRA.9_1,Goiás,Pirenópolis,Município,5217302,pirenopolis
BRA.9.186_2,BRA.9_1,Goiás,PiresdoRio,Município,5217401,piresdorio
BRA.9.187_2,BRA.9_1,Goiás,Planaltina,Município,5217609,planaltina
BRA.9.188_2,BRA.9_1,Goiás,Pontalina,Município,5217708,pontalina
BRA.9.189_2,BRA.9_1,Goiás,Porangatu,Município,5218003,porangatu
BRA.9.190_2,BRA.9_1,Goiás,Porteirão,Município,5218052,porteirao
BRA.9.191_2,BRA.9_1,Goiás,Portelândia,Município,5218102,portelandia
BRA.9.192_2,BRA.9_1,Goiás,Posse,Município,5218300,posse
BRA.9.193_2,BRA.9_1,Goiás,ProfessorJamil,Município,5218391,professorjamil
BRA.9.194_2,BRA.9_1,Goiás,Quirinópolis,Município,5218508,quirinopolis
BRA.9.195_2,BRA.9_1,Goiás,Rialma,Município,5218607,rialma
BRA.9.196_2,BRA.9_1,Goiás,Rianápolis,Município,5218706,rianapolis
BRA.9.197_2,BRA.9_1,Goiás,RioQuente,Município,5218789,rioquente
BRA.9.198_2,BRA.9_1,Goiás,RioVerde,Município,5218805,rioverde
BRA.9.199_2,BRA.9_1,Goiás,Rubiataba,Município,5218904,rubiataba
BRA.9.200_2,BRA.9_1,Goiás,Sanclerlândia,Município,5219001,sanclerlandia
BRA.9.201_2,BRA.9_1,Goiás,SantaBárbaradeGoiás,Município,5219100,santabarbaradegoias
BRA.9.202_2,BRA.9_1,Goiás,SantaCruzdeGoiás,Município,5219209,santacruzdegoias
BRA.9.203_2,BRA.9_1,Goiás,SantaFédeGoiás,Município,5219258,santafedegoias
BRA.9.204_2,BRA.9_1,Goiás,SantaHelenadeGoiás,Município,5219308,santahelenadegoias
BRA.9.205_2,BRA.9_1,Goiás,SantaIsabel,Município,5219357,santaisabel
BRA.9.206_2,BRA.9_1,Goiás,SantaRitadoAraguaia,Município,5219407,santaritadoaraguaia
BRA.9.207_2,BRA.9_1,Goiás,SantaRitadoNovoDestino,Município,5219456,santaritadonovodestino
BRA.9.208_2,BRA.9_1,Goiás,SantaRosadeGoiás,Município,5219506,santarosadegoias
BRA.9.209_2,BRA.9_1,Goiás,SantaTerezadeGoiás,Município,5219605,santaterezadegoias
BRA.9.210_2,BRA.9_1,Goiás,SantaTerezinhadeGoiás,Município,5219704,santaterezinhadegoias
BRA.9.211_2,BRA.9_1,Goiás,SantoAntôniodaBarra,Município,5219712,santoantoniodabarra
BRA.9.212_2,BRA.9_1,Goiás,SantoAntôniodeGoiás,Município,5219738,santoantoniodegoias
BRA.9.213_2,BRA.9_1,Goiás,SantoAntôniodoDescoberto,Município,5219753,santoantoniododescoberto
BRA.9.214_2,BRA.9_1,Goiás,SãoDomingos,Município,5219803,saodomingos
BRA.9.215_2,BRA.9_1,Goiás,SãoFranciscodeGoiás,Município,5219902,saofranciscodegoias
BRA.9.216_2,BRA.9_1,Goiás,SãoJoãod'Aliança,Município,5220009,saojoaodalianca
BRA.9.217_2,BRA.9_1,Goiás,SãoJoãodaParaúna,Município,5220058,saojoaodaparauna
BRA.9.218_2,BRA.9_1,Goiás,SãoLuísdeMontesBelos,Município,5220108,saoluisdemontesbelos
BRA.9.219_2,BRA.9_1,Goiás,SãoLuizdoNorte,Município,5220157,saoluizdonorte
BRA.9.220_2,BRA.9_1,Goiás,SãoMigueldoAraguaia,Município,5220207,saomigueldoaraguaia
BRA.9.221_2,BRA.9_1,Goiás,SãoMigueldoPassaQuatro,Município,5220264,saomigueldopassaquatro
BRA.9.222_2,BRA.9_1,Goiás,SãoPatrício,Município,5220280,saopatricio
BRA.9.223_2,BRA.9_1,Goiás,SãoSimão,Município,5220405,saosimao
BRA.9.224_2,BRA.9_1,Goiás,SenadorCanedo,Município,5220454,senadorcanedo
BRA.9.225_2,BRA.9_1,Goiás,Serranópolis,Município,5220504,serranopolis
BRA.9.226_2,BRA.9_1,Goiás,Silvânia,Município,5220603,silvania
BRA.9.227_2,BRA.9_1,Goiás,Simolândia,Município,5220686,simolandia
BRA.9.228_2,BRA.9_1,Goiás,Sítiod'Abadia,Município,5220702,sitiodabadia
BRA.9.229_2,BRA.9_1,Goiás,TaquaraldeGoiás,Município,5221007,taquaraldegoias
BRA.9.230_2,BRA.9_1,Goiás,TeresinadeGoiás,Município,5221080,teresinadegoias
BRA.9.231_2,BRA.9_1,Goiás,TerezópolisdeGoiás,Município,5221197,terezopolisdegoias
BRA.9.232_2,BRA.9_1,Goiás,TrêsRanchos,Município,5221304,tresranchos
BRA.9.233_2,BRA.9_1,Goiás,Trindade,Município,5221403,trindade
BRA.9.234_2,BRA.9_1,Goiás,Trombas,Município,5221452,trombas
BRA.9.235_2,BRA.9_1,Goiás,Turvânia,Município,5221502,turvania
BRA.9.236_2,BRA.9_1,Goiás,Turvelândia,Município,5221551,turvelandia
BRA.9.237_2,BRA.9_1,Goiás,Uirapuru,Município,5221577,uirapuru
BRA.9.238_2,BRA.9_1,Goiás,Uruaçu,Município,5221601,uruacu
BRA.9.239_2,BRA.9_1,Goiás,Uruana,Município,5221700,uruana
BRA.9.240_2,BRA.9_1,Goiás,Urutaí,Município,5221809,urutai
BRA.9.241_2,BRA.9_1,Goiás,ValparaísodeGoiás,Município,5221858,valparaisodegoias
BRA.9.242_2,BRA.9_1,Goiás,Varjão,Município,5221908,varjao
BRA.9.243_2,BRA.9_1,Goiás,Vianópolis,Município,5222005,vianopolis
BRA.9.244_2,BRA.9_1,Goiás,Vicentinópolis,Município,5222054,vicentinopolis
BRA.9.245_2,BRA.9_1,Goiás,VilaBoa,Município,5222203,vilaboa
BRA.9.246_2,BRA.9_1,Goiás,VilaPropício,Município,5222302,vilapropicio
BRA.10.1_2,BRA.10_1,Maranhão,Açailândia,Município,2100055,acailandia
BRA.10.2_2,BRA.10_1,Maranhão,AfonsoCunha,Município,2100105,afonsocunha
BRA.10.3_2,BRA.10_1,Maranhão,ÁguaDocedoMaranhão,Município,2100154,aguadocedomaranhao
BRA.10.4_2,BRA.10_1,Maranhão,Alcântara,Município,2100204,alcantara
BRA.10.5_2,BRA.10_1,Maranhão,AldeiasAltas,Município,2100303,aldeiasaltas
BRA.10.6_2,BRA.10_1,Maranhão,AltamiradoMaranhão,Município,2100402,altamiradomaranhao
BRA.10.7_2,BRA.10_1,Maranhão,AltoAlegredoMaranhão,Município,2100436,altoalegredomaranhao
BRA.10.8_2,BRA.10_1,Maranhão,AltoAlegredoPindaré,Município,2100477,altoalegredopindare
BRA.10.9_2,BRA.10_1,Maranhão,AltoParnaíba,Município,2100501,altoparnaiba
BRA.10.10_2,BRA.10_1,Maranhão,AmapádoMaranhão,Município,2100550,amapadomaranhao
BRA.10.11_2,BRA.10_1,Maranhão,AmarantedoMaranhão,Município,2100600,amarantedomaranhao
BRA.10.12_2,BRA.10_1,Maranhão,Anajatuba,Município,2100709,anajatuba
BRA.10.13_2,BRA.10_1,Maranhão,Anapurus,Município,2100808,anapurus
BRA.10.14_2,BRA.10_1,Maranhão,Apicum-Açu,Município,2100832,apicumacu
BRA.10.15_2,BRA.10_1,Maranhão,Araguanã,Município,2100873,araguana
BRA.10.16_2,BRA.10_1,Maranhão,Araioses,Município,2100907,araioses
BRA.10.17_2,BRA.10_1,Maranhão,Arame,Município,2100956,arame
BRA.10.18_2,BRA.10_1,Maranhão,Arari,Município,2101004,arari
BRA.10.19_2,BRA.10_1,Maranhão,Axixá,Município,2101103,axixa
BRA.10.20_2,BRA.10_1,Maranhão,Bacabal,Município,2101202,bacabal
BRA.10.21_2,BRA.10_1,Maranhão,Bacabeira,Município,2101251,bacabeira
BRA.10.22_2,BRA.10_1,Maranhão,Bacuri,Município,2101301,bacuri
BRA.10.23_2,BRA.10_1,Maranhão,Bacurituba,Município,2101350,bacurituba
BRA.10.24_2,BRA.10_1,Maranhão,Balsas,Município,2101400,balsas
BRA.10.25_2,BRA.10_1,Maranhão,BarãodeGrajaú,Município,2101509,baraodegrajau
BRA.10.26_2,BRA.10_1,Maranhão,BarradoCorda,Município,2101608,barradocorda
BRA.10.27_2,BRA.10_1,Maranhão,Barreirinhas,Município,2101707,barreirinhas
BRA.10.28_2,BRA.10_1,Maranhão,BelaVistadoMaranhão,Município,2101772,belavistadomaranhao
BRA.10.29_2,BRA.10_1,Maranhão,Belágua,Município,2101731,belagua
BRA.10.30_2,BRA.10_1,Maranhão,BeneditoLeite,Município,2101806,beneditoleite
BRA.10.31_2,BRA.10_1,Maranhão,Bequimão,Município,2101905,bequimao
BRA.10.32_2,BRA.10_1,Maranhão,BernardodoMearim,Município,2101939,bernardodomearim
BRA.10.33_2,BRA.10_1,Maranhão,BoaVistadoGurupi,Município,2101970,boavistadogurupi
BRA.10.34_2,BRA.10_1,Maranhão,BomJardim,Município,2102002,bomjardim
BRA.10.35_2,BRA.10_1,Maranhão,BomJesusdasSelvas,Município,2102036,bomjesusdasselvas
BRA.10.36_2,BRA.10_1,Maranhão,BomLugar,Município,2102077,bomlugar
BRA.10.37_2,BRA.10_1,Maranhão,Brejo,Município,2102101,brejo
BRA.10.38_2,BRA.10_1,Maranhão,BrejodeAreia,Município,2102150,brejodeareia
BRA.10.39_2,BRA.10_1,Maranhão,Buriti,Município,2102200,buriti
BRA.10.40_2,BRA.10_1,Maranhão,BuritiBravo,Município,2102309,buritibravo
BRA.10.41_2,BRA.10_1,Maranhão,Buriticupu,Município,2102325,buriticupu
BRA.10.42_2,BRA.10_1,Maranhão,Buritirana,Município,2102358,buritirana
BRA.10.43_2,BRA.10_1,Maranhão,CachoeiraGrande,Município,2102374,cachoeiragrande
BRA.10.44_2,BRA.10_1,Maranhão,Cajapió,Município,2102408,cajapio
BRA.10.45_2,BRA.10_1,Maranhão,Cajari,Município,2102507,cajari
BRA.10.46_2,BRA.10_1,Maranhão,CampestredoMaranhão,Município,2102556,campestredomaranhao
BRA.10.47_2,BRA.10_1,Maranhão,CândidoMendes,Município,2102606,candidomendes
BRA.10.48_2,BRA.10_1,Maranhão,Cantanhede,Município,2102705,cantanhede
BRA.10.49_2,BRA.10_1,Maranhão,CapinzaldoNorte,Município,2102754,capinzaldonorte
BRA.10.50_2,BRA.10_1,Maranhão,Carolina,Município,2102804,carolina
BRA.10.51_2,BRA.10_1,Maranhão,Carutapera,Município,2102903,carutapera
BRA.10.52_2,BRA.10_1,Maranhão,Caxias,Município,2103000,caxias
BRA.10.53_2,BRA.10_1,Maranhão,Cedral,Município,2103109,cedral
BRA.10.54_2,BRA.10_1,Maranhão,CentraldoMaranhão,Município,2103125,centraldomaranhao
BRA.10.55_2,BRA.10_1,Maranhão,CentrodoGuilherme,Município,2103158,centrodoguilherme
BRA.10.56_2,BRA.10_1,Maranhão,CentroNovodoMaranhão,Município,2103174,centronovodomaranhao
BRA.10.57_2,BRA.10_1,Maranhão,Chapadinha,Município,2103208,chapadinha
BRA.10.58_2,BRA.10_1,Maranhão,Cidelândia,Município,2103257,cidelandia
BRA.10.59_2,BRA.10_1,Maranhão,Codó,Município,2103307,codo
BRA.10.60_2,BRA.10_1,Maranhão,CoelhoNeto,Município,2103406,coelhoneto
BRA.10.61_2,BRA.10_1,Maranhão,Colinas,Município,2103505,colinas
BRA.10.62_2,BRA.10_1,Maranhão,ConceiçãodoLago-Açu,Município,2103554,conceicaodolagoacu
BRA.10.63_2,BRA.10_1,Maranhão,Coroatá,Município,2103604,coroata
BRA.10.64_2,BRA.10_1,Maranhão,Cururupu,Município,2103703,cururupu
BRA.10.65_2,BRA.10_1,Maranhão,Davinópolis,Município,2103752,davinopolis
BRA.10.66_2,BRA.10_1,Maranhão,DomPedro,Município,2103802,dompedro
BRA.10.67_2,BRA.10_1,Maranhão,DuqueBacelar,Município,2103901,duquebacelar
BRA.10.68_2,BRA.10_1,Maranhão,Esperantinópolis,Município,2104008,esperantinopolis
BRA.10.69_2,BRA.10_1,Maranhão,Estreito,Município,2104057,estreito
BRA.10.70_2,BRA.10_1,Maranhão,FeiraNovadoMaranhão,Município,2104073,feiranovadomaranhao
BRA.10.71_2,BRA.10_1,Maranhão,FernandoFalcão,Município,2104081,fernandofalcao
BRA.10.72_2,BRA.10_1,Maranhão,FormosadaSerraNegra,Município,2104099,formosadaserranegra
BRA.10.73_2,BRA.10_1,Maranhão,FortalezadosNogueiras,Município,2104107,fortalezadosnogueiras
BRA.10.74_2,BRA.10_1,Maranhão,Fortuna,Município,2104206,fortuna
BRA.10.75_2,BRA.10_1,Maranhão,GodofredoViana,Município,2104305,godofredoviana
BRA.10.76_2,BRA.10_1,Maranhão,GonçalvesDias,Município,2104404,goncalvesdias
BRA.10.77_2,BRA.10_1,Maranhão,GovernadorArcher,Município,2104503,governadorarcher
BRA.10.78_2,BRA.10_1,Maranhão,GovernadorEdisonLobão,Município,2104552,governadoredisonlobao
BRA.10.79_2,BRA.10_1,Maranhão,GovernadorEugênioBarros,Município,2104602,governadoreugeniobarros
BRA.10.80_2,BRA.10_1,Maranhão,GovernadorLuizRocha,Município,2104628,governadorluizrocha
BRA.10.81_2,BRA.10_1,Maranhão,GovernadorNewtonBello,Município,2104651,governadornewtonbello
BRA.10.82_2,BRA.10_1,Maranhão,GovernadorNunesFreire,Município,2104677,governadornunesfreire
BRA.10.83_2,BRA.10_1,Maranhão,GraçaAranha,Município,2104701,gracaaranha
BRA.10.84_2,BRA.10_1,Maranhão,Grajaú,Município,2104800,grajau
BRA.10.85_2,BRA.10_1,Maranhão,Guimarães,Município,2104909,guimaraes
BRA.10.86_2,BRA.10_1,Maranhão,HumbertodeCampos,Município,2105005,humbertodecampos
BRA.10.87_2,BRA.10_1,Maranhão,Icatu,Município,2105104,icatu
BRA.10.88_2,BRA.10_1,Maranhão,IgarapédoMeio,Município,2105153,igarapedomeio
BRA.10.89_2,BRA.10_1,Maranhão,IgarapéGrande,Município,2105203,igarapegrande
BRA.10.90_2,BRA.10_1,Maranhão,Imperatriz,Município,2105302,imperatriz
BRA.10.91_2,BRA.10_1,Maranhão,ItaipavadoGrajaú,Município,2105351,itaipavadograjau
BRA.10.92_2,BRA.10_1,Maranhão,ItapecuruMirim,Município,2105401,itapecurumirim
BRA.10.93_2,BRA.10_1,Maranhão,ItingadoMaranhão,Município,2105427,itingadomaranhao
BRA.10.94_2,BRA.10_1,Maranhão,Jatobá,Município,2105450,jatoba
BRA.10.95_2,BRA.10_1,Maranhão,JenipapodosVieiras,Município,2105476,jenipapodosvieiras
BRA.10.96_2,BRA.10_1,Maranhão,JoãoLisboa,Município,2105500,joaolisboa
BRA.10.97_2,BRA.10_1,Maranhão,Joselândia,Município,2105609,joselandia
BRA.10.98_2,BRA.10_1,Maranhão,JuncodoMaranhão,Município,2105658,juncodomaranhao
BRA.10.99_2,BRA.10_1,Maranhão,LagodaPedra,Município,2105708,lagodapedra
BRA.10.100_2,BRA.10_1,Maranhão,LagodoJunco,Município,2105807,lagodojunco
BRA.10.101_2,BRA.10_1,Maranhão,LagodosRodrigues,Município,2105948,lagodosrodrigues
BRA.10.102_2,BRA.10_1,Maranhão,LagoVerde,Município,2105906,lagoverde
BRA.10.103_2,BRA.10_1,Maranhão,LagoadoMato,Município,2105922,lagoadomato
BRA.10.104_2,BRA.10_1,Maranhão,LagoaGrandedoMaranhão,Município,2105963,lagoagrandedomaranhao
BRA.10.105_2,BRA.10_1,Maranhão,LajeadoNovo,Município,2105989,lajeadonovo
BRA.10.106_2,BRA.10_1,Maranhão,LimaCampos,Município,2106003,limacampos
BRA.10.107_2,BRA.10_1,Maranhão,Loreto,Município,2106102,loreto
BRA.10.108_2,BRA.10_1,Maranhão,LuísDomingues,Município,2106201,luisdomingues
BRA.10.109_2,BRA.10_1,Maranhão,MagalhãesdeAlmeida,Município,2106300,magalhaesdealmeida
BRA.10.110_2,BRA.10_1,Maranhão,Maracaçumé,Município,2106326,maracacume
BRA.10.111_2,BRA.10_1,Maranhão,MarajádoSena,Município,2106359,marajadosena
BRA.10.112_2,BRA.10_1,Maranhão,Maranhãozinho,Município,2106375,maranhaozinho
BRA.10.113_2,BRA.10_1,Maranhão,MataRoma,Município,2106409,mataroma
BRA.10.114_2,BRA.10_1,Maranhão,Matinha,Município,2106508,matinha
BRA.10.115_2,BRA.10_1,Maranhão,Matões,Município,2106607,matoes
BRA.10.116_2,BRA.10_1,Maranhão,MatõesdoNorte,Município,2106631,matoesdonorte
BRA.10.117_2,BRA.10_1,Maranhão,MilagresdoMaranhão,Município,2106672,milagresdomaranhao
BRA.10.118_2,BRA.10_1,Maranhão,Mirador,Município,2106706,mirador
BRA.10.119_2,BRA.10_1,Maranhão,MirandadoNorte,Município,2106755,mirandadonorte
BRA.10.120_2,BRA.10_1,Maranhão,Mirinzal,Município,2106805,mirinzal
BRA.10.121_2,BRA.10_1,Maranhão,Monção,Município,2106904,moncao
BRA.10.122_2,BRA.10_1,Maranhão,MontesAltos,Município,2107001,montesaltos
BRA.10.123_2,BRA.10_1,Maranhão,Morros,Município,2107100,morros
BRA.10.124_2,BRA.10_1,Maranhão,NinaRodrigues,Município,2107209,ninarodrigues
BRA.10.125_2,BRA.10_1,Maranhão,NovaColinas,Município,2107258,novacolinas
BRA.10.126_2,BRA.10_1,Maranhão,NovaIorque,Município,2107308,novaiorque
BRA.10.127_2,BRA.10_1,Maranhão,NovaOlindadoMaranhão,Município,2107357,novaolindadomaranhao
BRA.10.128_2,BRA.10_1,Maranhão,Olhod'ÁguadasCunhãs,Município,2107407,olhodaguadascunhas
BRA.10.129_2,BRA.10_1,Maranhão,OlindaNovadoMaranhão,Município,2107456,olindanovadomaranhao
BRA.10.130_2,BRA.10_1,Maranhão,PaçodoLumiar,Município,2107506,pacodolumiar
BRA.10.131_2,BRA.10_1,Maranhão,Palmeirândia,Município,2107605,palmeirandia
BRA.10.132_2,BRA.10_1,Maranhão,Paraibano,Município,2107704,paraibano
BRA.10.133_2,BRA.10_1,Maranhão,Parnarama,Município,2107803,parnarama
BRA.10.134_2,BRA.10_1,Maranhão,PassagemFranca,Município,2107902,passagemfranca
BRA.10.135_2,BRA.10_1,Maranhão,PastosBons,Município,2108009,pastosbons
BRA.10.136_2,BRA.10_1,Maranhão,PaulinoNeves,Município,2108058,paulinoneves
BRA.10.137_2,BRA.10_1,Maranhão,PauloRamos,Município,2108108,pauloramos
BRA.10.138_2,BRA.10_1,Maranhão,Pedreiras,Município,2108207,pedreiras
BRA.10.139_2,BRA.10_1,Maranhão,PedrodoRosário,Município,2108256,pedrodorosario
BRA.10.140_2,BRA.10_1,Maranhão,Penalva,Município,2108306,penalva
BRA.10.141_2,BRA.10_1,Maranhão,PeriMirim,Município,2108405,perimirim
BRA.10.142_2,BRA.10_1,Maranhão,Peritoró,Município,2108454,peritoro
BRA.10.143_2,BRA.10_1,Maranhão,Pindaré-Mirim,Município,2108504,pindaremirim
BRA.10.144_2,BRA.10_1,Maranhão,Pinheiro,Município,2108603,pinheiro
BRA.10.145_2,BRA.10_1,Maranhão,PioXII,Município,2108702,pioxii
BRA.10.146_2,BRA.10_1,Maranhão,Pirapemas,Município,2108801,pirapemas
BRA.10.147_2,BRA.10_1,Maranhão,PoçãodePedras,Município,2108900,pocaodepedras
BRA.10.148_2,BRA.10_1,Maranhão,PortoFranco,Município,2109007,portofranco
BRA.10.149_2,BRA.10_1,Maranhão,PortoRicodoMaranhão,Município,2109056,portoricodomaranhao
BRA.10.150_2,BRA.10_1,Maranhão,PresidenteDutra,Município,2109106,presidentedutra
BRA.10.151_2,BRA.10_1,Maranhão,PresidenteJuscelino,Município,2109205,presidentejuscelino
BRA.10.152_2,BRA.10_1,Maranhão,PresidenteMédici,Município,2109239,presidentemedici
BRA.10.153_2,BRA.10_1,Maranhão,PresidenteSarney,Município,2109270,presidentesarney
BRA.10.154_2,BRA.10_1,Maranhão,PresidenteVargas,Município,2109304,presidentevargas
BRA.10.155_2,BRA.10_1,Maranhão,PrimeiraCruz,Município,2109403,primeiracruz
BRA.10.156_2,BRA.10_1,Maranhão,Raposa,Município,2109452,raposa
BRA.10.157_2,BRA.10_1,Maranhão,Riachão,Município,2109502,riachao
BRA.10.158_2,BRA.10_1,Maranhão,RibamarFiquene,Município,2109551,ribamarfiquene
BRA.10.159_2,BRA.10_1,Maranhão,Rosário,Município,2109601,rosario
BRA.10.160_2,BRA.10_1,Maranhão,Sambaíba,Município,2109700,sambaiba
BRA.10.161_2,BRA.10_1,Maranhão,SantaFilomenadoMaranhão,Município,2109759,santafilomenadomaranhao
BRA.10.162_2,BRA.10_1,Maranhão,SantaHelena,Município,2109809,santahelena
BRA.10.163_2,BRA.10_1,Maranhão,SantaInês,Município,2109908,santaines
BRA.10.164_2,BRA.10_1,Maranhão,SantaLuzia,Município,2110005,santaluzia
BRA.10.165_2,BRA.10_1,Maranhão,SantaLuziadoParuá,Município,2110039,santaluziadoparua
BRA.10.166_2,BRA.10_1,Maranhão,SantaQuitériadoMaranhão,Município,2110104,santaquiteriadomaranhao
BRA.10.167_2,BRA.10_1,Maranhão,SantaRita,Município,2110203,santarita
BRA.10.168_2,BRA.10_1,Maranhão,SantanadoMaranhão,Município,2110237,santanadomaranhao
BRA.10.169_2,BRA.10_1,Maranhão,SantoAmarodoMaranhão,Município,2110278,santoamarodomaranhao
BRA.10.170_2,BRA.10_1,Maranhão,SantoAntôniodosLopes,Município,2110302,santoantoniodoslopes
BRA.10.171_2,BRA.10_1,Maranhão,SãoBeneditodoRioPreto,Município,2110401,saobeneditodoriopreto
BRA.10.172_2,BRA.10_1,Maranhão,SãoBento,Município,2110500,saobento
BRA.10.173_2,BRA.10_1,Maranhão,SãoBernardo,Município,2110609,saobernardo
BRA.10.174_2,BRA.10_1,Maranhão,SãoDomingosdoAzeitão,Município,2110658,saodomingosdoazeitao
BRA.10.175_2,BRA.10_1,Maranhão,SãoDomingosdoMaranhão,Município,2110708,saodomingosdomaranhao
BRA.10.176_2,BRA.10_1,Maranhão,SãoFélixdeBalsas,Município,2110807,saofelixdebalsas
BRA.10.177_2,BRA.10_1,Maranhão,SãoFranciscodoBrejão,Município,2110856,saofranciscodobrejao
BRA.10.178_2,BRA.10_1,Maranhão,SãoFranciscodoMaranhão,Município,2110906,saofranciscodomaranhao
BRA.10.179_2,BRA.10_1,Maranhão,SãoJoãoBatista,Município,2111003,saojoaobatista
BRA.10.180_2,BRA.10_1,Maranhão,SãoJoãodoCarú,Município,2111029,saojoaodocaru
BRA.10.181_2,BRA.10_1,Maranhão,SãoJoãodoParaíso,Município,2111052,saojoaodoparaiso
BRA.10.182_2,BRA.10_1,Maranhão,SãoJoãodoSoter,Município,2111078,saojoaodosoter
BRA.10.183_2,BRA.10_1,Maranhão,SãoJoãodosPatos,Município,2111102,saojoaodospatos
BRA.10.184_2,BRA.10_1,Maranhão,SãoJosédeRibamar,Município,2111201,saojosederibamar
BRA.10.185_2,BRA.10_1,Maranhão,SãoJosédosBasílios,Município,2111250,saojosedosbasilios
BRA.10.186_2,BRA.10_1,Maranhão,SãoLuís,Município,2111300,saoluis
BRA.10.187_2,BRA.10_1,Maranhão,SãoLuísGonzagadoMaranhão,Município,2111409,saoluisgonzagadomaranhao
BRA.10.188_2,BRA.10_1,Maranhão,SãoMateusdoMaranhão,Município,2111508,saomateusdomaranhao
BRA.10.189_2,BRA.10_1,Maranhão,SãoPedrodaÁguaBranca,Município,2111532,saopedrodaaguabranca
BRA.10.190_2,BRA.10_1,Maranhão,SãoPedrodosCrentes,Município,2111573,saopedrodoscrentes
BRA.10.191_2,BRA.10_1,Maranhão,SãoRaimundodasMangabeiras,Município,2111607,saoraimundodasmangabeiras
BRA.10.192_2,BRA.10_1,Maranhão,SãoRaimundodoDocaBezerra,Município,2111631,saoraimundododocabezerra
BRA.10.193_2,BRA.10_1,Maranhão,SãoRoberto,Município,2111672,saoroberto
BRA.10.194_2,BRA.10_1,Maranhão,SãoVicenteFerrer,Município,2111706,saovicenteferrer
BRA.10.195_2,BRA.10_1,Maranhão,Satubinha,Município,2111722,satubinha
BRA.10.196_2,BRA.10_1,Maranhão,SenadorAlexandreCosta,Município,2111748,senadoralexandrecosta
BRA.10.197_2,BRA.10_1,Maranhão,SenadorLaRocque,Município,2111763,senadorlarocque
BRA.10.198_2,BRA.10_1,Maranhão,SerranodoMaranhão,Município,2111789,serranodomaranhao
BRA.10.199_2,BRA.10_1,Maranhão,SítioNovo,Município,2111805,sitionovo
BRA.10.200_2,BRA.10_1,Maranhão,SucupiradoNorte,Município,2111904,sucupiradonorte
BRA.10.201_2,BRA.10_1,Maranhão,SucupiradoRiachão,Município,2111953,sucupiradoriachao
BRA.10.202_2,BRA.10_1,Maranhão,TassoFragoso,Município,2112001,tassofragoso
BRA.10.203_2,BRA.10_1,Maranhão,Timbiras,Município,2112100,timbiras
BRA.10.204_2,BRA.10_1,Maranhão,Timon,Município,2112209,timon
BRA.10.205_2,BRA.10_1,Maranhão,TrizideladoVale,Município,2112233,trizideladovale
BRA.10.206_2,BRA.10_1,Maranhão,Tufilândia,Município,2112274,tufilandia
BRA.10.207_2,BRA.10_1,Maranhão,Tuntum,Município,2112308,tuntum
BRA.10.208_2,BRA.10_1,Maranhão,Turiaçu,Município,2112407,turiacu
BRA.10.209_2,BRA.10_1,Maranhão,Turilândia,Município,2112456,turilandia
BRA.10.210_2,BRA.10_1,Maranhão,Tutóia,Município,2112506,tutoia
BRA.10.211_2,BRA.10_1,Maranhão,UrbanoSantos,Município,2112605,urbanosantos
BRA.10.212_2,BRA.10_1,Maranhão,VargemGrande,Município,2112704,vargemgrande
BRA.10.213_2,BRA.10_1,Maranhão,Viana,Município,2112803,viana
BRA.10.214_2,BRA.10_1,Maranhão,VilaNovadosMartírios,Município,2112852,vilanovadosmartirios
BRA.10.215_2,BRA.10_1,Maranhão,VitóriadoMearim,Município,2112902,vitoriadomearim
BRA.10.216_2,BRA.10_1,Maranhão,VitorinoFreire,Município,2113009,vitorinofreire
BRA.10.217_2,BRA.10_1,Maranhão,ZéDoca,Município,2114007,zedoca
BRA.12.1_2,BRA.12_1,MatoGrosso,Acorizal,Município,5100102,acorizal
BRA.12.2_2,BRA.12_1,MatoGrosso,ÁguaBoa,Município,5100201,aguaboa
BRA.12.3_2,BRA.12_1,MatoGrosso,AltaFloresta,Município,5100250,altafloresta
BRA.12.4_2,BRA.12_1,MatoGrosso,AltoAraguaia,Município,5100300,altoaraguaia
BRA.12.5_2,BRA.12_1,MatoGrosso,AltoBoaVista,Município,5100359,altoboavista
BRA.12.6_2,BRA.12_1,MatoGrosso,AltoGarças,Município,5100409,altogarcas
BRA.12.7_2,BRA.12_1,MatoGrosso,AltoParaguai,Município,5100508,altoparaguai
BRA.12.8_2,BRA.12_1,MatoGrosso,AltoTaquari,Município,5100607,altotaquari
BRA.12.9_2,BRA.12_1,MatoGrosso,Apiacás,Município,5100805,apiacas
BRA.12.10_2,BRA.12_1,MatoGrosso,Araguaiana,Município,5101001,araguaiana
BRA.12.11_2,BRA.12_1,MatoGrosso,Araguainha,Município,5101209,araguainha
BRA.12.12_2,BRA.12_1,MatoGrosso,Araputanga,Município,5101258,araputanga
BRA.12.13_2,BRA.12_1,MatoGrosso,Arenápolis,Município,5101308,arenapolis
BRA.12.14_2,BRA.12_1,MatoGrosso,Aripuanã,Município,5101407,aripuana
BRA.12.15_2,BRA.12_1,MatoGrosso,BarãodeMelgaço,Município,5101605,baraodemelgaco
BRA.12.16_2,BRA.12_1,MatoGrosso,BarradoBugres,Município,5101704,barradobugres
BRA.12.17_2,BRA.12_1,MatoGrosso,BarradoGarças,Município,5101803,barradogarcas
BRA.12.18_2,BRA.12_1,MatoGrosso,BomJesusdoAraguaia,Município,5101852,bomjesusdoaraguaia
BRA.12.19_2,BRA.12_1,MatoGrosso,Brasnorte,Município,5101902,brasnorte
BRA.12.20_2,BRA.12_1,MatoGrosso,Cáceres,Município,5102504,caceres
BRA.12.21_2,BRA.12_1,MatoGrosso,Campinápolis,Município,5102603,campinapolis
BRA.12.22_2,BRA.12_1,MatoGrosso,CampoNovodoParecis,Município,5102637,camponovodoparecis
BRA.12.23_2,BRA.12_1,MatoGrosso,CampoVerde,Município,5102678,campoverde
BRA.12.24_2,BRA.12_1,MatoGrosso,CamposdeJúlio,Município,5102686,camposdejulio
BRA.12.25_2,BRA.12_1,MatoGrosso,CanabravadoNorte,Município,5102694,canabravadonorte
BRA.12.26_2,BRA.12_1,MatoGrosso,Canarana,Município,5102702,canarana
BRA.12.27_2,BRA.12_1,MatoGrosso,Carlinda,Município,5102793,carlinda
BRA.12.28_2,BRA.12_1,MatoGrosso,Castanheira,Município,5102850,castanheira
BRA.12.29_2,BRA.12_1,MatoGrosso,ChapadadosGuimarães,Município,5103007,chapadadosguimaraes
BRA.12.30_2,BRA.12_1,MatoGrosso,Cláudia,Município,5103056,claudia
BRA.12.31_2,BRA.12_1,MatoGrosso,Cocalinho,Município,5103106,cocalinho
BRA.12.32_2,BRA.12_1,MatoGrosso,Colíder,Município,5103205,colider
BRA.12.33_2,BRA.12_1,MatoGrosso,Colniza,Município,5103254,colniza
BRA.12.34_2,BRA.12_1,MatoGrosso,Comodoro,Município,5103304,comodoro
BRA.12.35_2,BRA.12_1,MatoGrosso,Confresa,Município,5103353,confresa
BRA.12.36_2,BRA.12_1,MatoGrosso,ConquistaD'Oeste,Município,5103361,conquistadoeste
BRA.12.37_2,BRA.12_1,MatoGrosso,Cotriguaçu,Município,5103379,cotriguacu
BRA.12.38_2,BRA.12_1,MatoGrosso,Cuiabá,Município,5103403,cuiaba
BRA.12.39_2,BRA.12_1,MatoGrosso,Curvelândia,Município,5103437,curvelandia
BRA.12.40_2,BRA.12_1,MatoGrosso,Denise,Município,5103452,denise
BRA.12.41_2,BRA.12_1,MatoGrosso,Diamantino,Município,5103502,diamantino
BRA.12.42_2,BRA.12_1,MatoGrosso,DomAquino,Município,5103601,domaquino
BRA.12.43_2,BRA.12_1,MatoGrosso,FelizNatal,Município,5103700,feliznatal
BRA.12.44_2,BRA.12_1,MatoGrosso,FigueirópolisD'Oeste,Município,5103809,figueiropolisdoeste
BRA.12.45_2,BRA.12_1,MatoGrosso,GaúchadoNorte,Município,5103858,gauchadonorte
BRA.12.46_2,BRA.12_1,MatoGrosso,GeneralCarneiro,Município,5103908,generalcarneiro
BRA.12.47_2,BRA.12_1,MatoGrosso,GlóriaD'Oeste,Município,5103957,gloriadoeste
BRA.12.48_2,BRA.12_1,MatoGrosso,GuarantãdoNorte,Município,5104104,guarantadonorte
BRA.12.49_2,BRA.12_1,MatoGrosso,Guiratinga,Município,5104203,guiratinga
BRA.12.50_2,BRA.12_1,MatoGrosso,Indiavaí,Município,5104500,indiavai
BRA.12.51_2,BRA.12_1,MatoGrosso,IpirangadoNorte,Município,5104526,ipirangadonorte
BRA.12.52_2,BRA.12_1,MatoGrosso,Itanhangá,Município,5104542,itanhanga
BRA.12.53_2,BRA.12_1,MatoGrosso,Itaúba,Município,5104559,itauba
BRA.12.54_2,BRA.12_1,MatoGrosso,Itiquira,Município,5104609,itiquira
BRA.12.55_2,BRA.12_1,MatoGrosso,Jaciara,Município,5104807,jaciara
BRA.12.56_2,BRA.12_1,MatoGrosso,Jangada,Município,5104906,jangada
BRA.12.57_2,BRA.12_1,MatoGrosso,Jauru,Município,5105002,jauru
BRA.12.58_2,BRA.12_1,MatoGrosso,Juara,Município,5105101,juara
BRA.12.59_2,BRA.12_1,MatoGrosso,Juína,Município,5105150,juina
BRA.12.60_2,BRA.12_1,MatoGrosso,Juruena,Município,5105176,juruena
BRA.12.61_2,BRA.12_1,MatoGrosso,Juscimeira,Município,5105200,juscimeira
BRA.12.62_2,BRA.12_1,MatoGrosso,LambariD'Oeste,Município,5105234,lambaridoeste
BRA.12.63_2,BRA.12_1,MatoGrosso,LucasdoRioVerde,Município,5105259,lucasdorioverde
BRA.12.64_2,BRA.12_1,MatoGrosso,Luciara,Município,5105309,luciara
BRA.12.65_2,BRA.12_1,MatoGrosso,Marcelândia,Município,5105580,marcelandia
BRA.12.66_2,BRA.12_1,MatoGrosso,Matupá,Município,5105606,matupa
BRA.12.67_2,BRA.12_1,MatoGrosso,Mirassold'Oeste,Município,5105622,mirassoldoeste
BRA.12.68_2,BRA.12_1,MatoGrosso,Nobres,Município,5105903,nobres
BRA.12.69_2,BRA.12_1,MatoGrosso,Nortelândia,Município,5106000,nortelandia
BRA.12.70_2,BRA.12_1,MatoGrosso,NossaSenhoradoLivramento,Município,5106109,nossasenhoradolivramento
BRA.12.71_2,BRA.12_1,MatoGrosso,NovaBandeirantes,Município,5106158,novabandeirantes
BRA.12.72_2,BRA.12_1,MatoGrosso,NovaBrasilândia,Município,5106208,novabrasilandia
BRA.12.73_2,BRA.12_1,MatoGrosso,NovaCanaãdoNorte,Município,5106216,novacanaadonorte
BRA.12.74_2,BRA.12_1,MatoGrosso,NovaGuarita,Município,5108808,novaguarita
BRA.12.75_2,BRA.12_1,MatoGrosso,NovaLacerda,Município,5106182,novalacerda
BRA.12.76_2,BRA.12_1,MatoGrosso,NovaMarilândia,Município,5108857,novamarilandia
BRA.12.77_2,BRA.12_1,MatoGrosso,NovaMaringá,Município,5108907,novamaringa
BRA.12.78_2,BRA.12_1,MatoGrosso,NovaMonteVerde,Município,5108956,novamonteverde
BRA.12.79_2,BRA.12_1,MatoGrosso,NovaMutum,Município,5106224,novamutum
BRA.12.80_2,BRA.12_1,MatoGrosso,NovaNazaré,Município,5106174,novanazare
BRA.12.81_2,BRA.12_1,MatoGrosso,NovaOlímpia,Município,5106232,novaolimpia
BRA.12.82_2,BRA.12_1,MatoGrosso,NovaSantaHelena,Município,5106190,novasantahelena
BRA.12.83_2,BRA.12_1,MatoGrosso,NovaUbiratã,Município,5106240,novaubirata
BRA.12.84_2,BRA.12_1,MatoGrosso,NovaXavantina,Município,5106257,novaxavantina
BRA.12.85_2,BRA.12_1,MatoGrosso,NovoHorizontedoNorte,Município,5106273,novohorizontedonorte
BRA.12.86_2,BRA.12_1,MatoGrosso,NovoMundo,Município,5106265,novomundo
BRA.12.87_2,BRA.12_1,MatoGrosso,NovoSantoAntônio,Município,5106315,novosantoantonio
BRA.12.88_2,BRA.12_1,MatoGrosso,NovoSãoJoaquim,Município,5106281,novosaojoaquim
BRA.12.89_2,BRA.12_1,MatoGrosso,Paranaíta,Município,5106299,paranaita
BRA.12.90_2,BRA.12_1,MatoGrosso,Paranatinga,Município,5106307,paranatinga
BRA.12.91_2,BRA.12_1,MatoGrosso,PedraPreta,Município,5106372,pedrapreta
BRA.12.92_2,BRA.12_1,MatoGrosso,PeixotodeAzevedo,Município,5106422,peixotodeazevedo
BRA.12.93_2,BRA.12_1,MatoGrosso,PlanaltodaSerra,Município,5106455,planaltodaserra
BRA.12.94_2,BRA.12_1,MatoGrosso,Poconé,Município,5106505,pocone
BRA.12.95_2,BRA.12_1,MatoGrosso,PontaldoAraguaia,Município,5106653,pontaldoaraguaia
BRA.12.96_2,BRA.12_1,MatoGrosso,PonteBranca,Município,5106703,pontebranca
BRA.12.97_2,BRA.12_1,MatoGrosso,PonteseLacerda,Município,5106752,ponteselacerda
BRA.12.98_2,BRA.12_1,MatoGrosso,PortoAlegredoNorte,Município,5106778,portoalegredonorte
BRA.12.99_2,BRA.12_1,MatoGrosso,PortodosGaúchos,Município,5106802,portodosgauchos
BRA.12.100_2,BRA.12_1,MatoGrosso,PortoEsperidião,Município,5106828,portoesperidiao
BRA.12.101_2,BRA.12_1,MatoGrosso,PortoEstrela,Município,5106851,portoestrela
BRA.12.102_2,BRA.12_1,MatoGrosso,Poxoréu,Município,5107008,poxoreu
BRA.12.103_2,BRA.12_1,MatoGrosso,PrimaveradoLeste,Município,5107040,primaveradoleste
BRA.12.104_2,BRA.12_1,MatoGrosso,Querência,Município,5107065,querencia
BRA.12.105_2,BRA.12_1,MatoGrosso,ReservadoCabaçal,Município,5107156,reservadocabacal
BRA.12.106_2,BRA.12_1,MatoGrosso,RibeirãoCascalheira,Município,5107180,ribeiraocascalheira
BRA.12.107_2,BRA.12_1,MatoGrosso,Ribeirãozinho,Município,5107198,ribeiraozinho
BRA.12.108_2,BRA.12_1,MatoGrosso,RioBranco,Município,5107206,riobranco
BRA.12.109_2,BRA.12_1,MatoGrosso,Rondolândia,Município,5107578,rondolandia
BRA.12.110_2,BRA.12_1,MatoGrosso,Rondonópolis,Município,5107602,rondonopolis
BRA.12.111_2,BRA.12_1,MatoGrosso,RosárioOeste,Município,5107701,rosariooeste
BRA.12.112_2,BRA.12_1,MatoGrosso,SaltodoCéu,Município,5107750,saltodoceu
BRA.12.113_2,BRA.12_1,MatoGrosso,SantaCarmem,Município,5107248,santacarmem
BRA.12.114_2,BRA.12_1,MatoGrosso,SantaCruzdoXingu,Município,5107743,santacruzdoxingu
BRA.12.115_2,BRA.12_1,MatoGrosso,SantaRitadoTrivelato,Município,5107768,santaritadotrivelato
BRA.12.116_2,BRA.12_1,MatoGrosso,SantaTerezinha,Município,5107776,santaterezinha
BRA.12.117_2,BRA.12_1,MatoGrosso,SantoAfonso,Município,5107263,santoafonso
BRA.12.118_2,BRA.12_1,MatoGrosso,SantoAntôniodoLeste,Município,5107792,santoantoniodoleste
BRA.12.119_2,BRA.12_1,MatoGrosso,SantoAntôniodoLeverger,Município,5107800,santoantoniodoleverger
BRA.12.120_2,BRA.12_1,MatoGrosso,SãoFélixdoAraguaia,Município,5107859,saofelixdoaraguaia
BRA.12.121_2,BRA.12_1,MatoGrosso,SãoJosédoPovo,Município,5107297,saojosedopovo
BRA.12.122_2,BRA.12_1,MatoGrosso,SãoJosédoRioClaro,Município,5107305,saojosedorioclaro
BRA.12.123_2,BRA.12_1,MatoGrosso,SãoJosédoXingu,Município,5107354,saojosedoxingu
BRA.12.124_2,BRA.12_1,MatoGrosso,SãoJosédosQuatroMarcos,Município,5107107,saojosedosquatromarcos
BRA.12.125_2,BRA.12_1,MatoGrosso,SãoPedrodaCipa,Município,5107404,saopedrodacipa
BRA.12.126_2,BRA.12_1,MatoGrosso,Sapezal,Município,5107875,sapezal
BRA.12.127_2,BRA.12_1,MatoGrosso,SerraNovaDourada,Município,5107883,serranovadourada
BRA.12.128_2,BRA.12_1,MatoGrosso,Sinop,Município,5107909,sinop
BRA.12.129_2,BRA.12_1,MatoGrosso,Sorriso,Município,5107925,sorriso
BRA.12.130_2,BRA.12_1,MatoGrosso,Tabaporã,Município,5107941,tabapora
BRA.12.131_2,BRA.12_1,MatoGrosso,TangarádaSerra,Município,5107958,tangaradaserra
BRA.12.132_2,BRA.12_1,MatoGrosso,Tapurah,Município,5108006,tapurah
BRA.12.133_2,BRA.12_1,MatoGrosso,TerraNovadoNorte,Município,5108055,terranovadonorte
BRA.12.134_2,BRA.12_1,MatoGrosso,Tesouro,Município,5108105,tesouro
BRA.12.135_2,BRA.12_1,MatoGrosso,Torixoréu,Município,5108204,torixoreu
BRA.12.136_2,BRA.12_1,MatoGrosso,UniãodoSul,Município,5108303,uniaodosul
BRA.12.137_2,BRA.12_1,MatoGrosso,ValedeSãoDomingos,Município,5108352,valedesaodomingos
BRA.12.138_2,BRA.12_1,MatoGrosso,VárzeaGrande,Município,5108402,varzeagrande
BRA.12.139_2,BRA.12_1,MatoGrosso,Vera,Município,5108501,vera
BRA.12.140_2,BRA.12_1,MatoGrosso,VilaBeladaSantíssimaTrindade,Município,5105507,vilabeladasantissimatrindade
BRA.12.141_2,BRA.12_1,MatoGrosso,VilaRica,Município,5108600,vilarica
BRA.11.1_2,BRA.11_1,MatoGrossodoSul,ÁguaClara,Município,5000203,aguaclara
BRA.11.2_2,BRA.11_1,MatoGrossodoSul,Alcinópolis,Município,5000252,alcinopolis
BRA.11.3_2,BRA.11_1,MatoGrossodoSul,Amambai,Município,5000609,amambai
BRA.11.4_2,BRA.11_1,MatoGrossodoSul,Anastácio,Município,5000708,anastacio
BRA.11.5_2,BRA.11_1,MatoGrossodoSul,Anaurilândia,Município,5000807,anaurilandia
BRA.11.6_2,BRA.11_1,MatoGrossodoSul,Angélica,Município,5000856,angelica
BRA.11.7_2,BRA.11_1,MatoGrossodoSul,AntônioJoão,Município,5000906,antoniojoao
BRA.11.8_2,BRA.11_1,MatoGrossodoSul,AparecidadoTaboado,Município,5001003,aparecidadotaboado
BRA.11.9_2,BRA.11_1,MatoGrossodoSul,Aquidauana,Município,5001102,aquidauana
BRA.11.10_2,BRA.11_1,MatoGrossodoSul,AralMoreira,Município,5001243,aralmoreira
BRA.11.11_2,BRA.11_1,MatoGrossodoSul,Bandeirantes,Município,5001508,bandeirantes
BRA.11.12_2,BRA.11_1,MatoGrossodoSul,Bataguassu,Município,5001904,bataguassu
BRA.11.13_2,BRA.11_1,MatoGrossodoSul,Batayporã,Município,5002001,bataypora
BRA.11.14_2,BRA.11_1,MatoGrossodoSul,BelaVista,Município,5002100,belavista
BRA.11.15_2,BRA.11_1,MatoGrossodoSul,Bodoquena,Município,5002159,bodoquena
BRA.11.16_2,BRA.11_1,MatoGrossodoSul,Bonito,Município,5002209,bonito
BRA.11.17_2,BRA.11_1,MatoGrossodoSul,Brasilândia,Município,5002308,brasilandia
BRA.11.18_2,BRA.11_1,MatoGrossodoSul,Caarapó,Município,5002407,caarapo
BRA.11.19_2,BRA.11_1,MatoGrossodoSul,Camapuã,Município,5002605,camapua
BRA.11.20_2,BRA.11_1,MatoGrossodoSul,CampoGrande,Município,5002704,campogrande
BRA.11.21_2,BRA.11_1,MatoGrossodoSul,Caracol,Município,5002803,caracol
BRA.11.22_2,BRA.11_1,MatoGrossodoSul,Cassilândia,Município,5002902,cassilandia
BRA.11.23_2,BRA.11_1,MatoGrossodoSul,ChapadãodoSul,Município,5002951,chapadaodosul
BRA.11.24_2,BRA.11_1,MatoGrossodoSul,Corguinho,Município,5003108,corguinho
BRA.11.25_2,BRA.11_1,MatoGrossodoSul,CoronelSapucaia,Município,5003157,coronelsapucaia
BRA.11.26_2,BRA.11_1,MatoGrossodoSul,Corumbá,Município,5003207,corumba
BRA.11.27_2,BRA.11_1,MatoGrossodoSul,CostaRica,Município,5003256,costarica
BRA.11.28_2,BRA.11_1,MatoGrossodoSul,Coxim,Município,5003306,coxim
BRA.11.29_2,BRA.11_1,MatoGrossodoSul,Deodápolis,Município,5003454,deodapolis
BRA.11.30_2,BRA.11_1,MatoGrossodoSul,DoisIrmãosdoBuriti,Município,5003488,doisirmaosdoburiti
BRA.11.31_2,BRA.11_1,MatoGrossodoSul,Douradina,Município,5003504,douradina
BRA.11.32_2,BRA.11_1,MatoGrossodoSul,Dourados,Município,5003702,dourados
BRA.11.33_2,BRA.11_1,MatoGrossodoSul,Eldorado,Município,5003751,eldorado
BRA.11.34_2,BRA.11_1,MatoGrossodoSul,FátimadoSul,Município,5003801,fatimadosul
BRA.11.35_2,BRA.11_1,MatoGrossodoSul,Figueirão,Município,5003900,figueirao
BRA.11.36_2,BRA.11_1,MatoGrossodoSul,GlóriadeDourados,Município,5004007,gloriadedourados
BRA.11.37_2,BRA.11_1,MatoGrossodoSul,GuiaLopesdaLaguna,Município,5004106,guialopesdalaguna
BRA.11.38_2,BRA.11_1,MatoGrossodoSul,Iguatemi,Município,5004304,iguatemi
BRA.11.39_2,BRA.11_1,MatoGrossodoSul,Inocência,Município,5004403,inocencia
BRA.11.40_2,BRA.11_1,MatoGrossodoSul,Itaporã,Município,5004502,itapora
BRA.11.41_2,BRA.11_1,MatoGrossodoSul,Itaquiraí,Município,5004601,itaquirai
BRA.11.42_2,BRA.11_1,MatoGrossodoSul,Ivinhema,Município,5004700,ivinhema
BRA.11.43_2,BRA.11_1,MatoGrossodoSul,Japorã,Município,5004809,japora
BRA.11.44_2,BRA.11_1,MatoGrossodoSul,Jaraguari,Município,5004908,jaraguari
BRA.11.45_2,BRA.11_1,MatoGrossodoSul,Jardim,Município,5005004,jardim
BRA.11.46_2,BRA.11_1,MatoGrossodoSul,Jateí,Município,5005103,jatei
BRA.11.47_2,BRA.11_1,MatoGrossodoSul,Juti,Município,5005152,juti
BRA.11.48_2,BRA.11_1,MatoGrossodoSul,Ladário,Município,5005202,ladario
BRA.11.49_2,BRA.11_1,MatoGrossodoSul,LagunaCarapã,Município,5005251,lagunacarapa
BRA.11.50_2,BRA.11_1,MatoGrossodoSul,Maracaju,Município,5005400,maracaju
BRA.11.51_2,BRA.11_1,MatoGrossodoSul,Miranda,Município,5005608,miranda
BRA.11.52_2,BRA.11_1,MatoGrossodoSul,MundoNovo,Município,5005681,mundonovo
BRA.11.53_2,BRA.11_1,MatoGrossodoSul,Naviraí,Município,5005707,navirai
BRA.11.54_2,BRA.11_1,MatoGrossodoSul,Nioaque,Município,5005806,nioaque
BRA.11.55_2,BRA.11_1,MatoGrossodoSul,NovaAlvoradadoSul,Município,5006002,novaalvoradadosul
BRA.11.56_2,BRA.11_1,MatoGrossodoSul,NovaAndradina,Município,5006200,novaandradina
BRA.11.57_2,BRA.11_1,MatoGrossodoSul,NovoHorizontedoSul,Município,5006259,novohorizontedosul
BRA.11.58_2,BRA.11_1,MatoGrossodoSul,ParaísodasÁguas,Município,5006275,paraisodasaguas
BRA.11.59_2,BRA.11_1,MatoGrossodoSul,Paranaíba,Município,5006309,paranaiba
BRA.11.60_2,BRA.11_1,MatoGrossodoSul,Paranhos,Município,5006358,paranhos
BRA.11.61_2,BRA.11_1,MatoGrossodoSul,PedroGomes,Município,5006408,pedrogomes
BRA.11.62_2,BRA.11_1,MatoGrossodoSul,PontaPorã,Município,5006606,pontapora
BRA.11.63_2,BRA.11_1,MatoGrossodoSul,PortoMurtinho,Município,5006903,portomurtinho
BRA.11.64_2,BRA.11_1,MatoGrossodoSul,RibasdoRioPardo,Município,5007109,ribasdoriopardo
BRA.11.65_2,BRA.11_1,MatoGrossodoSul,RioBrilhante,Município,5007208,riobrilhante
BRA.11.66_2,BRA.11_1,MatoGrossodoSul,RioNegro,Município,5007307,rionegro
BRA.11.67_2,BRA.11_1,MatoGrossodoSul,RioVerdedeMatoGrosso,Município,5007406,rioverdedematogrosso
BRA.11.68_2,BRA.11_1,MatoGrossodoSul,Rochedo,Município,5007505,rochedo
BRA.11.69_2,BRA.11_1,MatoGrossodoSul,SantaRitadoPardo,Município,5007554,santaritadopardo
BRA.11.70_2,BRA.11_1,MatoGrossodoSul,SãoGabrieldoOeste,Município,5007695,saogabrieldooeste
BRA.11.71_2,BRA.11_1,MatoGrossodoSul,Selvíria,Município,5007802,selviria
BRA.11.72_2,BRA.11_1,MatoGrossodoSul,SeteQuedas,Município,5007703,setequedas
BRA.11.73_2,BRA.11_1,MatoGrossodoSul,Sidrolândia,Município,5007901,sidrolandia
BRA.11.74_2,BRA.11_1,MatoGrossodoSul,Sonora,Município,5007935,sonora
BRA.11.75_2,BRA.11_1,MatoGrossodoSul,Tacuru,Município,5007950,tacuru
BRA.11.76_2,BRA.11_1,MatoGrossodoSul,Taquarussu,Município,5007976,taquarussu
BRA.11.77_2,BRA.11_1,MatoGrossodoSul,Terenos,Município,5008008,terenos
BRA.11.78_2,BRA.11_1,MatoGrossodoSul,TrêsLagoas,Município,5008305,treslagoas
BRA.11.79_2,BRA.11_1,MatoGrossodoSul,Vicentina,Município,5008404,vicentina
BRA.13.1_2,BRA.13_1,MinasGerais,AbadiadosDourados,Município,3100104,abadiadosdourados
BRA.13.2_2,BRA.13_1,MinasGerais,Abaeté,Município,3100203,abaete
BRA.13.3_2,BRA.13_1,MinasGerais,AbreCampo,Município,3100302,abrecampo
BRA.13.4_2,BRA.13_1,MinasGerais,Acaiaca,Município,3100401,acaiaca
BRA.13.5_2,BRA.13_1,MinasGerais,Açucena,Município,3100500,acucena
BRA.13.6_2,BRA.13_1,MinasGerais,ÁguaBoa,Município,3100609,aguaboa
BRA.13.7_2,BRA.13_1,MinasGerais,ÁguaComprida,Município,3100708,aguacomprida
BRA.13.8_2,BRA.13_1,MinasGerais,Aguanil,Município,3100807,aguanil
BRA.13.9_2,BRA.13_1,MinasGerais,ÁguasFormosas,Município,3100906,aguasformosas
BRA.13.10_2,BRA.13_1,MinasGerais,ÁguasVermelhas,Município,3101003,aguasvermelhas
BRA.13.11_2,BRA.13_1,MinasGerais,Aimorés,Município,3101102,aimores
BRA.13.12_2,BRA.13_1,MinasGerais,Aiuruoca,Município,3101201,aiuruoca
BRA.13.13_2,BRA.13_1,MinasGerais,Alagoa,Município,3101300,alagoa
BRA.13.14_2,BRA.13_1,MinasGerais,Albertina,Município,3101409,albertina
BRA.13.15_2,BRA.13_1,MinasGerais,AlémParaíba,Município,3101508,alemparaiba
BRA.13.16_2,BRA.13_1,MinasGerais,Alfenas,Município,3101607,alfenas
BRA.13.17_2,BRA.13_1,MinasGerais,AlfredoVasconcelos,Município,3101631,alfredovasconcelos
BRA.13.18_2,BRA.13_1,MinasGerais,Almenara,Município,3101706,almenara
BRA.13.19_2,BRA.13_1,MinasGerais,Alpercata,Município,3101805,alpercata
BRA.13.20_2,BRA.13_1,MinasGerais,Alpinópolis,Município,3101904,alpinopolis
BRA.13.21_2,BRA.13_1,MinasGerais,Alterosa,Município,3102001,alterosa
BRA.13.22_2,BRA.13_1,MinasGerais,AltoCaparaó,Município,3102050,altocaparao
BRA.13.23_2,BRA.13_1,MinasGerais,AltoJequitibá,Município,3153509,altojequitiba
BRA.13.24_2,BRA.13_1,MinasGerais,AltoRioDoce,Município,3102100,altoriodoce
BRA.13.25_2,BRA.13_1,MinasGerais,Alvarenga,Município,3102209,alvarenga
BRA.13.26_2,BRA.13_1,MinasGerais,Alvinópolis,Município,3102308,alvinopolis
BRA.13.27_2,BRA.13_1,MinasGerais,AlvoradadeMinas,Município,3102407,alvoradademinas
BRA.13.28_2,BRA.13_1,MinasGerais,AmparodoSerra,Município,3102506,amparodoserra
BRA.13.29_2,BRA.13_1,MinasGerais,Andradas,Município,3102605,andradas
BRA.13.30_2,BRA.13_1,MinasGerais,Andrelândia,Município,3102803,andrelandia
BRA.13.31_2,BRA.13_1,MinasGerais,Angelândia,Município,3102852,angelandia
BRA.13.32_2,BRA.13_1,MinasGerais,AntônioCarlos,Município,3102902,antoniocarlos
BRA.13.33_2,BRA.13_1,MinasGerais,AntônioDias,Município,3103009,antoniodias
BRA.13.34_2,BRA.13_1,MinasGerais,AntônioPradodeMinas,Município,3103108,antoniopradodeminas
BRA.13.35_2,BRA.13_1,MinasGerais,Araçaí,Município,3103207,aracai
BRA.13.36_2,BRA.13_1,MinasGerais,Aracitaba,Município,3103306,aracitaba
BRA.13.37_2,BRA.13_1,MinasGerais,Araçuaí,Município,3103405,aracuai
BRA.13.38_2,BRA.13_1,MinasGerais,Araguari,Município,3103504,araguari
BRA.13.39_2,BRA.13_1,MinasGerais,Arantina,Município,3103603,arantina
BRA.13.40_2,BRA.13_1,MinasGerais,Araponga,Município,3103702,araponga
BRA.13.41_2,BRA.13_1,MinasGerais,Araporã,Município,3103751,arapora
BRA.13.42_2,BRA.13_1,MinasGerais,Arapuá,Município,3103801,arapua
BRA.13.43_2,BRA.13_1,MinasGerais,Araújos,Município,3103900,araujos
BRA.13.44_2,BRA.13_1,MinasGerais,Araxá,Município,3104007,araxa
BRA.13.45_2,BRA.13_1,MinasGerais,Arceburgo,Município,3104106,arceburgo
BRA.13.46_2,BRA.13_1,MinasGerais,Arcos,Município,3104205,arcos
BRA.13.47_2,BRA.13_1,MinasGerais,Areado,Município,3104304,areado
BRA.13.48_2,BRA.13_1,MinasGerais,Argirita,Município,3104403,argirita
BRA.13.49_2,BRA.13_1,MinasGerais,Aricanduva,Município,3104452,aricanduva
BRA.13.50_2,BRA.13_1,MinasGerais,Arinos,Município,3104502,arinos
BRA.13.51_2,BRA.13_1,MinasGerais,AstolfoDutra,Município,3104601,astolfodutra
BRA.13.52_2,BRA.13_1,MinasGerais,Ataléia,Município,3104700,ataleia
BRA.13.53_2,BRA.13_1,MinasGerais,AugustodeLima,Município,3104809,augustodelima
BRA.13.54_2,BRA.13_1,MinasGerais,Baependi,Município,3104908,baependi
BRA.13.55_2,BRA.13_1,MinasGerais,Baldim,Município,3105004,baldim
BRA.13.56_2,BRA.13_1,MinasGerais,Bambuí,Município,3105103,bambui
BRA.13.57_2,BRA.13_1,MinasGerais,Bandeira,Município,3105202,bandeira
BRA.13.58_2,BRA.13_1,MinasGerais,BandeiradoSul,Município,3105301,bandeiradosul
BRA.13.59_2,BRA.13_1,MinasGerais,BarãodeCocais,Município,3105400,baraodecocais
BRA.13.60_2,BRA.13_1,MinasGerais,BarãodeMonteAlto,Município,3105509,baraodemontealto
BRA.13.61_2,BRA.13_1,MinasGerais,Barbacena,Município,3105608,barbacena
BRA.13.62_2,BRA.13_1,MinasGerais,BarraLonga,Município,3105707,barralonga
BRA.13.63_2,BRA.13_1,MinasGerais,Barroso,Município,3105905,barroso
BRA.13.64_2,BRA.13_1,MinasGerais,BelaVistadeMinas,Município,3106002,belavistademinas
BRA.13.65_2,BRA.13_1,MinasGerais,BelmiroBraga,Município,3106101,belmirobraga
BRA.13.66_2,BRA.13_1,MinasGerais,BeloHorizonte,Município,3106200,belohorizonte
BRA.13.67_2,BRA.13_1,MinasGerais,BeloOriente,Município,3106309,belooriente
BRA.13.68_2,BRA.13_1,MinasGerais,BeloVale,Município,3106408,belovale
BRA.13.69_2,BRA.13_1,MinasGerais,Berilo,Município,3106507,berilo
BRA.13.70_2,BRA.13_1,MinasGerais,Berizal,Município,3106655,berizal
BRA.13.71_2,BRA.13_1,MinasGerais,Bertópolis,Município,3106606,bertopolis
BRA.13.72_2,BRA.13_1,MinasGerais,Betim,Município,3106705,betim
BRA.13.73_2,BRA.13_1,MinasGerais,BiasFortes,Município,3106804,biasfortes
BRA.13.74_2,BRA.13_1,MinasGerais,Bicas,Município,3106903,bicas
BRA.13.75_2,BRA.13_1,MinasGerais,Biquinhas,Município,3107000,biquinhas
BRA.13.76_2,BRA.13_1,MinasGerais,BoaEsperança,Município,3107109,boaesperanca
BRA.13.77_2,BRA.13_1,MinasGerais,BocainadeMinas,Município,3107208,bocainademinas
BRA.13.78_2,BRA.13_1,MinasGerais,Bocaiúva,Município,3107307,bocaiuva
BRA.13.79_2,BRA.13_1,MinasGerais,BomDespacho,Município,3107406,bomdespacho
BRA.13.80_2,BRA.13_1,MinasGerais,BomJardimdeMinas,Município,3107505,bomjardimdeminas
BRA.13.81_2,BRA.13_1,MinasGerais,BomJesusdaPenha,Município,3107604,bomjesusdapenha
BRA.13.82_2,BRA.13_1,MinasGerais,BomJesusdoAmparo,Município,3107703,bomjesusdoamparo
BRA.13.83_2,BRA.13_1,MinasGerais,BomJesusdoGalho,Município,3107802,bomjesusdogalho
BRA.13.84_2,BRA.13_1,MinasGerais,BomRepouso,Município,3107901,bomrepouso
BRA.13.85_2,BRA.13_1,MinasGerais,BomSucesso,Município,3108008,bomsucesso
BRA.13.86_2,BRA.13_1,MinasGerais,Bonfim,Município,3108107,bonfim
BRA.13.87_2,BRA.13_1,MinasGerais,BonfinópolisdeMinas,Município,3108206,bonfinopolisdeminas
BRA.13.88_2,BRA.13_1,MinasGerais,BonitodeMinas,Município,3108255,bonitodeminas
BRA.13.89_2,BRA.13_1,MinasGerais,BordadaMata,Município,3108305,bordadamata
BRA.13.90_2,BRA.13_1,MinasGerais,Botelhos,Município,3108404,botelhos
BRA.13.91_2,BRA.13_1,MinasGerais,Botumirim,Município,3108503,botumirim
BRA.13.92_2,BRA.13_1,MinasGerais,BrásPires,Município,3108701,braspires
BRA.13.93_2,BRA.13_1,MinasGerais,BrasilândiadeMinas,Município,3108552,brasilandiademinas
BRA.13.94_2,BRA.13_1,MinasGerais,BrasíliadeMinas,Município,3108602,brasiliademinas
BRA.13.95_2,BRA.13_1,MinasGerais,Braúnas,Município,3108800,braunas
BRA.13.96_2,BRA.13_1,MinasGerais,Brazópolis,Município,3108909,brazopolis
BRA.13.97_2,BRA.13_1,MinasGerais,Brumadinho,Município,3109006,brumadinho
BRA.13.98_2,BRA.13_1,MinasGerais,BuenoBrandão,Município,3109105,buenobrandao
BRA.13.99_2,BRA.13_1,MinasGerais,Buenópolis,Município,3109204,buenopolis
BRA.13.100_2,BRA.13_1,MinasGerais,Bugre,Município,3109253,bugre
BRA.13.101_2,BRA.13_1,MinasGerais,Buritis,Município,3109303,buritis
BRA.13.102_2,BRA.13_1,MinasGerais,Buritizeiro,Município,3109402,buritizeiro
BRA.13.103_2,BRA.13_1,MinasGerais,CabeceiraGrande,Município,3109451,cabeceiragrande
BRA.13.104_2,BRA.13_1,MinasGerais,CaboVerde,Município,3109501,caboverde
BRA.13.105_2,BRA.13_1,MinasGerais,CachoeiradaPrata,Município,3109600,cachoeiradaprata
BRA.13.106_2,BRA.13_1,MinasGerais,CachoeiradeMinas,Município,3109709,cachoeirademinas
BRA.13.107_2,BRA.13_1,MinasGerais,CachoeiradePajeú,Município,3102704,cachoeiradepajeu
BRA.13.108_2,BRA.13_1,MinasGerais,CachoeiraDourada,Município,3109808,cachoeiradourada
BRA.13.109_2,BRA.13_1,MinasGerais,Caetanópolis,Município,3109907,caetanopolis
BRA.13.110_2,BRA.13_1,MinasGerais,Caeté,Município,3110004,caete
BRA.13.111_2,BRA.13_1,MinasGerais,Caiana,Município,3110103,caiana
BRA.13.112_2,BRA.13_1,MinasGerais,Cajuri,Município,3110202,cajuri
BRA.13.113_2,BRA.13_1,MinasGerais,Caldas,Município,3110301,caldas
BRA.13.114_2,BRA.13_1,MinasGerais,Camacho,Município,3110400,camacho
BRA.13.115_2,BRA.13_1,MinasGerais,Camanducaia,Município,3110509,camanducaia
BRA.13.116_2,BRA.13_1,MinasGerais,Cambuí,Município,3110608,cambui
BRA.13.117_2,BRA.13_1,MinasGerais,Cambuquira,Município,3110707,cambuquira
BRA.13.118_2,BRA.13_1,MinasGerais,Campanário,Município,3110806,campanario
BRA.13.119_2,BRA.13_1,MinasGerais,Campanha,Município,3110905,campanha
BRA.13.120_2,BRA.13_1,MinasGerais,Campestre,Município,3111002,campestre
BRA.13.121_2,BRA.13_1,MinasGerais,CampinaVerde,Município,3111101,campinaverde
BRA.13.122_2,BRA.13_1,MinasGerais,CampoAzul,Município,3111150,campoazul
BRA.13.123_2,BRA.13_1,MinasGerais,CampoBelo,Município,3111200,campobelo
BRA.13.124_2,BRA.13_1,MinasGerais,CampodoMeio,Município,3111309,campodomeio
BRA.13.125_2,BRA.13_1,MinasGerais,CampoFlorido,Município,3111408,campoflorido
BRA.13.126_2,BRA.13_1,MinasGerais,CamposAltos,Município,3111507,camposaltos
BRA.13.127_2,BRA.13_1,MinasGerais,CamposGerais,Município,3111606,camposgerais
BRA.13.128_2,BRA.13_1,MinasGerais,CanaVerde,Município,3111903,canaverde
BRA.13.129_2,BRA.13_1,MinasGerais,Canaã,Município,3111705,canaa
BRA.13.130_2,BRA.13_1,MinasGerais,Canápolis,Município,3111804,canapolis
BRA.13.131_2,BRA.13_1,MinasGerais,Candeias,Município,3112000,candeias
BRA.13.132_2,BRA.13_1,MinasGerais,Cantagalo,Município,3112059,cantagalo
BRA.13.133_2,BRA.13_1,MinasGerais,Caparaó,Município,3112109,caparao
BRA.13.134_2,BRA.13_1,MinasGerais,CapelaNova,Município,3112208,capelanova
BRA.13.135_2,BRA.13_1,MinasGerais,Capelinha,Município,3112307,capelinha
BRA.13.136_2,BRA.13_1,MinasGerais,Capetinga,Município,3112406,capetinga
BRA.13.137_2,BRA.13_1,MinasGerais,CapimBranco,Município,3112505,capimbranco
BRA.13.138_2,BRA.13_1,MinasGerais,Capinópolis,Município,3112604,capinopolis
BRA.13.139_2,BRA.13_1,MinasGerais,CapitãoAndrade,Município,3112653,capitaoandrade
BRA.13.140_2,BRA.13_1,MinasGerais,CapitãoEnéas,Município,3112703,capitaoeneas
BRA.13.141_2,BRA.13_1,MinasGerais,Capitólio,Município,3112802,capitolio
BRA.13.142_2,BRA.13_1,MinasGerais,Caputira,Município,3112901,caputira
BRA.13.143_2,BRA.13_1,MinasGerais,Caraí,Município,3113008,carai
BRA.13.144_2,BRA.13_1,MinasGerais,Caranaíba,Município,3113107,caranaiba
BRA.13.145_2,BRA.13_1,MinasGerais,Carandaí,Município,3113206,carandai
BRA.13.146_2,BRA.13_1,MinasGerais,Carangola,Município,3113305,carangola
BRA.13.147_2,BRA.13_1,MinasGerais,Caratinga,Município,3113404,caratinga
BRA.13.148_2,BRA.13_1,MinasGerais,Carbonita,Município,3113503,carbonita
BRA.13.149_2,BRA.13_1,MinasGerais,Careaçu,Município,3113602,careacu
BRA.13.150_2,BRA.13_1,MinasGerais,CarlosChagas,Município,3113701,carloschagas
BRA.13.151_2,BRA.13_1,MinasGerais,Carmésia,Município,3113800,carmesia
BRA.13.152_2,BRA.13_1,MinasGerais,CarmodaCachoeira,Município,3113909,carmodacachoeira
BRA.13.153_2,BRA.13_1,MinasGerais,CarmodaMata,Município,3114006,carmodamata
BRA.13.154_2,BRA.13_1,MinasGerais,CarmodeMinas,Município,3114105,carmodeminas
BRA.13.155_2,BRA.13_1,MinasGerais,CarmodoCajuru,Município,3114204,carmodocajuru
BRA.13.156_2,BRA.13_1,MinasGerais,CarmodoParanaíba,Município,3114303,carmodoparanaiba
BRA.13.157_2,BRA.13_1,MinasGerais,CarmodoRioClaro,Município,3114402,carmodorioclaro
BRA.13.158_2,BRA.13_1,MinasGerais,CarmópolisdeMinas,Município,3114501,carmopolisdeminas
BRA.13.159_2,BRA.13_1,MinasGerais,Carneirinho,Município,3114550,carneirinho
BRA.13.160_2,BRA.13_1,MinasGerais,Carrancas,Município,3114600,carrancas
BRA.13.161_2,BRA.13_1,MinasGerais,Carvalhópolis,Município,3114709,carvalhopolis
BRA.13.162_2,BRA.13_1,MinasGerais,Carvalhos,Município,3114808,carvalhos
BRA.13.163_2,BRA.13_1,MinasGerais,CasaGrande,Município,3114907,casagrande
BRA.13.164_2,BRA.13_1,MinasGerais,CascalhoRico,Município,3115003,cascalhorico
BRA.13.165_2,BRA.13_1,MinasGerais,Cássia,Município,3115102,cassia
BRA.13.166_2,BRA.13_1,MinasGerais,Cataguases,Município,3115300,cataguases
BRA.13.167_2,BRA.13_1,MinasGerais,CatasAltas,Município,3115359,catasaltas
BRA.13.168_2,BRA.13_1,MinasGerais,CatasAltasdaNoruega,Município,3115409,catasaltasdanoruega
BRA.13.169_2,BRA.13_1,MinasGerais,Catuji,Município,3115458,catuji
BRA.13.170_2,BRA.13_1,MinasGerais,Catuti,Município,3115474,catuti
BRA.13.171_2,BRA.13_1,MinasGerais,Caxambu,Município,3115508,caxambu
BRA.13.172_2,BRA.13_1,MinasGerais,CedrodoAbaeté,Município,3115607,cedrodoabaete
BRA.13.173_2,BRA.13_1,MinasGerais,CentraldeMinas,Município,3115706,centraldeminas
BRA.13.174_2,BRA.13_1,MinasGerais,Centralina,Município,3115805,centralina
BRA.13.175_2,BRA.13_1,MinasGerais,Chácara,Município,3115904,chacara
BRA.13.176_2,BRA.13_1,MinasGerais,Chalé,Município,3116001,chale
BRA.13.177_2,BRA.13_1,MinasGerais,ChapadadoNorte,Município,3116100,chapadadonorte
BRA.13.178_2,BRA.13_1,MinasGerais,ChapadaGaúcha,Município,3116159,chapadagaucha
BRA.13.179_2,BRA.13_1,MinasGerais,Chiador,Município,3116209,chiador
BRA.13.180_2,BRA.13_1,MinasGerais,Cipotânea,Município,3116308,cipotanea
BRA.13.181_2,BRA.13_1,MinasGerais,Claraval,Município,3116407,claraval
BRA.13.182_2,BRA.13_1,MinasGerais,ClarodosPoções,Município,3116506,clarodospocoes
BRA.13.183_2,BRA.13_1,MinasGerais,Cláudio,Município,3116605,claudio
BRA.13.184_2,BRA.13_1,MinasGerais,Coimbra,Município,3116704,coimbra
BRA.13.185_2,BRA.13_1,MinasGerais,Coluna,Município,3116803,coluna
BRA.13.186_2,BRA.13_1,MinasGerais,ComendadorGomes,Município,3116902,comendadorgomes
BRA.13.187_2,BRA.13_1,MinasGerais,Comercinho,Município,3117009,comercinho
BRA.13.188_2,BRA.13_1,MinasGerais,ConceiçãodaAparecida,Município,3117108,conceicaodaaparecida
BRA.13.189_2,BRA.13_1,MinasGerais,ConceiçãodaBarradeMinas,Município,3115201,conceicaodabarrademinas
BRA.13.190_2,BRA.13_1,MinasGerais,ConceiçãodasAlagoas,Município,3117306,conceicaodasalagoas
BRA.13.191_2,BRA.13_1,MinasGerais,ConceiçãodasPedras,Município,3117207,conceicaodaspedras
BRA.13.192_2,BRA.13_1,MinasGerais,ConceiçãodeIpanema,Município,3117405,conceicaodeipanema
BRA.13.193_2,BRA.13_1,MinasGerais,ConceiçãodoMatoDentro,Município,3117504,conceicaodomatodentro
BRA.13.194_2,BRA.13_1,MinasGerais,ConceiçãodoPará,Município,3117603,conceicaodopara
BRA.13.195_2,BRA.13_1,MinasGerais,ConceiçãodoRioVerde,Município,3117702,conceicaodorioverde
BRA.13.196_2,BRA.13_1,MinasGerais,ConceiçãodosOuros,Município,3117801,conceicaodosouros
BRA.13.197_2,BRA.13_1,MinasGerais,CônegoMarinho,Município,3117836,conegomarinho
BRA.13.198_2,BRA.13_1,MinasGerais,Confins,Município,3117876,confins
BRA.13.199_2,BRA.13_1,MinasGerais,Congonhal,Município,3117900,congonhal
BRA.13.200_2,BRA.13_1,MinasGerais,Congonhas,Município,3118007,congonhas
BRA.13.201_2,BRA.13_1,MinasGerais,CongonhasdoNorte,Município,3118106,congonhasdonorte
BRA.13.202_2,BRA.13_1,MinasGerais,Conquista,Município,3118205,conquista
BRA.13.203_2,BRA.13_1,MinasGerais,ConselheiroLafaiete,Município,3118304,conselheirolafaiete
BRA.13.204_2,BRA.13_1,MinasGerais,ConselheiroPena,Município,3118403,conselheiropena
BRA.13.205_2,BRA.13_1,MinasGerais,Consolação,Município,3118502,consolacao
BRA.13.206_2,BRA.13_1,MinasGerais,Contagem,Município,3118601,contagem
BRA.13.207_2,BRA.13_1,MinasGerais,Coqueiral,Município,3118700,coqueiral
BRA.13.208_2,BRA.13_1,MinasGerais,CoraçãodeJesus,Município,3118809,coracaodejesus
BRA.13.209_2,BRA.13_1,MinasGerais,Cordisburgo,Município,3118908,cordisburgo
BRA.13.210_2,BRA.13_1,MinasGerais,Cordislândia,Município,3119005,cordislandia
BRA.13.211_2,BRA.13_1,MinasGerais,Corinto,Município,3119104,corinto
BRA.13.212_2,BRA.13_1,MinasGerais,Coroaci,Município,3119203,coroaci
BRA.13.213_2,BRA.13_1,MinasGerais,Coromandel,Município,3119302,coromandel
BRA.13.214_2,BRA.13_1,MinasGerais,CoronelFabriciano,Município,3119401,coronelfabriciano
BRA.13.215_2,BRA.13_1,MinasGerais,CoronelMurta,Município,3119500,coronelmurta
BRA.13.216_2,BRA.13_1,MinasGerais,CoronelPacheco,Município,3119609,coronelpacheco
BRA.13.217_2,BRA.13_1,MinasGerais,CoronelXavierChaves,Município,3119708,coronelxavierchaves
BRA.13.218_2,BRA.13_1,MinasGerais,CórregoDanta,Município,3119807,corregodanta
BRA.13.219_2,BRA.13_1,MinasGerais,CórregodoBomJesus,Município,3119906,corregodobomjesus
BRA.13.220_2,BRA.13_1,MinasGerais,CórregoFundo,Município,3119955,corregofundo
BRA.13.221_2,BRA.13_1,MinasGerais,CórregoNovo,Município,3120003,corregonovo
BRA.13.222_2,BRA.13_1,MinasGerais,CoutodeMagalhãesdeMinas,Município,3120102,coutodemagalhaesdeminas
BRA.13.223_2,BRA.13_1,MinasGerais,Crisólita,Município,3120151,crisolita
BRA.13.224_2,BRA.13_1,MinasGerais,Cristais,Município,3120201,cristais
BRA.13.225_2,BRA.13_1,MinasGerais,Cristália,Município,3120300,cristalia
BRA.13.226_2,BRA.13_1,MinasGerais,CristianoOtoni,Município,3120409,cristianootoni
BRA.13.227_2,BRA.13_1,MinasGerais,Cristina,Município,3120508,cristina
BRA.13.228_2,BRA.13_1,MinasGerais,Crucilândia,Município,3120607,crucilandia
BRA.13.229_2,BRA.13_1,MinasGerais,CruzeirodaFortaleza,Município,3120706,cruzeirodafortaleza
BRA.13.230_2,BRA.13_1,MinasGerais,Cruzília,Município,3120805,cruzilia
BRA.13.231_2,BRA.13_1,MinasGerais,Cuparaque,Município,3120839,cuparaque
BRA.13.232_2,BRA.13_1,MinasGerais,CurraldeDentro,Município,3120870,curraldedentro
BRA.13.233_2,BRA.13_1,MinasGerais,Curvelo,Município,3120904,curvelo
BRA.13.234_2,BRA.13_1,MinasGerais,Datas,Município,3121001,datas
BRA.13.235_2,BRA.13_1,MinasGerais,DelfimMoreira,Município,3121100,delfimmoreira
BRA.13.236_2,BRA.13_1,MinasGerais,Delfinópolis,Município,3121209,delfinopolis
BRA.13.237_2,BRA.13_1,MinasGerais,Delta,Município,3121258,delta
BRA.13.238_2,BRA.13_1,MinasGerais,Descoberto,Município,3121308,descoberto
BRA.13.239_2,BRA.13_1,MinasGerais,DesterrodeEntreRios,Município,3121407,desterrodeentrerios
BRA.13.240_2,BRA.13_1,MinasGerais,DesterrodoMelo,Município,3121506,desterrodomelo
BRA.13.241_2,BRA.13_1,MinasGerais,Diamantina,Município,3121605,diamantina
BRA.13.242_2,BRA.13_1,MinasGerais,DiogodeVasconcelos,Município,3121704,diogodevasconcelos
BRA.13.243_2,BRA.13_1,MinasGerais,Dionísio,Município,3121803,dionisio
BRA.13.244_2,BRA.13_1,MinasGerais,Divinésia,Município,3121902,divinesia
BRA.13.245_2,BRA.13_1,MinasGerais,Divino,Município,3122009,divino
BRA.13.246_2,BRA.13_1,MinasGerais,DivinodasLaranjeiras,Município,3122108,divinodaslaranjeiras
BRA.13.247_2,BRA.13_1,MinasGerais,DivinolândiadeMinas,Município,3122207,divinolandiademinas
BRA.13.248_2,BRA.13_1,MinasGerais,Divinópolis,Município,3122306,divinopolis
BRA.13.249_2,BRA.13_1,MinasGerais,DivisaAlegre,Município,3122355,divisaalegre
BRA.13.250_2,BRA.13_1,MinasGerais,DivisaNova,Município,3122405,divisanova
BRA.13.251_2,BRA.13_1,MinasGerais,Divisópolis,Município,3122454,divisopolis
BRA.13.252_2,BRA.13_1,MinasGerais,DomBosco,Município,3122470,dombosco
BRA.13.253_2,BRA.13_1,MinasGerais,DomCavati,Município,3122504,domcavati
BRA.13.254_2,BRA.13_1,MinasGerais,DomJoaquim,Município,3122603,domjoaquim
BRA.13.255_2,BRA.13_1,MinasGerais,DomSilvério,Município,3122702,domsilverio
BRA.13.256_2,BRA.13_1,MinasGerais,DomViçoso,Município,3122801,domvicoso
BRA.13.257_2,BRA.13_1,MinasGerais,DonaEuzébia,Município,3122900,donaeuzebia
BRA.13.258_2,BRA.13_1,MinasGerais,DoresdeCampos,Município,3123007,doresdecampos
BRA.13.259_2,BRA.13_1,MinasGerais,DoresdeGuanhães,Município,3123106,doresdeguanhaes
BRA.13.260_2,BRA.13_1,MinasGerais,DoresdoIndaiá,Município,3123205,doresdoindaia
BRA.13.261_2,BRA.13_1,MinasGerais,DoresdoTurvo,Município,3123304,doresdoturvo
BRA.13.262_2,BRA.13_1,MinasGerais,Doresópolis,Município,3123403,doresopolis
BRA.13.263_2,BRA.13_1,MinasGerais,Douradoquara,Município,3123502,douradoquara
BRA.13.264_2,BRA.13_1,MinasGerais,Durandé,Município,3123528,durande
BRA.13.265_2,BRA.13_1,MinasGerais,ElóiMendes,Município,3123601,eloimendes
BRA.13.266_2,BRA.13_1,MinasGerais,EngenheiroCaldas,Município,3123700,engenheirocaldas
BRA.13.267_2,BRA.13_1,MinasGerais,EngenheiroNavarro,Município,3123809,engenheironavarro
BRA.13.268_2,BRA.13_1,MinasGerais,EntreFolhas,Município,3123858,entrefolhas
BRA.13.269_2,BRA.13_1,MinasGerais,EntreRiosdeMinas,Município,3123908,entreriosdeminas
BRA.13.270_2,BRA.13_1,MinasGerais,Ervália,Município,3124005,ervalia
BRA.13.271_2,BRA.13_1,MinasGerais,Esmeraldas,Município,3124104,esmeraldas
BRA.13.272_2,BRA.13_1,MinasGerais,EsperaFeliz,Município,3124203,esperafeliz
BRA.13.273_2,BRA.13_1,MinasGerais,Espinosa,Município,3124302,espinosa
BRA.13.274_2,BRA.13_1,MinasGerais,EspíritoSantodoDourado,Município,3124401,espiritosantododourado
BRA.13.275_2,BRA.13_1,MinasGerais,Estiva,Município,3124500,estiva
BRA.13.276_2,BRA.13_1,MinasGerais,EstrelaDalva,Município,3124609,estreladalva
BRA.13.277_2,BRA.13_1,MinasGerais,EstreladoIndaiá,Município,3124708,estreladoindaia
BRA.13.278_2,BRA.13_1,MinasGerais,EstreladoSul,Município,3124807,estreladosul
BRA.13.279_2,BRA.13_1,MinasGerais,Eugenópolis,Município,3124906,eugenopolis
BRA.13.280_2,BRA.13_1,MinasGerais,EwbankdaCâmara,Município,3125002,ewbankdacamara
BRA.13.281_2,BRA.13_1,MinasGerais,Extrema,Município,3125101,extrema
BRA.13.282_2,BRA.13_1,MinasGerais,Fama,Município,3125200,fama
BRA.13.283_2,BRA.13_1,MinasGerais,FariaLemos,Município,3125309,farialemos
BRA.13.284_2,BRA.13_1,MinasGerais,FelíciodosSantos,Município,3125408,feliciodossantos
BRA.13.285_2,BRA.13_1,MinasGerais,Felisburgo,Município,3125606,felisburgo
BRA.13.286_2,BRA.13_1,MinasGerais,Felixlândia,Município,3125705,felixlandia
BRA.13.287_2,BRA.13_1,MinasGerais,FernandesTourinho,Município,3125804,fernandestourinho
BRA.13.288_2,BRA.13_1,MinasGerais,Ferros,Município,3125903,ferros
BRA.13.289_2,BRA.13_1,MinasGerais,Fervedouro,Município,3125952,fervedouro
BRA.13.290_2,BRA.13_1,MinasGerais,Florestal,Município,3126000,florestal
BRA.13.291_2,BRA.13_1,MinasGerais,Formiga,Município,3126109,formiga
BRA.13.292_2,BRA.13_1,MinasGerais,Formoso,Município,3126208,formoso
BRA.13.293_2,BRA.13_1,MinasGerais,FortalezadeMinas,Município,3126307,fortalezademinas
BRA.13.294_2,BRA.13_1,MinasGerais,FortunadeMinas,Município,3126406,fortunademinas
BRA.13.295_2,BRA.13_1,MinasGerais,FranciscoBadaró,Município,3126505,franciscobadaro
BRA.13.296_2,BRA.13_1,MinasGerais,FranciscoDumont,Município,3126604,franciscodumont
BRA.13.297_2,BRA.13_1,MinasGerais,FranciscoSá,Município,3126703,franciscosa
BRA.13.298_2,BRA.13_1,MinasGerais,Franciscópolis,Município,3126752,franciscopolis
BRA.13.299_2,BRA.13_1,MinasGerais,FreiGaspar,Município,3126802,freigaspar
BRA.13.300_2,BRA.13_1,MinasGerais,FreiInocêncio,Município,3126901,freiinocencio
BRA.13.301_2,BRA.13_1,MinasGerais,FreiLagonegro,Município,3126950,freilagonegro
BRA.13.302_2,BRA.13_1,MinasGerais,Fronteira,Município,3127008,fronteira
BRA.13.303_2,BRA.13_1,MinasGerais,FronteiradosVales,Município,3127057,fronteiradosvales
BRA.13.304_2,BRA.13_1,MinasGerais,FrutadeLeite,Município,3127073,frutadeleite
BRA.13.305_2,BRA.13_1,MinasGerais,Frutal,Município,3127107,frutal
BRA.13.306_2,BRA.13_1,MinasGerais,Funilândia,Município,3127206,funilandia
BRA.13.307_2,BRA.13_1,MinasGerais,Galiléia,Município,3127305,galileia
BRA.13.308_2,BRA.13_1,MinasGerais,Gameleiras,Município,3127339,gameleiras
BRA.13.309_2,BRA.13_1,MinasGerais,Glaucilândia,Município,3127354,glaucilandia
BRA.13.310_2,BRA.13_1,MinasGerais,Goiabeira,Município,3127370,goiabeira
BRA.13.311_2,BRA.13_1,MinasGerais,Goianá,Município,3127388,goiana
BRA.13.312_2,BRA.13_1,MinasGerais,Gonçalves,Município,3127404,goncalves
BRA.13.313_2,BRA.13_1,MinasGerais,Gonzaga,Município,3127503,gonzaga
BRA.13.314_2,BRA.13_1,MinasGerais,Gouveia,Município,3127602,gouveia
BRA.13.315_2,BRA.13_1,MinasGerais,GovernadorValadares,Município,3127701,governadorvaladares
BRA.13.316_2,BRA.13_1,MinasGerais,GrãoMogol,Município,3127800,graomogol
BRA.13.317_2,BRA.13_1,MinasGerais,Grupiara,Município,3127909,grupiara
BRA.13.318_2,BRA.13_1,MinasGerais,Guanhães,Município,3128006,guanhaes
BRA.13.319_2,BRA.13_1,MinasGerais,Guapé,Município,3128105,guape
BRA.13.320_2,BRA.13_1,MinasGerais,Guaraciaba,Município,3128204,guaraciaba
BRA.13.321_2,BRA.13_1,MinasGerais,Guaraciama,Município,3128253,guaraciama
BRA.13.322_2,BRA.13_1,MinasGerais,Guaranésia,Município,3128303,guaranesia
BRA.13.323_2,BRA.13_1,MinasGerais,Guarani,Município,3128402,guarani
BRA.13.324_2,BRA.13_1,MinasGerais,Guarará,Município,3128501,guarara
BRA.13.325_2,BRA.13_1,MinasGerais,Guarda-Mor,Município,3128600,guardamor
BRA.13.326_2,BRA.13_1,MinasGerais,Guaxupé,Município,3128709,guaxupe
BRA.13.327_2,BRA.13_1,MinasGerais,Guidoval,Município,3128808,guidoval
BRA.13.328_2,BRA.13_1,MinasGerais,Guimarânia,Município,3128907,guimarania
BRA.13.329_2,BRA.13_1,MinasGerais,Guiricema,Município,3129004,guiricema
BRA.13.330_2,BRA.13_1,MinasGerais,Gurinhatã,Município,3129103,gurinhata
BRA.13.331_2,BRA.13_1,MinasGerais,Heliodora,Município,3129202,heliodora
BRA.13.332_2,BRA.13_1,MinasGerais,Iapu,Município,3129301,iapu
BRA.13.333_2,BRA.13_1,MinasGerais,Ibertioga,Município,3129400,ibertioga
BRA.13.334_2,BRA.13_1,MinasGerais,Ibiá,Município,3129509,ibia
BRA.13.335_2,BRA.13_1,MinasGerais,Ibiaí,Município,3129608,ibiai
BRA.13.336_2,BRA.13_1,MinasGerais,Ibiracatu,Município,3129657,ibiracatu
BRA.13.337_2,BRA.13_1,MinasGerais,Ibiraci,Município,3129707,ibiraci
BRA.13.338_2,BRA.13_1,MinasGerais,Ibirité,Município,3129806,ibirite
BRA.13.339_2,BRA.13_1,MinasGerais,IbitiúradeMinas,Município,3129905,ibitiurademinas
BRA.13.340_2,BRA.13_1,MinasGerais,Ibituruna,Município,3130002,ibituruna
BRA.13.341_2,BRA.13_1,MinasGerais,IcaraídeMinas,Município,3130051,icaraideminas
BRA.13.342_2,BRA.13_1,MinasGerais,Igarapé,Município,3130101,igarape
BRA.13.343_2,BRA.13_1,MinasGerais,Igaratinga,Município,3130200,igaratinga
BRA.13.344_2,BRA.13_1,MinasGerais,Iguatama,Município,3130309,iguatama
BRA.13.345_2,BRA.13_1,MinasGerais,Ijaci,Município,3130408,ijaci
BRA.13.346_2,BRA.13_1,MinasGerais,Ilicínea,Município,3130507,ilicinea
BRA.13.347_2,BRA.13_1,MinasGerais,ImbédeMinas,Município,3130556,imbedeminas
BRA.13.348_2,BRA.13_1,MinasGerais,Inconfidentes,Município,3130606,inconfidentes
BRA.13.349_2,BRA.13_1,MinasGerais,Indaiabira,Município,3130655,indaiabira
BRA.13.350_2,BRA.13_1,MinasGerais,Indianópolis,Município,3130705,indianopolis
BRA.13.351_2,BRA.13_1,MinasGerais,Ingaí,Município,3130804,ingai
BRA.13.352_2,BRA.13_1,MinasGerais,Inhapim,Município,3130903,inhapim
BRA.13.353_2,BRA.13_1,MinasGerais,Inhaúma,Município,3131000,inhauma
BRA.13.354_2,BRA.13_1,MinasGerais,Inimutaba,Município,3131109,inimutaba
BRA.13.355_2,BRA.13_1,MinasGerais,Ipaba,Município,3131158,ipaba
BRA.13.356_2,BRA.13_1,MinasGerais,Ipanema,Município,3131208,ipanema
BRA.13.357_2,BRA.13_1,MinasGerais,Ipatinga,Município,3131307,ipatinga
BRA.13.358_2,BRA.13_1,MinasGerais,Ipiaçu,Município,3131406,ipiacu
BRA.13.359_2,BRA.13_1,MinasGerais,Ipuiúna,Município,3131505,ipuiuna
BRA.13.360_2,BRA.13_1,MinasGerais,IraídeMinas,Município,3131604,iraideminas
BRA.13.361_2,BRA.13_1,MinasGerais,Itabira,Município,3131703,itabira
BRA.13.362_2,BRA.13_1,MinasGerais,Itabirinha,Município,3131802,itabirinha
BRA.13.363_2,BRA.13_1,MinasGerais,Itabirito,Município,3131901,itabirito
BRA.13.364_2,BRA.13_1,MinasGerais,Itacambira,Município,3132008,itacambira
BRA.13.365_2,BRA.13_1,MinasGerais,Itacarambi,Município,3132107,itacarambi
BRA.13.366_2,BRA.13_1,MinasGerais,Itaguara,Município,3132206,itaguara
BRA.13.367_2,BRA.13_1,MinasGerais,Itaipé,Município,3132305,itaipe
BRA.13.368_2,BRA.13_1,MinasGerais,Itajubá,Município,3132404,itajuba
BRA.13.369_2,BRA.13_1,MinasGerais,Itamarandiba,Município,3132503,itamarandiba
BRA.13.370_2,BRA.13_1,MinasGerais,ItamaratideMinas,Município,3132602,itamaratideminas
BRA.13.371_2,BRA.13_1,MinasGerais,Itambacuri,Município,3132701,itambacuri
BRA.13.372_2,BRA.13_1,MinasGerais,ItambédoMatoDentro,Município,3132800,itambedomatodentro
BRA.13.373_2,BRA.13_1,MinasGerais,Itamogi,Município,3132909,itamogi
BRA.13.374_2,BRA.13_1,MinasGerais,Itamonte,Município,3133006,itamonte
BRA.13.375_2,BRA.13_1,MinasGerais,Itanhandu,Município,3133105,itanhandu
BRA.13.376_2,BRA.13_1,MinasGerais,Itanhomi,Município,3133204,itanhomi
BRA.13.377_2,BRA.13_1,MinasGerais,Itaobim,Município,3133303,itaobim
BRA.13.378_2,BRA.13_1,MinasGerais,Itapagipe,Município,3133402,itapagipe
BRA.13.379_2,BRA.13_1,MinasGerais,Itapecerica,Município,3133501,itapecerica
BRA.13.380_2,BRA.13_1,MinasGerais,Itapeva,Município,3133600,itapeva
BRA.13.381_2,BRA.13_1,MinasGerais,Itatiaiuçu,Município,3133709,itatiaiucu
BRA.13.382_2,BRA.13_1,MinasGerais,ItaúdeMinas,Município,3133758,itaudeminas
BRA.13.383_2,BRA.13_1,MinasGerais,Itaúna,Município,3133808,itauna
BRA.13.384_2,BRA.13_1,MinasGerais,Itaverava,Município,3133907,itaverava
BRA.13.385_2,BRA.13_1,MinasGerais,Itinga,Município,3134004,itinga
BRA.13.386_2,BRA.13_1,MinasGerais,Itueta,Município,3134103,itueta
BRA.13.387_2,BRA.13_1,MinasGerais,Ituiutaba,Município,3134202,ituiutaba
BRA.13.388_2,BRA.13_1,MinasGerais,Itumirim,Município,3134301,itumirim
BRA.13.389_2,BRA.13_1,MinasGerais,Iturama,Município,3134400,iturama
BRA.13.390_2,BRA.13_1,MinasGerais,Itutinga,Município,3134509,itutinga
BRA.13.391_2,BRA.13_1,MinasGerais,Jaboticatubas,Município,3134608,jaboticatubas
BRA.13.392_2,BRA.13_1,MinasGerais,Jacinto,Município,3134707,jacinto
BRA.13.393_2,BRA.13_1,MinasGerais,Jacuí,Município,3134806,jacui
BRA.13.394_2,BRA.13_1,MinasGerais,Jacutinga,Município,3134905,jacutinga
BRA.13.395_2,BRA.13_1,MinasGerais,Jaguaraçu,Município,3135001,jaguaracu
BRA.13.396_2,BRA.13_1,MinasGerais,Jaíba,Município,3135050,jaiba
BRA.13.397_2,BRA.13_1,MinasGerais,Jampruca,Município,3135076,jampruca
BRA.13.398_2,BRA.13_1,MinasGerais,Janaúba,Município,3135100,janauba
BRA.13.399_2,BRA.13_1,MinasGerais,Januária,Município,3135209,januaria
BRA.13.400_2,BRA.13_1,MinasGerais,Japaraíba,Município,3135308,japaraiba
BRA.13.401_2,BRA.13_1,MinasGerais,Japonvar,Município,3135357,japonvar
BRA.13.402_2,BRA.13_1,MinasGerais,Jeceaba,Município,3135407,jeceaba
BRA.13.403_2,BRA.13_1,MinasGerais,JenipapodeMinas,Município,3135456,jenipapodeminas
BRA.13.404_2,BRA.13_1,MinasGerais,Jequeri,Município,3135506,jequeri
BRA.13.405_2,BRA.13_1,MinasGerais,Jequitaí,Município,3135605,jequitai
BRA.13.406_2,BRA.13_1,MinasGerais,Jequitibá,Município,3135704,jequitiba
BRA.13.407_2,BRA.13_1,MinasGerais,Jequitinhonha,Município,3135803,jequitinhonha
BRA.13.408_2,BRA.13_1,MinasGerais,Jesuânia,Município,3135902,jesuania
BRA.13.409_2,BRA.13_1,MinasGerais,Joaíma,Município,3136009,joaima
BRA.13.410_2,BRA.13_1,MinasGerais,Joanésia,Município,3136108,joanesia
BRA.13.411_2,BRA.13_1,MinasGerais,JoãoMonlevade,Município,3136207,joaomonlevade
BRA.13.412_2,BRA.13_1,MinasGerais,JoãoPinheiro,Município,3136306,joaopinheiro
BRA.13.413_2,BRA.13_1,MinasGerais,JoaquimFelício,Município,3136405,joaquimfelicio
BRA.13.414_2,BRA.13_1,MinasGerais,Jordânia,Município,3136504,jordania
BRA.13.415_2,BRA.13_1,MinasGerais,JoséGonçalvesdeMinas,Município,3136520,josegoncalvesdeminas
BRA.13.416_2,BRA.13_1,MinasGerais,JoséRaydan,Município,3136553,joseraydan
BRA.13.417_2,BRA.13_1,MinasGerais,Josenópolis,Município,3136579,josenopolis
BRA.13.418_2,BRA.13_1,MinasGerais,Juatuba,Município,3136652,juatuba
BRA.13.419_2,BRA.13_1,MinasGerais,JuizdeFora,Município,3136702,juizdefora
BRA.13.420_2,BRA.13_1,MinasGerais,Juramento,Município,3136801,juramento
BRA.13.421_2,BRA.13_1,MinasGerais,Juruaia,Município,3136900,juruaia
BRA.13.422_2,BRA.13_1,MinasGerais,Juvenília,Município,3136959,juvenilia
BRA.13.423_2,BRA.13_1,MinasGerais,Ladainha,Município,3137007,ladainha
BRA.13.424_2,BRA.13_1,MinasGerais,Lagamar,Município,3137106,lagamar
BRA.13.425_2,BRA.13_1,MinasGerais,LagoadaPrata,Município,3137205,lagoadaprata
BRA.13.426_2,BRA.13_1,MinasGerais,LagoadosPatos,Município,3137304,lagoadospatos
BRA.13.427_2,BRA.13_1,MinasGerais,LagoaDourada,Município,3137403,lagoadourada
BRA.13.428_2,BRA.13_1,MinasGerais,LagoaFormosa,Município,3137502,lagoaformosa
BRA.13.429_2,BRA.13_1,MinasGerais,LagoaGrande,Município,3137536,lagoagrande
BRA.13.430_2,BRA.13_1,MinasGerais,LagoaSanta,Município,3137601,lagoasanta
BRA.13.431_2,BRA.13_1,MinasGerais,Lajinha,Município,3137700,lajinha
BRA.13.432_2,BRA.13_1,MinasGerais,Lambari,Município,3137809,lambari
BRA.13.433_2,BRA.13_1,MinasGerais,Lamim,Município,3137908,lamim
BRA.13.434_2,BRA.13_1,MinasGerais,Laranjal,Município,3138005,laranjal
BRA.13.435_2,BRA.13_1,MinasGerais,Lassance,Município,3138104,lassance
BRA.13.436_2,BRA.13_1,MinasGerais,Lavras,Município,3138203,lavras
BRA.13.437_2,BRA.13_1,MinasGerais,LeandroFerreira,Município,3138302,leandroferreira
BRA.13.438_2,BRA.13_1,MinasGerais,LemedoPrado,Município,3138351,lemedoprado
BRA.13.439_2,BRA.13_1,MinasGerais,Leopoldina,Município,3138401,leopoldina
BRA.13.440_2,BRA.13_1,MinasGerais,Liberdade,Município,3138500,liberdade
BRA.13.441_2,BRA.13_1,MinasGerais,LimaDuarte,Município,3138609,limaduarte
BRA.13.442_2,BRA.13_1,MinasGerais,LimeiradoOeste,Município,3138625,limeiradooeste
BRA.13.443_2,BRA.13_1,MinasGerais,Lontra,Município,3138658,lontra
BRA.13.444_2,BRA.13_1,MinasGerais,Luisburgo,Município,3138674,luisburgo
BRA.13.445_2,BRA.13_1,MinasGerais,Luislândia,Município,3138682,luislandia
BRA.13.446_2,BRA.13_1,MinasGerais,Luminárias,Município,3138708,luminarias
BRA.13.447_2,BRA.13_1,MinasGerais,Luz,Município,3138807,luz
BRA.13.448_2,BRA.13_1,MinasGerais,Machacalis,Município,3138906,machacalis
BRA.13.449_2,BRA.13_1,MinasGerais,Machado,Município,3139003,machado
BRA.13.450_2,BRA.13_1,MinasGerais,MadredeDeusdeMinas,Município,3139102,madrededeusdeminas
BRA.13.451_2,BRA.13_1,MinasGerais,Malacacheta,Município,3139201,malacacheta
BRA.13.452_2,BRA.13_1,MinasGerais,Mamonas,Município,3139250,mamonas
BRA.13.453_2,BRA.13_1,MinasGerais,Manga,Município,3139300,manga
BRA.13.454_2,BRA.13_1,MinasGerais,Manhuaçu,Município,3139409,manhuacu
BRA.13.455_2,BRA.13_1,MinasGerais,Manhumirim,Município,3139508,manhumirim
BRA.13.456_2,BRA.13_1,MinasGerais,Mantena,Município,3139607,mantena
BRA.13.457_2,BRA.13_1,MinasGerais,MardeEspanha,Município,3139805,mardeespanha
BRA.13.458_2,BRA.13_1,MinasGerais,Maravilhas,Município,3139706,maravilhas
BRA.13.459_2,BRA.13_1,MinasGerais,MariadaFé,Município,3139904,mariadafe
BRA.13.460_2,BRA.13_1,MinasGerais,Mariana,Município,3140001,mariana
BRA.13.461_2,BRA.13_1,MinasGerais,Marilac,Município,3140100,marilac
BRA.13.462_2,BRA.13_1,MinasGerais,MárioCampos,Município,3140159,mariocampos
BRA.13.463_2,BRA.13_1,MinasGerais,MaripádeMinas,Município,3140209,maripademinas
BRA.13.464_2,BRA.13_1,MinasGerais,Marliéria,Município,3140308,marlieria
BRA.13.465_2,BRA.13_1,MinasGerais,Marmelópolis,Município,3140407,marmelopolis
BRA.13.466_2,BRA.13_1,MinasGerais,MartinhoCampos,Município,3140506,martinhocampos
BRA.13.467_2,BRA.13_1,MinasGerais,MartinsSoares,Município,3140530,martinssoares
BRA.13.468_2,BRA.13_1,MinasGerais,MataVerde,Município,3140555,mataverde
BRA.13.469_2,BRA.13_1,MinasGerais,Materlândia,Município,3140605,materlandia
BRA.13.470_2,BRA.13_1,MinasGerais,MateusLeme,Município,3140704,mateusleme
BRA.13.471_2,BRA.13_1,MinasGerais,MathiasLobato,Município,3171501,mathiaslobato
BRA.13.472_2,BRA.13_1,MinasGerais,MatiasBarbosa,Município,3140803,matiasbarbosa
BRA.13.473_2,BRA.13_1,MinasGerais,MatiasCardoso,Município,3140852,matiascardoso
BRA.13.474_2,BRA.13_1,MinasGerais,Matipó,Município,3140902,matipo
BRA.13.475_2,BRA.13_1,MinasGerais,MatoVerde,Município,3141009,matoverde
BRA.13.476_2,BRA.13_1,MinasGerais,Matozinhos,Município,3141108,matozinhos
BRA.13.477_2,BRA.13_1,MinasGerais,Matutina,Município,3141207,matutina
BRA.13.478_2,BRA.13_1,MinasGerais,Medeiros,Município,3141306,medeiros
BRA.13.479_2,BRA.13_1,MinasGerais,Medina,Município,3141405,medina
BRA.13.480_2,BRA.13_1,MinasGerais,MendesPimentel,Município,3141504,mendespimentel
BRA.13.481_2,BRA.13_1,MinasGerais,Mercês,Município,3141603,merces
BRA.13.482_2,BRA.13_1,MinasGerais,Mesquita,Município,3141702,mesquita
BRA.13.483_2,BRA.13_1,MinasGerais,MinasNovas,Município,3141801,minasnovas
BRA.13.484_2,BRA.13_1,MinasGerais,Minduri,Município,3141900,minduri
BRA.13.485_2,BRA.13_1,MinasGerais,Mirabela,Município,3142007,mirabela
BRA.13.486_2,BRA.13_1,MinasGerais,Miradouro,Município,3142106,miradouro
BRA.13.487_2,BRA.13_1,MinasGerais,Miraí,Município,3142205,mirai
BRA.13.488_2,BRA.13_1,MinasGerais,Miravânia,Município,3142254,miravania
BRA.13.489_2,BRA.13_1,MinasGerais,Moeda,Município,3142304,moeda
BRA.13.490_2,BRA.13_1,MinasGerais,Moema,Município,3142403,moema
BRA.13.491_2,BRA.13_1,MinasGerais,Monjolos,Município,3142502,monjolos
BRA.13.492_2,BRA.13_1,MinasGerais,MonsenhorPaulo,Município,3142601,monsenhorpaulo
BRA.13.493_2,BRA.13_1,MinasGerais,Montalvânia,Município,3142700,montalvania
BRA.13.494_2,BRA.13_1,MinasGerais,MonteAlegredeMinas,Município,3142809,montealegredeminas
BRA.13.495_2,BRA.13_1,MinasGerais,MonteAzul,Município,3142908,monteazul
BRA.13.496_2,BRA.13_1,MinasGerais,MonteBelo,Município,3143005,montebelo
BRA.13.497_2,BRA.13_1,MinasGerais,MonteCarmelo,Município,3143104,montecarmelo
BRA.13.498_2,BRA.13_1,MinasGerais,MonteFormoso,Município,3143153,monteformoso
BRA.13.499_2,BRA.13_1,MinasGerais,MonteSantodeMinas,Município,3143203,montesantodeminas
BRA.13.500_2,BRA.13_1,MinasGerais,MonteSião,Município,3143401,montesiao
BRA.13.501_2,BRA.13_1,MinasGerais,MontesClaros,Município,3143302,montesclaros
BRA.13.502_2,BRA.13_1,MinasGerais,Montezuma,Município,3143450,montezuma
BRA.13.503_2,BRA.13_1,MinasGerais,MoradaNovadeMinas,Município,3143500,moradanovademinas
BRA.13.504_2,BRA.13_1,MinasGerais,MorrodaGarça,Município,3143609,morrodagarca
BRA.13.505_2,BRA.13_1,MinasGerais,MorrodoPilar,Município,3143708,morrodopilar
BRA.13.506_2,BRA.13_1,MinasGerais,Munhoz,Município,3143807,munhoz
BRA.13.507_2,BRA.13_1,MinasGerais,Muriaé,Município,3143906,muriae
BRA.13.508_2,BRA.13_1,MinasGerais,Mutum,Município,3144003,mutum
BRA.13.509_2,BRA.13_1,MinasGerais,Muzambinho,Município,3144102,muzambinho
BRA.13.510_2,BRA.13_1,MinasGerais,NacipRaydan,Município,3144201,nacipraydan
BRA.13.511_2,BRA.13_1,MinasGerais,Nanuque,Município,3144300,nanuque
BRA.13.512_2,BRA.13_1,MinasGerais,Naque,Município,3144359,naque
BRA.13.513_2,BRA.13_1,MinasGerais,Natalândia,Município,3144375,natalandia
BRA.13.514_2,BRA.13_1,MinasGerais,Natércia,Município,3144409,natercia
BRA.13.515_2,BRA.13_1,MinasGerais,Nazareno,Município,3144508,nazareno
BRA.13.516_2,BRA.13_1,MinasGerais,Nepomuceno,Município,3144607,nepomuceno
BRA.13.517_2,BRA.13_1,MinasGerais,Ninheira,Município,3144656,ninheira
BRA.13.518_2,BRA.13_1,MinasGerais,NovaBelém,Município,3144672,novabelem
BRA.13.519_2,BRA.13_1,MinasGerais,NovaEra,Município,3144706,novaera
BRA.13.520_2,BRA.13_1,MinasGerais,NovaLima,Município,3144805,novalima
BRA.13.521_2,BRA.13_1,MinasGerais,NovaMódica,Município,3144904,novamodica
BRA.13.522_2,BRA.13_1,MinasGerais,NovaPonte,Município,3145000,novaponte
BRA.13.523_2,BRA.13_1,MinasGerais,NovaPorteirinha,Município,3145059,novaporteirinha
BRA.13.524_2,BRA.13_1,MinasGerais,NovaResende,Município,3145109,novaresende
BRA.13.525_2,BRA.13_1,MinasGerais,NovaSerrana,Município,3145208,novaserrana
BRA.13.526_2,BRA.13_1,MinasGerais,NovaUnião,Município,3136603,novauniao
BRA.13.527_2,BRA.13_1,MinasGerais,NovoCruzeiro,Município,3145307,novocruzeiro
BRA.13.528_2,BRA.13_1,MinasGerais,NovoOrientedeMinas,Município,3145356,novoorientedeminas
BRA.13.529_2,BRA.13_1,MinasGerais,Novorizonte,Município,3145372,novorizonte
BRA.13.530_2,BRA.13_1,MinasGerais,Olaria,Município,3145406,olaria
BRA.13.531_2,BRA.13_1,MinasGerais,Olhos-d'Água,Município,3145455,olhosdagua
BRA.13.532_2,BRA.13_1,MinasGerais,OlímpioNoronha,Município,3145505,olimpionoronha
BRA.13.533_2,BRA.13_1,MinasGerais,Oliveira,Município,3145604,oliveira
BRA.13.534_2,BRA.13_1,MinasGerais,OliveiraFortes,Município,3145703,oliveirafortes
BRA.13.535_2,BRA.13_1,MinasGerais,OnçadePitangui,Município,3145802,oncadepitangui
BRA.13.536_2,BRA.13_1,MinasGerais,Oratórios,Município,3145851,oratorios
BRA.13.537_2,BRA.13_1,MinasGerais,Orizânia,Município,3145877,orizania
BRA.13.538_2,BRA.13_1,MinasGerais,OuroBranco,Município,3145901,ourobranco
BRA.13.539_2,BRA.13_1,MinasGerais,OuroFino,Município,3146008,ourofino
BRA.13.540_2,BRA.13_1,MinasGerais,OuroPreto,Município,3146107,ouropreto
BRA.13.541_2,BRA.13_1,MinasGerais,OuroVerdedeMinas,Município,3146206,ouroverdedeminas
BRA.13.542_2,BRA.13_1,MinasGerais,PadreCarvalho,Município,3146255,padrecarvalho
BRA.13.543_2,BRA.13_1,MinasGerais,PadreParaíso,Município,3146305,padreparaiso
BRA.13.544_2,BRA.13_1,MinasGerais,PaiPedro,Município,3146552,paipedro
BRA.13.545_2,BRA.13_1,MinasGerais,Paineiras,Município,3146404,paineiras
BRA.13.546_2,BRA.13_1,MinasGerais,Pains,Município,3146503,pains
BRA.13.547_2,BRA.13_1,MinasGerais,Paiva,Município,3146602,paiva
BRA.13.548_2,BRA.13_1,MinasGerais,Palma,Município,3146701,palma
BRA.13.549_2,BRA.13_1,MinasGerais,Palmópolis,Município,3146750,palmopolis
BRA.13.550_2,BRA.13_1,MinasGerais,Papagaios,Município,3146909,papagaios
BRA.13.551_2,BRA.13_1,MinasGerais,ParádeMinas,Município,3147105,parademinas
BRA.13.552_2,BRA.13_1,MinasGerais,Paracatu,Município,3147006,paracatu
BRA.13.553_2,BRA.13_1,MinasGerais,Paraguaçu,Município,3147204,paraguacu
BRA.13.554_2,BRA.13_1,MinasGerais,Paraisópolis,Município,3147303,paraisopolis
BRA.13.555_2,BRA.13_1,MinasGerais,Paraopeba,Município,3147402,paraopeba
BRA.13.556_2,BRA.13_1,MinasGerais,PassaQuatro,Município,3147600,passaquatro
BRA.13.557_2,BRA.13_1,MinasGerais,PassaTempo,Município,3147709,passatempo
BRA.13.558_2,BRA.13_1,MinasGerais,PassaVinte,Município,3147808,passavinte
BRA.13.559_2,BRA.13_1,MinasGerais,Passabém,Município,3147501,passabem
BRA.13.560_2,BRA.13_1,MinasGerais,Passos,Município,3147907,passos
BRA.13.561_2,BRA.13_1,MinasGerais,Patis,Município,3147956,patis
BRA.13.562_2,BRA.13_1,MinasGerais,PatosdeMinas,Município,3148004,patosdeminas
BRA.13.563_2,BRA.13_1,MinasGerais,Patrocínio,Município,3148103,patrocinio
BRA.13.564_2,BRA.13_1,MinasGerais,PatrocíniodoMuriaé,Município,3148202,patrociniodomuriae
BRA.13.565_2,BRA.13_1,MinasGerais,PaulaCândido,Município,3148301,paulacandido
BRA.13.566_2,BRA.13_1,MinasGerais,Paulistas,Município,3148400,paulistas
BRA.13.567_2,BRA.13_1,MinasGerais,Pavão,Município,3148509,pavao
BRA.13.568_2,BRA.13_1,MinasGerais,Peçanha,Município,3148608,pecanha
BRA.13.569_2,BRA.13_1,MinasGerais,PedraAzul,Município,3148707,pedraazul
BRA.13.570_2,BRA.13_1,MinasGerais,PedraBonita,Município,3148756,pedrabonita
BRA.13.571_2,BRA.13_1,MinasGerais,PedradoAnta,Município,3148806,pedradoanta
BRA.13.572_2,BRA.13_1,MinasGerais,PedradoIndaiá,Município,3148905,pedradoindaia
BRA.13.573_2,BRA.13_1,MinasGerais,PedraDourada,Município,3149002,pedradourada
BRA.13.574_2,BRA.13_1,MinasGerais,Pedralva,Município,3149101,pedralva
BRA.13.575_2,BRA.13_1,MinasGerais,PedrasdeMariadaCruz,Município,3149150,pedrasdemariadacruz
BRA.13.576_2,BRA.13_1,MinasGerais,Pedrinópolis,Município,3149200,pedrinopolis
BRA.13.577_2,BRA.13_1,MinasGerais,PedroLeopoldo,Município,3149309,pedroleopoldo
BRA.13.578_2,BRA.13_1,MinasGerais,PedroTeixeira,Município,3149408,pedroteixeira
BRA.13.579_2,BRA.13_1,MinasGerais,Pequeri,Município,3149507,pequeri
BRA.13.580_2,BRA.13_1,MinasGerais,Pequi,Município,3149606,pequi
BRA.13.581_2,BRA.13_1,MinasGerais,Perdigão,Município,3149705,perdigao
BRA.13.582_2,BRA.13_1,MinasGerais,Perdizes,Município,3149804,perdizes
BRA.13.583_2,BRA.13_1,MinasGerais,Perdões,Município,3149903,perdoes
BRA.13.584_2,BRA.13_1,MinasGerais,Periquito,Município,3149952,periquito
BRA.13.585_2,BRA.13_1,MinasGerais,Pescador,Município,3150000,pescador
BRA.13.586_2,BRA.13_1,MinasGerais,Piau,Município,3150109,piau
BRA.13.587_2,BRA.13_1,MinasGerais,PiedadedeCaratinga,Município,3150158,piedadedecaratinga
BRA.13.588_2,BRA.13_1,MinasGerais,PiedadedePonteNova,Município,3150208,piedadedepontenova
BRA.13.589_2,BRA.13_1,MinasGerais,PiedadedoRioGrande,Município,3150307,piedadedoriogrande
BRA.13.590_2,BRA.13_1,MinasGerais,PiedadedosGerais,Município,3150406,piedadedosgerais
BRA.13.591_2,BRA.13_1,MinasGerais,Pimenta,Município,3150505,pimenta
BRA.13.592_2,BRA.13_1,MinasGerais,Pingo-d'Água,Município,3150539,pingodagua
BRA.13.593_2,BRA.13_1,MinasGerais,Pintópolis,Município,3150570,pintopolis
BRA.13.594_2,BRA.13_1,MinasGerais,Piracema,Município,3150604,piracema
BRA.13.595_2,BRA.13_1,MinasGerais,Pirajuba,Município,3150703,pirajuba
BRA.13.596_2,BRA.13_1,MinasGerais,Piranga,Município,3150802,piranga
BRA.13.597_2,BRA.13_1,MinasGerais,Piranguçu,Município,3150901,pirangucu
BRA.13.598_2,BRA.13_1,MinasGerais,Piranguinho,Município,3151008,piranguinho
BRA.13.599_2,BRA.13_1,MinasGerais,Pirapetinga,Município,3151107,pirapetinga
BRA.13.600_2,BRA.13_1,MinasGerais,Pirapora,Município,3151206,pirapora
BRA.13.601_2,BRA.13_1,MinasGerais,Piraúba,Município,3151305,pirauba
BRA.13.602_2,BRA.13_1,MinasGerais,Pitangui,Município,3151404,pitangui
BRA.13.603_2,BRA.13_1,MinasGerais,Piumhi,Município,3151503,piumhi
BRA.13.604_2,BRA.13_1,MinasGerais,Planura,Município,3151602,planura
BRA.13.605_2,BRA.13_1,MinasGerais,PoçoFundo,Município,3151701,pocofundo
BRA.13.606_2,BRA.13_1,MinasGerais,PoçosdeCaldas,Município,3151800,pocosdecaldas
BRA.13.607_2,BRA.13_1,MinasGerais,Pocrane,Município,3151909,pocrane
BRA.13.608_2,BRA.13_1,MinasGerais,Pompéu,Município,3152006,pompeu
BRA.13.609_2,BRA.13_1,MinasGerais,PonteNova,Município,3152105,pontenova
BRA.13.610_2,BRA.13_1,MinasGerais,PontoChique,Município,3152131,pontochique
BRA.13.611_2,BRA.13_1,MinasGerais,PontodosVolantes,Município,3152170,pontodosvolantes
BRA.13.612_2,BRA.13_1,MinasGerais,Porteirinha,Município,3152204,porteirinha
BRA.13.613_2,BRA.13_1,MinasGerais,PortoFirme,Município,3152303,portofirme
BRA.13.614_2,BRA.13_1,MinasGerais,Poté,Município,3152402,pote
BRA.13.615_2,BRA.13_1,MinasGerais,PousoAlegre,Município,3152501,pousoalegre
BRA.13.616_2,BRA.13_1,MinasGerais,PousoAlto,Município,3152600,pousoalto
BRA.13.617_2,BRA.13_1,MinasGerais,Prados,Município,3152709,prados
BRA.13.618_2,BRA.13_1,MinasGerais,Prata,Município,3152808,prata
BRA.13.619_2,BRA.13_1,MinasGerais,Pratápolis,Município,3152907,pratapolis
BRA.13.620_2,BRA.13_1,MinasGerais,Pratinha,Município,3153004,pratinha
BRA.13.621_2,BRA.13_1,MinasGerais,PresidenteBernardes,Município,3153103,presidentebernardes
BRA.13.622_2,BRA.13_1,MinasGerais,PresidenteJuscelino,Município,3153202,presidentejuscelino
BRA.13.623_2,BRA.13_1,MinasGerais,PresidenteKubitschek,Município,3153301,presidentekubitschek
BRA.13.624_2,BRA.13_1,MinasGerais,PresidenteOlegário,Município,3153400,presidenteolegario
BRA.13.625_2,BRA.13_1,MinasGerais,PrudentedeMorais,Município,3153608,prudentedemorais
BRA.13.626_2,BRA.13_1,MinasGerais,QuartelGeral,Município,3153707,quartelgeral
BRA.13.627_2,BRA.13_1,MinasGerais,Queluzito,Município,3153806,queluzito
BRA.13.628_2,BRA.13_1,MinasGerais,Raposos,Município,3153905,raposos
BRA.13.629_2,BRA.13_1,MinasGerais,RaulSoares,Município,3154002,raulsoares
BRA.13.630_2,BRA.13_1,MinasGerais,Recreio,Município,3154101,recreio
BRA.13.631_2,BRA.13_1,MinasGerais,Reduto,Município,3154150,reduto
BRA.13.632_2,BRA.13_1,MinasGerais,ResendeCosta,Município,3154200,resendecosta
BRA.13.633_2,BRA.13_1,MinasGerais,Resplendor,Município,3154309,resplendor
BRA.13.634_2,BRA.13_1,MinasGerais,Ressaquinha,Município,3154408,ressaquinha
BRA.13.635_2,BRA.13_1,MinasGerais,Riachinho,Município,3154457,riachinho
BRA.13.636_2,BRA.13_1,MinasGerais,RiachodosMachados,Município,3154507,riachodosmachados
BRA.13.637_2,BRA.13_1,MinasGerais,RibeirãodasNeves,Município,3154606,ribeiraodasneves
BRA.13.638_2,BRA.13_1,MinasGerais,RibeirãoVermelho,Município,3154705,ribeiraovermelho
BRA.13.639_2,BRA.13_1,MinasGerais,RioAcima,Município,3154804,rioacima
BRA.13.640_2,BRA.13_1,MinasGerais,RioCasca,Município,3154903,riocasca
BRA.13.641_2,BRA.13_1,MinasGerais,RiodoPrado,Município,3155108,riodoprado
BRA.13.642_2,BRA.13_1,MinasGerais,RioDoce,Município,3155009,riodoce
BRA.13.643_2,BRA.13_1,MinasGerais,RioEspera,Município,3155207,rioespera
BRA.13.644_2,BRA.13_1,MinasGerais,RioManso,Município,3155306,riomanso
BRA.13.645_2,BRA.13_1,MinasGerais,RioNovo,Município,3155405,rionovo
BRA.13.646_2,BRA.13_1,MinasGerais,RioParanaíba,Município,3155504,rioparanaiba
BRA.13.647_2,BRA.13_1,MinasGerais,RioPardodeMinas,Município,3155603,riopardodeminas
BRA.13.648_2,BRA.13_1,MinasGerais,RioPiracicaba,Município,3155702,riopiracicaba
BRA.13.649_2,BRA.13_1,MinasGerais,RioPomba,Município,3155801,riopomba
BRA.13.650_2,BRA.13_1,MinasGerais,RioPreto,Município,3155900,riopreto
BRA.13.651_2,BRA.13_1,MinasGerais,RioVermelho,Município,3156007,riovermelho
BRA.13.652_2,BRA.13_1,MinasGerais,Ritápolis,Município,3156106,ritapolis
BRA.13.653_2,BRA.13_1,MinasGerais,RochedodeMinas,Município,3156205,rochedodeminas
BRA.13.654_2,BRA.13_1,MinasGerais,Rodeiro,Município,3156304,rodeiro
BRA.13.655_2,BRA.13_1,MinasGerais,Romaria,Município,3156403,romaria
BRA.13.656_2,BRA.13_1,MinasGerais,RosáriodaLimeira,Município,3156452,rosariodalimeira
BRA.13.657_2,BRA.13_1,MinasGerais,Rubelita,Município,3156502,rubelita
BRA.13.658_2,BRA.13_1,MinasGerais,Rubim,Município,3156601,rubim
BRA.13.659_2,BRA.13_1,MinasGerais,Sabará,Município,3156700,sabara
BRA.13.660_2,BRA.13_1,MinasGerais,Sabinópolis,Município,3156809,sabinopolis
BRA.13.661_2,BRA.13_1,MinasGerais,Sacramento,Município,3156908,sacramento
BRA.13.662_2,BRA.13_1,MinasGerais,Salinas,Município,3157005,salinas
BRA.13.663_2,BRA.13_1,MinasGerais,SaltodaDivisa,Município,3157104,saltodadivisa
BRA.13.664_2,BRA.13_1,MinasGerais,SantaBárbara,Município,3157203,santabarbara
BRA.13.665_2,BRA.13_1,MinasGerais,SantaBárbaradoLeste,Município,3157252,santabarbaradoleste
BRA.13.666_2,BRA.13_1,MinasGerais,SantaBárbaradoMonteVerde,Município,3157278,santabarbaradomonteverde
BRA.13.667_2,BRA.13_1,MinasGerais,SantaBárbaradoTugúrio,Município,3157302,santabarbaradotugurio
BRA.13.668_2,BRA.13_1,MinasGerais,SantaCruzdeMinas,Município,3157336,santacruzdeminas
BRA.13.669_2,BRA.13_1,MinasGerais,SantaCruzdeSalinas,Município,3157377,santacruzdesalinas
BRA.13.670_2,BRA.13_1,MinasGerais,SantaCruzdoEscalvado,Município,3157401,santacruzdoescalvado
BRA.13.671_2,BRA.13_1,MinasGerais,SantaEfigêniadeMinas,Município,3157500,santaefigeniademinas
BRA.13.672_2,BRA.13_1,MinasGerais,SantaFédeMinas,Município,3157609,santafedeminas
BRA.13.673_2,BRA.13_1,MinasGerais,SantaHelenadeMinas,Município,3157658,santahelenademinas
BRA.13.674_2,BRA.13_1,MinasGerais,SantaJuliana,Município,3157708,santajuliana
BRA.13.675_2,BRA.13_1,MinasGerais,SantaLuzia,Município,3157807,santaluzia
BRA.13.676_2,BRA.13_1,MinasGerais,SantaMargarida,Município,3157906,santamargarida
BRA.13.677_2,BRA.13_1,MinasGerais,SantaMariadeItabira,Município,3158003,santamariadeitabira
BRA.13.678_2,BRA.13_1,MinasGerais,SantaMariadoSalto,Município,3158102,santamariadosalto
BRA.13.679_2,BRA.13_1,MinasGerais,SantaMariadoSuaçuí,Município,3158201,santamariadosuacui
BRA.13.680_2,BRA.13_1,MinasGerais,SantaRitadeCaldas,Município,3159209,santaritadecaldas
BRA.13.681_2,BRA.13_1,MinasGerais,SantaRitadeIbitipoca,Município,3159407,santaritadeibitipoca
BRA.13.682_2,BRA.13_1,MinasGerais,SantaRitadeJacutinga,Município,3159308,santaritadejacutinga
BRA.13.683_2,BRA.13_1,MinasGerais,SantaRitadeMinas,Município,3159357,santaritademinas
BRA.13.684_2,BRA.13_1,MinasGerais,SantaRitadoItueto,Município,3159506,santaritadoitueto
BRA.13.685_2,BRA.13_1,MinasGerais,SantaRitadoSapucaí,Município,3159605,santaritadosapucai
BRA.13.686_2,BRA.13_1,MinasGerais,SantaRosadaSerra,Município,3159704,santarosadaserra
BRA.13.687_2,BRA.13_1,MinasGerais,SantaVitória,Município,3159803,santavitoria
BRA.13.688_2,BRA.13_1,MinasGerais,SantanadaVargem,Município,3158300,santanadavargem
BRA.13.689_2,BRA.13_1,MinasGerais,SantanadeCataguases,Município,3158409,santanadecataguases
BRA.13.690_2,BRA.13_1,MinasGerais,SantanadePirapama,Município,3158508,santanadepirapama
BRA.13.691_2,BRA.13_1,MinasGerais,SantanadoDeserto,Município,3158607,santanadodeserto
BRA.13.692_2,BRA.13_1,MinasGerais,SantanadoGarambéu,Município,3158706,santanadogarambeu
BRA.13.693_2,BRA.13_1,MinasGerais,SantanadoJacaré,Município,3158805,santanadojacare
BRA.13.694_2,BRA.13_1,MinasGerais,SantanadoManhuaçu,Município,3158904,santanadomanhuacu
BRA.13.695_2,BRA.13_1,MinasGerais,SantanadoParaíso,Município,3158953,santanadoparaiso
BRA.13.696_2,BRA.13_1,MinasGerais,SantanadoRiacho,Município,3159001,santanadoriacho
BRA.13.697_2,BRA.13_1,MinasGerais,SantanadosMontes,Município,3159100,santanadosmontes
BRA.13.698_2,BRA.13_1,MinasGerais,SantoAntôniodoAmparo,Município,3159902,santoantoniodoamparo
BRA.13.699_2,BRA.13_1,MinasGerais,SantoAntôniodoAventureiro,Município,3160009,santoantoniodoaventureiro
BRA.13.700_2,BRA.13_1,MinasGerais,SantoAntôniodoGrama,Município,3160108,santoantoniodograma
BRA.13.701_2,BRA.13_1,MinasGerais,SantoAntôniodoItambé,Município,3160207,santoantoniodoitambe
BRA.13.702_2,BRA.13_1,MinasGerais,SantoAntôniodoJacinto,Município,3160306,santoantoniodojacinto
BRA.13.703_2,BRA.13_1,MinasGerais,SantoAntôniodoMonte,Município,3160405,santoantoniodomonte
BRA.13.704_2,BRA.13_1,MinasGerais,SantoAntôniodoRetiro,Município,3160454,santoantoniodoretiro
BRA.13.705_2,BRA.13_1,MinasGerais,SantoAntôniodoRioAbaixo,Município,3160504,santoantoniodorioabaixo
BRA.13.706_2,BRA.13_1,MinasGerais,SantoHipólito,Município,3160603,santohipolito
BRA.13.707_2,BRA.13_1,MinasGerais,SantosDumont,Município,3160702,santosdumont
BRA.13.708_2,BRA.13_1,MinasGerais,SãoBentoAbade,Município,3160801,saobentoabade
BRA.13.709_2,BRA.13_1,MinasGerais,SãoBrásdoSuaçuí,Município,3160900,saobrasdosuacui
BRA.13.710_2,BRA.13_1,MinasGerais,SãoDomingosdasDores,Município,3160959,saodomingosdasdores
BRA.13.711_2,BRA.13_1,MinasGerais,SãoDomingosdoPrata,Município,3161007,saodomingosdoprata
BRA.13.712_2,BRA.13_1,MinasGerais,SãoFélixdeMinas,Município,3161056,saofelixdeminas
BRA.13.713_2,BRA.13_1,MinasGerais,SãoFrancisco,Município,3161106,saofrancisco
BRA.13.714_2,BRA.13_1,MinasGerais,SãoFranciscodePaula,Município,3161205,saofranciscodepaula
BRA.13.715_2,BRA.13_1,MinasGerais,SãoFranciscodeSales,Município,3161304,saofranciscodesales
BRA.13.716_2,BRA.13_1,MinasGerais,SãoFranciscodoGlória,Município,3161403,saofranciscodogloria
BRA.13.717_2,BRA.13_1,MinasGerais,SãoGeraldo,Município,3161502,saogeraldo
BRA.13.718_2,BRA.13_1,MinasGerais,SãoGeraldodaPiedade,Município,3161601,saogeraldodapiedade
BRA.13.719_2,BRA.13_1,MinasGerais,SãoGeraldodoBaixio,Município,3161650,saogeraldodobaixio
BRA.13.720_2,BRA.13_1,MinasGerais,SãoGonçalodoAbaeté,Município,3161700,saogoncalodoabaete
BRA.13.721_2,BRA.13_1,MinasGerais,SãoGonçalodoPará,Município,3161809,saogoncalodopara
BRA.13.722_2,BRA.13_1,MinasGerais,SãoGonçalodoRioAbaixo,Município,3161908,saogoncalodorioabaixo
BRA.13.723_2,BRA.13_1,MinasGerais,SãoGonçalodoRioPreto,Município,3125507,saogoncalodoriopreto
BRA.13.724_2,BRA.13_1,MinasGerais,SãoGonçalodoSapucaí,Município,3162005,saogoncalodosapucai
BRA.13.725_2,BRA.13_1,MinasGerais,SãoGotardo,Município,3162104,saogotardo
BRA.13.726_2,BRA.13_1,MinasGerais,SãoJoãoBatistadoGlória,Município,3162203,saojoaobatistadogloria
BRA.13.727_2,BRA.13_1,MinasGerais,SãoJoãodaLagoa,Município,3162252,saojoaodalagoa
BRA.13.728_2,BRA.13_1,MinasGerais,SãoJoãodaMata,Município,3162302,saojoaodamata
BRA.13.729_2,BRA.13_1,MinasGerais,SãoJoãodaPonte,Município,3162401,saojoaodaponte
BRA.13.730_2,BRA.13_1,MinasGerais,SãoJoãodasMissões,Município,3162450,saojoaodasmissoes
BRA.13.731_2,BRA.13_1,MinasGerais,SãoJoãodelRei,Município,3162500,saojoaodelrei
BRA.13.732_2,BRA.13_1,MinasGerais,SãoJoãodoManhuaçu,Município,3162559,saojoaodomanhuacu
BRA.13.733_2,BRA.13_1,MinasGerais,SãoJoãodoManteninha,Município,3162575,saojoaodomanteninha
BRA.13.734_2,BRA.13_1,MinasGerais,SãoJoãodoOriente,Município,3162609,saojoaodooriente
BRA.13.735_2,BRA.13_1,MinasGerais,SãoJoãodoPacuí,Município,3162658,saojoaodopacui
BRA.13.736_2,BRA.13_1,MinasGerais,SãoJoãodoParaíso,Município,3162708,saojoaodoparaiso
BRA.13.737_2,BRA.13_1,MinasGerais,SãoJoãoEvangelista,Município,3162807,saojoaoevangelista
BRA.13.738_2,BRA.13_1,MinasGerais,SãoJoãoNepomuceno,Município,3162906,saojoaonepomuceno
BRA.13.739_2,BRA.13_1,MinasGerais,SãoJoaquimdeBicas,Município,3162922,saojoaquimdebicas
BRA.13.740_2,BRA.13_1,MinasGerais,SãoJosédaBarra,Município,3162948,saojosedabarra
BRA.13.741_2,BRA.13_1,MinasGerais,SãoJosédaLapa,Município,3162955,saojosedalapa
BRA.13.742_2,BRA.13_1,MinasGerais,SãoJosédaSafira,Município,3163003,saojosedasafira
BRA.13.743_2,BRA.13_1,MinasGerais,SãoJosédaVarginha,Município,3163102,saojosedavarginha
BRA.13.744_2,BRA.13_1,MinasGerais,SãoJosédoAlegre,Município,3163201,saojosedoalegre
BRA.13.745_2,BRA.13_1,MinasGerais,SãoJosédoDivino,Município,3163300,saojosedodivino
BRA.13.746_2,BRA.13_1,MinasGerais,SãoJosédoGoiabal,Município,3163409,saojosedogoiabal
BRA.13.747_2,BRA.13_1,MinasGerais,SãoJosédoJacuri,Município,3163508,saojosedojacuri
BRA.13.748_2,BRA.13_1,MinasGerais,SãoJosédoMantimento,Município,3163607,saojosedomantimento
BRA.13.749_2,BRA.13_1,MinasGerais,SãoLourenço,Município,3163706,saolourenco
BRA.13.750_2,BRA.13_1,MinasGerais,SãoMigueldoAnta,Município,3163805,saomigueldoanta
BRA.13.751_2,BRA.13_1,MinasGerais,SãoPedrodaUnião,Município,3163904,saopedrodauniao
BRA.13.752_2,BRA.13_1,MinasGerais,SãoPedrodoSuaçuí,Município,3164100,saopedrodosuacui
BRA.13.753_2,BRA.13_1,MinasGerais,SãoPedrodosFerros,Município,3164001,saopedrodosferros
BRA.13.754_2,BRA.13_1,MinasGerais,SãoRomão,Município,3164209,saoromao
BRA.13.755_2,BRA.13_1,MinasGerais,SãoRoquedeMinas,Município,3164308,saoroquedeminas
BRA.13.756_2,BRA.13_1,MinasGerais,SãoSebastiãodaBelaVista,Município,3164407,saosebastiaodabelavista
BRA.13.757_2,BRA.13_1,MinasGerais,SãoSebastiãodaVargemAlegre,Município,3164431,saosebastiaodavargemalegre
BRA.13.758_2,BRA.13_1,MinasGerais,SãoSebastiãodoAnta,Município,3164472,saosebastiaodoanta
BRA.13.759_2,BRA.13_1,MinasGerais,SãoSebastiãodoMaranhão,Município,3164506,saosebastiaodomaranhao
BRA.13.760_2,BRA.13_1,MinasGerais,SãoSebastiãodoOeste,Município,3164605,saosebastiaodooeste
BRA.13.761_2,BRA.13_1,MinasGerais,SãoSebastiãodoParaíso,Município,3164704,saosebastiaodoparaiso
BRA.13.762_2,BRA.13_1,MinasGerais,SãoSebastiãodoRioPreto,Município,3164803,saosebastiaodoriopreto
BRA.13.763_2,BRA.13_1,MinasGerais,SãoSebastiãodoRioVerde,Município,3164902,saosebastiaodorioverde
BRA.13.764_2,BRA.13_1,MinasGerais,SãoTiago,Município,3165008,saotiago
BRA.13.765_2,BRA.13_1,MinasGerais,SãoTomásdeAquino,Município,3165107,saotomasdeaquino
BRA.13.766_2,BRA.13_1,MinasGerais,SãoTomédasLetras,Município,3165206,saotomedasletras
BRA.13.767_2,BRA.13_1,MinasGerais,SãoVicentedeMinas,Município,3165305,saovicentedeminas
BRA.13.768_2,BRA.13_1,MinasGerais,Sapucaí-Mirim,Município,3165404,sapucaimirim
BRA.13.769_2,BRA.13_1,MinasGerais,Sardoá,Município,3165503,sardoa
BRA.13.770_2,BRA.13_1,MinasGerais,Sarzedo,Município,3165537,sarzedo
BRA.13.771_2,BRA.13_1,MinasGerais,Sem-Peixe,Município,3165560,sempeixe
BRA.13.772_2,BRA.13_1,MinasGerais,SenadorAmaral,Município,3165578,senadoramaral
BRA.13.773_2,BRA.13_1,MinasGerais,SenadorCortes,Município,3165602,senadorcortes
BRA.13.774_2,BRA.13_1,MinasGerais,SenadorFirmino,Município,3165701,senadorfirmino
BRA.13.775_2,BRA.13_1,MinasGerais,SenadorJoséBento,Município,3165800,senadorjosebento
BRA.13.776_2,BRA.13_1,MinasGerais,SenadorModestinoGonçalves,Município,3165909,senadormodestinogoncalves
BRA.13.777_2,BRA.13_1,MinasGerais,SenhoradeOliveira,Município,3166006,senhoradeoliveira
BRA.13.778_2,BRA.13_1,MinasGerais,SenhoradoPorto,Município,3166105,senhoradoporto
BRA.13.779_2,BRA.13_1,MinasGerais,SenhoradosRemédios,Município,3166204,senhoradosremedios
BRA.13.780_2,BRA.13_1,MinasGerais,Sericita,Município,3166303,sericita
BRA.13.781_2,BRA.13_1,MinasGerais,Seritinga,Município,3166402,seritinga
BRA.13.782_2,BRA.13_1,MinasGerais,SerraAzuldeMinas,Município,3166501,serraazuldeminas
BRA.13.783_2,BRA.13_1,MinasGerais,SerradaSaudade,Município,3166600,serradasaudade
BRA.13.784_2,BRA.13_1,MinasGerais,SerradoSalitre,Município,3166808,serradosalitre
BRA.13.785_2,BRA.13_1,MinasGerais,SerradosAimorés,Município,3166709,serradosaimores
BRA.13.786_2,BRA.13_1,MinasGerais,Serrania,Município,3166907,serrania
BRA.13.787_2,BRA.13_1,MinasGerais,SerranópolisdeMinas,Município,3166956,serranopolisdeminas
BRA.13.788_2,BRA.13_1,MinasGerais,Serranos,Município,3167004,serranos
BRA.13.789_2,BRA.13_1,MinasGerais,Serro,Município,3167103,serro
BRA.13.790_2,BRA.13_1,MinasGerais,SeteLagoas,Município,3167202,setelagoas
BRA.13.791_2,BRA.13_1,MinasGerais,Setubinha,Município,3165552,setubinha
BRA.13.792_2,BRA.13_1,MinasGerais,Silveirânia,Município,3167301,silveirania
BRA.13.793_2,BRA.13_1,MinasGerais,Silvianópolis,Município,3167400,silvianopolis
BRA.13.794_2,BRA.13_1,MinasGerais,SimãoPereira,Município,3167509,simaopereira
BRA.13.795_2,BRA.13_1,MinasGerais,Simonésia,Município,3167608,simonesia
BRA.13.796_2,BRA.13_1,MinasGerais,Sobrália,Município,3167707,sobralia
BRA.13.797_2,BRA.13_1,MinasGerais,SoledadedeMinas,Município,3167806,soledadedeminas
BRA.13.798_2,BRA.13_1,MinasGerais,Tabuleiro,Município,3167905,tabuleiro
BRA.13.799_2,BRA.13_1,MinasGerais,Taiobeiras,Município,3168002,taiobeiras
BRA.13.800_2,BRA.13_1,MinasGerais,Taparuba,Município,3168051,taparuba
BRA.13.801_2,BRA.13_1,MinasGerais,Tapira,Município,3168101,tapira
BRA.13.802_2,BRA.13_1,MinasGerais,Tapiraí,Município,3168200,tapirai
BRA.13.803_2,BRA.13_1,MinasGerais,TaquaraçudeMinas,Município,3168309,taquaracudeminas
BRA.13.804_2,BRA.13_1,MinasGerais,Tarumirim,Município,3168408,tarumirim
BRA.13.805_2,BRA.13_1,MinasGerais,Teixeiras,Município,3168507,teixeiras
BRA.13.806_2,BRA.13_1,MinasGerais,TeófiloOtoni,Município,3168606,teofilootoni
BRA.13.807_2,BRA.13_1,MinasGerais,Timóteo,Município,3168705,timoteo
BRA.13.808_2,BRA.13_1,MinasGerais,Tiradentes,Município,3168804,tiradentes
BRA.13.809_2,BRA.13_1,MinasGerais,Tiros,Município,3168903,tiros
BRA.13.810_2,BRA.13_1,MinasGerais,Tocantins,Município,3169000,tocantins
BRA.13.811_2,BRA.13_1,MinasGerais,TocosdoMoji,Município,3169059,tocosdomoji
BRA.13.812_2,BRA.13_1,MinasGerais,Toledo,Município,3169109,toledo
BRA.13.813_2,BRA.13_1,MinasGerais,Tombos,Município,3169208,tombos
BRA.13.814_2,BRA.13_1,MinasGerais,TrêsCorações,Município,3169307,trescoracoes
BRA.13.815_2,BRA.13_1,MinasGerais,TrêsMarias,Município,3169356,tresmarias
BRA.13.816_2,BRA.13_1,MinasGerais,TrêsPontas,Município,3169406,trespontas
BRA.13.817_2,BRA.13_1,MinasGerais,Tumiritinga,Município,3169505,tumiritinga
BRA.13.818_2,BRA.13_1,MinasGerais,Tupaciguara,Município,3169604,tupaciguara
BRA.13.819_2,BRA.13_1,MinasGerais,Turmalina,Município,3169703,turmalina
BRA.13.820_2,BRA.13_1,MinasGerais,Turvolândia,Município,3169802,turvolandia
BRA.13.821_2,BRA.13_1,MinasGerais,Ubá,Município,3169901,uba
BRA.13.822_2,BRA.13_1,MinasGerais,Ubaí,Município,3170008,ubai
BRA.13.823_2,BRA.13_1,MinasGerais,Ubaporanga,Município,3170057,ubaporanga
BRA.13.824_2,BRA.13_1,MinasGerais,Uberaba,Município,3170107,uberaba
BRA.13.825_2,BRA.13_1,MinasGerais,Uberlândia,Município,3170206,uberlandia
BRA.13.826_2,BRA.13_1,MinasGerais,Umburatiba,Município,3170305,umburatiba
BRA.13.827_2,BRA.13_1,MinasGerais,Unaí,Município,3170404,unai
BRA.13.828_2,BRA.13_1,MinasGerais,UniãodeMinas,Município,3170438,uniaodeminas
BRA.13.829_2,BRA.13_1,MinasGerais,UruanadeMinas,Município,3170479,uruanademinas
BRA.13.830_2,BRA.13_1,MinasGerais,Urucânia,Município,3170503,urucania
BRA.13.831_2,BRA.13_1,MinasGerais,Urucuia,Município,3170529,urucuia
BRA.13.832_2,BRA.13_1,MinasGerais,VargemAlegre,Município,3170578,vargemalegre
BRA.13.833_2,BRA.13_1,MinasGerais,VargemBonita,Município,3170602,vargembonita
BRA.13.834_2,BRA.13_1,MinasGerais,VargemGrandedoRioPardo,Município,3170651,vargemgrandedoriopardo
BRA.13.835_2,BRA.13_1,MinasGerais,Varginha,Município,3170701,varginha
BRA.13.836_2,BRA.13_1,MinasGerais,VarjãodeMinas,Município,3170750,varjaodeminas
BRA.13.837_2,BRA.13_1,MinasGerais,VárzeadaPalma,Município,3170800,varzeadapalma
BRA.13.838_2,BRA.13_1,MinasGerais,Varzelândia,Município,3170909,varzelandia
BRA.13.839_2,BRA.13_1,MinasGerais,Vazante,Município,3171006,vazante
BRA.13.840_2,BRA.13_1,MinasGerais,Verdelândia,Município,3171030,verdelandia
BRA.13.841_2,BRA.13_1,MinasGerais,Veredinha,Município,3171071,veredinha
BRA.13.842_2,BRA.13_1,MinasGerais,Veríssimo,Município,3171105,verissimo
BRA.13.843_2,BRA.13_1,MinasGerais,VermelhoNovo,Município,3171154,vermelhonovo
BRA.13.844_2,BRA.13_1,MinasGerais,Vespasiano,Município,3171204,vespasiano
BRA.13.845_2,BRA.13_1,MinasGerais,Viçosa,Município,3171303,vicosa
BRA.13.846_2,BRA.13_1,MinasGerais,Vieiras,Município,3171402,vieiras
BRA.13.847_2,BRA.13_1,MinasGerais,VirgemdaLapa,Município,3171600,virgemdalapa
BRA.13.848_2,BRA.13_1,MinasGerais,Virgínia,Município,3171709,virginia
BRA.13.849_2,BRA.13_1,MinasGerais,Virginópolis,Município,3171808,virginopolis
BRA.13.850_2,BRA.13_1,MinasGerais,Virgolândia,Município,3171907,virgolandia
BRA.13.851_2,BRA.13_1,MinasGerais,ViscondedoRioBranco,Município,3172004,viscondedoriobranco
BRA.13.852_2,BRA.13_1,MinasGerais,VoltaGrande,Município,3172103,voltagrande
BRA.13.853_2,BRA.13_1,MinasGerais,WenceslauBraz,Município,3172202,wenceslaubraz
BRA.14.1_2,BRA.14_1,Pará,Abaetetuba,Município,1500107,abaetetuba
BRA.14.2_2,BRA.14_1,Pará,AbelFigueiredo,Município,1500131,abelfigueiredo
BRA.14.3_2,BRA.14_1,Pará,Acará,Município,1500206,acara
BRA.14.4_2,BRA.14_1,Pará,Afuá,Município,1500305,afua
BRA.14.5_2,BRA.14_1,Pará,ÁguaAzuldoNorte,Município,1500347,aguaazuldonorte
BRA.14.6_2,BRA.14_1,Pará,Alenquer,Município,1500404,alenquer
BRA.14.7_2,BRA.14_1,Pará,Almeirim,Município,1500503,almeirim
BRA.14.8_2,BRA.14_1,Pará,Altamira,Município,1500602,altamira
BRA.14.9_2,BRA.14_1,Pará,Anajás,Município,1500701,anajas
BRA.14.10_2,BRA.14_1,Pará,Ananindeua,Município,1500800,ananindeua
BRA.14.11_2,BRA.14_1,Pará,Anapu,Município,1500859,anapu
BRA.14.12_2,BRA.14_1,Pará,AugustoCorrêa,Município,1500909,augustocorrea
BRA.14.13_2,BRA.14_1,Pará,AuroradoPará,Município,1500958,auroradopara
BRA.14.14_2,BRA.14_1,Pará,Aveiro,Município,1501006,aveiro
BRA.14.15_2,BRA.14_1,Pará,Bagre,Município,1501105,bagre
BRA.14.16_2,BRA.14_1,Pará,Baião,Município,1501204,baiao
BRA.14.17_2,BRA.14_1,Pará,Bannach,Município,1501253,bannach
BRA.14.18_2,BRA.14_1,Pará,Barcarena,Município,1501303,barcarena
BRA.14.19_2,BRA.14_1,Pará,Belém,Município,1501402,belem
BRA.14.20_2,BRA.14_1,Pará,Belterra,Município,1501451,belterra
BRA.14.21_2,BRA.14_1,Pará,Benevides,Município,1501501,benevides
BRA.14.22_2,BRA.14_1,Pará,BomJesusdoTocantins,Município,1501576,bomjesusdotocantins
BRA.14.23_2,BRA.14_1,Pará,Bonito,Município,1501600,bonito
BRA.14.24_2,BRA.14_1,Pará,Bragança,Município,1501709,braganca
BRA.14.25_2,BRA.14_1,Pará,BrasilNovo,Município,1501725,brasilnovo
BRA.14.26_2,BRA.14_1,Pará,BrejoGrandedoAraguaia,Município,1501758,brejograndedoaraguaia
BRA.14.27_2,BRA.14_1,Pará,BreuBranco,Município,1501782,breubranco
BRA.14.28_2,BRA.14_1,Pará,Breves,Município,1501808,breves
BRA.14.29_2,BRA.14_1,Pará,Bujaru,Município,1501907,bujaru
BRA.14.30_2,BRA.14_1,Pará,CachoeiradoArari,Município,1502004,cachoeiradoarari
BRA.14.31_2,BRA.14_1,Pará,CachoeiradoPiriá,Município,1501956,cachoeiradopiria
BRA.14.32_2,BRA.14_1,Pará,Cametá,Município,1502103,cameta
BRA.14.33_2,BRA.14_1,Pará,CanaãdosCarajás,Município,1502152,canaadoscarajas
BRA.14.34_2,BRA.14_1,Pará,Capanema,Município,1502202,capanema
BRA.14.35_2,BRA.14_1,Pará,CapitãoPoço,Município,1502301,capitaopoco
BRA.14.36_2,BRA.14_1,Pará,Castanhal,Município,1502400,castanhal
BRA.14.37_2,BRA.14_1,Pará,Chaves,Município,1502509,chaves
BRA.14.38_2,BRA.14_1,Pará,Colares,Município,1502608,colares
BRA.14.39_2,BRA.14_1,Pará,ConceiçãodoAraguaia,Município,1502707,conceicaodoaraguaia
BRA.14.40_2,BRA.14_1,Pará,ConcórdiadoPará,Município,1502756,concordiadopara
BRA.14.41_2,BRA.14_1,Pará,CumarudoNorte,Município,1502764,cumarudonorte
BRA.14.42_2,BRA.14_1,Pará,Curionópolis,Município,1502772,curionopolis
BRA.14.43_2,BRA.14_1,Pará,Curralinho,Município,1502806,curralinho
BRA.14.44_2,BRA.14_1,Pará,Curuá,Município,1502855,curua
BRA.14.45_2,BRA.14_1,Pará,Curuçá,Município,1502905,curuca
BRA.14.46_2,BRA.14_1,Pará,DomEliseu,Município,1502939,domeliseu
BRA.14.47_2,BRA.14_1,Pará,EldoradodoCarajás,Município,1502954,eldoradodocarajas
BRA.14.48_2,BRA.14_1,Pará,Faro,Município,1503002,faro
BRA.14.49_2,BRA.14_1,Pará,FlorestadoAraguaia,Município,1503044,florestadoaraguaia
BRA.14.50_2,BRA.14_1,Pará,GarrafãodoNorte,Município,1503077,garrafaodonorte
BRA.14.51_2,BRA.14_1,Pará,GoianésiadoPará,Município,1503093,goianesiadopara
BRA.14.52_2,BRA.14_1,Pará,Gurupá,Município,1503101,gurupa
BRA.14.53_2,BRA.14_1,Pará,Igarapé-Açu,Município,1503200,igarapeacu
BRA.14.54_2,BRA.14_1,Pará,Igarapé-Miri,Município,1503309,igarapemiri
BRA.14.55_2,BRA.14_1,Pará,Inhangapi,Município,1503408,inhangapi
BRA.14.56_2,BRA.14_1,Pará,IpixunadoPará,Município,1503457,ipixunadopara
BRA.14.57_2,BRA.14_1,Pará,Irituia,Município,1503507,irituia
BRA.14.58_2,BRA.14_1,Pará,Itaituba,Município,1503606,itaituba
BRA.14.59_2,BRA.14_1,Pará,Itupiranga,Município,1503705,itupiranga
BRA.14.60_2,BRA.14_1,Pará,Jacareacanga,Município,1503754,jacareacanga
BRA.14.61_2,BRA.14_1,Pará,Jacundá,Município,1503804,jacunda
BRA.14.62_2,BRA.14_1,Pará,Juruti,Município,1503903,juruti
BRA.14.63_2,BRA.14_1,Pará,LimoeirodoAjuru,Município,1504000,limoeirodoajuru
BRA.14.64_2,BRA.14_1,Pará,MãedoRio,Município,1504059,maedorio
BRA.14.65_2,BRA.14_1,Pará,MagalhãesBarata,Município,1504109,magalhaesbarata
BRA.14.66_2,BRA.14_1,Pará,Marabá,Município,1504208,maraba
BRA.14.67_2,BRA.14_1,Pará,Maracanã,Município,1504307,maracana
BRA.14.68_2,BRA.14_1,Pará,Marapanim,Município,1504406,marapanim
BRA.14.69_2,BRA.14_1,Pará,Marituba,Município,1504422,marituba
BRA.14.70_2,BRA.14_1,Pará,Medicilândia,Município,1504455,medicilandia
BRA.14.71_2,BRA.14_1,Pará,Melgaço,Município,1504505,melgaco
BRA.14.72_2,BRA.14_1,Pará,Mocajuba,Município,1504604,mocajuba
BRA.14.73_2,BRA.14_1,Pará,Moju,Município,1504703,moju
BRA.14.74_2,BRA.14_1,Pará,MojuídosCampos,Município,1504752,mojuidoscampos
BRA.14.75_2,BRA.14_1,Pará,MonteAlegre,Município,1504802,montealegre
BRA.14.76_2,BRA.14_1,Pará,Muaná,Município,1504901,muana
BRA.14.77_2,BRA.14_1,Pará,NovaEsperançadoPiriá,Município,1504950,novaesperancadopiria
BRA.14.78_2,BRA.14_1,Pará,NovaIpixuna,Município,1504976,novaipixuna
BRA.14.79_2,BRA.14_1,Pará,NovaTimboteua,Município,1505007,novatimboteua
BRA.14.80_2,BRA.14_1,Pará,NovoProgresso,Município,1505031,novoprogresso
BRA.14.81_2,BRA.14_1,Pará,NovoRepartimento,Município,1505064,novorepartimento
BRA.14.82_2,BRA.14_1,Pará,Óbidos,Município,1505106,obidos
BRA.14.83_2,BRA.14_1,Pará,OeirasdoPará,Município,1505205,oeirasdopara
BRA.14.84_2,BRA.14_1,Pará,Oriximiná,Município,1505304,oriximina
BRA.14.85_2,BRA.14_1,Pará,Ourém,Município,1505403,ourem
BRA.14.86_2,BRA.14_1,Pará,OurilândiadoNorte,Município,1505437,ourilandiadonorte
BRA.14.87_2,BRA.14_1,Pará,Pacajá,Município,1505486,pacaja
BRA.14.88_2,BRA.14_1,Pará,PalestinadoPará,Município,1505494,palestinadopara
BRA.14.89_2,BRA.14_1,Pará,Paragominas,Município,1505502,paragominas
BRA.14.90_2,BRA.14_1,Pará,Parauapebas,Município,1505536,parauapebas
BRA.14.91_2,BRA.14_1,Pará,PauD'Arco,Município,1505551,paudarco
BRA.14.92_2,BRA.14_1,Pará,Peixe-Boi,Município,1505601,peixeboi
BRA.14.93_2,BRA.14_1,Pará,Piçarra,Município,1505635,picarra
BRA.14.94_2,BRA.14_1,Pará,Placas,Município,1505650,placas
BRA.14.95_2,BRA.14_1,Pará,PontadePedras,Município,1505700,pontadepedras
BRA.14.96_2,BRA.14_1,Pará,Portel,Município,1505809,portel
BRA.14.97_2,BRA.14_1,Pará,PortodeMoz,Município,1505908,portodemoz
BRA.14.98_2,BRA.14_1,Pará,Prainha,Município,1506005,prainha
BRA.14.99_2,BRA.14_1,Pará,Primavera,Município,1506104,primavera
BRA.14.100_2,BRA.14_1,Pará,Quatipuru,Município,1506112,quatipuru
BRA.14.101_2,BRA.14_1,Pará,Redenção,Município,1506138,redencao
BRA.14.102_2,BRA.14_1,Pará,RioMaria,Município,1506161,riomaria
BRA.14.103_2,BRA.14_1,Pará,RondondoPará,Município,1506187,rondondopara
BRA.14.104_2,BRA.14_1,Pará,Rurópolis,Município,1506195,ruropolis
BRA.14.105_2,BRA.14_1,Pará,Salinópolis,Município,1506203,salinopolis
BRA.14.106_2,BRA.14_1,Pará,Salvaterra,Município,1506302,salvaterra
BRA.14.107_2,BRA.14_1,Pará,SantaBárbaradoPará,Município,1506351,santabarbaradopara
BRA.14.108_2,BRA.14_1,Pará,SantaCruzdoArari,Município,1506401,santacruzdoarari
BRA.14.109_2,BRA.14_1,Pará,SantaIzabeldoPará,Município,1506500,santaizabeldopara
BRA.14.110_2,BRA.14_1,Pará,SantaLuziadoPará,Município,1506559,santaluziadopara
BRA.14.111_2,BRA.14_1,Pará,SantaMariadasBarreiras,Município,1506583,santamariadasbarreiras
BRA.14.112_2,BRA.14_1,Pará,SantaMariadoPará,Município,1506609,santamariadopara
BRA.14.113_2,BRA.14_1,Pará,SantanadoAraguaia,Município,1506708,santanadoaraguaia
BRA.14.114_2,BRA.14_1,Pará,Santarém,Município,1506807,santarem
BRA.14.115_2,BRA.14_1,Pará,SantarémNovo,Município,1506906,santaremnovo
BRA.14.116_2,BRA.14_1,Pará,SantoAntôniodoTauá,Município,1507003,santoantoniodotaua
BRA.14.117_2,BRA.14_1,Pará,SãoCaetanodeOdivelas,Município,1507102,saocaetanodeodivelas
BRA.14.118_2,BRA.14_1,Pará,SãoDomingosdoAraguaia,Município,1507151,saodomingosdoaraguaia
BRA.14.119_2,BRA.14_1,Pará,SãoDomingosdoCapim,Município,1507201,saodomingosdocapim
BRA.14.120_2,BRA.14_1,Pará,SãoFélixdoXingu,Município,1507300,saofelixdoxingu
BRA.14.121_2,BRA.14_1,Pará,SãoFranciscodoPará,Município,1507409,saofranciscodopara
BRA.14.122_2,BRA.14_1,Pará,SãoGeraldodoAraguaia,Município,1507458,saogeraldodoaraguaia
BRA.14.123_2,BRA.14_1,Pará,SãoJoãodaPonta,Município,1507466,saojoaodaponta
BRA.14.124_2,BRA.14_1,Pará,SãoJoãodePirabas,Município,1507474,saojoaodepirabas
BRA.14.125_2,BRA.14_1,Pará,SãoJoãodoAraguaia,Município,1507508,saojoaodoaraguaia
BRA.14.126_2,BRA.14_1,Pará,SãoMigueldoGuamá,Município,1507607,saomigueldoguama
BRA.14.127_2,BRA.14_1,Pará,SãoSebastiãodaBoaVista,Município,1507706,saosebastiaodaboavista
BRA.14.128_2,BRA.14_1,Pará,Sapucaia,Município,1507755,sapucaia
BRA.14.129_2,BRA.14_1,Pará,SenadorJoséPorfírio,Município,1507805,senadorjoseporfirio
BRA.14.130_2,BRA.14_1,Pará,Soure,Município,1507904,soure
BRA.14.131_2,BRA.14_1,Pará,Tailândia,Município,1507953,tailandia
BRA.14.132_2,BRA.14_1,Pará,TerraAlta,Município,1507961,terraalta
BRA.14.133_2,BRA.14_1,Pará,TerraSanta,Município,1507979,terrasanta
BRA.14.134_2,BRA.14_1,Pará,Tomé-Açu,Município,1508001,tomeacu
BRA.14.135_2,BRA.14_1,Pará,Tracuateua,Município,1508035,tracuateua
BRA.14.136_2,BRA.14_1,Pará,Trairão,Município,1508050,trairao
BRA.14.137_2,BRA.14_1,Pará,Tucumã,Município,1508084,tucuma
BRA.14.138_2,BRA.14_1,Pará,Tucuruí,Município,1508100,tucurui
BRA.14.139_2,BRA.14_1,Pará,Ulianópolis,Município,1508126,ulianopolis
BRA.14.140_2,BRA.14_1,Pará,Uruará,Município,1508159,uruara
BRA.14.141_2,BRA.14_1,Pará,Vigia,Município,1508209,vigia
BRA.14.142_2,BRA.14_1,Pará,Viseu,Município,1508308,viseu
BRA.14.143_2,BRA.14_1,Pará,VitóriadoXingu,Município,1508357,vitoriadoxingu
BRA.14.144_2,BRA.14_1,Pará,Xinguara,Município,1508407,xinguara
BRA.15.1_2,BRA.15_1,Paraíba,ÁguaBranca,Município,2500106,aguabranca
BRA.15.2_2,BRA.15_1,Paraíba,Aguiar,Município,2500205,aguiar
BRA.15.3_2,BRA.15_1,Paraíba,AlagoaGrande,Município,2500304,alagoagrande
BRA.15.4_2,BRA.15_1,Paraíba,AlagoaNova,Município,2500403,alagoanova
BRA.15.5_2,BRA.15_1,Paraíba,Alagoinha,Município,2500502,alagoinha
BRA.15.6_2,BRA.15_1,Paraíba,Alcantil,Município,2500536,alcantil
BRA.15.7_2,BRA.15_1,Paraíba,AlgodãodeJandaíra,Município,2500577,algodaodejandaira
BRA.15.8_2,BRA.15_1,Paraíba,Alhandra,Município,2500601,alhandra
BRA.15.9_2,BRA.15_1,Paraíba,Amparo,Município,2500734,amparo
BRA.15.10_2,BRA.15_1,Paraíba,Aparecida,Município,2500775,aparecida
BRA.15.11_2,BRA.15_1,Paraíba,Araçagi,Município,2500809,aracagi
BRA.15.12_2,BRA.15_1,Paraíba,Arara,Município,2500908,arara
BRA.15.13_2,BRA.15_1,Paraíba,Araruna,Município,2501005,araruna
BRA.15.14_2,BRA.15_1,Paraíba,Areia,Município,2501104,areia
BRA.15.15_2,BRA.15_1,Paraíba,AreiadeBaraúnas,Município,2501153,areiadebaraunas
BRA.15.16_2,BRA.15_1,Paraíba,Areial,Município,2501203,areial
BRA.15.17_2,BRA.15_1,Paraíba,Aroeiras,Município,2501302,aroeiras
BRA.15.18_2,BRA.15_1,Paraíba,Assunção,Município,2501351,assuncao
BRA.15.19_2,BRA.15_1,Paraíba,BaíadaTraição,Município,2501401,baiadatraicao
BRA.15.20_2,BRA.15_1,Paraíba,Bananeiras,Município,2501500,bananeiras
BRA.15.21_2,BRA.15_1,Paraíba,Baraúna,Município,2501534,barauna
BRA.15.22_2,BRA.15_1,Paraíba,BarradeSantaRosa,Município,2501609,barradesantarosa
BRA.15.23_2,BRA.15_1,Paraíba,BarradeSantana,Município,2501575,barradesantana
BRA.15.24_2,BRA.15_1,Paraíba,BarradeSãoMiguel,Município,2501708,barradesaomiguel
BRA.15.25_2,BRA.15_1,Paraíba,Bayeux,Município,2501807,bayeux
BRA.15.26_2,BRA.15_1,Paraíba,Belém,Município,2501906,belem
BRA.15.27_2,BRA.15_1,Paraíba,BelémdoBrejodoCruz,Município,2502003,belemdobrejodocruz
BRA.15.28_2,BRA.15_1,Paraíba,BernardinoBatista,Município,2502052,bernardinobatista
BRA.15.29_2,BRA.15_1,Paraíba,BoaVentura,Município,2502102,boaventura
BRA.15.30_2,BRA.15_1,Paraíba,BoaVista,Município,2502151,boavista
BRA.15.31_2,BRA.15_1,Paraíba,BomJesus,Município,2502201,bomjesus
BRA.15.32_2,BRA.15_1,Paraíba,BomSucesso,Município,2502300,bomsucesso
BRA.15.33_2,BRA.15_1,Paraíba,BonitodeSantaFé,Município,2502409,bonitodesantafe
BRA.15.34_2,BRA.15_1,Paraíba,Boqueirão,Município,2502508,boqueirao
BRA.15.35_2,BRA.15_1,Paraíba,Borborema,Município,2502706,borborema
BRA.15.36_2,BRA.15_1,Paraíba,BrejodoCruz,Município,2502805,brejodocruz
BRA.15.37_2,BRA.15_1,Paraíba,BrejodosSantos,Município,2502904,brejodossantos
BRA.15.38_2,BRA.15_1,Paraíba,Caaporã,Município,2503001,caapora
BRA.15.39_2,BRA.15_1,Paraíba,Cabaceiras,Município,2503100,cabaceiras
BRA.15.40_2,BRA.15_1,Paraíba,Cabedelo,Município,2503209,cabedelo
BRA.15.41_2,BRA.15_1,Paraíba,CachoeiradosÍndios,Município,2503308,cachoeiradosindios
BRA.15.42_2,BRA.15_1,Paraíba,CacimbadeAreia,Município,2503407,cacimbadeareia
BRA.15.43_2,BRA.15_1,Paraíba,CacimbadeDentro,Município,2503506,cacimbadedentro
BRA.15.44_2,BRA.15_1,Paraíba,Cacimbas,Município,2503555,cacimbas
BRA.15.45_2,BRA.15_1,Paraíba,Caiçara,Município,2503605,caicara
BRA.15.46_2,BRA.15_1,Paraíba,Cajazeiras,Município,2503704,cajazeiras
BRA.15.47_2,BRA.15_1,Paraíba,Cajazeirinhas,Município,2503753,cajazeirinhas
BRA.15.48_2,BRA.15_1,Paraíba,CaldasBrandão,Município,2503803,caldasbrandao
BRA.15.49_2,BRA.15_1,Paraíba,Camalaú,Município,2503902,camalau
BRA.15.50_2,BRA.15_1,Paraíba,CampinaGrande,Município,2504009,campinagrande
BRA.15.51_2,BRA.15_1,Paraíba,Capim,Município,2504033,capim
BRA.15.52_2,BRA.15_1,Paraíba,Caraúbas,Município,2504074,caraubas
BRA.15.53_2,BRA.15_1,Paraíba,Carrapateira,Município,2504108,carrapateira
BRA.15.54_2,BRA.15_1,Paraíba,Casserengue,Município,2504157,casserengue
BRA.15.55_2,BRA.15_1,Paraíba,Catingueira,Município,2504207,catingueira
BRA.15.56_2,BRA.15_1,Paraíba,CatolédoRocha,Município,2504306,catoledorocha
BRA.15.57_2,BRA.15_1,Paraíba,Caturité,Município,2504355,caturite
BRA.15.58_2,BRA.15_1,Paraíba,Conceição,Município,2504405,conceicao
BRA.15.59_2,BRA.15_1,Paraíba,Condado,Município,2504504,condado
BRA.15.60_2,BRA.15_1,Paraíba,Conde,Município,2504603,conde
BRA.15.61_2,BRA.15_1,Paraíba,Congo,Município,2504702,congo
BRA.15.62_2,BRA.15_1,Paraíba,Coremas,Município,2504801,coremas
BRA.15.63_2,BRA.15_1,Paraíba,Coxixola,Município,2504850,coxixola
BRA.15.64_2,BRA.15_1,Paraíba,CruzdoEspíritoSanto,Município,2504900,cruzdoespiritosanto
BRA.15.65_2,BRA.15_1,Paraíba,Cubati,Município,2505006,cubati
BRA.15.66_2,BRA.15_1,Paraíba,Cuité,Município,2505105,cuite
BRA.15.67_2,BRA.15_1,Paraíba,CuitédeMamanguape,Município,2505238,cuitedemamanguape
BRA.15.68_2,BRA.15_1,Paraíba,Cuitegi,Município,2505204,cuitegi
BRA.15.69_2,BRA.15_1,Paraíba,CurraldeCima,Município,2505279,curraldecima
BRA.15.70_2,BRA.15_1,Paraíba,CurralVelho,Município,2505303,curralvelho
BRA.15.71_2,BRA.15_1,Paraíba,Damião,Município,2505352,damiao
BRA.15.72_2,BRA.15_1,Paraíba,Desterro,Município,2505402,desterro
BRA.15.73_2,BRA.15_1,Paraíba,Diamante,Município,2505600,diamante
BRA.15.74_2,BRA.15_1,Paraíba,DonaInês,Município,2505709,donaines
BRA.15.75_2,BRA.15_1,Paraíba,DuasEstradas,Município,2505808,duasestradas
BRA.15.76_2,BRA.15_1,Paraíba,Emas,Município,2505907,emas
BRA.15.77_2,BRA.15_1,Paraíba,Esperança,Município,2506004,esperanca
BRA.15.78_2,BRA.15_1,Paraíba,Fagundes,Município,2506103,fagundes
BRA.15.79_2,BRA.15_1,Paraíba,FreiMartinho,Município,2506202,freimartinho
BRA.15.80_2,BRA.15_1,Paraíba,GadoBravo,Município,2506251,gadobravo
BRA.15.81_2,BRA.15_1,Paraíba,Guarabira,Município,2506301,guarabira
BRA.15.82_2,BRA.15_1,Paraíba,Gurinhém,Município,2506400,gurinhem
BRA.15.83_2,BRA.15_1,Paraíba,Gurjão,Município,2506509,gurjao
BRA.15.84_2,BRA.15_1,Paraíba,Ibiara,Município,2506608,ibiara
BRA.15.85_2,BRA.15_1,Paraíba,Igaracy,Município,2502607,igaracy
BRA.15.86_2,BRA.15_1,Paraíba,Imaculada,Município,2506707,imaculada
BRA.15.87_2,BRA.15_1,Paraíba,Ingá,Município,2506806,inga
BRA.15.88_2,BRA.15_1,Paraíba,Itabaiana,Município,2506905,itabaiana
BRA.15.89_2,BRA.15_1,Paraíba,Itaporanga,Município,2507002,itaporanga
BRA.15.90_2,BRA.15_1,Paraíba,Itapororoca,Município,2507101,itapororoca
BRA.15.91_2,BRA.15_1,Paraíba,Itatuba,Município,2507200,itatuba
BRA.15.92_2,BRA.15_1,Paraíba,Jacaraú,Município,2507309,jacarau
BRA.15.93_2,BRA.15_1,Paraíba,Jericó,Município,2507408,jerico
BRA.15.94_2,BRA.15_1,Paraíba,JoãoPessoa,Município,2507507,joaopessoa
BRA.15.95_2,BRA.15_1,Paraíba,JocaClaudino,Município,2513653,jocaclaudino
BRA.15.96_2,BRA.15_1,Paraíba,JuarezTávora,Município,2507606,juareztavora
BRA.15.97_2,BRA.15_1,Paraíba,Juazeirinho,Município,2507705,juazeirinho
BRA.15.98_2,BRA.15_1,Paraíba,JuncodoSeridó,Município,2507804,juncodoserido
BRA.15.99_2,BRA.15_1,Paraíba,Juripiranga,Município,2507903,juripiranga
BRA.15.100_2,BRA.15_1,Paraíba,Juru,Município,2508000,juru
BRA.15.101_2,BRA.15_1,Paraíba,Lagoa,Município,2508109,lagoa
BRA.15.102_2,BRA.15_1,Paraíba,LagoadeDentro,Município,2508208,lagoadedentro
BRA.15.103_2,BRA.15_1,Paraíba,LagoaSeca,Município,2508307,lagoaseca
BRA.15.104_2,BRA.15_1,Paraíba,Lastro,Município,2508406,lastro
BRA.15.105_2,BRA.15_1,Paraíba,Livramento,Município,2508505,livramento
BRA.15.106_2,BRA.15_1,Paraíba,Logradouro,Município,2508554,logradouro
BRA.15.107_2,BRA.15_1,Paraíba,Lucena,Município,2508604,lucena
BRA.15.108_2,BRA.15_1,Paraíba,Mãed'Água,Município,2508703,maedagua
BRA.15.109_2,BRA.15_1,Paraíba,Malta,Município,2508802,malta
BRA.15.110_2,BRA.15_1,Paraíba,Mamanguape,Município,2508901,mamanguape
BRA.15.111_2,BRA.15_1,Paraíba,Manaíra,Município,2509008,manaira
BRA.15.112_2,BRA.15_1,Paraíba,Marcação,Município,2509057,marcacao
BRA.15.113_2,BRA.15_1,Paraíba,Mari,Município,2509107,mari
BRA.15.114_2,BRA.15_1,Paraíba,Marizópolis,Município,2509156,marizopolis
BRA.15.115_2,BRA.15_1,Paraíba,Massaranduba,Município,2509206,massaranduba
BRA.15.116_2,BRA.15_1,Paraíba,Mataraca,Município,2509305,mataraca
BRA.15.117_2,BRA.15_1,Paraíba,Matinhas,Município,2509339,matinhas
BRA.15.118_2,BRA.15_1,Paraíba,MatoGrosso,Município,2509370,matogrosso
BRA.15.119_2,BRA.15_1,Paraíba,Maturéia,Município,2509396,matureia
BRA.15.120_2,BRA.15_1,Paraíba,Mogeiro,Município,2509404,mogeiro
BRA.15.121_2,BRA.15_1,Paraíba,Montadas,Município,2509503,montadas
BRA.15.122_2,BRA.15_1,Paraíba,MonteHorebe,Município,2509602,montehorebe
BRA.15.123_2,BRA.15_1,Paraíba,Monteiro,Município,2509701,monteiro
BRA.15.124_2,BRA.15_1,Paraíba,Mulungu,Município,2509800,mulungu
BRA.15.125_2,BRA.15_1,Paraíba,Natuba,Município,2509909,natuba
BRA.15.126_2,BRA.15_1,Paraíba,Nazarezinho,Município,2510006,nazarezinho
BRA.15.127_2,BRA.15_1,Paraíba,NovaFloresta,Município,2510105,novafloresta
BRA.15.128_2,BRA.15_1,Paraíba,NovaOlinda,Município,2510204,novaolinda
BRA.15.129_2,BRA.15_1,Paraíba,NovaPalmeira,Município,2510303,novapalmeira
BRA.15.130_2,BRA.15_1,Paraíba,Olhod'Água,Município,2510402,olhodagua
BRA.15.131_2,BRA.15_1,Paraíba,Olivedos,Município,2510501,olivedos
BRA.15.132_2,BRA.15_1,Paraíba,OuroVelho,Município,2510600,ourovelho
BRA.15.133_2,BRA.15_1,Paraíba,Parari,Município,2510659,parari
BRA.15.134_2,BRA.15_1,Paraíba,Passagem,Município,2510709,passagem
BRA.15.135_2,BRA.15_1,Paraíba,Patos,Município,2510808,patos
BRA.15.136_2,BRA.15_1,Paraíba,Paulista,Município,2510907,paulista
BRA.15.137_2,BRA.15_1,Paraíba,PedraBranca,Município,2511004,pedrabranca
BRA.15.138_2,BRA.15_1,Paraíba,PedraLavrada,Município,2511103,pedralavrada
BRA.15.139_2,BRA.15_1,Paraíba,PedrasdeFogo,Município,2511202,pedrasdefogo
BRA.15.140_2,BRA.15_1,Paraíba,PedroRégis,Município,2512721,pedroregis
BRA.15.141_2,BRA.15_1,Paraíba,Piancó,Município,2511301,pianco
BRA.15.142_2,BRA.15_1,Paraíba,Picuí,Município,2511400,picui
BRA.15.143_2,BRA.15_1,Paraíba,Pilar,Município,2511509,pilar
BRA.15.144_2,BRA.15_1,Paraíba,Pilões,Município,2511608,piloes
BRA.15.145_2,BRA.15_1,Paraíba,Pilõezinhos,Município,2511707,piloezinhos
BRA.15.146_2,BRA.15_1,Paraíba,Pirpirituba,Município,2511806,pirpirituba
BRA.15.147_2,BRA.15_1,Paraíba,Pitimbu,Município,2511905,pitimbu
BRA.15.148_2,BRA.15_1,Paraíba,Pocinhos,Município,2512002,pocinhos
BRA.15.149_2,BRA.15_1,Paraíba,PoçoDantas,Município,2512036,pocodantas
BRA.15.150_2,BRA.15_1,Paraíba,PoçodeJosédeMoura,Município,2512077,pocodejosedemoura
BRA.15.151_2,BRA.15_1,Paraíba,Pombal,Município,2512101,pombal
BRA.15.152_2,BRA.15_1,Paraíba,Prata,Município,2512200,prata
BRA.15.153_2,BRA.15_1,Paraíba,PrincesaIsabel,Município,2512309,princesaisabel
BRA.15.154_2,BRA.15_1,Paraíba,Puxinanã,Município,2512408,puxinana
BRA.15.155_2,BRA.15_1,Paraíba,Queimadas,Município,2512507,queimadas
BRA.15.156_2,BRA.15_1,Paraíba,Quixaba,Município,2512606,quixaba
BRA.15.157_2,BRA.15_1,Paraíba,Remígio,Município,2512705,remigio
BRA.15.158_2,BRA.15_1,Paraíba,Riachão,Município,2512747,riachao
BRA.15.159_2,BRA.15_1,Paraíba,RiachãodoBacamarte,Município,2512754,riachaodobacamarte
BRA.15.160_2,BRA.15_1,Paraíba,RiachãodoPoço,Município,2512762,riachaodopoco
BRA.15.161_2,BRA.15_1,Paraíba,RiachodeSantoAntônio,Município,2512788,riachodesantoantonio
BRA.15.162_2,BRA.15_1,Paraíba,RiachodosCavalos,Município,2512804,riachodoscavalos
BRA.15.163_2,BRA.15_1,Paraíba,RioTinto,Município,2512903,riotinto
BRA.15.164_2,BRA.15_1,Paraíba,Salgadinho,Município,2513000,salgadinho
BRA.15.165_2,BRA.15_1,Paraíba,SalgadodeSãoFélix,Município,2513109,salgadodesaofelix
BRA.15.166_2,BRA.15_1,Paraíba,SantaCecília,Município,2513158,santacecilia
BRA.15.167_2,BRA.15_1,Paraíba,SantaCruz,Município,2513208,santacruz
BRA.15.168_2,BRA.15_1,Paraíba,SantaHelena,Município,2513307,santahelena
BRA.15.169_2,BRA.15_1,Paraíba,SantaInês,Município,2513356,santaines
BRA.15.170_2,BRA.15_1,Paraíba,SantaLuzia,Município,2513406,santaluzia
BRA.15.171_2,BRA.15_1,Paraíba,SantaRita,Município,2513703,santarita
BRA.15.172_2,BRA.15_1,Paraíba,SantaTeresinha,Município,2513802,santateresinha
BRA.15.173_2,BRA.15_1,Paraíba,SantanadeMangueira,Município,2513505,santanademangueira
BRA.15.174_2,BRA.15_1,Paraíba,SantanadosGarrotes,Município,2513604,santanadosgarrotes
BRA.15.175_2,BRA.15_1,Paraíba,SantoAndré,Município,2513851,santoandre
BRA.15.176_2,BRA.15_1,Paraíba,SãoBentinho,Município,2513927,saobentinho
BRA.15.177_2,BRA.15_1,Paraíba,SãoBento,Município,2513901,saobento
BRA.15.178_2,BRA.15_1,Paraíba,SãoDomingos,Município,2513968,saodomingos
BRA.15.179_2,BRA.15_1,Paraíba,SãoDomingosdoCariri,Município,2513943,saodomingosdocariri
BRA.15.180_2,BRA.15_1,Paraíba,SãoFrancisco,Município,2513984,saofrancisco
BRA.15.181_2,BRA.15_1,Paraíba,SãoJoãodoCariri,Município,2514008,saojoaodocariri
BRA.15.182_2,BRA.15_1,Paraíba,SãoJoãodoRiodoPeixe,Município,2500700,saojoaodoriodopeixe
BRA.15.183_2,BRA.15_1,Paraíba,SãoJoãodoTigre,Município,2514107,saojoaodotigre
BRA.15.184_2,BRA.15_1,Paraíba,SãoJosédaLagoaTapada,Município,2514206,saojosedalagoatapada
BRA.15.185_2,BRA.15_1,Paraíba,SãoJosédeCaiana,Município,2514305,saojosedecaiana
BRA.15.186_2,BRA.15_1,Paraíba,SãoJosédeEspinharas,Município,2514404,saojosedeespinharas
BRA.15.187_2,BRA.15_1,Paraíba,SãoJosédePiranhas,Município,2514503,saojosedepiranhas
BRA.15.188_2,BRA.15_1,Paraíba,SãoJosédePrincesa,Município,2514552,saojosedeprincesa
BRA.15.189_2,BRA.15_1,Paraíba,SãoJosédoBonfim,Município,2514602,saojosedobonfim
BRA.15.190_2,BRA.15_1,Paraíba,SãoJosédoBrejodoCruz,Município,2514651,saojosedobrejodocruz
BRA.15.191_2,BRA.15_1,Paraíba,SãoJosédoSabugi,Município,2514701,saojosedosabugi
BRA.15.192_2,BRA.15_1,Paraíba,SãoJosédosCordeiros,Município,2514800,saojosedoscordeiros
BRA.15.193_2,BRA.15_1,Paraíba,SãoJosédosRamos,Município,2514453,saojosedosramos
BRA.15.194_2,BRA.15_1,Paraíba,SãoMamede,Município,2514909,saomamede
BRA.15.195_2,BRA.15_1,Paraíba,SãoMigueldeTaipu,Município,2515005,saomigueldetaipu
BRA.15.196_2,BRA.15_1,Paraíba,SãoSebastiãodeLagoadeRoça,Município,2515104,saosebastiaodelagoaderoca
BRA.15.197_2,BRA.15_1,Paraíba,SãoSebastiãodoUmbuzeiro,Município,2515203,saosebastiaodoumbuzeiro
BRA.15.198_2,BRA.15_1,Paraíba,SãoVicentedoSeridó,Município,2515401,saovicentedoserido
BRA.15.199_2,BRA.15_1,Paraíba,Sapé,Município,2515302,sape
BRA.15.200_2,BRA.15_1,Paraíba,SerraBranca,Município,2515500,serrabranca
BRA.15.201_2,BRA.15_1,Paraíba,SerradaRaiz,Município,2515609,serradaraiz
BRA.15.202_2,BRA.15_1,Paraíba,SerraGrande,Município,2515708,serragrande
BRA.15.203_2,BRA.15_1,Paraíba,SerraRedonda,Município,2515807,serraredonda
BRA.15.204_2,BRA.15_1,Paraíba,Serraria,Município,2515906,serraria
BRA.15.205_2,BRA.15_1,Paraíba,Sertãozinho,Município,2515930,sertaozinho
BRA.15.206_2,BRA.15_1,Paraíba,Sobrado,Município,2515971,sobrado
BRA.15.207_2,BRA.15_1,Paraíba,Solânea,Município,2516003,solanea
BRA.15.208_2,BRA.15_1,Paraíba,Soledade,Município,2516102,soledade
BRA.15.209_2,BRA.15_1,Paraíba,Sossêgo,Município,2516151,sossego
BRA.15.210_2,BRA.15_1,Paraíba,Sousa,Município,2516201,sousa
BRA.15.211_2,BRA.15_1,Paraíba,Sumé,Município,2516300,sume
BRA.15.212_2,BRA.15_1,Paraíba,Tacima,Município,2516409,tacima
BRA.15.213_2,BRA.15_1,Paraíba,Taperoá,Município,2516508,taperoa
BRA.15.214_2,BRA.15_1,Paraíba,Tavares,Município,2516607,tavares
BRA.15.215_2,BRA.15_1,Paraíba,Teixeira,Município,2516706,teixeira
BRA.15.216_2,BRA.15_1,Paraíba,Tenório,Município,2516755,tenorio
BRA.15.217_2,BRA.15_1,Paraíba,Triunfo,Município,2516805,triunfo
BRA.15.218_2,BRA.15_1,Paraíba,Uiraúna,Município,2516904,uirauna
BRA.15.219_2,BRA.15_1,Paraíba,Umbuzeiro,Município,2517001,umbuzeiro
BRA.15.220_2,BRA.15_1,Paraíba,Várzea,Município,2517100,varzea
BRA.15.221_2,BRA.15_1,Paraíba,Vieirópolis,Município,2517209,vieiropolis
BRA.15.222_2,BRA.15_1,Paraíba,VistaSerrana,Município,2505501,vistaserrana
BRA.15.223_2,BRA.15_1,Paraíba,Zabelê,Município,2517407,zabele
BRA.16.1_2,BRA.16_1,Paraná,Abatiá,Município,4100103,abatia
BRA.16.2_2,BRA.16_1,Paraná,Adrianópolis,Município,4100202,adrianopolis
BRA.16.3_2,BRA.16_1,Paraná,AgudosdoSul,Município,4100301,agudosdosul
BRA.16.4_2,BRA.16_1,Paraná,AlmiranteTamandaré,Município,4100400,almirantetamandare
BRA.16.5_2,BRA.16_1,Paraná,AltamiradoParaná,Município,4100459,altamiradoparana
BRA.16.6_2,BRA.16_1,Paraná,AltoParaíso,Município,4128625,altoparaiso
BRA.16.7_2,BRA.16_1,Paraná,AltoParaná,Município,4100608,altoparana
BRA.16.8_2,BRA.16_1,Paraná,AltoPiquiri,Município,4100707,altopiquiri
BRA.16.9_2,BRA.16_1,Paraná,Altônia,Município,4100509,altonia
BRA.16.10_2,BRA.16_1,Paraná,AlvoradadoSul,Município,4100806,alvoradadosul
BRA.16.11_2,BRA.16_1,Paraná,Amaporã,Município,4100905,amapora
BRA.16.12_2,BRA.16_1,Paraná,Ampére,Município,4101002,ampere
BRA.16.13_2,BRA.16_1,Paraná,Anahy,Município,4101051,anahy
BRA.16.14_2,BRA.16_1,Paraná,Andirá,Município,4101101,andira
BRA.16.15_2,BRA.16_1,Paraná,Ângulo,Município,4101150,angulo
BRA.16.16_2,BRA.16_1,Paraná,Antonina,Município,4101200,antonina
BRA.16.17_2,BRA.16_1,Paraná,AntônioOlinto,Município,4101309,antonioolinto
BRA.16.18_2,BRA.16_1,Paraná,Apucarana,Município,4101408,apucarana
BRA.16.19_2,BRA.16_1,Paraná,Arapongas,Município,4101507,arapongas
BRA.16.20_2,BRA.16_1,Paraná,Arapoti,Município,4101606,arapoti
BRA.16.21_2,BRA.16_1,Paraná,Arapuã,Município,4101655,arapua
BRA.16.22_2,BRA.16_1,Paraná,Araruna,Município,4101705,araruna
BRA.16.23_2,BRA.16_1,Paraná,Araucária,Município,4101804,araucaria
BRA.16.24_2,BRA.16_1,Paraná,AriranhadoIvaí,Município,4101853,ariranhadoivai
BRA.16.25_2,BRA.16_1,Paraná,Assaí,Município,4101903,assai
BRA.16.26_2,BRA.16_1,Paraná,AssisChateaubriand,Município,4102000,assischateaubriand
BRA.16.27_2,BRA.16_1,Paraná,Astorga,Município,4102109,astorga
BRA.16.28_2,BRA.16_1,Paraná,Atalaia,Município,4102208,atalaia
BRA.16.29_2,BRA.16_1,Paraná,BalsaNova,Município,4102307,balsanova
BRA.16.30_2,BRA.16_1,Paraná,Bandeirantes,Município,4102406,bandeirantes
BRA.16.31_2,BRA.16_1,Paraná,BarbosaFerraz,Município,4102505,barbosaferraz
BRA.16.32_2,BRA.16_1,Paraná,BarradoJacaré,Município,4102703,barradojacare
BRA.16.33_2,BRA.16_1,Paraná,Barracão,Município,4102604,barracao
BRA.16.34_2,BRA.16_1,Paraná,BelaVistadaCaroba,Município,4102752,belavistadacaroba
BRA.16.35_2,BRA.16_1,Paraná,BelaVistadoParaíso,Município,4102802,belavistadoparaiso
BRA.16.36_2,BRA.16_1,Paraná,Bituruna,Município,4102901,bituruna
BRA.16.37_2,BRA.16_1,Paraná,BoaEsperança,Município,4103008,boaesperanca
BRA.16.38_2,BRA.16_1,Paraná,BoaEsperançadoIguaçu,Município,4103024,boaesperancadoiguacu
BRA.16.39_2,BRA.16_1,Paraná,BoaVenturadeSãoRoque,Município,4103040,boaventuradesaoroque
BRA.16.40_2,BRA.16_1,Paraná,BoaVistadaAparecida,Município,4103057,boavistadaaparecida
BRA.16.41_2,BRA.16_1,Paraná,BocaiúvadoSul,Município,4103107,bocaiuvadosul
BRA.16.42_2,BRA.16_1,Paraná,BomJesusdoSul,Município,4103156,bomjesusdosul
BRA.16.43_2,BRA.16_1,Paraná,BomSucesso,Município,4103206,bomsucesso
BRA.16.44_2,BRA.16_1,Paraná,BomSucessodoSul,Município,4103222,bomsucessodosul
BRA.16.45_2,BRA.16_1,Paraná,Borrazópolis,Município,4103305,borrazopolis
BRA.16.46_2,BRA.16_1,Paraná,Braganey,Município,4103354,braganey
BRA.16.47_2,BRA.16_1,Paraná,BrasilândiadoSul,Município,4103370,brasilandiadosul
BRA.16.48_2,BRA.16_1,Paraná,Cafeara,Município,4103404,cafeara
BRA.16.49_2,BRA.16_1,Paraná,Cafelândia,Município,4103453,cafelandia
BRA.16.50_2,BRA.16_1,Paraná,CafezaldoSul,Município,4103479,cafezaldosul
BRA.16.51_2,BRA.16_1,Paraná,Califórnia,Município,4103503,california
BRA.16.52_2,BRA.16_1,Paraná,Cambará,Município,4103602,cambara
BRA.16.53_2,BRA.16_1,Paraná,Cambé,Município,4103701,cambe
BRA.16.54_2,BRA.16_1,Paraná,Cambira,Município,4103800,cambira
BRA.16.55_2,BRA.16_1,Paraná,CampinadaLagoa,Município,4103909,campinadalagoa
BRA.16.56_2,BRA.16_1,Paraná,CampinadoSimão,Município,4103958,campinadosimao
BRA.16.57_2,BRA.16_1,Paraná,CampinaGrandedoSul,Município,4104006,campinagrandedosul
BRA.16.58_2,BRA.16_1,Paraná,CampoBonito,Município,4104055,campobonito
BRA.16.59_2,BRA.16_1,Paraná,CampodoTenente,Município,4104105,campodotenente
BRA.16.60_2,BRA.16_1,Paraná,CampoLargo,Município,4104204,campolargo
BRA.16.61_2,BRA.16_1,Paraná,CampoMagro,Município,4104253,campomagro
BRA.16.62_2,BRA.16_1,Paraná,CampoMourão,Município,4104303,campomourao
BRA.16.63_2,BRA.16_1,Paraná,CândidodeAbreu,Município,4104402,candidodeabreu
BRA.16.64_2,BRA.16_1,Paraná,Candói,Município,4104428,candoi
BRA.16.65_2,BRA.16_1,Paraná,Cantagalo,Município,4104451,cantagalo
BRA.16.66_2,BRA.16_1,Paraná,Capanema,Município,4104501,capanema
BRA.16.67_2,BRA.16_1,Paraná,CapitãoLeônidasMarques,Município,4104600,capitaoleonidasmarques
BRA.16.68_2,BRA.16_1,Paraná,Carambeí,Município,4104659,carambei
BRA.16.69_2,BRA.16_1,Paraná,Carlópolis,Município,4104709,carlopolis
BRA.16.70_2,BRA.16_1,Paraná,Cascavel,Município,4104808,cascavel
BRA.16.71_2,BRA.16_1,Paraná,Castro,Município,4104907,castro
BRA.16.72_2,BRA.16_1,Paraná,Catanduvas,Município,4105003,catanduvas
BRA.16.73_2,BRA.16_1,Paraná,CentenáriodoSul,Município,4105102,centenariodosul
BRA.16.74_2,BRA.16_1,Paraná,CerroAzul,Município,4105201,cerroazul
BRA.16.75_2,BRA.16_1,Paraná,CéuAzul,Município,4105300,ceuazul
BRA.16.76_2,BRA.16_1,Paraná,Chopinzinho,Município,4105409,chopinzinho
BRA.16.77_2,BRA.16_1,Paraná,Cianorte,Município,4105508,cianorte
BRA.16.78_2,BRA.16_1,Paraná,CidadeGaúcha,Município,4105607,cidadegaucha
BRA.16.79_2,BRA.16_1,Paraná,Clevelândia,Município,4105706,clevelandia
BRA.16.80_2,BRA.16_1,Paraná,Colombo,Município,4105805,colombo
BRA.16.81_2,BRA.16_1,Paraná,Colorado,Município,4105904,colorado
BRA.16.82_2,BRA.16_1,Paraná,Congonhinhas,Município,4106001,congonhinhas
BRA.16.83_2,BRA.16_1,Paraná,ConselheiroMairinck,Município,4106100,conselheiromairinck
BRA.16.84_2,BRA.16_1,Paraná,Contenda,Município,4106209,contenda
BRA.16.85_2,BRA.16_1,Paraná,Corbélia,Município,4106308,corbelia
BRA.16.86_2,BRA.16_1,Paraná,CornélioProcópio,Município,4106407,cornelioprocopio
BRA.16.87_2,BRA.16_1,Paraná,CoronelDomingosSoares,Município,4106456,coroneldomingossoares
BRA.16.88_2,BRA.16_1,Paraná,CoronelVivida,Município,4106506,coronelvivida
BRA.16.89_2,BRA.16_1,Paraná,CorumbataídoSul,Município,4106555,corumbataidosul
BRA.16.90_2,BRA.16_1,Paraná,CruzMachado,Município,4106803,cruzmachado
BRA.16.91_2,BRA.16_1,Paraná,CruzeirodoIguaçu,Município,4106571,cruzeirodoiguacu
BRA.16.92_2,BRA.16_1,Paraná,CruzeirodoOeste,Município,4106605,cruzeirodooeste
BRA.16.93_2,BRA.16_1,Paraná,CruzeirodoSul,Município,4106704,cruzeirodosul
BRA.16.94_2,BRA.16_1,Paraná,Cruzmaltina,Município,4106852,cruzmaltina
BRA.16.95_2,BRA.16_1,Paraná,Curitiba,Município,4106902,curitiba
BRA.16.96_2,BRA.16_1,Paraná,Curiúva,Município,4107009,curiuva
BRA.16.97_2,BRA.16_1,Paraná,DiamanteD'Oeste,Município,4107157,diamantedoeste
BRA.16.98_2,BRA.16_1,Paraná,DiamantedoNorte,Município,4107108,diamantedonorte
BRA.16.99_2,BRA.16_1,Paraná,DiamantedoSul,Município,4107124,diamantedosul
BRA.16.100_2,BRA.16_1,Paraná,DoisVizinhos,Município,4107207,doisvizinhos
BRA.16.101_2,BRA.16_1,Paraná,Douradina,Município,4107256,douradina
BRA.16.102_2,BRA.16_1,Paraná,DoutorCamargo,Município,4107306,doutorcamargo
BRA.16.103_2,BRA.16_1,Paraná,DoutorUlysses,Município,4128633,doutorulysses
BRA.16.104_2,BRA.16_1,Paraná,EnéasMarques,Município,4107405,eneasmarques
BRA.16.105_2,BRA.16_1,Paraná,EngenheiroBeltrão,Município,4107504,engenheirobeltrao
BRA.16.106_2,BRA.16_1,Paraná,EntreRiosdoOeste,Município,4107538,entreriosdooeste
BRA.16.107_2,BRA.16_1,Paraná,EsperançaNova,Município,4107520,esperancanova
BRA.16.108_2,BRA.16_1,Paraná,EspigãoAltodoIguaçu,Município,4107546,espigaoaltodoiguacu
BRA.16.109_2,BRA.16_1,Paraná,Farol,Município,4107553,farol
BRA.16.110_2,BRA.16_1,Paraná,Faxinal,Município,4107603,faxinal
BRA.16.111_2,BRA.16_1,Paraná,FazendaRioGrande,Município,4107652,fazendariogrande
BRA.16.112_2,BRA.16_1,Paraná,Fênix,Município,4107702,fenix
BRA.16.113_2,BRA.16_1,Paraná,FernandesPinheiro,Município,4107736,fernandespinheiro
BRA.16.114_2,BRA.16_1,Paraná,Figueira,Município,4107751,figueira
BRA.16.115_2,BRA.16_1,Paraná,FlordaSerradoSul,Município,4107850,flordaserradosul
BRA.16.116_2,BRA.16_1,Paraná,Floraí,Município,4107801,florai
BRA.16.117_2,BRA.16_1,Paraná,Floresta,Município,4107900,floresta
BRA.16.118_2,BRA.16_1,Paraná,Florestópolis,Município,4108007,florestopolis
BRA.16.119_2,BRA.16_1,Paraná,Flórida,Município,4108106,florida
BRA.16.120_2,BRA.16_1,Paraná,FormosadoOeste,Município,4108205,formosadooeste
BRA.16.121_2,BRA.16_1,Paraná,FozdoIguaçu,Município,4108304,fozdoiguacu
BRA.16.122_2,BRA.16_1,Paraná,FozdoJordão,Município,4108452,fozdojordao
BRA.16.123_2,BRA.16_1,Paraná,FranciscoAlves,Município,4108320,franciscoalves
BRA.16.124_2,BRA.16_1,Paraná,FranciscoBeltrão,Município,4108403,franciscobeltrao
BRA.16.125_2,BRA.16_1,Paraná,GeneralCarneiro,Município,4108502,generalcarneiro
BRA.16.126_2,BRA.16_1,Paraná,GodoyMoreira,Município,4108551,godoymoreira
BRA.16.127_2,BRA.16_1,Paraná,Goioerê,Município,4108601,goioere
BRA.16.128_2,BRA.16_1,Paraná,Goioxim,Município,4108650,goioxim
BRA.16.129_2,BRA.16_1,Paraná,GrandesRios,Município,4108700,grandesrios
BRA.16.130_2,BRA.16_1,Paraná,Guaíra,Município,4108809,guaira
BRA.16.131_2,BRA.16_1,Paraná,Guairaçá,Município,4108908,guairaca
BRA.16.132_2,BRA.16_1,Paraná,Guamiranga,Município,4108957,guamiranga
BRA.16.133_2,BRA.16_1,Paraná,Guapirama,Município,4109005,guapirama
BRA.16.134_2,BRA.16_1,Paraná,Guaporema,Município,4109104,guaporema
BRA.16.135_2,BRA.16_1,Paraná,Guaraci,Município,4109203,guaraci
BRA.16.136_2,BRA.16_1,Paraná,Guaraniaçu,Município,4109302,guaraniacu
BRA.16.137_2,BRA.16_1,Paraná,Guarapuava,Município,4109401,guarapuava
BRA.16.138_2,BRA.16_1,Paraná,Guaraqueçaba,Município,4109500,guaraquecaba
BRA.16.139_2,BRA.16_1,Paraná,Guaratuba,Município,4109609,guaratuba
BRA.16.140_2,BRA.16_1,Paraná,HonórioSerpa,Município,4109658,honorioserpa
BRA.16.141_2,BRA.16_1,Paraná,Ibaiti,Município,4109708,ibaiti
BRA.16.142_2,BRA.16_1,Paraná,Ibema,Município,4109757,ibema
BRA.16.143_2,BRA.16_1,Paraná,Ibiporã,Município,4109807,ibipora
BRA.16.144_2,BRA.16_1,Paraná,Icaraíma,Município,4109906,icaraima
BRA.16.145_2,BRA.16_1,Paraná,Iguaraçu,Município,4110003,iguaracu
BRA.16.146_2,BRA.16_1,Paraná,Iguatu,Município,4110052,iguatu
BRA.16.147_2,BRA.16_1,Paraná,Imbaú,Município,4110078,imbau
BRA.16.148_2,BRA.16_1,Paraná,Imbituva,Município,4110102,imbituva
BRA.16.149_2,BRA.16_1,Paraná,InácioMartins,Município,4110201,inaciomartins
BRA.16.150_2,BRA.16_1,Paraná,Inajá,Município,4110300,inaja
BRA.16.151_2,BRA.16_1,Paraná,Indianópolis,Município,4110409,indianopolis
BRA.16.152_2,BRA.16_1,Paraná,Ipiranga,Município,4110508,ipiranga
BRA.16.153_2,BRA.16_1,Paraná,Iporã,Município,4110607,ipora
BRA.16.154_2,BRA.16_1,Paraná,IracemadoOeste,Município,4110656,iracemadooeste
BRA.16.155_2,BRA.16_1,Paraná,Irati,Município,4110706,irati
BRA.16.156_2,BRA.16_1,Paraná,Iretama,Município,4110805,iretama
BRA.16.157_2,BRA.16_1,Paraná,Itaguajé,Município,4110904,itaguaje
BRA.16.158_2,BRA.16_1,Paraná,Itaipulândia,Município,4110953,itaipulandia
BRA.16.159_2,BRA.16_1,Paraná,Itambaracá,Município,4111001,itambaraca
BRA.16.160_2,BRA.16_1,Paraná,Itambé,Município,4111100,itambe
BRA.16.161_2,BRA.16_1,Paraná,Itapejarad'Oeste,Município,4111209,itapejaradoeste
BRA.16.162_2,BRA.16_1,Paraná,Itaperuçu,Município,4111258,itaperucu
BRA.16.163_2,BRA.16_1,Paraná,ItaúnadoSul,Município,4111308,itaunadosul
BRA.16.164_2,BRA.16_1,Paraná,Ivaí,Município,4111407,ivai
BRA.16.165_2,BRA.16_1,Paraná,Ivaiporã,Município,4111506,ivaipora
BRA.16.166_2,BRA.16_1,Paraná,Ivaté,Município,4111555,ivate
BRA.16.167_2,BRA.16_1,Paraná,Ivatuba,Município,4111605,ivatuba
BRA.16.168_2,BRA.16_1,Paraná,Jaboti,Município,4111704,jaboti
BRA.16.169_2,BRA.16_1,Paraná,Jacarezinho,Município,4111803,jacarezinho
BRA.16.170_2,BRA.16_1,Paraná,Jaguapitã,Município,4111902,jaguapita
BRA.16.171_2,BRA.16_1,Paraná,Jaguariaíva,Município,4112009,jaguariaiva
BRA.16.172_2,BRA.16_1,Paraná,JandaiadoSul,Município,4112108,jandaiadosul
BRA.16.173_2,BRA.16_1,Paraná,Janiópolis,Município,4112207,janiopolis
BRA.16.174_2,BRA.16_1,Paraná,Japira,Município,4112306,japira
BRA.16.175_2,BRA.16_1,Paraná,Japurá,Município,4112405,japura
BRA.16.176_2,BRA.16_1,Paraná,JardimAlegre,Município,4112504,jardimalegre
BRA.16.177_2,BRA.16_1,Paraná,JardimOlinda,Município,4112603,jardimolinda
BRA.16.178_2,BRA.16_1,Paraná,Jataizinho,Município,4112702,jataizinho
BRA.16.179_2,BRA.16_1,Paraná,Jesuítas,Município,4112751,jesuitas
BRA.16.180_2,BRA.16_1,Paraná,JoaquimTávora,Município,4112801,joaquimtavora
BRA.16.181_2,BRA.16_1,Paraná,JundiaídoSul,Município,4112900,jundiaidosul
BRA.16.182_2,BRA.16_1,Paraná,Juranda,Município,4112959,juranda
BRA.16.183_2,BRA.16_1,Paraná,Jussara,Município,4113007,jussara
BRA.16.184_2,BRA.16_1,Paraná,Kaloré,Município,4113106,kalore
BRA.16.185_2,BRA.16_1,Paraná,Lapa,Município,4113205,lapa
BRA.16.186_2,BRA.16_1,Paraná,Laranjal,Município,4113254,laranjal
BRA.16.187_2,BRA.16_1,Paraná,LaranjeirasdoSul,Município,4113304,laranjeirasdosul
BRA.16.188_2,BRA.16_1,Paraná,Leópolis,Município,4113403,leopolis
BRA.16.189_2,BRA.16_1,Paraná,Lidianópolis,Município,4113429,lidianopolis
BRA.16.190_2,BRA.16_1,Paraná,Lindoeste,Município,4113452,lindoeste
BRA.16.191_2,BRA.16_1,Paraná,Loanda,Município,4113502,loanda
BRA.16.192_2,BRA.16_1,Paraná,Lobato,Município,4113601,lobato
BRA.16.193_2,BRA.16_1,Paraná,Londrina,Município,4113700,londrina
BRA.16.194_2,BRA.16_1,Paraná,Luiziana,Município,4113734,luiziana
BRA.16.195_2,BRA.16_1,Paraná,Lunardelli,Município,4113759,lunardelli
BRA.16.196_2,BRA.16_1,Paraná,Lupionópolis,Município,4113809,lupionopolis
BRA.16.197_2,BRA.16_1,Paraná,Mallet,Município,4113908,mallet
BRA.16.198_2,BRA.16_1,Paraná,Mamborê,Município,4114005,mambore
BRA.16.199_2,BRA.16_1,Paraná,Mandaguaçu,Município,4114104,mandaguacu
BRA.16.200_2,BRA.16_1,Paraná,Mandaguari,Município,4114203,mandaguari
BRA.16.201_2,BRA.16_1,Paraná,Mandirituba,Município,4114302,mandirituba
BRA.16.202_2,BRA.16_1,Paraná,Manfrinópolis,Município,4114351,manfrinopolis
BRA.16.203_2,BRA.16_1,Paraná,Mangueirinha,Município,4114401,mangueirinha
BRA.16.204_2,BRA.16_1,Paraná,ManoelRibas,Município,4114500,manoelribas
BRA.16.205_2,BRA.16_1,Paraná,MarechalCândidoRondon,Município,4114609,marechalcandidorondon
BRA.16.206_2,BRA.16_1,Paraná,MariaHelena,Município,4114708,mariahelena
BRA.16.207_2,BRA.16_1,Paraná,Marialva,Município,4114807,marialva
BRA.16.208_2,BRA.16_1,Paraná,MarilândiadoSul,Município,4114906,marilandiadosul
BRA.16.209_2,BRA.16_1,Paraná,Marilena,Município,4115002,marilena
BRA.16.210_2,BRA.16_1,Paraná,Mariluz,Município,4115101,mariluz
BRA.16.211_2,BRA.16_1,Paraná,Maringá,Município,4115200,maringa
BRA.16.212_2,BRA.16_1,Paraná,Mariópolis,Município,4115309,mariopolis
BRA.16.213_2,BRA.16_1,Paraná,Maripá,Município,4115358,maripa
BRA.16.214_2,BRA.16_1,Paraná,Marmeleiro,Município,4115408,marmeleiro
BRA.16.215_2,BRA.16_1,Paraná,Marquinho,Município,4115457,marquinho
BRA.16.216_2,BRA.16_1,Paraná,Marumbi,Município,4115507,marumbi
BRA.16.217_2,BRA.16_1,Paraná,Matelândia,Município,4115606,matelandia
BRA.16.218_2,BRA.16_1,Paraná,Matinhos,Município,4115705,matinhos
BRA.16.219_2,BRA.16_1,Paraná,MatoRico,Município,4115739,matorico
BRA.16.220_2,BRA.16_1,Paraná,MauádaSerra,Município,4115754,mauadaserra
BRA.16.221_2,BRA.16_1,Paraná,Medianeira,Município,4115804,medianeira
BRA.16.222_2,BRA.16_1,Paraná,Mercedes,Município,4115853,mercedes
BRA.16.223_2,BRA.16_1,Paraná,Mirador,Município,4115903,mirador
BRA.16.224_2,BRA.16_1,Paraná,Miraselva,Município,4116000,miraselva
BRA.16.225_2,BRA.16_1,Paraná,Missal,Município,4116059,missal
BRA.16.226_2,BRA.16_1,Paraná,MoreiraSales,Município,4116109,moreirasales
BRA.16.227_2,BRA.16_1,Paraná,Morretes,Município,4116208,morretes
BRA.16.228_2,BRA.16_1,Paraná,MunhozdeMelo,Município,4116307,munhozdemelo
BRA.16.229_2,BRA.16_1,Paraná,NossaSenhoradasGraças,Município,4116406,nossasenhoradasgracas
BRA.16.230_2,BRA.16_1,Paraná,NovaAliançadoIvaí,Município,4116505,novaaliancadoivai
BRA.16.231_2,BRA.16_1,Paraná,NovaAméricadaColina,Município,4116604,novaamericadacolina
BRA.16.232_2,BRA.16_1,Paraná,NovaAurora,Município,4116703,novaaurora
BRA.16.233_2,BRA.16_1,Paraná,NovaCantu,Município,4116802,novacantu
BRA.16.234_2,BRA.16_1,Paraná,NovaEsperança,Município,4116901,novaesperanca
BRA.16.235_2,BRA.16_1,Paraná,NovaEsperançadoSudoeste,Município,4116950,novaesperancadosudoeste
BRA.16.236_2,BRA.16_1,Paraná,NovaFátima,Município,4117008,novafatima
BRA.16.237_2,BRA.16_1,Paraná,NovaLaranjeiras,Município,4117057,novalaranjeiras
BRA.16.238_2,BRA.16_1,Paraná,NovaLondrina,Município,4117107,novalondrina
BRA.16.239_2,BRA.16_1,Paraná,NovaOlímpia,Município,4117206,novaolimpia
BRA.16.240_2,BRA.16_1,Paraná,NovaPratadoIguaçu,Município,4117255,novapratadoiguacu
BRA.16.241_2,BRA.16_1,Paraná,NovaSantaBárbara,Município,4117214,novasantabarbara
BRA.16.242_2,BRA.16_1,Paraná,NovaSantaRosa,Município,4117222,novasantarosa
BRA.16.243_2,BRA.16_1,Paraná,NovaTebas,Município,4117271,novatebas
BRA.16.244_2,BRA.16_1,Paraná,NovoItacolomi,Município,4117297,novoitacolomi
BRA.16.245_2,BRA.16_1,Paraná,Ortigueira,Município,4117305,ortigueira
BRA.16.246_2,BRA.16_1,Paraná,Ourizona,Município,4117404,ourizona
BRA.16.247_2,BRA.16_1,Paraná,OuroVerdedoOeste,Município,4117453,ouroverdedooeste
BRA.16.248_2,BRA.16_1,Paraná,Paiçandu,Município,4117503,paicandu
BRA.16.249_2,BRA.16_1,Paraná,Palmas,Município,4117602,palmas
BRA.16.250_2,BRA.16_1,Paraná,Palmeira,Município,4117701,palmeira
BRA.16.251_2,BRA.16_1,Paraná,Palmital,Município,4117800,palmital
BRA.16.252_2,BRA.16_1,Paraná,Palotina,Município,4117909,palotina
BRA.16.253_2,BRA.16_1,Paraná,ParaísodoNorte,Município,4118006,paraisodonorte
BRA.16.254_2,BRA.16_1,Paraná,Paranacity,Município,4118105,paranacity
BRA.16.255_2,BRA.16_1,Paraná,Paranaguá,Município,4118204,paranagua
BRA.16.256_2,BRA.16_1,Paraná,Paranapoema,Município,4118303,paranapoema
BRA.16.257_2,BRA.16_1,Paraná,Paranavaí,Município,4118402,paranavai
BRA.16.258_2,BRA.16_1,Paraná,PatoBragado,Município,4118451,patobragado
BRA.16.259_2,BRA.16_1,Paraná,PatoBranco,Município,4118501,patobranco
BRA.16.260_2,BRA.16_1,Paraná,PaulaFreitas,Município,4118600,paulafreitas
BRA.16.261_2,BRA.16_1,Paraná,PauloFrontin,Município,4118709,paulofrontin
BRA.16.262_2,BRA.16_1,Paraná,Peabiru,Município,4118808,peabiru
BRA.16.263_2,BRA.16_1,Paraná,Perobal,Município,4118857,perobal
BRA.16.264_2,BRA.16_1,Paraná,Pérola,Município,4118907,perola
BRA.16.265_2,BRA.16_1,Paraná,Pérolad'Oeste,Município,4119004,peroladoeste
BRA.16.266_2,BRA.16_1,Paraná,Piên,Município,4119103,pien
BRA.16.267_2,BRA.16_1,Paraná,Pinhais,Município,4119152,pinhais
BRA.16.268_2,BRA.16_1,Paraná,PinhaldeSãoBento,Município,4119251,pinhaldesaobento
BRA.16.269_2,BRA.16_1,Paraná,Pinhalão,Município,4119202,pinhalao
BRA.16.270_2,BRA.16_1,Paraná,Pinhão,Município,4119301,pinhao
BRA.16.271_2,BRA.16_1,Paraná,PiraídoSul,Município,4119400,piraidosul
BRA.16.272_2,BRA.16_1,Paraná,Piraquara,Município,4119509,piraquara
BRA.16.273_2,BRA.16_1,Paraná,Pitanga,Município,4119608,pitanga
BRA.16.274_2,BRA.16_1,Paraná,Pitangueiras,Município,4119657,pitangueiras
BRA.16.275_2,BRA.16_1,Paraná,PlanaltinadoParaná,Município,4119707,planaltinadoparana
BRA.16.276_2,BRA.16_1,Paraná,Planalto,Município,4119806,planalto
BRA.16.277_2,BRA.16_1,Paraná,PontaGrossa,Município,4119905,pontagrossa
BRA.16.278_2,BRA.16_1,Paraná,PontaldoParaná,Município,4119954,pontaldoparana
BRA.16.279_2,BRA.16_1,Paraná,Porecatu,Município,4120002,porecatu
BRA.16.280_2,BRA.16_1,Paraná,PortoAmazonas,Município,4120101,portoamazonas
BRA.16.281_2,BRA.16_1,Paraná,PortoBarreiro,Município,4120150,portobarreiro
BRA.16.282_2,BRA.16_1,Paraná,PortoRico,Município,4120200,portorico
BRA.16.283_2,BRA.16_1,Paraná,PortoVitória,Município,4120309,portovitoria
BRA.16.284_2,BRA.16_1,Paraná,PradoFerreira,Município,4120333,pradoferreira
BRA.16.285_2,BRA.16_1,Paraná,Pranchita,Município,4120358,pranchita
BRA.16.286_2,BRA.16_1,Paraná,PresidenteCasteloBranco,Município,4120408,presidentecastelobranco
BRA.16.287_2,BRA.16_1,Paraná,PrimeirodeMaio,Município,4120507,primeirodemaio
BRA.16.288_2,BRA.16_1,Paraná,Prudentópolis,Município,4120606,prudentopolis
BRA.16.289_2,BRA.16_1,Paraná,QuartoCentenário,Município,4120655,quartocentenario
BRA.16.290_2,BRA.16_1,Paraná,Quatiguá,Município,4120705,quatigua
BRA.16.291_2,BRA.16_1,Paraná,QuatroBarras,Município,4120804,quatrobarras
BRA.16.292_2,BRA.16_1,Paraná,QuatroPontes,Município,4120853,quatropontes
BRA.16.293_2,BRA.16_1,Paraná,QuedasdoIguaçu,Município,4120903,quedasdoiguacu
BRA.16.294_2,BRA.16_1,Paraná,QuerênciadoNorte,Município,4121000,querenciadonorte
BRA.16.295_2,BRA.16_1,Paraná,QuintadoSol,Município,4121109,quintadosol
BRA.16.296_2,BRA.16_1,Paraná,Quitandinha,Município,4121208,quitandinha
BRA.16.297_2,BRA.16_1,Paraná,Ramilândia,Município,4121257,ramilandia
BRA.16.298_2,BRA.16_1,Paraná,RanchoAlegre,Município,4121307,ranchoalegre
BRA.16.299_2,BRA.16_1,Paraná,RanchoAlegreD'Oeste,Município,4121356,ranchoalegredoeste
BRA.16.300_2,BRA.16_1,Paraná,Realeza,Município,4121406,realeza
BRA.16.301_2,BRA.16_1,Paraná,Rebouças,Município,4121505,reboucas
BRA.16.302_2,BRA.16_1,Paraná,Renascença,Município,4121604,renascenca
BRA.16.303_2,BRA.16_1,Paraná,Reserva,Município,4121703,reserva
BRA.16.304_2,BRA.16_1,Paraná,ReservadoIguaçu,Município,4121752,reservadoiguacu
BRA.16.305_2,BRA.16_1,Paraná,RibeirãoClaro,Município,4121802,ribeiraoclaro
BRA.16.306_2,BRA.16_1,Paraná,RibeirãodoPinhal,Município,4121901,ribeiraodopinhal
BRA.16.307_2,BRA.16_1,Paraná,RioAzul,Município,4122008,rioazul
BRA.16.308_2,BRA.16_1,Paraná,RioBom,Município,4122107,riobom
BRA.16.309_2,BRA.16_1,Paraná,RioBonitodoIguaçu,Município,4122156,riobonitodoiguacu
BRA.16.310_2,BRA.16_1,Paraná,RioBrancodoIvaí,Município,4122172,riobrancodoivai
BRA.16.311_2,BRA.16_1,Paraná,RioBrancodoSul,Município,4122206,riobrancodosul
BRA.16.312_2,BRA.16_1,Paraná,RioNegro,Município,4122305,rionegro
BRA.16.313_2,BRA.16_1,Paraná,Rolândia,Município,4122404,rolandia
BRA.16.314_2,BRA.16_1,Paraná,Roncador,Município,4122503,roncador
BRA.16.315_2,BRA.16_1,Paraná,Rondon,Município,4122602,rondon
BRA.16.316_2,BRA.16_1,Paraná,RosáriodoIvaí,Município,4122651,rosariodoivai
BRA.16.317_2,BRA.16_1,Paraná,Sabáudia,Município,4122701,sabaudia
BRA.16.318_2,BRA.16_1,Paraná,SalgadoFilho,Município,4122800,salgadofilho
BRA.16.319_2,BRA.16_1,Paraná,SaltodoItararé,Município,4122909,saltodoitarare
BRA.16.320_2,BRA.16_1,Paraná,SaltodoLontra,Município,4123006,saltodolontra
BRA.16.321_2,BRA.16_1,Paraná,SantaAmélia,Município,4123105,santaamelia
BRA.16.322_2,BRA.16_1,Paraná,SantaCecíliadoPavão,Município,4123204,santaceciliadopavao
BRA.16.323_2,BRA.16_1,Paraná,SantaCruzdeMonteCastelo,Município,4123303,santacruzdemontecastelo
BRA.16.324_2,BRA.16_1,Paraná,SantaFé,Município,4123402,santafe
BRA.16.325_2,BRA.16_1,Paraná,SantaHelena,Município,4123501,santahelena
BRA.16.326_2,BRA.16_1,Paraná,SantaInês,Município,4123600,santaines
BRA.16.327_2,BRA.16_1,Paraná,SantaIsabeldoIvaí,Município,4123709,santaisabeldoivai
BRA.16.328_2,BRA.16_1,Paraná,SantaIzabeldoOeste,Município,4123808,santaizabeldooeste
BRA.16.329_2,BRA.16_1,Paraná,SantaLúcia,Município,4123824,santalucia
BRA.16.330_2,BRA.16_1,Paraná,SantaMariadoOeste,Município,4123857,santamariadooeste
BRA.16.331_2,BRA.16_1,Paraná,SantaMariana,Município,4123907,santamariana
BRA.16.332_2,BRA.16_1,Paraná,SantaMônica,Município,4123956,santamonica
BRA.16.333_2,BRA.16_1,Paraná,SantaTerezadoOeste,Município,4124020,santaterezadooeste
BRA.16.334_2,BRA.16_1,Paraná,SantaTerezinhadeItaipu,Município,4124053,santaterezinhadeitaipu
BRA.16.335_2,BRA.16_1,Paraná,SantanadoItararé,Município,4124004,santanadoitarare
BRA.16.336_2,BRA.16_1,Paraná,SantoAntôniodaPlatina,Município,4124103,santoantoniodaplatina
BRA.16.337_2,BRA.16_1,Paraná,SantoAntôniodoCaiuá,Município,4124202,santoantoniodocaiua
BRA.16.338_2,BRA.16_1,Paraná,SantoAntôniodoParaíso,Município,4124301,santoantoniodoparaiso
BRA.16.339_2,BRA.16_1,Paraná,SantoAntôniodoSudoeste,Município,4124400,santoantoniodosudoeste
BRA.16.340_2,BRA.16_1,Paraná,SantoInácio,Município,4124509,santoinacio
BRA.16.341_2,BRA.16_1,Paraná,SãoCarlosdoIvaí,Município,4124608,saocarlosdoivai
BRA.16.342_2,BRA.16_1,Paraná,SãoJerônimodaSerra,Município,4124707,saojeronimodaserra
BRA.16.343_2,BRA.16_1,Paraná,SãoJoão,Município,4124806,saojoao
BRA.16.344_2,BRA.16_1,Paraná,SãoJoãodoCaiuá,Município,4124905,saojoaodocaiua
BRA.16.345_2,BRA.16_1,Paraná,SãoJoãodoIvaí,Município,4125001,saojoaodoivai
BRA.16.346_2,BRA.16_1,Paraná,SãoJoãodoTriunfo,Município,4125100,saojoaodotriunfo
BRA.16.347_2,BRA.16_1,Paraná,SãoJorged'Oeste,Município,4125209,saojorgedoeste
BRA.16.348_2,BRA.16_1,Paraná,SãoJorgedoIvaí,Município,4125308,saojorgedoivai
BRA.16.349_2,BRA.16_1,Paraná,SãoJorgedoPatrocínio,Município,4125357,saojorgedopatrocinio
BRA.16.350_2,BRA.16_1,Paraná,SãoJosédaBoaVista,Município,4125407,saojosedaboavista
BRA.16.351_2,BRA.16_1,Paraná,SãoJosédasPalmeiras,Município,4125456,saojosedaspalmeiras
BRA.16.352_2,BRA.16_1,Paraná,SãoJosédosPinhais,Município,4125506,saojosedospinhais
BRA.16.353_2,BRA.16_1,Paraná,SãoManoeldoParaná,Município,4125555,saomanoeldoparana
BRA.16.354_2,BRA.16_1,Paraná,SãoMateusdoSul,Município,4125605,saomateusdosul
BRA.16.355_2,BRA.16_1,Paraná,SãoMigueldoIguaçu,Município,4125704,saomigueldoiguacu
BRA.16.356_2,BRA.16_1,Paraná,SãoPedrodoIguaçu,Município,4125753,saopedrodoiguacu
BRA.16.357_2,BRA.16_1,Paraná,SãoPedrodoIvaí,Município,4125803,saopedrodoivai
BRA.16.358_2,BRA.16_1,Paraná,SãoPedrodoParaná,Município,4125902,saopedrodoparana
BRA.16.359_2,BRA.16_1,Paraná,SãoSebastiãodaAmoreira,Município,4126009,saosebastiaodaamoreira
BRA.16.360_2,BRA.16_1,Paraná,SãoTomé,Município,4126108,saotome
BRA.16.361_2,BRA.16_1,Paraná,Sapopema,Município,4126207,sapopema
BRA.16.362_2,BRA.16_1,Paraná,Sarandi,Município,4126256,sarandi
BRA.16.363_2,BRA.16_1,Paraná,SaudadedoIguaçu,Município,4126272,saudadedoiguacu
BRA.16.364_2,BRA.16_1,Paraná,Sengés,Município,4126306,senges
BRA.16.365_2,BRA.16_1,Paraná,SerranópolisdoIguaçu,Município,4126355,serranopolisdoiguacu
BRA.16.366_2,BRA.16_1,Paraná,Sertaneja,Município,4126405,sertaneja
BRA.16.367_2,BRA.16_1,Paraná,Sertanópolis,Município,4126504,sertanopolis
BRA.16.368_2,BRA.16_1,Paraná,SiqueiraCampos,Município,4126603,siqueiracampos
BRA.16.369_2,BRA.16_1,Paraná,Sulina,Município,4126652,sulina
BRA.16.370_2,BRA.16_1,Paraná,Tamarana,Município,4126678,tamarana
BRA.16.371_2,BRA.16_1,Paraná,Tamboara,Município,4126702,tamboara
BRA.16.372_2,BRA.16_1,Paraná,Tapejara,Município,4126801,tapejara
BRA.16.373_2,BRA.16_1,Paraná,Tapira,Município,4126900,tapira
BRA.16.374_2,BRA.16_1,Paraná,TeixeiraSoares,Município,4127007,teixeirasoares
BRA.16.375_2,BRA.16_1,Paraná,TelêmacoBorba,Município,4127106,telemacoborba
BRA.16.376_2,BRA.16_1,Paraná,TerraBoa,Município,4127205,terraboa
BRA.16.377_2,BRA.16_1,Paraná,TerraRica,Município,4127304,terrarica
BRA.16.378_2,BRA.16_1,Paraná,TerraRoxa,Município,4127403,terraroxa
BRA.16.379_2,BRA.16_1,Paraná,Tibagi,Município,4127502,tibagi
BRA.16.380_2,BRA.16_1,Paraná,TijucasdoSul,Município,4127601,tijucasdosul
BRA.16.381_2,BRA.16_1,Paraná,Toledo,Município,4127700,toledo
BRA.16.382_2,BRA.16_1,Paraná,Tomazina,Município,4127809,tomazina
BRA.16.383_2,BRA.16_1,Paraná,TrêsBarrasdoParaná,Município,4127858,tresbarrasdoparana
BRA.16.384_2,BRA.16_1,Paraná,TunasdoParaná,Município,4127882,tunasdoparana
BRA.16.385_2,BRA.16_1,Paraná,TuneirasdoOeste,Município,4127908,tuneirasdooeste
BRA.16.386_2,BRA.16_1,Paraná,Tupãssi,Município,4127957,tupassi
BRA.16.387_2,BRA.16_1,Paraná,Turvo,Município,4127965,turvo
BRA.16.388_2,BRA.16_1,Paraná,Ubiratã,Município,4128005,ubirata
BRA.16.389_2,BRA.16_1,Paraná,Umuarama,Município,4128104,umuarama
BRA.16.390_2,BRA.16_1,Paraná,UniãodaVitória,Município,4128203,uniaodavitoria
BRA.16.391_2,BRA.16_1,Paraná,Uniflor,Município,4128302,uniflor
BRA.16.392_2,BRA.16_1,Paraná,Uraí,Município,4128401,urai
BRA.16.393_2,BRA.16_1,Paraná,Ventania,Município,4128534,ventania
BRA.16.394_2,BRA.16_1,Paraná,VeraCruzdoOeste,Município,4128559,veracruzdooeste
BRA.16.395_2,BRA.16_1,Paraná,Verê,Município,4128609,vere
BRA.16.396_2,BRA.16_1,Paraná,Virmond,Município,4128658,virmond
BRA.16.397_2,BRA.16_1,Paraná,Vitorino,Município,4128708,vitorino
BRA.16.398_2,BRA.16_1,Paraná,WenceslauBraz,Município,4128500,wenceslaubraz
BRA.16.399_2,BRA.16_1,Paraná,Xambrê,Município,4128807,xambre
BRA.17.1_2,BRA.17_1,Pernambuco,AbreueLima,Município,2600054,abreuelima
BRA.17.2_2,BRA.17_1,Pernambuco,AfogadosdaIngazeira,Município,2600104,afogadosdaingazeira
BRA.17.3_2,BRA.17_1,Pernambuco,Afrânio,Município,2600203,afranio
BRA.17.4_2,BRA.17_1,Pernambuco,Agrestina,Município,2600302,agrestina
BRA.17.5_2,BRA.17_1,Pernambuco,ÁguaPreta,Município,2600401,aguapreta
BRA.17.6_2,BRA.17_1,Pernambuco,ÁguasBelas,Município,2600500,aguasbelas
BRA.17.7_2,BRA.17_1,Pernambuco,Alagoinha,Município,2600609,alagoinha
BRA.17.8_2,BRA.17_1,Pernambuco,Aliança,Município,2600708,alianca
BRA.17.9_2,BRA.17_1,Pernambuco,Altinho,Município,2600807,altinho
BRA.17.10_2,BRA.17_1,Pernambuco,Amaraji,Município,2600906,amaraji
BRA.17.11_2,BRA.17_1,Pernambuco,Angelim,Município,2601003,angelim
BRA.17.12_2,BRA.17_1,Pernambuco,Araçoiaba,Município,2601052,aracoiaba
BRA.17.13_2,BRA.17_1,Pernambuco,Araripina,Município,2601102,araripina
BRA.17.14_2,BRA.17_1,Pernambuco,Arcoverde,Município,2601201,arcoverde
BRA.17.15_2,BRA.17_1,Pernambuco,BarradeGuabiraba,Município,2601300,barradeguabiraba
BRA.17.16_2,BRA.17_1,Pernambuco,Barreiros,Município,2601409,barreiros
BRA.17.17_2,BRA.17_1,Pernambuco,BelémdeMaria,Município,2601508,belemdemaria
BRA.17.18_2,BRA.17_1,Pernambuco,BelémdoSãoFrancisco,Município,2601607,belemdosaofrancisco
BRA.17.19_2,BRA.17_1,Pernambuco,BeloJardim,Município,2601706,belojardim
BRA.17.20_2,BRA.17_1,Pernambuco,Betânia,Município,2601805,betania
BRA.17.21_2,BRA.17_1,Pernambuco,Bezerros,Município,2601904,bezerros
BRA.17.22_2,BRA.17_1,Pernambuco,Bodocó,Município,2602001,bodoco
BRA.17.23_2,BRA.17_1,Pernambuco,BomConselho,Município,2602100,bomconselho
BRA.17.24_2,BRA.17_1,Pernambuco,BomJardim,Município,2602209,bomjardim
BRA.17.25_2,BRA.17_1,Pernambuco,Bonito,Município,2602308,bonito
BRA.17.26_2,BRA.17_1,Pernambuco,Brejão,Município,2602407,brejao
BRA.17.27_2,BRA.17_1,Pernambuco,Brejinho,Município,2602506,brejinho
BRA.17.28_2,BRA.17_1,Pernambuco,BrejodaMadredeDeus,Município,2602605,brejodamadrededeus
BRA.17.29_2,BRA.17_1,Pernambuco,BuenosAires,Município,2602704,buenosaires
BRA.17.30_2,BRA.17_1,Pernambuco,Buíque,Município,2602803,buique
BRA.17.31_2,BRA.17_1,Pernambuco,CabodeSantoAgostinho,Município,2602902,cabodesantoagostinho
BRA.17.32_2,BRA.17_1,Pernambuco,Cabrobó,Município,2603009,cabrobo
BRA.17.33_2,BRA.17_1,Pernambuco,Cachoeirinha,Município,2603108,cachoeirinha
BRA.17.34_2,BRA.17_1,Pernambuco,Caetés,Município,2603207,caetes
BRA.17.35_2,BRA.17_1,Pernambuco,Calçado,Município,2603306,calcado
BRA.17.36_2,BRA.17_1,Pernambuco,Calumbi,Município,2603405,calumbi
BRA.17.37_2,BRA.17_1,Pernambuco,Camaragibe,Município,2603454,camaragibe
BRA.17.38_2,BRA.17_1,Pernambuco,CamocimdeSãoFélix,Município,2603504,camocimdesaofelix
BRA.17.39_2,BRA.17_1,Pernambuco,Camutanga,Município,2603603,camutanga
BRA.17.40_2,BRA.17_1,Pernambuco,Canhotinho,Município,2603702,canhotinho
BRA.17.41_2,BRA.17_1,Pernambuco,Capoeiras,Município,2603801,capoeiras
BRA.17.42_2,BRA.17_1,Pernambuco,Carnaíba,Município,2603900,carnaiba
BRA.17.43_2,BRA.17_1,Pernambuco,CarnaubeiradaPenha,Município,2603926,carnaubeiradapenha
BRA.17.44_2,BRA.17_1,Pernambuco,Carpina,Município,2604007,carpina
BRA.17.45_2,BRA.17_1,Pernambuco,Caruaru,Município,2604106,caruaru
BRA.17.46_2,BRA.17_1,Pernambuco,Casinhas,Município,2604155,casinhas
BRA.17.47_2,BRA.17_1,Pernambuco,Catende,Município,2604205,catende
BRA.17.48_2,BRA.17_1,Pernambuco,Cedro,Município,2604304,cedro
BRA.17.49_2,BRA.17_1,Pernambuco,ChãdeAlegria,Município,2604403,chadealegria
BRA.17.50_2,BRA.17_1,Pernambuco,ChãGrande,Município,2604502,chagrande
BRA.17.51_2,BRA.17_1,Pernambuco,Condado,Município,2604601,condado
BRA.17.52_2,BRA.17_1,Pernambuco,Correntes,Município,2604700,correntes
BRA.17.53_2,BRA.17_1,Pernambuco,Cortês,Município,2604809,cortes
BRA.17.54_2,BRA.17_1,Pernambuco,Cumaru,Município,2604908,cumaru
BRA.17.55_2,BRA.17_1,Pernambuco,Cupira,Município,2605004,cupira
BRA.17.56_2,BRA.17_1,Pernambuco,Custódia,Município,2605103,custodia
BRA.17.57_2,BRA.17_1,Pernambuco,Dormentes,Município,2605152,dormentes
BRA.17.58_2,BRA.17_1,Pernambuco,Escada,Município,2605202,escada
BRA.17.59_2,BRA.17_1,Pernambuco,Exu,Município,2605301,exu
BRA.17.60_2,BRA.17_1,Pernambuco,FeiraNova,Município,2605400,feiranova
BRA.17.61_2,BRA.17_1,Pernambuco,FernandodeNoronha,Município,2605459,fernandodenoronha
BRA.17.62_2,BRA.17_1,Pernambuco,Ferreiros,Município,2605509,ferreiros
BRA.17.63_2,BRA.17_1,Pernambuco,Flores,Município,2605608,flores
BRA.17.64_2,BRA.17_1,Pernambuco,Floresta,Município,2605707,floresta
BRA.17.65_2,BRA.17_1,Pernambuco,FreiMiguelinho,Município,2605806,freimiguelinho
BRA.17.66_2,BRA.17_1,Pernambuco,Gameleira,Município,2605905,gameleira
BRA.17.67_2,BRA.17_1,Pernambuco,Garanhuns,Município,2606002,garanhuns
BRA.17.68_2,BRA.17_1,Pernambuco,GlóriadoGoitá,Município,2606101,gloriadogoita
BRA.17.69_2,BRA.17_1,Pernambuco,Goiana,Município,2606200,goiana
BRA.17.70_2,BRA.17_1,Pernambuco,Granito,Município,2606309,granito
BRA.17.71_2,BRA.17_1,Pernambuco,Gravatá,Município,2606408,gravata
BRA.17.72_2,BRA.17_1,Pernambuco,Iati,Município,2606507,iati
BRA.17.73_2,BRA.17_1,Pernambuco,Ibimirim,Município,2606606,ibimirim
BRA.17.74_2,BRA.17_1,Pernambuco,Ibirajuba,Município,2606705,ibirajuba
BRA.17.75_2,BRA.17_1,Pernambuco,Igarassu,Município,2606804,igarassu
BRA.17.76_2,BRA.17_1,Pernambuco,Iguaracy,Município,2606903,iguaracy
BRA.17.77_2,BRA.17_1,Pernambuco,IlhadeItamaracá,Município,2607604,ilhadeitamaraca
BRA.17.78_2,BRA.17_1,Pernambuco,Inajá,Município,2607000,inaja
BRA.17.79_2,BRA.17_1,Pernambuco,Ingazeira,Município,2607109,ingazeira
BRA.17.80_2,BRA.17_1,Pernambuco,Ipojuca,Município,2607208,ipojuca
BRA.17.81_2,BRA.17_1,Pernambuco,Ipubi,Município,2607307,ipubi
BRA.17.82_2,BRA.17_1,Pernambuco,Itacuruba,Município,2607406,itacuruba
BRA.17.83_2,BRA.17_1,Pernambuco,Itaíba,Município,2607505,itaiba
BRA.17.84_2,BRA.17_1,Pernambuco,Itambé,Município,2607653,itambe
BRA.17.85_2,BRA.17_1,Pernambuco,Itapetim,Município,2607703,itapetim
BRA.17.86_2,BRA.17_1,Pernambuco,Itapissuma,Município,2607752,itapissuma
BRA.17.87_2,BRA.17_1,Pernambuco,Itaquitinga,Município,2607802,itaquitinga
BRA.17.88_2,BRA.17_1,Pernambuco,JaboatãodosGuararapes,Município,2607901,jaboataodosguararapes
BRA.17.89_2,BRA.17_1,Pernambuco,Jaqueira,Município,2607950,jaqueira
BRA.17.90_2,BRA.17_1,Pernambuco,Jataúba,Município,2608008,jatauba
BRA.17.91_2,BRA.17_1,Pernambuco,Jatobá,Município,2608057,jatoba
BRA.17.92_2,BRA.17_1,Pernambuco,JoãoAlfredo,Município,2608107,joaoalfredo
BRA.17.93_2,BRA.17_1,Pernambuco,JoaquimNabuco,Município,2608206,joaquimnabuco
BRA.17.94_2,BRA.17_1,Pernambuco,Jucati,Município,2608255,jucati
BRA.17.95_2,BRA.17_1,Pernambuco,Jupi,Município,2608305,jupi
BRA.17.96_2,BRA.17_1,Pernambuco,Jurema,Município,2608404,jurema
BRA.17.97_2,BRA.17_1,Pernambuco,LagoadeItaenga,Município,2608503,lagoadeitaenga
BRA.17.98_2,BRA.17_1,Pernambuco,LagoadoCarro,Município,2608453,lagoadocarro
BRA.17.99_2,BRA.17_1,Pernambuco,LagoadoOuro,Município,2608602,lagoadoouro
BRA.17.100_2,BRA.17_1,Pernambuco,LagoadosGatos,Município,2608701,lagoadosgatos
BRA.17.101_2,BRA.17_1,Pernambuco,LagoaGrande,Município,2608750,lagoagrande
BRA.17.102_2,BRA.17_1,Pernambuco,Lajedo,Município,2608800,lajedo
BRA.17.103_2,BRA.17_1,Pernambuco,Limoeiro,Município,2608909,limoeiro
BRA.17.104_2,BRA.17_1,Pernambuco,Macaparana,Município,2609006,macaparana
BRA.17.105_2,BRA.17_1,Pernambuco,Machados,Município,2609105,machados
BRA.17.106_2,BRA.17_1,Pernambuco,Manari,Município,2609154,manari
BRA.17.107_2,BRA.17_1,Pernambuco,Maraial,Município,2609204,maraial
BRA.17.108_2,BRA.17_1,Pernambuco,Mirandiba,Município,2609303,mirandiba
BRA.17.109_2,BRA.17_1,Pernambuco,Moreilândia,Município,2614303,moreilandia
BRA.17.110_2,BRA.17_1,Pernambuco,Moreno,Município,2609402,moreno
BRA.17.111_2,BRA.17_1,Pernambuco,NazarédaMata,Município,2609501,nazaredamata
BRA.17.112_2,BRA.17_1,Pernambuco,Olinda,Município,2609600,olinda
BRA.17.113_2,BRA.17_1,Pernambuco,Orobó,Município,2609709,orobo
BRA.17.114_2,BRA.17_1,Pernambuco,Orocó,Município,2609808,oroco
BRA.17.115_2,BRA.17_1,Pernambuco,Ouricuri,Município,2609907,ouricuri
BRA.17.116_2,BRA.17_1,Pernambuco,Palmares,Município,2610004,palmares
BRA.17.117_2,BRA.17_1,Pernambuco,Palmeirina,Município,2610103,palmeirina
BRA.17.118_2,BRA.17_1,Pernambuco,Panelas,Município,2610202,panelas
BRA.17.119_2,BRA.17_1,Pernambuco,Paranatama,Município,2610301,paranatama
BRA.17.120_2,BRA.17_1,Pernambuco,Parnamirim,Município,2610400,parnamirim
BRA.17.121_2,BRA.17_1,Pernambuco,Passira,Município,2610509,passira
BRA.17.122_2,BRA.17_1,Pernambuco,Paudalho,Município,2610608,paudalho
BRA.17.123_2,BRA.17_1,Pernambuco,Paulista,Município,2610707,paulista
BRA.17.124_2,BRA.17_1,Pernambuco,Pedra,Município,2610806,pedra
BRA.17.125_2,BRA.17_1,Pernambuco,Pesqueira,Município,2610905,pesqueira
BRA.17.126_2,BRA.17_1,Pernambuco,Petrolândia,Município,2611002,petrolandia
BRA.17.127_2,BRA.17_1,Pernambuco,Petrolina,Município,2611101,petrolina
BRA.17.128_2,BRA.17_1,Pernambuco,Poção,Município,2611200,pocao
BRA.17.129_2,BRA.17_1,Pernambuco,Pombos,Município,2611309,pombos
BRA.17.130_2,BRA.17_1,Pernambuco,Primavera,Município,2611408,primavera
BRA.17.131_2,BRA.17_1,Pernambuco,Quipapá,Município,2611507,quipapa
BRA.17.132_2,BRA.17_1,Pernambuco,Quixaba,Município,2611533,quixaba
BRA.17.133_2,BRA.17_1,Pernambuco,Recife,Município,2611606,recife
BRA.17.134_2,BRA.17_1,Pernambuco,RiachodasAlmas,Município,2611705,riachodasalmas
BRA.17.135_2,BRA.17_1,Pernambuco,Ribeirão,Município,2611804,ribeirao
BRA.17.136_2,BRA.17_1,Pernambuco,RioFormoso,Município,2611903,rioformoso
BRA.17.137_2,BRA.17_1,Pernambuco,Sairé,Município,2612000,saire
BRA.17.138_2,BRA.17_1,Pernambuco,Salgadinho,Município,2612109,salgadinho
BRA.17.139_2,BRA.17_1,Pernambuco,Salgueiro,Município,2612208,salgueiro
BRA.17.140_2,BRA.17_1,Pernambuco,Saloá,Município,2612307,saloa
BRA.17.141_2,BRA.17_1,Pernambuco,Sanharó,Município,2612406,sanharo
BRA.17.142_2,BRA.17_1,Pernambuco,SantaCruz,Município,2612455,santacruz
BRA.17.143_2,BRA.17_1,Pernambuco,SantaCruzdaBaixaVerde,Município,2612471,santacruzdabaixaverde
BRA.17.144_2,BRA.17_1,Pernambuco,SantaCruzdoCapibaribe,Município,2612505,santacruzdocapibaribe
BRA.17.145_2,BRA.17_1,Pernambuco,SantaFilomena,Município,2612554,santafilomena
BRA.17.146_2,BRA.17_1,Pernambuco,SantaMariadaBoaVista,Município,2612604,santamariadaboavista
BRA.17.147_2,BRA.17_1,Pernambuco,SantaMariadoCambucá,Município,2612703,santamariadocambuca
BRA.17.148_2,BRA.17_1,Pernambuco,SantaTerezinha,Município,2612802,santaterezinha
BRA.17.149_2,BRA.17_1,Pernambuco,SãoBeneditodoSul,Município,2612901,saobeneditodosul
BRA.17.150_2,BRA.17_1,Pernambuco,SãoBentodoUna,Município,2613008,saobentodouna
BRA.17.151_2,BRA.17_1,Pernambuco,SãoCaitano,Município,2613107,saocaitano
BRA.17.152_2,BRA.17_1,Pernambuco,SãoJoão,Município,2613206,saojoao
BRA.17.153_2,BRA.17_1,Pernambuco,SãoJoaquimdoMonte,Município,2613305,saojoaquimdomonte
BRA.17.154_2,BRA.17_1,Pernambuco,SãoJosédaCoroaGrande,Município,2613404,saojosedacoroagrande
BRA.17.155_2,BRA.17_1,Pernambuco,SãoJosédoBelmonte,Município,2613503,saojosedobelmonte
BRA.17.156_2,BRA.17_1,Pernambuco,SãoJosédoEgito,Município,2613602,saojosedoegito
BRA.17.157_2,BRA.17_1,Pernambuco,SãoLourençodaMata,Município,2613701,saolourencodamata
BRA.17.158_2,BRA.17_1,Pernambuco,SãoVicenteFérrer,Município,2613800,saovicenteferrer
BRA.17.159_2,BRA.17_1,Pernambuco,SerraTalhada,Município,2613909,serratalhada
BRA.17.160_2,BRA.17_1,Pernambuco,Serrita,Município,2614006,serrita
BRA.17.161_2,BRA.17_1,Pernambuco,Sertânia,Município,2614105,sertania
BRA.17.162_2,BRA.17_1,Pernambuco,Sirinhaém,Município,2614204,sirinhaem
BRA.17.163_2,BRA.17_1,Pernambuco,Solidão,Município,2614402,solidao
BRA.17.164_2,BRA.17_1,Pernambuco,Surubim,Município,2614501,surubim
BRA.17.165_2,BRA.17_1,Pernambuco,Tabira,Município,2614600,tabira
BRA.17.166_2,BRA.17_1,Pernambuco,Tacaimbó,Município,2614709,tacaimbo
BRA.17.167_2,BRA.17_1,Pernambuco,Tacaratu,Município,2614808,tacaratu
BRA.17.168_2,BRA.17_1,Pernambuco,Tamandaré,Município,2614857,tamandare
BRA.17.169_2,BRA.17_1,Pernambuco,TaquaritingadoNorte,Município,2615003,taquaritingadonorte
BRA.17.170_2,BRA.17_1,Pernambuco,Terezinha,Município,2615102,terezinha
BRA.17.171_2,BRA.17_1,Pernambuco,TerraNova,Município,2615201,terranova
BRA.17.172_2,BRA.17_1,Pernambuco,Timbaúba,Município,2615300,timbauba
BRA.17.173_2,BRA.17_1,Pernambuco,Toritama,Município,2615409,toritama
BRA.17.174_2,BRA.17_1,Pernambuco,Tracunhaém,Município,2615508,tracunhaem
BRA.17.175_2,BRA.17_1,Pernambuco,Trindade,Município,2615607,trindade
BRA.17.176_2,BRA.17_1,Pernambuco,Triunfo,Município,2615706,triunfo
BRA.17.177_2,BRA.17_1,Pernambuco,Tupanatinga,Município,2615805,tupanatinga
BRA.17.178_2,BRA.17_1,Pernambuco,Tuparetama,Município,2615904,tuparetama
BRA.17.179_2,BRA.17_1,Pernambuco,Venturosa,Município,2616001,venturosa
BRA.17.180_2,BRA.17_1,Pernambuco,Verdejante,Município,2616100,verdejante
BRA.17.181_2,BRA.17_1,Pernambuco,VertentedoLério,Município,2616183,vertentedolerio
BRA.17.182_2,BRA.17_1,Pernambuco,Vertentes,Município,2616209,vertentes
BRA.17.183_2,BRA.17_1,Pernambuco,Vicência,Município,2616308,vicencia
BRA.17.184_2,BRA.17_1,Pernambuco,VitóriadeSantoAntão,Município,2616407,vitoriadesantoantao
BRA.17.185_2,BRA.17_1,Pernambuco,Xexéu,Município,2616506,xexeu
BRA.18.1_2,BRA.18_1,Piauí,Acauã,Município,2200053,acaua
BRA.18.2_2,BRA.18_1,Piauí,Agricolândia,Município,2200103,agricolandia
BRA.18.3_2,BRA.18_1,Piauí,ÁguaBranca,Município,2200202,aguabranca
BRA.18.4_2,BRA.18_1,Piauí,AlagoinhadoPiauí,Município,2200251,alagoinhadopiaui
BRA.18.5_2,BRA.18_1,Piauí,AlegretedoPiauí,Município,2200277,alegretedopiaui
BRA.18.6_2,BRA.18_1,Piauí,AltoLongá,Município,2200301,altolonga
BRA.18.7_2,BRA.18_1,Piauí,Altos,Município,2200400,altos
BRA.18.8_2,BRA.18_1,Piauí,AlvoradadoGurguéia,Município,2200459,alvoradadogurgueia
BRA.18.9_2,BRA.18_1,Piauí,Amarante,Município,2200509,amarante
BRA.18.10_2,BRA.18_1,Piauí,AngicaldoPiauí,Município,2200608,angicaldopiaui
BRA.18.11_2,BRA.18_1,Piauí,AnísiodeAbreu,Município,2200707,anisiodeabreu
BRA.18.12_2,BRA.18_1,Piauí,AntônioAlmeida,Município,2200806,antonioalmeida
BRA.18.13_2,BRA.18_1,Piauí,Aroazes,Município,2200905,aroazes
BRA.18.14_2,BRA.18_1,Piauí,AroeirasdoItaim,Município,2200954,aroeirasdoitaim
BRA.18.15_2,BRA.18_1,Piauí,Arraial,Município,2201002,arraial
BRA.18.16_2,BRA.18_1,Piauí,AssunçãodoPiauí,Município,2201051,assuncaodopiaui
BRA.18.17_2,BRA.18_1,Piauí,AvelinoLopes,Município,2201101,avelinolopes
BRA.18.18_2,BRA.18_1,Piauí,BaixaGrandedoRibeiro,Município,2201150,baixagrandedoribeiro
BRA.18.19_2,BRA.18_1,Piauí,BarraD'Alcântara,Município,2201176,barradalcantara
BRA.18.20_2,BRA.18_1,Piauí,Barras,Município,2201200,barras
BRA.18.21_2,BRA.18_1,Piauí,BarreirasdoPiauí,Município,2201309,barreirasdopiaui
BRA.18.22_2,BRA.18_1,Piauí,BarroDuro,Município,2201408,barroduro
BRA.18.23_2,BRA.18_1,Piauí,Batalha,Município,2201507,batalha
BRA.18.24_2,BRA.18_1,Piauí,BelaVistadoPiauí,Município,2201556,belavistadopiaui
BRA.18.25_2,BRA.18_1,Piauí,BelémdoPiauí,Município,2201572,belemdopiaui
BRA.18.26_2,BRA.18_1,Piauí,Beneditinos,Município,2201606,beneditinos
BRA.18.27_2,BRA.18_1,Piauí,Bertolínia,Município,2201705,bertolinia
BRA.18.28_2,BRA.18_1,Piauí,BetâniadoPiauí,Município,2201739,betaniadopiaui
BRA.18.29_2,BRA.18_1,Piauí,BoaHora,Município,2201770,boahora
BRA.18.30_2,BRA.18_1,Piauí,Bocaina,Município,2201804,bocaina
BRA.18.31_2,BRA.18_1,Piauí,BomJesus,Município,2201903,bomjesus
BRA.18.32_2,BRA.18_1,Piauí,BomPrincípiodoPiauí,Município,2201919,bomprincipiodopiaui
BRA.18.33_2,BRA.18_1,Piauí,BonfimdoPiauí,Município,2201929,bonfimdopiaui
BRA.18.34_2,BRA.18_1,Piauí,BoqueirãodoPiauí,Município,2201945,boqueiraodopiaui
BRA.18.35_2,BRA.18_1,Piauí,Brasileira,Município,2201960,brasileira
BRA.18.36_2,BRA.18_1,Piauí,BrejodoPiauí,Município,2201988,brejodopiaui
BRA.18.37_2,BRA.18_1,Piauí,BuritidosLopes,Município,2202000,buritidoslopes
BRA.18.38_2,BRA.18_1,Piauí,BuritidosMontes,Município,2202026,buritidosmontes
BRA.18.39_2,BRA.18_1,Piauí,CabeceirasdoPiauí,Município,2202059,cabeceirasdopiaui
BRA.18.40_2,BRA.18_1,Piauí,CajazeirasdoPiauí,Município,2202075,cajazeirasdopiaui
BRA.18.41_2,BRA.18_1,Piauí,CajueirodaPraia,Município,2202083,cajueirodapraia
BRA.18.42_2,BRA.18_1,Piauí,CaldeirãoGrandedoPiauí,Município,2202091,caldeiraograndedopiaui
BRA.18.43_2,BRA.18_1,Piauí,CampinasdoPiauí,Município,2202109,campinasdopiaui
BRA.18.44_2,BRA.18_1,Piauí,CampoAlegredoFidalgo,Município,2202117,campoalegredofidalgo
BRA.18.45_2,BRA.18_1,Piauí,CampoGrandedoPiauí,Município,2202133,campograndedopiaui
BRA.18.46_2,BRA.18_1,Piauí,CampoLargodoPiauí,Município,2202174,campolargodopiaui
BRA.18.47_2,BRA.18_1,Piauí,CampoMaior,Município,2202208,campomaior
BRA.18.48_2,BRA.18_1,Piauí,Canavieira,Município,2202251,canavieira
BRA.18.49_2,BRA.18_1,Piauí,CantodoBuriti,Município,2202307,cantodoburiti
BRA.18.50_2,BRA.18_1,Piauí,CapitãodeCampos,Município,2202406,capitaodecampos
BRA.18.51_2,BRA.18_1,Piauí,CapitãoGervásioOliveira,Município,2202455,capitaogervasiooliveira
BRA.18.52_2,BRA.18_1,Piauí,Caracol,Município,2202505,caracol
BRA.18.53_2,BRA.18_1,Piauí,CaraúbasdoPiauí,Município,2202539,caraubasdopiaui
BRA.18.54_2,BRA.18_1,Piauí,CaridadedoPiauí,Município,2202554,caridadedopiaui
BRA.18.55_2,BRA.18_1,Piauí,CastelodoPiauí,Município,2202604,castelodopiaui
BRA.18.56_2,BRA.18_1,Piauí,Caxingó,Município,2202653,caxingo
BRA.18.57_2,BRA.18_1,Piauí,Cocal,Município,2202703,cocal
BRA.18.58_2,BRA.18_1,Piauí,CocaldeTelha,Município,2202711,cocaldetelha
BRA.18.59_2,BRA.18_1,Piauí,CocaldosAlves,Município,2202729,cocaldosalves
BRA.18.60_2,BRA.18_1,Piauí,Coivaras,Município,2202737,coivaras
BRA.18.61_2,BRA.18_1,Piauí,ColôniadoGurguéia,Município,2202752,coloniadogurgueia
BRA.18.62_2,BRA.18_1,Piauí,ColôniadoPiauí,Município,2202778,coloniadopiaui
BRA.18.63_2,BRA.18_1,Piauí,ConceiçãodoCanindé,Município,2202802,conceicaodocaninde
BRA.18.64_2,BRA.18_1,Piauí,CoronelJoséDias,Município,2202851,coroneljosedias
BRA.18.65_2,BRA.18_1,Piauí,Corrente,Município,2202901,corrente
BRA.18.66_2,BRA.18_1,Piauí,CristalândiadoPiauí,Município,2203008,cristalandiadopiaui
BRA.18.67_2,BRA.18_1,Piauí,CristinoCastro,Município,2203107,cristinocastro
BRA.18.68_2,BRA.18_1,Piauí,Curimatá,Município,2203206,curimata
BRA.18.69_2,BRA.18_1,Piauí,Currais,Município,2203230,currais
BRA.18.70_2,BRA.18_1,Piauí,CurralNovodoPiauí,Município,2203271,curralnovodopiaui
BRA.18.71_2,BRA.18_1,Piauí,Curralinhos,Município,2203255,curralinhos
BRA.18.72_2,BRA.18_1,Piauí,DemervalLobão,Município,2203305,demervallobao
BRA.18.73_2,BRA.18_1,Piauí,DirceuArcoverde,Município,2203354,dirceuarcoverde
BRA.18.74_2,BRA.18_1,Piauí,DomExpeditoLopes,Município,2203404,domexpeditolopes
BRA.18.75_2,BRA.18_1,Piauí,DomInocêncio,Município,2203453,dominocencio
BRA.18.76_2,BRA.18_1,Piauí,DomingosMourão,Município,2203420,domingosmourao
BRA.18.77_2,BRA.18_1,Piauí,ElesbãoVeloso,Município,2203503,elesbaoveloso
BRA.18.78_2,BRA.18_1,Piauí,EliseuMartins,Município,2203602,eliseumartins
BRA.18.79_2,BRA.18_1,Piauí,Esperantina,Município,2203701,esperantina
BRA.18.80_2,BRA.18_1,Piauí,FarturadoPiauí,Município,2203750,farturadopiaui
BRA.18.81_2,BRA.18_1,Piauí,FloresdoPiauí,Município,2203800,floresdopiaui
BRA.18.82_2,BRA.18_1,Piauí,FlorestadoPiauí,Município,2203859,florestadopiaui
BRA.18.83_2,BRA.18_1,Piauí,Floriano,Município,2203909,floriano
BRA.18.84_2,BRA.18_1,Piauí,Francinópolis,Município,2204006,francinopolis
BRA.18.85_2,BRA.18_1,Piauí,FranciscoAyres,Município,2204105,franciscoayres
BRA.18.86_2,BRA.18_1,Piauí,FranciscoMacedo,Município,2204154,franciscomacedo
BRA.18.87_2,BRA.18_1,Piauí,FranciscoSantos,Município,2204204,franciscosantos
BRA.18.88_2,BRA.18_1,Piauí,Fronteiras,Município,2204303,fronteiras
BRA.18.89_2,BRA.18_1,Piauí,Geminiano,Município,2204352,geminiano
BRA.18.90_2,BRA.18_1,Piauí,Gilbués,Município,2204402,gilbues
BRA.18.91_2,BRA.18_1,Piauí,Guadalupe,Município,2204501,guadalupe
BRA.18.92_2,BRA.18_1,Piauí,Guaribas,Município,2204550,guaribas
BRA.18.93_2,BRA.18_1,Piauí,HugoNapoleão,Município,2204600,hugonapoleao
BRA.18.94_2,BRA.18_1,Piauí,IlhaGrande,Município,2204659,ilhagrande
BRA.18.95_2,BRA.18_1,Piauí,Inhuma,Município,2204709,inhuma
BRA.18.96_2,BRA.18_1,Piauí,IpirangadoPiauí,Município,2204808,ipirangadopiaui
BRA.18.97_2,BRA.18_1,Piauí,IsaíasCoelho,Município,2204907,isaiascoelho
BRA.18.98_2,BRA.18_1,Piauí,Itainópolis,Município,2205003,itainopolis
BRA.18.99_2,BRA.18_1,Piauí,Itaueira,Município,2205102,itaueira
BRA.18.100_2,BRA.18_1,Piauí,JacobinadoPiauí,Município,2205151,jacobinadopiaui
BRA.18.101_2,BRA.18_1,Piauí,Jaicós,Município,2205201,jaicos
BRA.18.102_2,BRA.18_1,Piauí,JardimdoMulato,Município,2205250,jardimdomulato
BRA.18.103_2,BRA.18_1,Piauí,JatobádoPiauí,Município,2205276,jatobadopiaui
BRA.18.104_2,BRA.18_1,Piauí,Jerumenha,Município,2205300,jerumenha
BRA.18.105_2,BRA.18_1,Piauí,JoãoCosta,Município,2205359,joaocosta
BRA.18.106_2,BRA.18_1,Piauí,JoaquimPires,Município,2205409,joaquimpires
BRA.18.107_2,BRA.18_1,Piauí,JocaMarques,Município,2205458,jocamarques
BRA.18.108_2,BRA.18_1,Piauí,JosédeFreitas,Município,2205508,josedefreitas
BRA.18.109_2,BRA.18_1,Piauí,JuazeirodoPiauí,Município,2205516,juazeirodopiaui
BRA.18.110_2,BRA.18_1,Piauí,JúlioBorges,Município,2205524,julioborges
BRA.18.111_2,BRA.18_1,Piauí,Jurema,Município,2205532,jurema
BRA.18.112_2,BRA.18_1,Piauí,LagoaAlegre,Município,2205557,lagoaalegre
BRA.18.113_2,BRA.18_1,Piauí,LagoadeSãoFrancisco,Município,2205573,lagoadesaofrancisco
BRA.18.114_2,BRA.18_1,Piauí,LagoadoBarrodoPiauí,Município,2205565,lagoadobarrodopiaui
BRA.18.115_2,BRA.18_1,Piauí,LagoadoPiauí,Município,2205581,lagoadopiaui
BRA.18.116_2,BRA.18_1,Piauí,LagoadoSítio,Município,2205599,lagoadositio
BRA.18.117_2,BRA.18_1,Piauí,LagoinhadoPiauí,Município,2205540,lagoinhadopiaui
BRA.18.118_2,BRA.18_1,Piauí,LandriSales,Município,2205607,landrisales
BRA.18.119_2,BRA.18_1,Piauí,LuísCorreia,Município,2205706,luiscorreia
BRA.18.120_2,BRA.18_1,Piauí,Luzilândia,Município,2205805,luzilandia
BRA.18.121_2,BRA.18_1,Piauí,Madeiro,Município,2205854,madeiro
BRA.18.122_2,BRA.18_1,Piauí,ManoelEmídio,Município,2205904,manoelemidio
BRA.18.123_2,BRA.18_1,Piauí,Marcolândia,Município,2205953,marcolandia
BRA.18.124_2,BRA.18_1,Piauí,MarcosParente,Município,2206001,marcosparente
BRA.18.125_2,BRA.18_1,Piauí,MassapêdoPiauí,Município,2206050,massapedopiaui
BRA.18.126_2,BRA.18_1,Piauí,MatiasOlímpio,Município,2206100,matiasolimpio
BRA.18.127_2,BRA.18_1,Piauí,MiguelAlves,Município,2206209,miguelalves
BRA.18.128_2,BRA.18_1,Piauí,MiguelLeão,Município,2206308,miguelleao
BRA.18.129_2,BRA.18_1,Piauí,MiltonBrandão,Município,2206357,miltonbrandao
BRA.18.130_2,BRA.18_1,Piauí,MonsenhorGil,Município,2206407,monsenhorgil
BRA.18.131_2,BRA.18_1,Piauí,MonsenhorHipólito,Município,2206506,monsenhorhipolito
BRA.18.132_2,BRA.18_1,Piauí,MonteAlegredoPiauí,Município,2206605,montealegredopiaui
BRA.18.133_2,BRA.18_1,Piauí,MorroCabeçanoTempo,Município,2206654,morrocabecanotempo
BRA.18.134_2,BRA.18_1,Piauí,MorrodoChapéudoPiauí,Município,2206670,morrodochapeudopiaui
BRA.18.135_2,BRA.18_1,Piauí,MuricidosPortelas,Município,2206696,muricidosportelas
BRA.18.136_2,BRA.18_1,Piauí,NazarédoPiauí,Município,2206704,nazaredopiaui
BRA.18.137_2,BRA.18_1,Piauí,Nazária,Município,2206720,nazaria
BRA.18.138_2,BRA.18_1,Piauí,NossaSenhoradeNazaré,Município,2206753,nossasenhoradenazare
BRA.18.139_2,BRA.18_1,Piauí,NossaSenhoradosRemédios,Município,2206803,nossasenhoradosremedios
BRA.18.140_2,BRA.18_1,Piauí,NovaSantaRita,Município,2207959,novasantarita
BRA.18.141_2,BRA.18_1,Piauí,NovoOrientedoPiauí,Município,2206902,novoorientedopiaui
BRA.18.142_2,BRA.18_1,Piauí,NovoSantoAntônio,Município,2206951,novosantoantonio
BRA.18.143_2,BRA.18_1,Piauí,Oeiras,Município,2207009,oeiras
BRA.18.144_2,BRA.18_1,Piauí,OlhoD'ÁguadoPiauí,Município,2207108,olhodaguadopiaui
BRA.18.145_2,BRA.18_1,Piauí,PadreMarcos,Município,2207207,padremarcos
BRA.18.146_2,BRA.18_1,Piauí,PaesLandim,Município,2207306,paeslandim
BRA.18.147_2,BRA.18_1,Piauí,PajeúdoPiauí,Município,2207355,pajeudopiaui
BRA.18.148_2,BRA.18_1,Piauí,PalmeiradoPiauí,Município,2207405,palmeiradopiaui
BRA.18.149_2,BRA.18_1,Piauí,Palmeirais,Município,2207504,palmeirais
BRA.18.150_2,BRA.18_1,Piauí,Paquetá,Município,2207553,paqueta
BRA.18.151_2,BRA.18_1,Piauí,Parnaguá,Município,2207603,parnagua
BRA.18.152_2,BRA.18_1,Piauí,Parnaíba,Município,2207702,parnaiba
BRA.18.153_2,BRA.18_1,Piauí,PassagemFrancadoPiauí,Município,2207751,passagemfrancadopiaui
BRA.18.154_2,BRA.18_1,Piauí,PatosdoPiauí,Município,2207777,patosdopiaui
BRA.18.155_2,BRA.18_1,Piauí,PauD'ArcodoPiauí,Município,2207793,paudarcodopiaui
BRA.18.156_2,BRA.18_1,Piauí,Paulistana,Município,2207801,paulistana
BRA.18.157_2,BRA.18_1,Piauí,Pavussu,Município,2207850,pavussu
BRA.18.158_2,BRA.18_1,Piauí,PedroII,Município,2207900,pedroii
BRA.18.159_2,BRA.18_1,Piauí,PedroLaurentino,Município,2207934,pedrolaurentino
BRA.18.160_2,BRA.18_1,Piauí,Picos,Município,2208007,picos
BRA.18.161_2,BRA.18_1,Piauí,Pimenteiras,Município,2208106,pimenteiras
BRA.18.162_2,BRA.18_1,Piauí,PioIX,Município,2208205,pioix
BRA.18.163_2,BRA.18_1,Piauí,Piracuruca,Município,2208304,piracuruca
BRA.18.164_2,BRA.18_1,Piauí,Piripiri,Município,2208403,piripiri
BRA.18.165_2,BRA.18_1,Piauí,Porto,Município,2208502,porto
BRA.18.166_2,BRA.18_1,Piauí,PortoAlegredoPiauí,Município,2208551,portoalegredopiaui
BRA.18.167_2,BRA.18_1,Piauí,PratadoPiauí,Município,2208601,pratadopiaui
BRA.18.168_2,BRA.18_1,Piauí,QueimadaNova,Município,2208650,queimadanova
BRA.18.169_2,BRA.18_1,Piauí,RedençãodoGurguéia,Município,2208700,redencaodogurgueia
BRA.18.170_2,BRA.18_1,Piauí,Regeneração,Município,2208809,regeneracao
BRA.18.171_2,BRA.18_1,Piauí,RiachoFrio,Município,2208858,riachofrio
BRA.18.172_2,BRA.18_1,Piauí,RibeiradoPiauí,Município,2208874,ribeiradopiaui
BRA.18.173_2,BRA.18_1,Piauí,RibeiroGonçalves,Município,2208908,ribeirogoncalves
BRA.18.174_2,BRA.18_1,Piauí,RioGrandedoPiauí,Município,2209005,riograndedopiaui
BRA.18.175_2,BRA.18_1,Piauí,SantaCruzdoPiauí,Município,2209104,santacruzdopiaui
BRA.18.176_2,BRA.18_1,Piauí,SantaCruzdosMilagres,Município,2209153,santacruzdosmilagres
BRA.18.177_2,BRA.18_1,Piauí,SantaFilomena,Município,2209203,santafilomena
BRA.18.178_2,BRA.18_1,Piauí,SantaLuz,Município,2209302,santaluz
BRA.18.179_2,BRA.18_1,Piauí,SantaRosadoPiauí,Município,2209377,santarosadopiaui
BRA.18.180_2,BRA.18_1,Piauí,SantanadoPiauí,Município,2209351,santanadopiaui
BRA.18.181_2,BRA.18_1,Piauí,SantoAntôniodeLisboa,Município,2209401,santoantoniodelisboa
BRA.18.182_2,BRA.18_1,Piauí,SantoAntôniodosMilagres,Município,2209450,santoantoniodosmilagres
BRA.18.183_2,BRA.18_1,Piauí,SantoInáciodoPiauí,Município,2209500,santoinaciodopiaui
BRA.18.184_2,BRA.18_1,Piauí,SãoBrazdoPiauí,Município,2209559,saobrazdopiaui
BRA.18.185_2,BRA.18_1,Piauí,SãoFélixdoPiauí,Município,2209609,saofelixdopiaui
BRA.18.186_2,BRA.18_1,Piauí,SãoFranciscodeAssisdoPiauí,Município,2209658,saofranciscodeassisdopiaui
BRA.18.187_2,BRA.18_1,Piauí,SãoFranciscodoPiauí,Município,2209708,saofranciscodopiaui
BRA.18.188_2,BRA.18_1,Piauí,SãoGonçalodoGurguéia,Município,2209757,saogoncalodogurgueia
BRA.18.189_2,BRA.18_1,Piauí,SãoGonçalodoPiauí,Município,2209807,saogoncalodopiaui
BRA.18.190_2,BRA.18_1,Piauí,SãoJoãodaCanabrava,Município,2209856,saojoaodacanabrava
BRA.18.191_2,BRA.18_1,Piauí,SãoJoãodaFronteira,Município,2209872,saojoaodafronteira
BRA.18.192_2,BRA.18_1,Piauí,SãoJoãodaSerra,Município,2209906,saojoaodaserra
BRA.18.193_2,BRA.18_1,Piauí,SãoJoãodaVarjota,Município,2209955,saojoaodavarjota
BRA.18.194_2,BRA.18_1,Piauí,SãoJoãodoArraial,Município,2209971,saojoaodoarraial
BRA.18.195_2,BRA.18_1,Piauí,SãoJoãodoPiauí,Município,2210003,saojoaodopiaui
BRA.18.196_2,BRA.18_1,Piauí,SãoJosédoDivino,Município,2210052,saojosedodivino
BRA.18.197_2,BRA.18_1,Piauí,SãoJosédoPeixe,Município,2210102,saojosedopeixe
BRA.18.198_2,BRA.18_1,Piauí,SãoJosédoPiauí,Município,2210201,saojosedopiaui
BRA.18.199_2,BRA.18_1,Piauí,SãoJulião,Município,2210300,saojuliao
BRA.18.200_2,BRA.18_1,Piauí,SãoLourençodoPiauí,Município,2210359,saolourencodopiaui
BRA.18.201_2,BRA.18_1,Piauí,SãoLuisdoPiauí,Município,2210375,saoluisdopiaui
BRA.18.202_2,BRA.18_1,Piauí,SãoMigueldaBaixaGrande,Município,2210383,saomigueldabaixagrande
BRA.18.203_2,BRA.18_1,Piauí,SãoMigueldoFidalgo,Município,2210391,saomigueldofidalgo
BRA.18.204_2,BRA.18_1,Piauí,SãoMigueldoTapuio,Município,2210409,saomigueldotapuio
BRA.18.205_2,BRA.18_1,Piauí,SãoPedrodoPiauí,Município,2210508,saopedrodopiaui
BRA.18.206_2,BRA.18_1,Piauí,SãoRaimundoNonato,Município,2210607,saoraimundononato
BRA.18.207_2,BRA.18_1,Piauí,SebastiãoBarros,Município,2210623,sebastiaobarros
BRA.18.208_2,BRA.18_1,Piauí,SebastiãoLeal,Município,2210631,sebastiaoleal
BRA.18.209_2,BRA.18_1,Piauí,SigefredoPacheco,Município,2210656,sigefredopacheco
BRA.18.210_2,BRA.18_1,Piauí,Simões,Município,2210706,simoes
BRA.18.211_2,BRA.18_1,Piauí,SimplícioMendes,Município,2210805,simpliciomendes
BRA.18.212_2,BRA.18_1,Piauí,SocorrodoPiauí,Município,2210904,socorrodopiaui
BRA.18.213_2,BRA.18_1,Piauí,Sussuapara,Município,2210938,sussuapara
BRA.18.214_2,BRA.18_1,Piauí,TamborildoPiauí,Município,2210953,tamborildopiaui
BRA.18.215_2,BRA.18_1,Piauí,TanquedoPiauí,Município,2210979,tanquedopiaui
BRA.18.216_2,BRA.18_1,Piauí,Teresina,Município,2211001,teresina
BRA.18.217_2,BRA.18_1,Piauí,União,Município,2211100,uniao
BRA.18.218_2,BRA.18_1,Piauí,Uruçuí,Município,2211209,urucui
BRA.18.219_2,BRA.18_1,Piauí,ValençadoPiauí,Município,2211308,valencadopiaui
BRA.18.220_2,BRA.18_1,Piauí,VárzeaBranca,Município,2211357,varzeabranca
BRA.18.221_2,BRA.18_1,Piauí,VárzeaGrande,Município,2211407,varzeagrande
BRA.18.222_2,BRA.18_1,Piauí,VeraMendes,Município,2211506,veramendes
BRA.18.223_2,BRA.18_1,Piauí,VilaNovadoPiauí,Município,2211605,vilanovadopiaui
BRA.18.224_2,BRA.18_1,Piauí,WallFerraz,Município,2211704,wallferraz
BRA.19.1_2,BRA.19_1,RiodeJaneiro,AngradosReis,Município,3300100,angradosreis
BRA.19.2_2,BRA.19_1,RiodeJaneiro,Aperibé,Município,3300159,aperibe
BRA.19.3_2,BRA.19_1,RiodeJaneiro,Araruama,Município,3300209,araruama
BRA.19.4_2,BRA.19_1,RiodeJaneiro,Areal,Município,3300225,areal
BRA.19.5_2,BRA.19_1,RiodeJaneiro,ArmaçãodosBúzios,Município,3300233,armacaodosbuzios
BRA.19.6_2,BRA.19_1,RiodeJaneiro,ArraialdoCabo,Município,3300258,arraialdocabo
BRA.19.7_2,BRA.19_1,RiodeJaneiro,BarradoPiraí,Município,3300308,barradopirai
BRA.19.8_2,BRA.19_1,RiodeJaneiro,BarraMansa,Município,3300407,barramansa
BRA.19.9_2,BRA.19_1,RiodeJaneiro,BelfordRoxo,Município,3300456,belfordroxo
BRA.19.10_2,BRA.19_1,RiodeJaneiro,BomJardim,Município,3300506,bomjardim
BRA.19.11_2,BRA.19_1,RiodeJaneiro,BomJesusdoItabapoana,Município,3300605,bomjesusdoitabapoana
BRA.19.12_2,BRA.19_1,RiodeJaneiro,CaboFrio,Município,3300704,cabofrio
BRA.19.13_2,BRA.19_1,RiodeJaneiro,CachoeirasdeMacacu,Município,3300803,cachoeirasdemacacu
BRA.19.14_2,BRA.19_1,RiodeJaneiro,Cambuci,Município,3300902,cambuci
BRA.19.15_2,BRA.19_1,RiodeJaneiro,CamposdosGoytacazes,Município,3301009,camposdosgoytacazes
BRA.19.16_2,BRA.19_1,RiodeJaneiro,Cantagalo,Município,3301108,cantagalo
BRA.19.17_2,BRA.19_1,RiodeJaneiro,Carapebus,Município,3300936,carapebus
BRA.19.18_2,BRA.19_1,RiodeJaneiro,CardosoMoreira,Município,3301157,cardosomoreira
BRA.19.19_2,BRA.19_1,RiodeJaneiro,Carmo,Município,3301207,carmo
BRA.19.20_2,BRA.19_1,RiodeJaneiro,CasimirodeAbreu,Município,3301306,casimirodeabreu
BRA.19.21_2,BRA.19_1,RiodeJaneiro,ComendadorLevyGasparian,Município,3300951,comendadorlevygasparian
BRA.19.22_2,BRA.19_1,RiodeJaneiro,ConceiçãodeMacabu,Município,3301405,conceicaodemacabu
BRA.19.23_2,BRA.19_1,RiodeJaneiro,Cordeiro,Município,3301504,cordeiro
BRA.19.24_2,BRA.19_1,RiodeJaneiro,DuasBarras,Município,3301603,duasbarras
BRA.19.25_2,BRA.19_1,RiodeJaneiro,DuquedeCaxias,Município,3301702,duquedecaxias
BRA.19.26_2,BRA.19_1,RiodeJaneiro,EngenheiroPaulodeFrontin,Município,3301801,engenheiropaulodefrontin
BRA.19.27_2,BRA.19_1,RiodeJaneiro,Guapimirim,Município,3301850,guapimirim
BRA.19.28_2,BRA.19_1,RiodeJaneiro,IguabaGrande,Município,3301876,iguabagrande
BRA.19.29_2,BRA.19_1,RiodeJaneiro,Itaboraí,Município,3301900,itaborai
BRA.19.30_2,BRA.19_1,RiodeJaneiro,Itaguaí,Município,3302007,itaguai
BRA.19.31_2,BRA.19_1,RiodeJaneiro,Italva,Município,3302056,italva
BRA.19.32_2,BRA.19_1,RiodeJaneiro,Itaocara,Município,3302106,itaocara
BRA.19.33_2,BRA.19_1,RiodeJaneiro,Itaperuna,Município,3302205,itaperuna
BRA.19.34_2,BRA.19_1,RiodeJaneiro,Itatiaia,Município,3302254,itatiaia
BRA.19.35_2,BRA.19_1,RiodeJaneiro,Japeri,Município,3302270,japeri
BRA.19.36_2,BRA.19_1,RiodeJaneiro,LajedoMuriaé,Município,3302304,lajedomuriae
BRA.19.37_2,BRA.19_1,RiodeJaneiro,Macaé,Município,3302403,macae
BRA.19.38_2,BRA.19_1,RiodeJaneiro,Macuco,Município,3302452,macuco
BRA.19.39_2,BRA.19_1,RiodeJaneiro,Magé,Município,3302502,mage
BRA.19.40_2,BRA.19_1,RiodeJaneiro,Mangaratiba,Município,3302601,mangaratiba
BRA.19.41_2,BRA.19_1,RiodeJaneiro,Maricá,Município,3302700,marica
BRA.19.42_2,BRA.19_1,RiodeJaneiro,Mendes,Município,3302809,mendes
BRA.19.43_2,BRA.19_1,RiodeJaneiro,Mesquita,Município,3302858,mesquita
BRA.19.44_2,BRA.19_1,RiodeJaneiro,MiguelPereira,Município,3302908,miguelpereira
BRA.19.45_2,BRA.19_1,RiodeJaneiro,Miracema,Município,3303005,miracema
BRA.19.46_2,BRA.19_1,RiodeJaneiro,Natividade,Município,3303104,natividade
BRA.19.47_2,BRA.19_1,RiodeJaneiro,Nilópolis,Município,3303203,nilopolis
BRA.19.48_2,BRA.19_1,RiodeJaneiro,Niterói,Município,3303302,niteroi
BRA.19.49_2,BRA.19_1,RiodeJaneiro,NovaFriburgo,Município,3303401,novafriburgo
BRA.19.50_2,BRA.19_1,RiodeJaneiro,NovaIguaçu,Município,3303500,novaiguacu
BRA.19.51_2,BRA.19_1,RiodeJaneiro,Paracambi,Município,3303609,paracambi
BRA.19.52_2,BRA.19_1,RiodeJaneiro,ParaíbadoSul,Município,3303708,paraibadosul
BRA.19.53_2,BRA.19_1,RiodeJaneiro,Paraty,Município,3303807,paraty
BRA.19.54_2,BRA.19_1,RiodeJaneiro,PatydoAlferes,Município,3303856,patydoalferes
BRA.19.55_2,BRA.19_1,RiodeJaneiro,Petrópolis,Município,3303906,petropolis
BRA.19.56_2,BRA.19_1,RiodeJaneiro,Pinheiral,Município,3303955,pinheiral
BRA.19.57_2,BRA.19_1,RiodeJaneiro,Piraí,Município,3304003,pirai
BRA.19.58_2,BRA.19_1,RiodeJaneiro,Porciúncula,Município,3304102,porciuncula
BRA.19.59_2,BRA.19_1,RiodeJaneiro,PortoReal,Município,3304110,portoreal
BRA.19.60_2,BRA.19_1,RiodeJaneiro,Quatis,Município,3304128,quatis
BRA.19.61_2,BRA.19_1,RiodeJaneiro,Queimados,Município,3304144,queimados
BRA.19.62_2,BRA.19_1,RiodeJaneiro,Quissamã,Município,3304151,quissama
BRA.19.63_2,BRA.19_1,RiodeJaneiro,Resende,Município,3304201,resende
BRA.19.64_2,BRA.19_1,RiodeJaneiro,RioBonito,Município,3304300,riobonito
BRA.19.65_2,BRA.19_1,RiodeJaneiro,RioClaro,Município,3304409,rioclaro
BRA.19.66_2,BRA.19_1,RiodeJaneiro,RiodasFlores,Município,3304508,riodasflores
BRA.19.67_2,BRA.19_1,RiodeJaneiro,RiodasOstras,Município,3304524,riodasostras
BRA.19.68_2,BRA.19_1,RiodeJaneiro,RiodeJaneiro,Município,3304557,riodejaneiro
BRA.19.69_2,BRA.19_1,RiodeJaneiro,SantaMariaMadalena,Município,3304607,santamariamadalena
BRA.19.70_2,BRA.19_1,RiodeJaneiro,SantoAntôniodePádua,Município,3304706,santoantoniodepadua
BRA.19.71_2,BRA.19_1,RiodeJaneiro,SãoFidélis,Município,3304805,saofidelis
BRA.19.72_2,BRA.19_1,RiodeJaneiro,SãoFranciscodeItabapoana,Município,3304755,saofranciscodeitabapoana
BRA.19.73_2,BRA.19_1,RiodeJaneiro,SãoGonçalo,Município,3304904,saogoncalo
BRA.19.74_2,BRA.19_1,RiodeJaneiro,SãoJoãodaBarra,Município,3305000,saojoaodabarra
BRA.19.75_2,BRA.19_1,RiodeJaneiro,SãoJoãodeMeriti,Município,3305109,saojoaodemeriti
BRA.19.76_2,BRA.19_1,RiodeJaneiro,SãoJosédeUbá,Município,3305133,saojosedeuba
BRA.19.77_2,BRA.19_1,RiodeJaneiro,SãoJosédoValedoRioPreto,Município,3305158,saojosedovaledoriopreto
BRA.19.78_2,BRA.19_1,RiodeJaneiro,SãoPedrodaAldeia,Município,3305208,saopedrodaaldeia
BRA.19.79_2,BRA.19_1,RiodeJaneiro,SãoSebastiãodoAlto,Município,3305307,saosebastiaodoalto
BRA.19.80_2,BRA.19_1,RiodeJaneiro,Sapucaia,Município,3305406,sapucaia
BRA.19.81_2,BRA.19_1,RiodeJaneiro,Saquarema,Município,3305505,saquarema
BRA.19.82_2,BRA.19_1,RiodeJaneiro,Seropédica,Município,3305554,seropedica
BRA.19.83_2,BRA.19_1,RiodeJaneiro,SilvaJardim,Município,3305604,silvajardim
BRA.19.84_2,BRA.19_1,RiodeJaneiro,Sumidouro,Município,3305703,sumidouro
BRA.19.85_2,BRA.19_1,RiodeJaneiro,Tanguá,Município,3305752,tangua
BRA.19.86_2,BRA.19_1,RiodeJaneiro,Teresópolis,Município,3305802,teresopolis
BRA.19.87_2,BRA.19_1,RiodeJaneiro,TrajanodeMoraes,Município,3305901,trajanodemoraes
BRA.19.88_2,BRA.19_1,RiodeJaneiro,TrêsRios,Município,3306008,tresrios
BRA.19.89_2,BRA.19_1,RiodeJaneiro,Valença,Município,3306107,valenca
BRA.19.90_2,BRA.19_1,RiodeJaneiro,Varre-Sai,Município,3306156,varresai
BRA.19.91_2,BRA.19_1,RiodeJaneiro,Vassouras,Município,3306206,vassouras
BRA.19.92_2,BRA.19_1,RiodeJaneiro,VoltaRedonda,Município,3306305,voltaredonda
BRA.20.1_2,BRA.20_1,RioGrandedoNorte,Acari,Município,2400109,acari
BRA.20.2_2,BRA.20_1,RioGrandedoNorte,Açu,Município,2400208,acu
BRA.20.3_2,BRA.20_1,RioGrandedoNorte,AfonsoBezerra,Município,2400307,afonsobezerra
BRA.20.4_2,BRA.20_1,RioGrandedoNorte,ÁguaNova,Município,2400406,aguanova
BRA.20.5_2,BRA.20_1,RioGrandedoNorte,Alexandria,Município,2400505,alexandria
BRA.20.6_2,BRA.20_1,RioGrandedoNorte,AlminoAfonso,Município,2400604,alminoafonso
BRA.20.7_2,BRA.20_1,RioGrandedoNorte,AltodoRodrigues,Município,2400703,altodorodrigues
BRA.20.8_2,BRA.20_1,RioGrandedoNorte,Angicos,Município,2400802,angicos
BRA.20.9_2,BRA.20_1,RioGrandedoNorte,AntônioMartins,Município,2400901,antoniomartins
BRA.20.10_2,BRA.20_1,RioGrandedoNorte,Apodi,Município,2401008,apodi
BRA.20.11_2,BRA.20_1,RioGrandedoNorte,AreiaBranca,Município,2401107,areiabranca
BRA.20.12_2,BRA.20_1,RioGrandedoNorte,Arês,Município,2401206,ares
BRA.20.13_2,BRA.20_1,RioGrandedoNorte,BaíaFormosa,Município,2401404,baiaformosa
BRA.20.14_2,BRA.20_1,RioGrandedoNorte,Baraúna,Município,2401453,barauna
BRA.20.15_2,BRA.20_1,RioGrandedoNorte,Barcelona,Município,2401503,barcelona
BRA.20.16_2,BRA.20_1,RioGrandedoNorte,BentoFernandes,Município,2401602,bentofernandes
BRA.20.17_2,BRA.20_1,RioGrandedoNorte,Bodó,Município,2401651,bodo
BRA.20.18_2,BRA.20_1,RioGrandedoNorte,BomJesus,Município,2401701,bomjesus
BRA.20.19_2,BRA.20_1,RioGrandedoNorte,Brejinho,Município,2401800,brejinho
BRA.20.20_2,BRA.20_1,RioGrandedoNorte,CaiçaradoNorte,Município,2401859,caicaradonorte
BRA.20.21_2,BRA.20_1,RioGrandedoNorte,CaiçaradoRiodoVento,Município,2401909,caicaradoriodovento
BRA.20.22_2,BRA.20_1,RioGrandedoNorte,Caicó,Município,2402006,caico
BRA.20.23_2,BRA.20_1,RioGrandedoNorte,CampoGrande,Município,2401305,campogrande
BRA.20.24_2,BRA.20_1,RioGrandedoNorte,CampoRedondo,Município,2402105,camporedondo
BRA.20.25_2,BRA.20_1,RioGrandedoNorte,Canguaretama,Município,2402204,canguaretama
BRA.20.26_2,BRA.20_1,RioGrandedoNorte,Caraúbas,Município,2402303,caraubas
BRA.20.27_2,BRA.20_1,RioGrandedoNorte,CarnaúbadosDantas,Município,2402402,carnaubadosdantas
BRA.20.28_2,BRA.20_1,RioGrandedoNorte,Carnaubais,Município,2402501,carnaubais
BRA.20.29_2,BRA.20_1,RioGrandedoNorte,Ceará-Mirim,Município,2402600,cearamirim
BRA.20.30_2,BRA.20_1,RioGrandedoNorte,CerroCorá,Município,2402709,cerrocora
BRA.20.31_2,BRA.20_1,RioGrandedoNorte,CoronelEzequiel,Município,2402808,coronelezequiel
BRA.20.32_2,BRA.20_1,RioGrandedoNorte,CoronelJoãoPessoa,Município,2402907,coroneljoaopessoa
BRA.20.33_2,BRA.20_1,RioGrandedoNorte,Cruzeta,Município,2403004,cruzeta
BRA.20.34_2,BRA.20_1,RioGrandedoNorte,CurraisNovos,Município,2403103,curraisnovos
BRA.20.35_2,BRA.20_1,RioGrandedoNorte,DoutorSeveriano,Município,2403202,doutorseveriano
BRA.20.36_2,BRA.20_1,RioGrandedoNorte,Encanto,Município,2403301,encanto
BRA.20.37_2,BRA.20_1,RioGrandedoNorte,Equador,Município,2403400,equador
BRA.20.38_2,BRA.20_1,RioGrandedoNorte,EspíritoSanto,Município,2403509,espiritosanto
BRA.20.39_2,BRA.20_1,RioGrandedoNorte,Extremoz,Município,2403608,extremoz
BRA.20.40_2,BRA.20_1,RioGrandedoNorte,FelipeGuerra,Município,2403707,felipeguerra
BRA.20.41_2,BRA.20_1,RioGrandedoNorte,FernandoPedroza,Município,2403756,fernandopedroza
BRA.20.42_2,BRA.20_1,RioGrandedoNorte,Florânia,Município,2403806,florania
BRA.20.43_2,BRA.20_1,RioGrandedoNorte,FranciscoDantas,Município,2403905,franciscodantas
BRA.20.44_2,BRA.20_1,RioGrandedoNorte,FrutuosoGomes,Município,2404002,frutuosogomes
BRA.20.45_2,BRA.20_1,RioGrandedoNorte,Galinhos,Município,2404101,galinhos
BRA.20.46_2,BRA.20_1,RioGrandedoNorte,Goianinha,Município,2404200,goianinha
BRA.20.47_2,BRA.20_1,RioGrandedoNorte,GovernadorDix-SeptRosado,Município,2404309,governadordixseptrosado
BRA.20.48_2,BRA.20_1,RioGrandedoNorte,Grossos,Município,2404408,grossos
BRA.20.49_2,BRA.20_1,RioGrandedoNorte,Guamaré,Município,2404507,guamare
BRA.20.50_2,BRA.20_1,RioGrandedoNorte,IelmoMarinho,Município,2404606,ielmomarinho
BRA.20.51_2,BRA.20_1,RioGrandedoNorte,Ipanguaçu,Município,2404705,ipanguacu
BRA.20.52_2,BRA.20_1,RioGrandedoNorte,Ipueira,Município,2404804,ipueira
BRA.20.53_2,BRA.20_1,RioGrandedoNorte,Itajá,Município,2404853,itaja
BRA.20.54_2,BRA.20_1,RioGrandedoNorte,Itaú,Município,2404903,itau
BRA.20.55_2,BRA.20_1,RioGrandedoNorte,Jaçanã,Município,2405009,jacana
BRA.20.56_2,BRA.20_1,RioGrandedoNorte,Jandaíra,Município,2405108,jandaira
BRA.20.57_2,BRA.20_1,RioGrandedoNorte,Janduís,Município,2405207,janduis
BRA.20.58_2,BRA.20_1,RioGrandedoNorte,JanuárioCicco,Município,2405306,januariocicco
BRA.20.59_2,BRA.20_1,RioGrandedoNorte,Japi,Município,2405405,japi
BRA.20.60_2,BRA.20_1,RioGrandedoNorte,JardimdeAngicos,Município,2405504,jardimdeangicos
BRA.20.61_2,BRA.20_1,RioGrandedoNorte,JardimdePiranhas,Município,2405603,jardimdepiranhas
BRA.20.62_2,BRA.20_1,RioGrandedoNorte,JardimdoSeridó,Município,2405702,jardimdoserido
BRA.20.63_2,BRA.20_1,RioGrandedoNorte,JoãoCâmara,Município,2405801,joaocamara
BRA.20.64_2,BRA.20_1,RioGrandedoNorte,JoãoDias,Município,2405900,joaodias
BRA.20.65_2,BRA.20_1,RioGrandedoNorte,JosédaPenha,Município,2406007,josedapenha
BRA.20.66_2,BRA.20_1,RioGrandedoNorte,Jucurutu,Município,2406106,jucurutu
BRA.20.67_2,BRA.20_1,RioGrandedoNorte,Jundiá,Município,2406155,jundia
BRA.20.68_2,BRA.20_1,RioGrandedoNorte,Lagoad'Anta,Município,2406205,lagoadanta
BRA.20.69_2,BRA.20_1,RioGrandedoNorte,LagoadePedras,Município,2406304,lagoadepedras
BRA.20.70_2,BRA.20_1,RioGrandedoNorte,LagoadeVelhos,Município,2406403,lagoadevelhos
BRA.20.71_2,BRA.20_1,RioGrandedoNorte,LagoaNova,Município,2406502,lagoanova
BRA.20.72_2,BRA.20_1,RioGrandedoNorte,LagoaSalgada,Município,2406601,lagoasalgada
BRA.20.73_2,BRA.20_1,RioGrandedoNorte,Lajes,Município,2406700,lajes
BRA.20.74_2,BRA.20_1,RioGrandedoNorte,LajesPintadas,Município,2406809,lajespintadas
BRA.20.75_2,BRA.20_1,RioGrandedoNorte,Lucrécia,Município,2406908,lucrecia
BRA.20.76_2,BRA.20_1,RioGrandedoNorte,LuísGomes,Município,2407005,luisgomes
BRA.20.77_2,BRA.20_1,RioGrandedoNorte,Macaíba,Município,2407104,macaiba
BRA.20.78_2,BRA.20_1,RioGrandedoNorte,Macau,Município,2407203,macau
BRA.20.79_2,BRA.20_1,RioGrandedoNorte,MajorSales,Município,2407252,majorsales
BRA.20.80_2,BRA.20_1,RioGrandedoNorte,MarcelinoVieira,Município,2407302,marcelinovieira
BRA.20.81_2,BRA.20_1,RioGrandedoNorte,Martins,Município,2407401,martins
BRA.20.82_2,BRA.20_1,RioGrandedoNorte,Maxaranguape,Município,2407500,maxaranguape
BRA.20.83_2,BRA.20_1,RioGrandedoNorte,MessiasTargino,Município,2407609,messiastargino
BRA.20.84_2,BRA.20_1,RioGrandedoNorte,Montanhas,Município,2407708,montanhas
BRA.20.85_2,BRA.20_1,RioGrandedoNorte,MonteAlegre,Município,2407807,montealegre
BRA.20.86_2,BRA.20_1,RioGrandedoNorte,MontedasGameleiras,Município,2407906,montedasgameleiras
BRA.20.87_2,BRA.20_1,RioGrandedoNorte,Mossoró,Município,2408003,mossoro
BRA.20.88_2,BRA.20_1,RioGrandedoNorte,Natal,Município,2408102,natal
BRA.20.89_2,BRA.20_1,RioGrandedoNorte,NísiaFloresta,Município,2408201,nisiafloresta
BRA.20.90_2,BRA.20_1,RioGrandedoNorte,NovaCruz,Município,2408300,novacruz
BRA.20.91_2,BRA.20_1,RioGrandedoNorte,Olhod'ÁguadoBorges,Município,2408409,olhodaguadoborges
BRA.20.92_2,BRA.20_1,RioGrandedoNorte,OuroBranco,Município,2408508,ourobranco
BRA.20.93_2,BRA.20_1,RioGrandedoNorte,Paraná,Município,2408607,parana
BRA.20.94_2,BRA.20_1,RioGrandedoNorte,Paraú,Município,2408706,parau
BRA.20.95_2,BRA.20_1,RioGrandedoNorte,Parazinho,Município,2408805,parazinho
BRA.20.96_2,BRA.20_1,RioGrandedoNorte,Parelhas,Município,2408904,parelhas
BRA.20.97_2,BRA.20_1,RioGrandedoNorte,Parnamirim,Município,2403251,parnamirim
BRA.20.98_2,BRA.20_1,RioGrandedoNorte,PassaeFica,Município,2409100,passaefica
BRA.20.99_2,BRA.20_1,RioGrandedoNorte,Passagem,Município,2409209,passagem
BRA.20.100_2,BRA.20_1,RioGrandedoNorte,Patu,Município,2409308,patu
BRA.20.101_2,BRA.20_1,RioGrandedoNorte,PaudosFerros,Município,2409407,paudosferros
BRA.20.102_2,BRA.20_1,RioGrandedoNorte,PedraGrande,Município,2409506,pedragrande
BRA.20.103_2,BRA.20_1,RioGrandedoNorte,PedraPreta,Município,2409605,pedrapreta
BRA.20.104_2,BRA.20_1,RioGrandedoNorte,PedroAvelino,Município,2409704,pedroavelino
BRA.20.105_2,BRA.20_1,RioGrandedoNorte,PedroVelho,Município,2409803,pedrovelho
BRA.20.106_2,BRA.20_1,RioGrandedoNorte,Pendências,Município,2409902,pendencias
BRA.20.107_2,BRA.20_1,RioGrandedoNorte,Pilões,Município,2410009,piloes
BRA.20.108_2,BRA.20_1,RioGrandedoNorte,PoçoBranco,Município,2410108,pocobranco
BRA.20.109_2,BRA.20_1,RioGrandedoNorte,Portalegre,Município,2410207,portalegre
BRA.20.110_2,BRA.20_1,RioGrandedoNorte,PortodoMangue,Município,2410256,portodomangue
BRA.20.111_2,BRA.20_1,RioGrandedoNorte,Pureza,Município,2410405,pureza
BRA.20.112_2,BRA.20_1,RioGrandedoNorte,RafaelFernandes,Município,2410504,rafaelfernandes
BRA.20.113_2,BRA.20_1,RioGrandedoNorte,RafaelGodeiro,Município,2410603,rafaelgodeiro
BRA.20.114_2,BRA.20_1,RioGrandedoNorte,RiachodaCruz,Município,2410702,riachodacruz
BRA.20.115_2,BRA.20_1,RioGrandedoNorte,RiachodeSantana,Município,2410801,riachodesantana
BRA.20.116_2,BRA.20_1,RioGrandedoNorte,Riachuelo,Município,2410900,riachuelo
BRA.20.117_2,BRA.20_1,RioGrandedoNorte,RiodoFogo,Município,2408953,riodofogo
BRA.20.118_2,BRA.20_1,RioGrandedoNorte,RodolfoFernandes,Município,2411007,rodolfofernandes
BRA.20.119_2,BRA.20_1,RioGrandedoNorte,RuyBarbosa,Município,2411106,ruybarbosa
BRA.20.120_2,BRA.20_1,RioGrandedoNorte,SantaCruz,Município,2411205,santacruz
BRA.20.121_2,BRA.20_1,RioGrandedoNorte,SantaMaria,Município,2409332,santamaria
BRA.20.122_2,BRA.20_1,RioGrandedoNorte,SantanadoMatos,Município,2411403,santanadomatos
BRA.20.123_2,BRA.20_1,RioGrandedoNorte,SantanadoSeridó,Município,2411429,santanadoserido
BRA.20.124_2,BRA.20_1,RioGrandedoNorte,SantoAntônio,Município,2411502,santoantonio
BRA.20.125_2,BRA.20_1,RioGrandedoNorte,SãoBentodoNorte,Município,2411601,saobentodonorte
BRA.20.126_2,BRA.20_1,RioGrandedoNorte,SãoBentodoTrairí,Município,2411700,saobentodotrairi
BRA.20.127_2,BRA.20_1,RioGrandedoNorte,SãoFernando,Município,2411809,saofernando
BRA.20.128_2,BRA.20_1,RioGrandedoNorte,SãoFranciscodoOeste,Município,2411908,saofranciscodooeste
BRA.20.129_2,BRA.20_1,RioGrandedoNorte,SãoGonçalodoAmarante,Município,2412005,saogoncalodoamarante
BRA.20.130_2,BRA.20_1,RioGrandedoNorte,SãoJoãodoSabugi,Município,2412104,saojoaodosabugi
BRA.20.131_2,BRA.20_1,RioGrandedoNorte,SãoJosédeMipibu,Município,2412203,saojosedemipibu
BRA.20.132_2,BRA.20_1,RioGrandedoNorte,SãoJosédoCampestre,Município,2412302,saojosedocampestre
BRA.20.133_2,BRA.20_1,RioGrandedoNorte,SãoJosédoSeridó,Município,2412401,saojosedoserido
BRA.20.134_2,BRA.20_1,RioGrandedoNorte,SãoMiguel,Município,2412500,saomiguel
BRA.20.135_2,BRA.20_1,RioGrandedoNorte,SãoMigueldoGostoso,Município,2412559,saomigueldogostoso
BRA.20.136_2,BRA.20_1,RioGrandedoNorte,SãoPaulodoPotengi,Município,2412609,saopaulodopotengi
BRA.20.137_2,BRA.20_1,RioGrandedoNorte,SãoPedro,Município,2412708,saopedro
BRA.20.138_2,BRA.20_1,RioGrandedoNorte,SãoRafael,Município,2412807,saorafael
BRA.20.139_2,BRA.20_1,RioGrandedoNorte,SãoTomé,Município,2412906,saotome
BRA.20.140_2,BRA.20_1,RioGrandedoNorte,SãoVicente,Município,2413003,saovicente
BRA.20.141_2,BRA.20_1,RioGrandedoNorte,SenadorElóideSouza,Município,2413102,senadoreloidesouza
BRA.20.142_2,BRA.20_1,RioGrandedoNorte,SenadorGeorginoAvelino,Município,2413201,senadorgeorginoavelino
BRA.20.143_2,BRA.20_1,RioGrandedoNorte,SerraCaiada,Município,2410306,serracaiada
BRA.20.144_2,BRA.20_1,RioGrandedoNorte,SerradeSãoBento,Município,2413300,serradesaobento
BRA.20.145_2,BRA.20_1,RioGrandedoNorte,SerradoMel,Município,2413359,serradomel
BRA.20.146_2,BRA.20_1,RioGrandedoNorte,SerraNegradoNorte,Município,2413409,serranegradonorte
BRA.20.147_2,BRA.20_1,RioGrandedoNorte,Serrinha,Município,2413508,serrinha
BRA.20.148_2,BRA.20_1,RioGrandedoNorte,SerrinhadosPintos,Município,2413557,serrinhadospintos
BRA.20.149_2,BRA.20_1,RioGrandedoNorte,SeverianoMelo,Município,2413607,severianomelo
BRA.20.150_2,BRA.20_1,RioGrandedoNorte,SítioNovo,Município,2413706,sitionovo
BRA.20.151_2,BRA.20_1,RioGrandedoNorte,TaboleiroGrande,Município,2413805,taboleirogrande
BRA.20.152_2,BRA.20_1,RioGrandedoNorte,Taipu,Município,2413904,taipu
BRA.20.153_2,BRA.20_1,RioGrandedoNorte,Tangará,Município,2414001,tangara
BRA.20.154_2,BRA.20_1,RioGrandedoNorte,TenenteAnanias,Município,2414100,tenenteananias
BRA.20.155_2,BRA.20_1,RioGrandedoNorte,TenenteLaurentinoCruz,Município,2414159,tenentelaurentinocruz
BRA.20.156_2,BRA.20_1,RioGrandedoNorte,Tibau,Município,2411056,tibau
BRA.20.157_2,BRA.20_1,RioGrandedoNorte,TibaudoSul,Município,2414209,tibaudosul
BRA.20.158_2,BRA.20_1,RioGrandedoNorte,TimbaúbadosBatistas,Município,2414308,timbaubadosbatistas
BRA.20.159_2,BRA.20_1,RioGrandedoNorte,Touros,Município,2414407,touros
BRA.20.160_2,BRA.20_1,RioGrandedoNorte,TriunfoPotiguar,Município,2414456,triunfopotiguar
BRA.20.161_2,BRA.20_1,RioGrandedoNorte,Umarizal,Município,2414506,umarizal
BRA.20.162_2,BRA.20_1,RioGrandedoNorte,Upanema,Município,2414605,upanema
BRA.20.163_2,BRA.20_1,RioGrandedoNorte,Várzea,Município,2414704,varzea
BRA.20.164_2,BRA.20_1,RioGrandedoNorte,Venha-Ver,Município,2414753,venhaver
BRA.20.165_2,BRA.20_1,RioGrandedoNorte,VeraCruz,Município,2414803,veracruz
BRA.20.166_2,BRA.20_1,RioGrandedoNorte,Viçosa,Município,2414902,vicosa
BRA.20.167_2,BRA.20_1,RioGrandedoNorte,VilaFlor,Município,2415008,vilaflor
BRA.21.1_2,BRA.21_1,RioGrandedoSul,Aceguá,Município,4300034,acegua
BRA.21.2_2,BRA.21_1,RioGrandedoSul,ÁguaSanta,Município,4300059,aguasanta
BRA.21.3_2,BRA.21_1,RioGrandedoSul,Agudo,Município,4300109,agudo
BRA.21.4_2,BRA.21_1,RioGrandedoSul,Ajuricaba,Município,4300208,ajuricaba
BRA.21.5_2,BRA.21_1,RioGrandedoSul,Alecrim,Município,4300307,alecrim
BRA.21.6_2,BRA.21_1,RioGrandedoSul,Alegrete,Município,4300406,alegrete
BRA.21.7_2,BRA.21_1,RioGrandedoSul,Alegria,Município,4300455,alegria
BRA.21.8_2,BRA.21_1,RioGrandedoSul,AlmiranteTamandarédoSul,Município,4300471,almirantetamandaredosul
BRA.21.9_2,BRA.21_1,RioGrandedoSul,Alpestre,Município,4300505,alpestre
BRA.21.10_2,BRA.21_1,RioGrandedoSul,AltoAlegre,Município,4300554,altoalegre
BRA.21.11_2,BRA.21_1,RioGrandedoSul,AltoFeliz,Município,4300570,altofeliz
BRA.21.12_2,BRA.21_1,RioGrandedoSul,Alvorada,Município,4300604,alvorada
BRA.21.13_2,BRA.21_1,RioGrandedoSul,AmaralFerrador,Município,4300638,amaralferrador
BRA.21.14_2,BRA.21_1,RioGrandedoSul,AmetistadoSul,Município,4300646,ametistadosul
BRA.21.15_2,BRA.21_1,RioGrandedoSul,AndrédaRocha,Município,4300661,andredarocha
BRA.21.16_2,BRA.21_1,RioGrandedoSul,AntaGorda,Município,4300703,antagorda
BRA.21.17_2,BRA.21_1,RioGrandedoSul,AntônioPrado,Município,4300802,antonioprado
BRA.21.18_2,BRA.21_1,RioGrandedoSul,Arambaré,Município,4300851,arambare
BRA.21.19_2,BRA.21_1,RioGrandedoSul,Araricá,Município,4300877,ararica
BRA.21.20_2,BRA.21_1,RioGrandedoSul,Aratiba,Município,4300901,aratiba
BRA.21.21_2,BRA.21_1,RioGrandedoSul,ArroiodoMeio,Município,4301008,arroiodomeio
BRA.21.22_2,BRA.21_1,RioGrandedoSul,ArroiodoPadre,Município,4301073,arroiodopadre
BRA.21.23_2,BRA.21_1,RioGrandedoSul,ArroiodoSal,Município,4301057,arroiodosal
BRA.21.24_2,BRA.21_1,RioGrandedoSul,ArroiodoTigre,Município,4301206,arroiodotigre
BRA.21.25_2,BRA.21_1,RioGrandedoSul,ArroiodosRatos,Município,4301107,arroiodosratos
BRA.21.26_2,BRA.21_1,RioGrandedoSul,ArroioGrande,Município,4301305,arroiogrande
BRA.21.27_2,BRA.21_1,RioGrandedoSul,Arvorezinha,Município,4301404,arvorezinha
BRA.21.28_2,BRA.21_1,RioGrandedoSul,AugustoPestana,Município,4301503,augustopestana
BRA.21.29_2,BRA.21_1,RioGrandedoSul,Áurea,Município,4301552,aurea
BRA.21.30_2,BRA.21_1,RioGrandedoSul,Bagé,Município,4301602,bage
BRA.21.31_2,BRA.21_1,RioGrandedoSul,BalneárioPinhal,Município,4301636,balneariopinhal
BRA.21.32_2,BRA.21_1,RioGrandedoSul,Barão,Município,4301651,barao
BRA.21.33_2,BRA.21_1,RioGrandedoSul,BarãodeCotegipe,Município,4301701,baraodecotegipe
BRA.21.34_2,BRA.21_1,RioGrandedoSul,BarãodoTriunfo,Município,4301750,baraodotriunfo
BRA.21.35_2,BRA.21_1,RioGrandedoSul,BarradoGuarita,Município,4301859,barradoguarita
BRA.21.36_2,BRA.21_1,RioGrandedoSul,BarradoQuaraí,Município,4301875,barradoquarai
BRA.21.37_2,BRA.21_1,RioGrandedoSul,BarradoRibeiro,Município,4301909,barradoribeiro
BRA.21.38_2,BRA.21_1,RioGrandedoSul,BarradoRioAzul,Município,4301925,barradorioazul
BRA.21.39_2,BRA.21_1,RioGrandedoSul,BarraFunda,Município,4301958,barrafunda
BRA.21.40_2,BRA.21_1,RioGrandedoSul,Barracão,Município,4301800,barracao
BRA.21.41_2,BRA.21_1,RioGrandedoSul,BarrosCassal,Município,4302006,barroscassal
BRA.21.42_2,BRA.21_1,RioGrandedoSul,BenjaminConstantdoSul,Município,4302055,benjaminconstantdosul
BRA.21.43_2,BRA.21_1,RioGrandedoSul,BentoGonçalves,Município,4302105,bentogoncalves
BRA.21.44_2,BRA.21_1,RioGrandedoSul,BoaVistadasMissões,Município,4302154,boavistadasmissoes
BRA.21.45_2,BRA.21_1,RioGrandedoSul,BoaVistadoBuricá,Município,4302204,boavistadoburica
BRA.21.46_2,BRA.21_1,RioGrandedoSul,BoaVistadoCadeado,Município,4302220,boavistadocadeado
BRA.21.47_2,BRA.21_1,RioGrandedoSul,BoaVistadoIncra,Município,4302238,boavistadoincra
BRA.21.48_2,BRA.21_1,RioGrandedoSul,BoaVistadoSul,Município,4302253,boavistadosul
BRA.21.49_2,BRA.21_1,RioGrandedoSul,BomJesus,Município,4302303,bomjesus
BRA.21.50_2,BRA.21_1,RioGrandedoSul,BomPrincípio,Município,4302352,bomprincipio
BRA.21.51_2,BRA.21_1,RioGrandedoSul,BomProgresso,Município,4302378,bomprogresso
BRA.21.52_2,BRA.21_1,RioGrandedoSul,BomRetirodoSul,Município,4302402,bomretirodosul
BRA.21.53_2,BRA.21_1,RioGrandedoSul,BoqueirãodoLeão,Município,4302451,boqueiraodoleao
BRA.21.54_2,BRA.21_1,RioGrandedoSul,Bossoroca,Município,4302501,bossoroca
BRA.21.55_2,BRA.21_1,RioGrandedoSul,Bozano,Município,4302584,bozano
BRA.21.56_2,BRA.21_1,RioGrandedoSul,Braga,Município,4302600,braga
BRA.21.57_2,BRA.21_1,RioGrandedoSul,Brochier,Município,4302659,brochier
BRA.21.58_2,BRA.21_1,RioGrandedoSul,Butiá,Município,4302709,butia
BRA.21.59_2,BRA.21_1,RioGrandedoSul,CaçapavadoSul,Município,4302808,cacapavadosul
BRA.21.60_2,BRA.21_1,RioGrandedoSul,Cacequi,Município,4302907,cacequi
BRA.21.61_2,BRA.21_1,RioGrandedoSul,CachoeiradoSul,Município,4303004,cachoeiradosul
BRA.21.62_2,BRA.21_1,RioGrandedoSul,Cachoeirinha,Município,4303103,cachoeirinha
BRA.21.63_2,BRA.21_1,RioGrandedoSul,CaciqueDoble,Município,4303202,caciquedoble
BRA.21.64_2,BRA.21_1,RioGrandedoSul,Caibaté,Município,4303301,caibate
BRA.21.65_2,BRA.21_1,RioGrandedoSul,Caiçara,Município,4303400,caicara
BRA.21.66_2,BRA.21_1,RioGrandedoSul,Camaquã,Município,4303509,camaqua
BRA.21.67_2,BRA.21_1,RioGrandedoSul,Camargo,Município,4303558,camargo
BRA.21.68_2,BRA.21_1,RioGrandedoSul,CambarádoSul,Município,4303608,cambaradosul
BRA.21.69_2,BRA.21_1,RioGrandedoSul,CampestredaSerra,Município,4303673,campestredaserra
BRA.21.70_2,BRA.21_1,RioGrandedoSul,CampinadasMissões,Município,4303707,campinadasmissoes
BRA.21.71_2,BRA.21_1,RioGrandedoSul,CampinasdoSul,Município,4303806,campinasdosul
BRA.21.72_2,BRA.21_1,RioGrandedoSul,CampoBom,Município,4303905,campobom
BRA.21.73_2,BRA.21_1,RioGrandedoSul,CampoNovo,Município,4304002,camponovo
BRA.21.74_2,BRA.21_1,RioGrandedoSul,CamposBorges,Município,4304101,camposborges
BRA.21.75_2,BRA.21_1,RioGrandedoSul,Candelária,Município,4304200,candelaria
BRA.21.76_2,BRA.21_1,RioGrandedoSul,CândidoGodói,Município,4304309,candidogodoi
BRA.21.77_2,BRA.21_1,RioGrandedoSul,Candiota,Município,4304358,candiota
BRA.21.78_2,BRA.21_1,RioGrandedoSul,Canela,Município,4304408,canela
BRA.21.79_2,BRA.21_1,RioGrandedoSul,Canguçu,Município,4304507,cangucu
BRA.21.80_2,BRA.21_1,RioGrandedoSul,Canoas,Município,4304606,canoas
BRA.21.81_2,BRA.21_1,RioGrandedoSul,CanudosdoVale,Município,4304614,canudosdovale
BRA.21.82_2,BRA.21_1,RioGrandedoSul,CapãoBonitodoSul,Município,4304622,capaobonitodosul
BRA.21.83_2,BRA.21_1,RioGrandedoSul,CapãodaCanoa,Município,4304630,capaodacanoa
BRA.21.84_2,BRA.21_1,RioGrandedoSul,CapãodoCipó,Município,4304655,capaodocipo
BRA.21.85_2,BRA.21_1,RioGrandedoSul,CapãodoLeão,Município,4304663,capaodoleao
BRA.21.86_2,BRA.21_1,RioGrandedoSul,CapeladeSantana,Município,4304689,capeladesantana
BRA.21.87_2,BRA.21_1,RioGrandedoSul,Capitão,Município,4304697,capitao
BRA.21.88_2,BRA.21_1,RioGrandedoSul,CapivaridoSul,Município,4304671,capivaridosul
BRA.21.89_2,BRA.21_1,RioGrandedoSul,Caraá,Município,4304713,caraa
BRA.21.90_2,BRA.21_1,RioGrandedoSul,Carazinho,Município,4304705,carazinho
BRA.21.91_2,BRA.21_1,RioGrandedoSul,CarlosBarbosa,Município,4304804,carlosbarbosa
BRA.21.92_2,BRA.21_1,RioGrandedoSul,CarlosGomes,Município,4304853,carlosgomes
BRA.21.93_2,BRA.21_1,RioGrandedoSul,Casca,Município,4304903,casca
BRA.21.94_2,BRA.21_1,RioGrandedoSul,Caseiros,Município,4304952,caseiros
BRA.21.95_2,BRA.21_1,RioGrandedoSul,Catuípe,Município,4305009,catuipe
BRA.21.96_2,BRA.21_1,RioGrandedoSul,CaxiasdoSul,Município,4305108,caxiasdosul
BRA.21.97_2,BRA.21_1,RioGrandedoSul,Centenário,Município,4305116,centenario
BRA.21.98_2,BRA.21_1,RioGrandedoSul,Cerrito,Município,4305124,cerrito
BRA.21.99_2,BRA.21_1,RioGrandedoSul,CerroBranco,Município,4305132,cerrobranco
BRA.21.100_2,BRA.21_1,RioGrandedoSul,CerroGrande,Município,4305157,cerrogrande
BRA.21.101_2,BRA.21_1,RioGrandedoSul,CerroGrandedoSul,Município,4305173,cerrograndedosul
BRA.21.102_2,BRA.21_1,RioGrandedoSul,CerroLargo,Município,4305207,cerrolargo
BRA.21.103_2,BRA.21_1,RioGrandedoSul,Chapada,Município,4305306,chapada
BRA.21.104_2,BRA.21_1,RioGrandedoSul,Charqueadas,Município,4305355,charqueadas
BRA.21.105_2,BRA.21_1,RioGrandedoSul,Charrua,Município,4305371,charrua
BRA.21.106_2,BRA.21_1,RioGrandedoSul,Chiapetta,Município,4305405,chiapetta
BRA.21.107_2,BRA.21_1,RioGrandedoSul,Chuí,Município,4305439,chui
BRA.21.108_2,BRA.21_1,RioGrandedoSul,Chuvisca,Município,4305447,chuvisca
BRA.21.109_2,BRA.21_1,RioGrandedoSul,Cidreira,Município,4305454,cidreira
BRA.21.110_2,BRA.21_1,RioGrandedoSul,Ciríaco,Município,4305504,ciriaco
BRA.21.111_2,BRA.21_1,RioGrandedoSul,Colinas,Município,4305587,colinas
BRA.21.112_2,BRA.21_1,RioGrandedoSul,Colorado,Município,4305603,colorado
BRA.21.113_2,BRA.21_1,RioGrandedoSul,Condor,Município,4305702,condor
BRA.21.114_2,BRA.21_1,RioGrandedoSul,Constantina,Município,4305801,constantina
BRA.21.115_2,BRA.21_1,RioGrandedoSul,CoqueiroBaixo,Município,4305835,coqueirobaixo
BRA.21.116_2,BRA.21_1,RioGrandedoSul,CoqueirosdoSul,Município,4305850,coqueirosdosul
BRA.21.117_2,BRA.21_1,RioGrandedoSul,CoronelBarros,Município,4305871,coronelbarros
BRA.21.118_2,BRA.21_1,RioGrandedoSul,CoronelBicaco,Município,4305900,coronelbicaco
BRA.21.119_2,BRA.21_1,RioGrandedoSul,CoronelPilar,Município,4305934,coronelpilar
BRA.21.120_2,BRA.21_1,RioGrandedoSul,Cotiporã,Município,4305959,cotipora
BRA.21.121_2,BRA.21_1,RioGrandedoSul,Coxilha,Município,4305975,coxilha
BRA.21.122_2,BRA.21_1,RioGrandedoSul,Crissiumal,Município,4306007,crissiumal
BRA.21.123_2,BRA.21_1,RioGrandedoSul,Cristal,Município,4306056,cristal
BRA.21.124_2,BRA.21_1,RioGrandedoSul,CristaldoSul,Município,4306072,cristaldosul
BRA.21.125_2,BRA.21_1,RioGrandedoSul,CruzAlta,Município,4306106,cruzalta
BRA.21.126_2,BRA.21_1,RioGrandedoSul,Cruzaltense,Município,4306130,cruzaltense
BRA.21.127_2,BRA.21_1,RioGrandedoSul,CruzeirodoSul,Município,4306205,cruzeirodosul
BRA.21.128_2,BRA.21_1,RioGrandedoSul,DavidCanabarro,Município,4306304,davidcanabarro
BRA.21.129_2,BRA.21_1,RioGrandedoSul,Derrubadas,Município,4306320,derrubadas
BRA.21.130_2,BRA.21_1,RioGrandedoSul,DezesseisdeNovembro,Município,4306353,dezesseisdenovembro
BRA.21.131_2,BRA.21_1,RioGrandedoSul,DilermandodeAguiar,Município,4306379,dilermandodeaguiar
BRA.21.132_2,BRA.21_1,RioGrandedoSul,DoisIrmãos,Município,4306403,doisirmaos
BRA.21.133_2,BRA.21_1,RioGrandedoSul,DoisIrmãosdasMissões,Município,4306429,doisirmaosdasmissoes
BRA.21.134_2,BRA.21_1,RioGrandedoSul,DoisLajeados,Município,4306452,doislajeados
BRA.21.135_2,BRA.21_1,RioGrandedoSul,DomFeliciano,Município,4306502,domfeliciano
BRA.21.136_2,BRA.21_1,RioGrandedoSul,DomPedrito,Município,4306601,dompedrito
BRA.21.137_2,BRA.21_1,RioGrandedoSul,DomPedrodeAlcântara,Município,4306551,dompedrodealcantara
BRA.21.138_2,BRA.21_1,RioGrandedoSul,DonaFrancisca,Município,4306700,donafrancisca
BRA.21.139_2,BRA.21_1,RioGrandedoSul,DoutorMaurícioCardoso,Município,4306734,doutormauriciocardoso
BRA.21.140_2,BRA.21_1,RioGrandedoSul,DoutorRicardo,Município,4306759,doutorricardo
BRA.21.141_2,BRA.21_1,RioGrandedoSul,EldoradodoSul,Município,4306767,eldoradodosul
BRA.21.142_2,BRA.21_1,RioGrandedoSul,Encantado,Município,4306809,encantado
BRA.21.143_2,BRA.21_1,RioGrandedoSul,EncruzilhadadoSul,Município,4306908,encruzilhadadosul
BRA.21.144_2,BRA.21_1,RioGrandedoSul,EngenhoVelho,Município,4306924,engenhovelho
BRA.21.145_2,BRA.21_1,RioGrandedoSul,Entre-Ijuís,Município,4306932,entreijuis
BRA.21.146_2,BRA.21_1,RioGrandedoSul,EntreRiosdoSul,Município,4306957,entreriosdosul
BRA.21.147_2,BRA.21_1,RioGrandedoSul,Erebango,Município,4306973,erebango
BRA.21.148_2,BRA.21_1,RioGrandedoSul,Erechim,Município,4307005,erechim
BRA.21.149_2,BRA.21_1,RioGrandedoSul,Ernestina,Município,4307054,ernestina
BRA.21.150_2,BRA.21_1,RioGrandedoSul,ErvalGrande,Município,4307203,ervalgrande
BRA.21.151_2,BRA.21_1,RioGrandedoSul,ErvalSeco,Município,4307302,ervalseco
BRA.21.152_2,BRA.21_1,RioGrandedoSul,Esmeralda,Município,4307401,esmeralda
BRA.21.153_2,BRA.21_1,RioGrandedoSul,EsperançadoSul,Município,4307450,esperancadosul
BRA.21.154_2,BRA.21_1,RioGrandedoSul,Espumoso,Município,4307500,espumoso
BRA.21.155_2,BRA.21_1,RioGrandedoSul,Estação,Município,4307559,estacao
BRA.21.156_2,BRA.21_1,RioGrandedoSul,EstânciaVelha,Município,4307609,estanciavelha
BRA.21.157_2,BRA.21_1,RioGrandedoSul,Esteio,Município,4307708,esteio
BRA.21.158_2,BRA.21_1,RioGrandedoSul,Estrela,Município,4307807,estrela
BRA.21.159_2,BRA.21_1,RioGrandedoSul,EstrelaVelha,Município,4307815,estrelavelha
BRA.21.160_2,BRA.21_1,RioGrandedoSul,EugêniodeCastro,Município,4307831,eugeniodecastro
BRA.21.161_2,BRA.21_1,RioGrandedoSul,FagundesVarela,Município,4307864,fagundesvarela
BRA.21.162_2,BRA.21_1,RioGrandedoSul,Farroupilha,Município,4307906,farroupilha
BRA.21.163_2,BRA.21_1,RioGrandedoSul,FaxinaldoSoturno,Município,4308003,faxinaldosoturno
BRA.21.164_2,BRA.21_1,RioGrandedoSul,Faxinalzinho,Município,4308052,faxinalzinho
BRA.21.165_2,BRA.21_1,RioGrandedoSul,FazendaVilanova,Município,4308078,fazendavilanova
BRA.21.166_2,BRA.21_1,RioGrandedoSul,Feliz,Município,4308102,feliz
BRA.21.167_2,BRA.21_1,RioGrandedoSul,FloresdaCunha,Município,4308201,floresdacunha
BRA.21.168_2,BRA.21_1,RioGrandedoSul,FlorianoPeixoto,Município,4308250,florianopeixoto
BRA.21.169_2,BRA.21_1,RioGrandedoSul,FontouraXavier,Município,4308300,fontouraxavier
BRA.21.170_2,BRA.21_1,RioGrandedoSul,Formigueiro,Município,4308409,formigueiro
BRA.21.171_2,BRA.21_1,RioGrandedoSul,Forquetinha,Município,4308433,forquetinha
BRA.21.172_2,BRA.21_1,RioGrandedoSul,FortalezadosValos,Município,4308458,fortalezadosvalos
BRA.21.173_2,BRA.21_1,RioGrandedoSul,FredericoWestphalen,Município,4308508,fredericowestphalen
BRA.21.174_2,BRA.21_1,RioGrandedoSul,Garibaldi,Município,4308607,garibaldi
BRA.21.175_2,BRA.21_1,RioGrandedoSul,Garruchos,Município,4308656,garruchos
BRA.21.176_2,BRA.21_1,RioGrandedoSul,Gaurama,Município,4308706,gaurama
BRA.21.177_2,BRA.21_1,RioGrandedoSul,GeneralCâmara,Município,4308805,generalcamara
BRA.21.178_2,BRA.21_1,RioGrandedoSul,Gentil,Município,4308854,gentil
BRA.21.179_2,BRA.21_1,RioGrandedoSul,GetúlioVargas,Município,4308904,getuliovargas
BRA.21.180_2,BRA.21_1,RioGrandedoSul,Giruá,Município,4309001,girua
BRA.21.181_2,BRA.21_1,RioGrandedoSul,Glorinha,Município,4309050,glorinha
BRA.21.182_2,BRA.21_1,RioGrandedoSul,Gramado,Município,4309100,gramado
BRA.21.183_2,BRA.21_1,RioGrandedoSul,GramadodosLoureiros,Município,4309126,gramadodosloureiros
BRA.21.184_2,BRA.21_1,RioGrandedoSul,GramadoXavier,Município,4309159,gramadoxavier
BRA.21.185_2,BRA.21_1,RioGrandedoSul,Gravataí,Município,4309209,gravatai
BRA.21.186_2,BRA.21_1,RioGrandedoSul,Guabiju,Município,4309258,guabiju
BRA.21.187_2,BRA.21_1,RioGrandedoSul,Guaíba,Município,4309308,guaiba
BRA.21.188_2,BRA.21_1,RioGrandedoSul,Guaporé,Município,4309407,guapore
BRA.21.189_2,BRA.21_1,RioGrandedoSul,GuaranidasMissões,Município,4309506,guaranidasmissoes
BRA.21.190_2,BRA.21_1,RioGrandedoSul,Harmonia,Município,4309555,harmonia
BRA.21.191_2,BRA.21_1,RioGrandedoSul,Herval,Município,4307104,herval
BRA.21.192_2,BRA.21_1,RioGrandedoSul,Herveiras,Município,4309571,herveiras
BRA.21.193_2,BRA.21_1,RioGrandedoSul,Horizontina,Município,4309605,horizontina
BRA.21.194_2,BRA.21_1,RioGrandedoSul,HulhaNegra,Município,4309654,hulhanegra
BRA.21.195_2,BRA.21_1,RioGrandedoSul,Humaitá,Município,4309704,humaita
BRA.21.196_2,BRA.21_1,RioGrandedoSul,Ibarama,Município,4309753,ibarama
BRA.21.197_2,BRA.21_1,RioGrandedoSul,Ibiaçá,Município,4309803,ibiaca
BRA.21.198_2,BRA.21_1,RioGrandedoSul,Ibiraiaras,Município,4309902,ibiraiaras
BRA.21.199_2,BRA.21_1,RioGrandedoSul,Ibirapuitã,Município,4309951,ibirapuita
BRA.21.200_2,BRA.21_1,RioGrandedoSul,Ibirubá,Município,4310009,ibiruba
BRA.21.201_2,BRA.21_1,RioGrandedoSul,Igrejinha,Município,4310108,igrejinha
BRA.21.202_2,BRA.21_1,RioGrandedoSul,Ijuí,Município,4310207,ijui
BRA.21.203_2,BRA.21_1,RioGrandedoSul,Ilópolis,Município,4310306,ilopolis
BRA.21.204_2,BRA.21_1,RioGrandedoSul,Imbé,Município,4310330,imbe
BRA.21.205_2,BRA.21_1,RioGrandedoSul,Imigrante,Município,4310363,imigrante
BRA.21.206_2,BRA.21_1,RioGrandedoSul,Independência,Município,4310405,independencia
BRA.21.207_2,BRA.21_1,RioGrandedoSul,Inhacorá,Município,4310413,inhacora
BRA.21.208_2,BRA.21_1,RioGrandedoSul,Ipê,Município,4310439,ipe
BRA.21.209_2,BRA.21_1,RioGrandedoSul,IpirangadoSul,Município,4310462,ipirangadosul
BRA.21.210_2,BRA.21_1,RioGrandedoSul,Iraí,Município,4310504,irai
BRA.21.211_2,BRA.21_1,RioGrandedoSul,Itaara,Município,4310538,itaara
BRA.21.212_2,BRA.21_1,RioGrandedoSul,Itacurubi,Município,4310553,itacurubi
BRA.21.213_2,BRA.21_1,RioGrandedoSul,Itapuca,Município,4310579,itapuca
BRA.21.214_2,BRA.21_1,RioGrandedoSul,Itaqui,Município,4310603,itaqui
BRA.21.215_2,BRA.21_1,RioGrandedoSul,Itati,Município,4310652,itati
BRA.21.216_2,BRA.21_1,RioGrandedoSul,ItatibadoSul,Município,4310702,itatibadosul
BRA.21.217_2,BRA.21_1,RioGrandedoSul,Ivorá,Município,4310751,ivora
BRA.21.218_2,BRA.21_1,RioGrandedoSul,Ivoti,Município,4310801,ivoti
BRA.21.219_2,BRA.21_1,RioGrandedoSul,Jaboticaba,Município,4310850,jaboticaba
BRA.21.220_2,BRA.21_1,RioGrandedoSul,Jacuizinho,Município,4310876,jacuizinho
BRA.21.221_2,BRA.21_1,RioGrandedoSul,Jacutinga,Município,4310900,jacutinga
BRA.21.222_2,BRA.21_1,RioGrandedoSul,Jaguarão,Município,4311007,jaguarao
BRA.21.223_2,BRA.21_1,RioGrandedoSul,Jaguari,Município,4311106,jaguari
BRA.21.224_2,BRA.21_1,RioGrandedoSul,Jaquirana,Município,4311122,jaquirana
BRA.21.225_2,BRA.21_1,RioGrandedoSul,Jari,Município,4311130,jari
BRA.21.226_2,BRA.21_1,RioGrandedoSul,Jóia,Município,4311155,joia
BRA.21.227_2,BRA.21_1,RioGrandedoSul,JúliodeCastilhos,Município,4311205,juliodecastilhos
BRA.21.228_2,BRA.21_1,RioGrandedoSul,LagoaBonitadoSul,Município,4311239,lagoabonitadosul
BRA.21.229_2,BRA.21_1,RioGrandedoSul,LagoadosPatos,Município,4300002,lagoadospatos
BRA.21.230_2,BRA.21_1,RioGrandedoSul,LagoadosTrêsCantos,Município,4311270,lagoadostrescantos
BRA.21.231_2,BRA.21_1,RioGrandedoSul,LagoaMirim,Município,4300001,lagoamirim
BRA.21.232_2,BRA.21_1,RioGrandedoSul,LagoaVermelha,Município,4311304,lagoavermelha
BRA.21.233_2,BRA.21_1,RioGrandedoSul,Lagoão,Município,4311254,lagoao
BRA.21.234_2,BRA.21_1,RioGrandedoSul,Lajeado,Município,4311403,lajeado
BRA.21.235_2,BRA.21_1,RioGrandedoSul,LajeadodoBugre,Município,4311429,lajeadodobugre
BRA.21.236_2,BRA.21_1,RioGrandedoSul,LavrasdoSul,Município,4311502,lavrasdosul
BRA.21.237_2,BRA.21_1,RioGrandedoSul,LiberatoSalzano,Município,4311601,liberatosalzano
BRA.21.238_2,BRA.21_1,RioGrandedoSul,LindolfoCollor,Município,4311627,lindolfocollor
BRA.21.239_2,BRA.21_1,RioGrandedoSul,LinhaNova,Município,4311643,linhanova
BRA.21.240_2,BRA.21_1,RioGrandedoSul,Maçambará,Município,4311718,macambara
BRA.21.241_2,BRA.21_1,RioGrandedoSul,Machadinho,Município,4311700,machadinho
BRA.21.242_2,BRA.21_1,RioGrandedoSul,Mampituba,Município,4311734,mampituba
BRA.21.243_2,BRA.21_1,RioGrandedoSul,ManoelViana,Município,4311759,manoelviana
BRA.21.244_2,BRA.21_1,RioGrandedoSul,Maquiné,Município,4311775,maquine
BRA.21.245_2,BRA.21_1,RioGrandedoSul,Maratá,Município,4311791,marata
BRA.21.246_2,BRA.21_1,RioGrandedoSul,Marau,Município,4311809,marau
BRA.21.247_2,BRA.21_1,RioGrandedoSul,MarcelinoRamos,Município,4311908,marcelinoramos
BRA.21.248_2,BRA.21_1,RioGrandedoSul,MarianaPimentel,Município,4311981,marianapimentel
BRA.21.249_2,BRA.21_1,RioGrandedoSul,MarianoMoro,Município,4312005,marianomoro
BRA.21.250_2,BRA.21_1,RioGrandedoSul,MarquesdeSouza,Município,4312054,marquesdesouza
BRA.21.251_2,BRA.21_1,RioGrandedoSul,Mata,Município,4312104,mata
BRA.21.252_2,BRA.21_1,RioGrandedoSul,MatoCastelhano,Município,4312138,matocastelhano
BRA.21.253_2,BRA.21_1,RioGrandedoSul,MatoLeitão,Município,4312153,matoleitao
BRA.21.254_2,BRA.21_1,RioGrandedoSul,MatoQueimado,Município,4312179,matoqueimado
BRA.21.255_2,BRA.21_1,RioGrandedoSul,MaximilianodeAlmeida,Município,4312203,maximilianodealmeida
BRA.21.256_2,BRA.21_1,RioGrandedoSul,MinasdoLeão,Município,4312252,minasdoleao
BRA.21.257_2,BRA.21_1,RioGrandedoSul,Miraguaí,Município,4312302,miraguai
BRA.21.258_2,BRA.21_1,RioGrandedoSul,Montauri,Município,4312351,montauri
BRA.21.259_2,BRA.21_1,RioGrandedoSul,MonteAlegredosCampos,Município,4312377,montealegredoscampos
BRA.21.260_2,BRA.21_1,RioGrandedoSul,MonteBelodoSul,Município,4312385,montebelodosul
BRA.21.261_2,BRA.21_1,RioGrandedoSul,Montenegro,Município,4312401,montenegro
BRA.21.262_2,BRA.21_1,RioGrandedoSul,Mormaço,Município,4312427,mormaco
BRA.21.263_2,BRA.21_1,RioGrandedoSul,MorrinhosdoSul,Município,4312443,morrinhosdosul
BRA.21.264_2,BRA.21_1,RioGrandedoSul,MorroRedondo,Município,4312450,morroredondo
BRA.21.265_2,BRA.21_1,RioGrandedoSul,MorroReuter,Município,4312476,morroreuter
BRA.21.266_2,BRA.21_1,RioGrandedoSul,Mostardas,Município,4312500,mostardas
BRA.21.267_2,BRA.21_1,RioGrandedoSul,Muçum,Município,4312609,mucum
BRA.21.268_2,BRA.21_1,RioGrandedoSul,MuitosCapões,Município,4312617,muitoscapoes
BRA.21.269_2,BRA.21_1,RioGrandedoSul,Muliterno,Município,4312625,muliterno
BRA.21.270_2,BRA.21_1,RioGrandedoSul,Não-Me-Toque,Município,4312658,naometoque
BRA.21.271_2,BRA.21_1,RioGrandedoSul,NicolauVergueiro,Município,4312674,nicolauvergueiro
BRA.21.272_2,BRA.21_1,RioGrandedoSul,Nonoai,Município,4312708,nonoai
BRA.21.273_2,BRA.21_1,RioGrandedoSul,NovaAlvorada,Município,4312757,novaalvorada
BRA.21.274_2,BRA.21_1,RioGrandedoSul,NovaAraçá,Município,4312807,novaaraca
BRA.21.275_2,BRA.21_1,RioGrandedoSul,NovaBassano,Município,4312906,novabassano
BRA.21.276_2,BRA.21_1,RioGrandedoSul,NovaBoaVista,Município,4312955,novaboavista
BRA.21.277_2,BRA.21_1,RioGrandedoSul,NovaBréscia,Município,4313003,novabrescia
BRA.21.278_2,BRA.21_1,RioGrandedoSul,NovaCandelária,Município,4313011,novacandelaria
BRA.21.279_2,BRA.21_1,RioGrandedoSul,NovaEsperançadoSul,Município,4313037,novaesperancadosul
BRA.21.280_2,BRA.21_1,RioGrandedoSul,NovaHartz,Município,4313060,novahartz
BRA.21.281_2,BRA.21_1,RioGrandedoSul,NovaPádua,Município,4313086,novapadua
BRA.21.282_2,BRA.21_1,RioGrandedoSul,NovaPalma,Município,4313102,novapalma
BRA.21.283_2,BRA.21_1,RioGrandedoSul,NovaPetrópolis,Município,4313201,novapetropolis
BRA.21.284_2,BRA.21_1,RioGrandedoSul,NovaPrata,Município,4313300,novaprata
BRA.21.285_2,BRA.21_1,RioGrandedoSul,NovaRamada,Município,4313334,novaramada
BRA.21.286_2,BRA.21_1,RioGrandedoSul,NovaRomadoSul,Município,4313359,novaromadosul
BRA.21.287_2,BRA.21_1,RioGrandedoSul,NovaSantaRita,Município,4313375,novasantarita
BRA.21.288_2,BRA.21_1,RioGrandedoSul,NovoBarreiro,Município,4313490,novobarreiro
BRA.21.289_2,BRA.21_1,RioGrandedoSul,NovoCabrais,Município,4313391,novocabrais
BRA.21.290_2,BRA.21_1,RioGrandedoSul,NovoHamburgo,Município,4313409,novohamburgo
BRA.21.291_2,BRA.21_1,RioGrandedoSul,NovoMachado,Município,4313425,novomachado
BRA.21.292_2,BRA.21_1,RioGrandedoSul,NovoTiradentes,Município,4313441,novotiradentes
BRA.21.293_2,BRA.21_1,RioGrandedoSul,NovoXingu,Município,4313466,novoxingu
BRA.21.294_2,BRA.21_1,RioGrandedoSul,Osório,Município,4313508,osorio
BRA.21.295_2,BRA.21_1,RioGrandedoSul,PaimFilho,Município,4313607,paimfilho
BRA.21.296_2,BRA.21_1,RioGrandedoSul,PalmaresdoSul,Município,4313656,palmaresdosul
BRA.21.297_2,BRA.21_1,RioGrandedoSul,PalmeiradasMissões,Município,4313706,palmeiradasmissoes
BRA.21.298_2,BRA.21_1,RioGrandedoSul,Palmitinho,Município,4313805,palmitinho
BRA.21.299_2,BRA.21_1,RioGrandedoSul,Panambi,Município,4313904,panambi
BRA.21.300_2,BRA.21_1,RioGrandedoSul,PantanoGrande,Município,4313953,pantanogrande
BRA.21.301_2,BRA.21_1,RioGrandedoSul,Paraí,Município,4314001,parai
BRA.21.302_2,BRA.21_1,RioGrandedoSul,ParaísodoSul,Município,4314027,paraisodosul
BRA.21.303_2,BRA.21_1,RioGrandedoSul,PareciNovo,Município,4314035,parecinovo
BRA.21.304_2,BRA.21_1,RioGrandedoSul,Parobé,Município,4314050,parobe
BRA.21.305_2,BRA.21_1,RioGrandedoSul,PassaSete,Município,4314068,passasete
BRA.21.306_2,BRA.21_1,RioGrandedoSul,PassodoSobrado,Município,4314076,passodosobrado
BRA.21.307_2,BRA.21_1,RioGrandedoSul,PassoFundo,Município,4314100,passofundo
BRA.21.308_2,BRA.21_1,RioGrandedoSul,PauloBento,Município,4314134,paulobento
BRA.21.309_2,BRA.21_1,RioGrandedoSul,Paverama,Município,4314159,paverama
BRA.21.310_2,BRA.21_1,RioGrandedoSul,PedrasAltas,Município,4314175,pedrasaltas
BRA.21.311_2,BRA.21_1,RioGrandedoSul,PedroOsório,Município,4314209,pedroosorio
BRA.21.312_2,BRA.21_1,RioGrandedoSul,Pejuçara,Município,4314308,pejucara
BRA.21.313_2,BRA.21_1,RioGrandedoSul,Pelotas,Município,4314407,pelotas
BRA.21.314_2,BRA.21_1,RioGrandedoSul,PicadaCafé,Município,4314423,picadacafe
BRA.21.315_2,BRA.21_1,RioGrandedoSul,Pinhal,Município,4314456,pinhal
BRA.21.316_2,BRA.21_1,RioGrandedoSul,PinhaldaSerra,Município,4314464,pinhaldaserra
BRA.21.317_2,BRA.21_1,RioGrandedoSul,PinhalGrande,Município,4314472,pinhalgrande
BRA.21.318_2,BRA.21_1,RioGrandedoSul,PinheirinhodoVale,Município,4314498,pinheirinhodovale
BRA.21.319_2,BRA.21_1,RioGrandedoSul,PinheiroMachado,Município,4314506,pinheiromachado
BRA.21.320_2,BRA.21_1,RioGrandedoSul,PintoBandeira,Município,4314548,pintobandeira
BRA.21.321_2,BRA.21_1,RioGrandedoSul,Pirapó,Município,4314555,pirapo
BRA.21.322_2,BRA.21_1,RioGrandedoSul,Piratini,Município,4314605,piratini
BRA.21.323_2,BRA.21_1,RioGrandedoSul,Planalto,Município,4314704,planalto
BRA.21.324_2,BRA.21_1,RioGrandedoSul,PoçodasAntas,Município,4314753,pocodasantas
BRA.21.325_2,BRA.21_1,RioGrandedoSul,Pontão,Município,4314779,pontao
BRA.21.326_2,BRA.21_1,RioGrandedoSul,PontePreta,Município,4314787,pontepreta
BRA.21.327_2,BRA.21_1,RioGrandedoSul,Portão,Município,4314803,portao
BRA.21.328_2,BRA.21_1,RioGrandedoSul,PortoAlegre,Município,4314902,portoalegre
BRA.21.329_2,BRA.21_1,RioGrandedoSul,PortoLucena,Município,4315008,portolucena
BRA.21.330_2,BRA.21_1,RioGrandedoSul,PortoMauá,Município,4315057,portomaua
BRA.21.331_2,BRA.21_1,RioGrandedoSul,PortoVeraCruz,Município,4315073,portoveracruz
BRA.21.332_2,BRA.21_1,RioGrandedoSul,PortoXavier,Município,4315107,portoxavier
BRA.21.333_2,BRA.21_1,RioGrandedoSul,PousoNovo,Município,4315131,pousonovo
BRA.21.334_2,BRA.21_1,RioGrandedoSul,PresidenteLucena,Município,4315149,presidentelucena
BRA.21.335_2,BRA.21_1,RioGrandedoSul,Progresso,Município,4315156,progresso
BRA.21.336_2,BRA.21_1,RioGrandedoSul,ProtásioAlves,Município,4315172,protasioalves
BRA.21.337_2,BRA.21_1,RioGrandedoSul,Putinga,Município,4315206,putinga
BRA.21.338_2,BRA.21_1,RioGrandedoSul,Quaraí,Município,4315305,quarai
BRA.21.339_2,BRA.21_1,RioGrandedoSul,QuatroIrmãos,Município,4315313,quatroirmaos
BRA.21.340_2,BRA.21_1,RioGrandedoSul,Quevedos,Município,4315321,quevedos
BRA.21.341_2,BRA.21_1,RioGrandedoSul,QuinzedeNovembro,Município,4315354,quinzedenovembro
BRA.21.342_2,BRA.21_1,RioGrandedoSul,Redentora,Município,4315404,redentora
BRA.21.343_2,BRA.21_1,RioGrandedoSul,Relvado,Município,4315453,relvado
BRA.21.344_2,BRA.21_1,RioGrandedoSul,RestingaSêca,Município,4315503,restingaseca
BRA.21.345_2,BRA.21_1,RioGrandedoSul,RiodosÍndios,Município,4315552,riodosindios
BRA.21.346_2,BRA.21_1,RioGrandedoSul,RioGrande,Município,4315602,riogrande
BRA.21.347_2,BRA.21_1,RioGrandedoSul,RioPardo,Município,4315701,riopardo
BRA.21.348_2,BRA.21_1,RioGrandedoSul,Riozinho,Município,4315750,riozinho
BRA.21.349_2,BRA.21_1,RioGrandedoSul,RocaSales,Município,4315800,rocasales
BRA.21.350_2,BRA.21_1,RioGrandedoSul,RodeioBonito,Município,4315909,rodeiobonito
BRA.21.351_2,BRA.21_1,RioGrandedoSul,Rolador,Município,4315958,rolador
BRA.21.352_2,BRA.21_1,RioGrandedoSul,Rolante,Município,4316006,rolante
BRA.21.353_2,BRA.21_1,RioGrandedoSul,RondaAlta,Município,4316105,rondaalta
BRA.21.354_2,BRA.21_1,RioGrandedoSul,Rondinha,Município,4316204,rondinha
BRA.21.355_2,BRA.21_1,RioGrandedoSul,RoqueGonzales,Município,4316303,roquegonzales
BRA.21.356_2,BRA.21_1,RioGrandedoSul,RosáriodoSul,Município,4316402,rosariodosul
BRA.21.357_2,BRA.21_1,RioGrandedoSul,SagradaFamília,Município,4316428,sagradafamilia
BRA.21.358_2,BRA.21_1,RioGrandedoSul,SaldanhaMarinho,Município,4316436,saldanhamarinho
BRA.21.359_2,BRA.21_1,RioGrandedoSul,SaltodoJacuí,Município,4316451,saltodojacui
BRA.21.360_2,BRA.21_1,RioGrandedoSul,SalvadordasMissões,Município,4316477,salvadordasmissoes
BRA.21.361_2,BRA.21_1,RioGrandedoSul,SalvadordoSul,Município,4316501,salvadordosul
BRA.21.362_2,BRA.21_1,RioGrandedoSul,Sananduva,Município,4316600,sananduva
BRA.21.363_2,BRA.21_1,RioGrandedoSul,Sant'AnadoLivramento,Município,4317103,santanadolivramento
BRA.21.364_2,BRA.21_1,RioGrandedoSul,SantaBárbaradoSul,Município,4316709,santabarbaradosul
BRA.21.365_2,BRA.21_1,RioGrandedoSul,SantaCecíliadoSul,Município,4316733,santaceciliadosul
BRA.21.366_2,BRA.21_1,RioGrandedoSul,SantaClaradoSul,Município,4316758,santaclaradosul
BRA.21.367_2,BRA.21_1,RioGrandedoSul,SantaCruzdoSul,Município,4316808,santacruzdosul
BRA.21.368_2,BRA.21_1,RioGrandedoSul,SantaMargaridadoSul,Município,4316972,santamargaridadosul
BRA.21.369_2,BRA.21_1,RioGrandedoSul,SantaMaria,Município,4316907,santamaria
BRA.21.370_2,BRA.21_1,RioGrandedoSul,SantaMariadoHerval,Município,4316956,santamariadoherval
BRA.21.371_2,BRA.21_1,RioGrandedoSul,SantaRosa,Município,4317202,santarosa
BRA.21.372_2,BRA.21_1,RioGrandedoSul,SantaTereza,Município,4317251,santatereza
BRA.21.373_2,BRA.21_1,RioGrandedoSul,SantaVitóriadoPalmar,Município,4317301,santavitoriadopalmar
BRA.21.374_2,BRA.21_1,RioGrandedoSul,SantanadaBoaVista,Município,4317004,santanadaboavista
BRA.21.375_2,BRA.21_1,RioGrandedoSul,Santiago,Município,4317400,santiago
BRA.21.376_2,BRA.21_1,RioGrandedoSul,SantoÂngelo,Município,4317509,santoangelo
BRA.21.377_2,BRA.21_1,RioGrandedoSul,SantoAntôniodaPatrulha,Município,4317608,santoantoniodapatrulha
BRA.21.378_2,BRA.21_1,RioGrandedoSul,SantoAntôniodasMissões,Município,4317707,santoantoniodasmissoes
BRA.21.379_2,BRA.21_1,RioGrandedoSul,SantoAntôniodoPalma,Município,4317558,santoantoniodopalma
BRA.21.380_2,BRA.21_1,RioGrandedoSul,SantoAntôniodoPlanalto,Município,4317756,santoantoniodoplanalto
BRA.21.381_2,BRA.21_1,RioGrandedoSul,SantoAugusto,Município,4317806,santoaugusto
BRA.21.382_2,BRA.21_1,RioGrandedoSul,SantoCristo,Município,4317905,santocristo
BRA.21.383_2,BRA.21_1,RioGrandedoSul,SantoExpeditodoSul,Município,4317954,santoexpeditodosul
BRA.21.384_2,BRA.21_1,RioGrandedoSul,SãoBorja,Município,4318002,saoborja
BRA.21.385_2,BRA.21_1,RioGrandedoSul,SãoDomingosdoSul,Município,4318051,saodomingosdosul
BRA.21.386_2,BRA.21_1,RioGrandedoSul,SãoFranciscodeAssis,Município,4318101,saofranciscodeassis
BRA.21.387_2,BRA.21_1,RioGrandedoSul,SãoFranciscodePaula,Município,4318200,saofranciscodepaula
BRA.21.388_2,BRA.21_1,RioGrandedoSul,SãoGabriel,Município,4318309,saogabriel
BRA.21.389_2,BRA.21_1,RioGrandedoSul,SãoJerônimo,Município,4318408,saojeronimo
BRA.21.390_2,BRA.21_1,RioGrandedoSul,SãoJoãodaUrtiga,Município,4318424,saojoaodaurtiga
BRA.21.391_2,BRA.21_1,RioGrandedoSul,SãoJoãodoPolêsine,Município,4318432,saojoaodopolesine
BRA.21.392_2,BRA.21_1,RioGrandedoSul,SãoJorge,Município,4318440,saojorge
BRA.21.393_2,BRA.21_1,RioGrandedoSul,SãoJosédasMissões,Município,4318457,saojosedasmissoes
BRA.21.394_2,BRA.21_1,RioGrandedoSul,SãoJosédoHerval,Município,4318465,saojosedoherval
BRA.21.395_2,BRA.21_1,RioGrandedoSul,SãoJosédoHortêncio,Município,4318481,saojosedohortencio
BRA.21.396_2,BRA.21_1,RioGrandedoSul,SãoJosédoInhacorá,Município,4318499,saojosedoinhacora
BRA.21.397_2,BRA.21_1,RioGrandedoSul,SãoJosédoNorte,Município,4318507,saojosedonorte
BRA.21.398_2,BRA.21_1,RioGrandedoSul,SãoJosédoOuro,Município,4318606,saojosedoouro
BRA.21.399_2,BRA.21_1,RioGrandedoSul,SãoJosédoSul,Município,4318614,saojosedosul
BRA.21.400_2,BRA.21_1,RioGrandedoSul,SãoJosédosAusentes,Município,4318622,saojosedosausentes
BRA.21.401_2,BRA.21_1,RioGrandedoSul,SãoLeopoldo,Município,4318705,saoleopoldo
BRA.21.402_2,BRA.21_1,RioGrandedoSul,SãoLourençodoSul,Município,4318804,saolourencodosul
BRA.21.403_2,BRA.21_1,RioGrandedoSul,SãoLuizGonzaga,Município,4318903,saoluizgonzaga
BRA.21.404_2,BRA.21_1,RioGrandedoSul,SãoMarcos,Município,4319000,saomarcos
BRA.21.405_2,BRA.21_1,RioGrandedoSul,SãoMartinho,Município,4319109,saomartinho
BRA.21.406_2,BRA.21_1,RioGrandedoSul,SãoMartinhodaSerra,Município,4319125,saomartinhodaserra
BRA.21.407_2,BRA.21_1,RioGrandedoSul,SãoMigueldasMissões,Município,4319158,saomigueldasmissoes
BRA.21.408_2,BRA.21_1,RioGrandedoSul,SãoNicolau,Município,4319208,saonicolau
BRA.21.409_2,BRA.21_1,RioGrandedoSul,SãoPaulodasMissões,Município,4319307,saopaulodasmissoes
BRA.21.410_2,BRA.21_1,RioGrandedoSul,SãoPedrodaSerra,Município,4319356,saopedrodaserra
BRA.21.411_2,BRA.21_1,RioGrandedoSul,SãoPedrodasMissões,Município,4319364,saopedrodasmissoes
BRA.21.412_2,BRA.21_1,RioGrandedoSul,SãoPedrodoButiá,Município,4319372,saopedrodobutia
BRA.21.413_2,BRA.21_1,RioGrandedoSul,SãoPedrodoSul,Município,4319406,saopedrodosul
BRA.21.414_2,BRA.21_1,RioGrandedoSul,SãoSebastiãodoCaí,Município,4319505,saosebastiaodocai
BRA.21.415_2,BRA.21_1,RioGrandedoSul,SãoSepé,Município,4319604,saosepe
BRA.21.416_2,BRA.21_1,RioGrandedoSul,SãoValentim,Município,4319703,saovalentim
BRA.21.417_2,BRA.21_1,RioGrandedoSul,SãoValentimdoSul,Município,4319711,saovalentimdosul
BRA.21.418_2,BRA.21_1,RioGrandedoSul,SãoValériodoSul,Município,4319737,saovaleriodosul
BRA.21.419_2,BRA.21_1,RioGrandedoSul,SãoVendelino,Município,4319752,saovendelino
BRA.21.420_2,BRA.21_1,RioGrandedoSul,SãoVicentedoSul,Município,4319802,saovicentedosul
BRA.21.421_2,BRA.21_1,RioGrandedoSul,Sapiranga,Município,4319901,sapiranga
BRA.21.422_2,BRA.21_1,RioGrandedoSul,SapucaiadoSul,Município,4320008,sapucaiadosul
BRA.21.423_2,BRA.21_1,RioGrandedoSul,Sarandi,Município,4320107,sarandi
BRA.21.424_2,BRA.21_1,RioGrandedoSul,Seberi,Município,4320206,seberi
BRA.21.425_2,BRA.21_1,RioGrandedoSul,SedeNova,Município,4320230,sedenova
BRA.21.426_2,BRA.21_1,RioGrandedoSul,Segredo,Município,4320263,segredo
BRA.21.427_2,BRA.21_1,RioGrandedoSul,Selbach,Município,4320305,selbach
BRA.21.428_2,BRA.21_1,RioGrandedoSul,SenadorSalgadoFilho,Município,4320321,senadorsalgadofilho
BRA.21.429_2,BRA.21_1,RioGrandedoSul,SentineladoSul,Município,4320354,sentineladosul
BRA.21.430_2,BRA.21_1,RioGrandedoSul,SerafinaCorrêa,Município,4320404,serafinacorrea
BRA.21.431_2,BRA.21_1,RioGrandedoSul,Sério,Município,4320453,serio
BRA.21.432_2,BRA.21_1,RioGrandedoSul,Sertão,Município,4320503,sertao
BRA.21.433_2,BRA.21_1,RioGrandedoSul,SertãoSantana,Município,4320552,sertaosantana
BRA.21.434_2,BRA.21_1,RioGrandedoSul,SetedeSetembro,Município,4320578,setedesetembro
BRA.21.435_2,BRA.21_1,RioGrandedoSul,SeverianodeAlmeida,Município,4320602,severianodealmeida
BRA.21.436_2,BRA.21_1,RioGrandedoSul,SilveiraMartins,Município,4320651,silveiramartins
BRA.21.437_2,BRA.21_1,RioGrandedoSul,Sinimbu,Município,4320677,sinimbu
BRA.21.438_2,BRA.21_1,RioGrandedoSul,Sobradinho,Município,4320701,sobradinho
BRA.21.439_2,BRA.21_1,RioGrandedoSul,Soledade,Município,4320800,soledade
BRA.21.440_2,BRA.21_1,RioGrandedoSul,Tabaí,Município,4320859,tabai
BRA.21.441_2,BRA.21_1,RioGrandedoSul,Tapejara,Município,4320909,tapejara
BRA.21.442_2,BRA.21_1,RioGrandedoSul,Tapera,Município,4321006,tapera
BRA.21.443_2,BRA.21_1,RioGrandedoSul,Tapes,Município,4321105,tapes
BRA.21.444_2,BRA.21_1,RioGrandedoSul,Taquara,Município,4321204,taquara
BRA.21.445_2,BRA.21_1,RioGrandedoSul,Taquari,Município,4321303,taquari
BRA.21.446_2,BRA.21_1,RioGrandedoSul,TaquaruçudoSul,Município,4321329,taquarucudosul
BRA.21.447_2,BRA.21_1,RioGrandedoSul,Tavares,Município,4321352,tavares
BRA.21.448_2,BRA.21_1,RioGrandedoSul,TenentePortela,Município,4321402,tenenteportela
BRA.21.449_2,BRA.21_1,RioGrandedoSul,TerradeAreia,Município,4321436,terradeareia
BRA.21.450_2,BRA.21_1,RioGrandedoSul,Teutônia,Município,4321451,teutonia
BRA.21.451_2,BRA.21_1,RioGrandedoSul,TioHugo,Município,4321469,tiohugo
BRA.21.452_2,BRA.21_1,RioGrandedoSul,TiradentesdoSul,Município,4321477,tiradentesdosul
BRA.21.453_2,BRA.21_1,RioGrandedoSul,Toropi,Município,4321493,toropi
BRA.21.454_2,BRA.21_1,RioGrandedoSul,Torres,Município,4321501,torres
BRA.21.455_2,BRA.21_1,RioGrandedoSul,Tramandaí,Município,4321600,tramandai
BRA.21.456_2,BRA.21_1,RioGrandedoSul,Travesseiro,Município,4321626,travesseiro
BRA.21.457_2,BRA.21_1,RioGrandedoSul,TrêsArroios,Município,4321634,tresarroios
BRA.21.458_2,BRA.21_1,RioGrandedoSul,TrêsCachoeiras,Município,4321667,trescachoeiras
BRA.21.459_2,BRA.21_1,RioGrandedoSul,TrêsCoroas,Município,4321709,trescoroas
BRA.21.460_2,BRA.21_1,RioGrandedoSul,TrêsdeMaio,Município,4321808,tresdemaio
BRA.21.461_2,BRA.21_1,RioGrandedoSul,TrêsForquilhas,Município,4321832,tresforquilhas
BRA.21.462_2,BRA.21_1,RioGrandedoSul,TrêsPalmeiras,Município,4321857,trespalmeiras
BRA.21.463_2,BRA.21_1,RioGrandedoSul,TrêsPassos,Município,4321907,trespassos
BRA.21.464_2,BRA.21_1,RioGrandedoSul,TrindadedoSul,Município,4321956,trindadedosul
BRA.21.465_2,BRA.21_1,RioGrandedoSul,Triunfo,Município,4322004,triunfo
BRA.21.466_2,BRA.21_1,RioGrandedoSul,Tucunduva,Município,4322103,tucunduva
BRA.21.467_2,BRA.21_1,RioGrandedoSul,Tunas,Município,4322152,tunas
BRA.21.468_2,BRA.21_1,RioGrandedoSul,TupancidoSul,Município,4322186,tupancidosul
BRA.21.469_2,BRA.21_1,RioGrandedoSul,Tupanciretã,Município,4322202,tupancireta
BRA.21.470_2,BRA.21_1,RioGrandedoSul,Tupandi,Município,4322251,tupandi
BRA.21.471_2,BRA.21_1,RioGrandedoSul,Tuparendi,Município,4322301,tuparendi
BRA.21.472_2,BRA.21_1,RioGrandedoSul,Turuçu,Município,4322327,turucu
BRA.21.473_2,BRA.21_1,RioGrandedoSul,Ubiretama,Município,4322343,ubiretama
BRA.21.474_2,BRA.21_1,RioGrandedoSul,UniãodaSerra,Município,4322350,uniaodaserra
BRA.21.475_2,BRA.21_1,RioGrandedoSul,Unistalda,Município,4322376,unistalda
BRA.21.476_2,BRA.21_1,RioGrandedoSul,Uruguaiana,Município,4322400,uruguaiana
BRA.21.477_2,BRA.21_1,RioGrandedoSul,Vacaria,Município,4322509,vacaria
BRA.21.478_2,BRA.21_1,RioGrandedoSul,ValedoSol,Município,4322533,valedosol
BRA.21.479_2,BRA.21_1,RioGrandedoSul,ValeReal,Município,4322541,valereal
BRA.21.480_2,BRA.21_1,RioGrandedoSul,ValeVerde,Município,4322525,valeverde
BRA.21.481_2,BRA.21_1,RioGrandedoSul,Vanini,Município,4322558,vanini
BRA.21.482_2,BRA.21_1,RioGrandedoSul,VenâncioAires,Município,4322608,venancioaires
BRA.21.483_2,BRA.21_1,RioGrandedoSul,VeraCruz,Município,4322707,veracruz
BRA.21.484_2,BRA.21_1,RioGrandedoSul,Veranópolis,Município,4322806,veranopolis
BRA.21.485_2,BRA.21_1,RioGrandedoSul,VespasianoCorrêa,Município,4322855,vespasianocorrea
BRA.21.486_2,BRA.21_1,RioGrandedoSul,Viadutos,Município,4322905,viadutos
BRA.21.487_2,BRA.21_1,RioGrandedoSul,Viamão,Município,4323002,viamao
BRA.21.488_2,BRA.21_1,RioGrandedoSul,VicenteDutra,Município,4323101,vicentedutra
BRA.21.489_2,BRA.21_1,RioGrandedoSul,VictorGraeff,Município,4323200,victorgraeff
BRA.21.490_2,BRA.21_1,RioGrandedoSul,VilaFlores,Município,4323309,vilaflores
BRA.21.491_2,BRA.21_1,RioGrandedoSul,VilaLângaro,Município,4323358,vilalangaro
BRA.21.492_2,BRA.21_1,RioGrandedoSul,VilaMaria,Município,4323408,vilamaria
BRA.21.493_2,BRA.21_1,RioGrandedoSul,VilaNovadoSul,Município,4323457,vilanovadosul
BRA.21.494_2,BRA.21_1,RioGrandedoSul,VistaAlegre,Município,4323507,vistaalegre
BRA.21.495_2,BRA.21_1,RioGrandedoSul,VistaAlegredoPrata,Município,4323606,vistaalegredoprata
BRA.21.496_2,BRA.21_1,RioGrandedoSul,VistaGaúcha,Município,4323705,vistagaucha
BRA.21.497_2,BRA.21_1,RioGrandedoSul,VitóriadasMissões,Município,4323754,vitoriadasmissoes
BRA.21.498_2,BRA.21_1,RioGrandedoSul,Westfália,Município,4323770,westfalia
BRA.21.499_2,BRA.21_1,RioGrandedoSul,Xangri-lá,Município,4323804,xangrila
BRA.22.1_2,BRA.22_1,Rondônia,AltaFlorestaD'Oeste,Município,1100015,altaflorestadoeste
BRA.22.2_2,BRA.22_1,Rondônia,AltoAlegredosParecis,Município,1100379,altoalegredosparecis
BRA.22.3_2,BRA.22_1,Rondônia,AltoParaíso,Município,1100403,altoparaiso
BRA.22.4_2,BRA.22_1,Rondônia,AlvoradaD'Oeste,Município,1100346,alvoradadoeste
BRA.22.5_2,BRA.22_1,Rondônia,Ariquemes,Município,1100023,ariquemes
BRA.22.6_2,BRA.22_1,Rondônia,Buritis,Município,1100452,buritis
BRA.22.7_2,BRA.22_1,Rondônia,Cabixi,Município,1100031,cabixi
BRA.22.8_2,BRA.22_1,Rondônia,Cacaulândia,Município,1100601,cacaulandia
BRA.22.9_2,BRA.22_1,Rondônia,Cacoal,Município,1100049,cacoal
BRA.22.10_2,BRA.22_1,Rondônia,CampoNovodeRondônia,Município,1100700,camponovoderondonia
BRA.22.11_2,BRA.22_1,Rondônia,CandeiasdoJamari,Município,1100809,candeiasdojamari
BRA.22.12_2,BRA.22_1,Rondônia,Castanheiras,Município,1100908,castanheiras
BRA.22.13_2,BRA.22_1,Rondônia,Cerejeiras,Município,1100056,cerejeiras
BRA.22.14_2,BRA.22_1,Rondônia,Chupinguaia,Município,1100924,chupinguaia
BRA.22.15_2,BRA.22_1,Rondônia,ColoradodoOeste,Município,1100064,coloradodooeste
BRA.22.16_2,BRA.22_1,Rondônia,Corumbiara,Município,1100072,corumbiara
BRA.22.17_2,BRA.22_1,Rondônia,CostaMarques,Município,1100080,costamarques
BRA.22.18_2,BRA.22_1,Rondônia,Cujubim,Município,1100940,cujubim
BRA.22.19_2,BRA.22_1,Rondônia,EspigãoD'Oeste,Município,1100098,espigaodoeste
BRA.22.20_2,BRA.22_1,Rondônia,GovernadorJorgeTeixeira,Município,1101005,governadorjorgeteixeira
BRA.22.21_2,BRA.22_1,Rondônia,Guajará-Mirim,Município,1100106,guajaramirim
BRA.22.22_2,BRA.22_1,Rondônia,ItapuãdoOeste,Município,1101104,itapuadooeste
BRA.22.23_2,BRA.22_1,Rondônia,Jaru,Município,1100114,jaru
BRA.22.24_2,BRA.22_1,Rondônia,Ji-Paraná,Município,1100122,jiparana
BRA.22.25_2,BRA.22_1,Rondônia,MachadinhoD'Oeste,Município,1100130,machadinhodoeste
BRA.22.26_2,BRA.22_1,Rondônia,MinistroAndreazza,Município,1101203,ministroandreazza
BRA.22.27_2,BRA.22_1,Rondônia,MirantedaSerra,Município,1101302,mirantedaserra
BRA.22.28_2,BRA.22_1,Rondônia,MonteNegro,Município,1101401,montenegro
BRA.22.29_2,BRA.22_1,Rondônia,NovaBrasilândiaD'Oeste,Município,1100148,novabrasilandiadoeste
BRA.22.30_2,BRA.22_1,Rondônia,NovaMamoré,Município,1100338,novamamore
BRA.22.31_2,BRA.22_1,Rondônia,NovaUnião,Município,1101435,novauniao
BRA.22.32_2,BRA.22_1,Rondônia,NovoHorizontedoOeste,Município,1100502,novohorizontedooeste
BRA.22.33_2,BRA.22_1,Rondônia,OuroPretodoOeste,Município,1100155,ouropretodooeste
BRA.22.34_2,BRA.22_1,Rondônia,Parecis,Município,1101450,parecis
BRA.22.35_2,BRA.22_1,Rondônia,PimentaBueno,Município,1100189,pimentabueno
BRA.22.36_2,BRA.22_1,Rondônia,PimenteirasdoOeste,Município,1101468,pimenteirasdooeste
BRA.22.37_2,BRA.22_1,Rondônia,PortoVelho,Município,1100205,portovelho
BRA.22.38_2,BRA.22_1,Rondônia,PresidenteMédici,Município,1100254,presidentemedici
BRA.22.39_2,BRA.22_1,Rondônia,PrimaveradeRondônia,Município,1101476,primaveraderondonia
BRA.22.40_2,BRA.22_1,Rondônia,RioCrespo,Município,1100262,riocrespo
BRA.22.41_2,BRA.22_1,Rondônia,RolimdeMoura,Município,1100288,rolimdemoura
BRA.22.42_2,BRA.22_1,Rondônia,SantaLuziaD'Oeste,Município,1100296,santaluziadoeste
BRA.22.43_2,BRA.22_1,Rondônia,SãoFelipeD'Oeste,Município,1101484,saofelipedoeste
BRA.22.44_2,BRA.22_1,Rondônia,SãoFranciscodoGuaporé,Município,1101492,saofranciscodoguapore
BRA.22.45_2,BRA.22_1,Rondônia,SãoMigueldoGuaporé,Município,1100320,saomigueldoguapore
BRA.22.46_2,BRA.22_1,Rondônia,Seringueiras,Município,1101500,seringueiras
BRA.22.47_2,BRA.22_1,Rondônia,Teixeirópolis,Município,1101559,teixeiropolis
BRA.22.48_2,BRA.22_1,Rondônia,Theobroma,Município,1101609,theobroma
BRA.22.49_2,BRA.22_1,Rondônia,Urupá,Município,1101708,urupa
BRA.22.50_2,BRA.22_1,Rondônia,ValedoAnari,Município,1101757,valedoanari
BRA.22.51_2,BRA.22_1,Rondônia,ValedoParaíso,Município,1101807,valedoparaiso
BRA.22.52_2,BRA.22_1,Rondônia,Vilhena,Município,1100304,vilhena
BRA.23.1_2,BRA.23_1,Roraima,AltoAlegre,Município,1400050,altoalegre
BRA.23.2_2,BRA.23_1,Roraima,Amajari,Município,1400027,amajari
BRA.23.3_2,BRA.23_1,Roraima,BoaVista,Município,1400100,boavista
BRA.23.4_2,BRA.23_1,Roraima,Bonfim,Município,1400159,bonfim
BRA.23.5_2,BRA.23_1,Roraima,Cantá,Município,1400175,canta
BRA.23.6_2,BRA.23_1,Roraima,Caracaraí,Município,1400209,caracarai
BRA.23.7_2,BRA.23_1,Roraima,Caroebe,Município,1400233,caroebe
BRA.23.8_2,BRA.23_1,Roraima,Iracema,Município,1400282,iracema
BRA.23.9_2,BRA.23_1,Roraima,Mucajaí,Município,1400308,mucajai
BRA.23.10_2,BRA.23_1,Roraima,Normandia,Município,1400407,normandia
BRA.23.11_2,BRA.23_1,Roraima,Pacaraima,Município,1400456,pacaraima
BRA.23.12_2,BRA.23_1,Roraima,Rorainópolis,Município,1400472,rorainopolis
BRA.23.13_2,BRA.23_1,Roraima,SãoJoãodaBaliza,Município,1400506,saojoaodabaliza
BRA.23.14_2,BRA.23_1,Roraima,SãoLuiz,Município,1400605,saoluiz
BRA.23.15_2,BRA.23_1,Roraima,Uiramutã,Município,1400704,uiramuta
BRA.24.1_2,BRA.24_1,SantaCatarina,AbdonBatista,Município,4200051,abdonbatista
BRA.24.2_2,BRA.24_1,SantaCatarina,AbelardoLuz,Município,4200101,abelardoluz
BRA.24.3_2,BRA.24_1,SantaCatarina,Agrolândia,Município,4200200,agrolandia
BRA.24.4_2,BRA.24_1,SantaCatarina,Agronômica,Município,4200309,agronomica
BRA.24.5_2,BRA.24_1,SantaCatarina,ÁguaDoce,Município,4200408,aguadoce
BRA.24.6_2,BRA.24_1,SantaCatarina,ÁguasdeChapecó,Município,4200507,aguasdechapeco
BRA.24.7_2,BRA.24_1,SantaCatarina,ÁguasFrias,Município,4200556,aguasfrias
BRA.24.8_2,BRA.24_1,SantaCatarina,ÁguasMornas,Município,4200606,aguasmornas
BRA.24.9_2,BRA.24_1,SantaCatarina,AlfredoWagner,Município,4200705,alfredowagner
BRA.24.10_2,BRA.24_1,SantaCatarina,AltoBelaVista,Município,4200754,altobelavista
BRA.24.11_2,BRA.24_1,SantaCatarina,Anchieta,Município,4200804,anchieta
BRA.24.12_2,BRA.24_1,SantaCatarina,Angelina,Município,4200903,angelina
BRA.24.13_2,BRA.24_1,SantaCatarina,AnitaGaribaldi,Município,4201000,anitagaribaldi
BRA.24.14_2,BRA.24_1,SantaCatarina,Anitápolis,Município,4201109,anitapolis
BRA.24.15_2,BRA.24_1,SantaCatarina,AntônioCarlos,Município,4201208,antoniocarlos
BRA.24.16_2,BRA.24_1,SantaCatarina,Apiúna,Município,4201257,apiuna
BRA.24.17_2,BRA.24_1,SantaCatarina,Arabutã,Município,4201273,arabuta
BRA.24.18_2,BRA.24_1,SantaCatarina,Araquari,Município,4201307,araquari
BRA.24.19_2,BRA.24_1,SantaCatarina,Araranguá,Município,4201406,ararangua
BRA.24.20_2,BRA.24_1,SantaCatarina,Armazém,Município,4201505,armazem
BRA.24.21_2,BRA.24_1,SantaCatarina,ArroioTrinta,Município,4201604,arroiotrinta
BRA.24.22_2,BRA.24_1,SantaCatarina,Arvoredo,Município,4201653,arvoredo
BRA.24.23_2,BRA.24_1,SantaCatarina,Ascurra,Município,4201703,ascurra
BRA.24.24_2,BRA.24_1,SantaCatarina,Atalanta,Município,4201802,atalanta
BRA.24.25_2,BRA.24_1,SantaCatarina,Aurora,Município,4201901,aurora
BRA.24.26_2,BRA.24_1,SantaCatarina,BalneárioArroiodoSilva,Município,4201950,balnearioarroiodosilva
BRA.24.27_2,BRA.24_1,SantaCatarina,BalneárioBarradoSul,Município,4202057,balneariobarradosul
BRA.24.28_2,BRA.24_1,SantaCatarina,BalneárioCamboriú,Município,4202008,balneariocamboriu
BRA.24.29_2,BRA.24_1,SantaCatarina,BalneárioGaivota,Município,4202073,balneariogaivota
BRA.24.30_2,BRA.24_1,SantaCatarina,BalneárioPiçarras,Município,4212809,balneariopicarras
BRA.24.31_2,BRA.24_1,SantaCatarina,BalneárioRincão,Município,4220000,balneariorincao
BRA.24.32_2,BRA.24_1,SantaCatarina,Bandeirante,Município,4202081,bandeirante
BRA.24.33_2,BRA.24_1,SantaCatarina,BarraBonita,Município,4202099,barrabonita
BRA.24.34_2,BRA.24_1,SantaCatarina,BarraVelha,Município,4202107,barravelha
BRA.24.35_2,BRA.24_1,SantaCatarina,BelaVistadoToldo,Município,4202131,belavistadotoldo
BRA.24.36_2,BRA.24_1,SantaCatarina,Belmonte,Município,4202156,belmonte
BRA.24.37_2,BRA.24_1,SantaCatarina,BeneditoNovo,Município,4202206,beneditonovo
BRA.24.38_2,BRA.24_1,SantaCatarina,Biguaçu,Município,4202305,biguacu
BRA.24.39_2,BRA.24_1,SantaCatarina,Blumenau,Município,4202404,blumenau
BRA.24.40_2,BRA.24_1,SantaCatarina,BocainadoSul,Município,4202438,bocainadosul
BRA.24.41_2,BRA.24_1,SantaCatarina,BomJardimdaSerra,Município,4202503,bomjardimdaserra
BRA.24.42_2,BRA.24_1,SantaCatarina,BomJesus,Município,4202537,bomjesus
BRA.24.43_2,BRA.24_1,SantaCatarina,BomJesusdoOeste,Município,4202578,bomjesusdooeste
BRA.24.44_2,BRA.24_1,SantaCatarina,BomRetiro,Município,4202602,bomretiro
BRA.24.45_2,BRA.24_1,SantaCatarina,Bombinhas,Município,4202453,bombinhas
BRA.24.46_2,BRA.24_1,SantaCatarina,Botuverá,Município,4202701,botuvera
BRA.24.47_2,BRA.24_1,SantaCatarina,BraçodoNorte,Município,4202800,bracodonorte
BRA.24.48_2,BRA.24_1,SantaCatarina,BraçodoTrombudo,Município,4202859,bracodotrombudo
BRA.24.49_2,BRA.24_1,SantaCatarina,Brunópolis,Município,4202875,brunopolis
BRA.24.50_2,BRA.24_1,SantaCatarina,Brusque,Município,4202909,brusque
BRA.24.51_2,BRA.24_1,SantaCatarina,Caçador,Município,4203006,cacador
BRA.24.52_2,BRA.24_1,SantaCatarina,Caibi,Município,4203105,caibi
BRA.24.53_2,BRA.24_1,SantaCatarina,Calmon,Município,4203154,calmon
BRA.24.54_2,BRA.24_1,SantaCatarina,Camboriú,Município,4203204,camboriu
BRA.24.55_2,BRA.24_1,SantaCatarina,CampoAlegre,Município,4203303,campoalegre
BRA.24.56_2,BRA.24_1,SantaCatarina,CampoBelodoSul,Município,4203402,campobelodosul
BRA.24.57_2,BRA.24_1,SantaCatarina,CampoErê,Município,4203501,campoere
BRA.24.58_2,BRA.24_1,SantaCatarina,CamposNovos,Município,4203600,camposnovos
BRA.24.59_2,BRA.24_1,SantaCatarina,Canelinha,Município,4203709,canelinha
BRA.24.60_2,BRA.24_1,SantaCatarina,Canoinhas,Município,4203808,canoinhas
BRA.24.61_2,BRA.24_1,SantaCatarina,CapãoAlto,Município,4203253,capaoalto
BRA.24.62_2,BRA.24_1,SantaCatarina,Capinzal,Município,4203907,capinzal
BRA.24.63_2,BRA.24_1,SantaCatarina,CapivarideBaixo,Município,4203956,capivaridebaixo
BRA.24.64_2,BRA.24_1,SantaCatarina,Catanduvas,Município,4204004,catanduvas
BRA.24.65_2,BRA.24_1,SantaCatarina,CaxambudoSul,Município,4204103,caxambudosul
BRA.24.66_2,BRA.24_1,SantaCatarina,CelsoRamos,Município,4204152,celsoramos
BRA.24.67_2,BRA.24_1,SantaCatarina,CerroNegro,Município,4204178,cerronegro
BRA.24.68_2,BRA.24_1,SantaCatarina,ChapadãodoLageado,Município,4204194,chapadaodolageado
BRA.24.69_2,BRA.24_1,SantaCatarina,Chapecó,Município,4204202,chapeco
BRA.24.70_2,BRA.24_1,SantaCatarina,CocaldoSul,Município,4204251,cocaldosul
BRA.24.71_2,BRA.24_1,SantaCatarina,Concórdia,Município,4204301,concordia
BRA.24.72_2,BRA.24_1,SantaCatarina,CordilheiraAlta,Município,4204350,cordilheiraalta
BRA.24.73_2,BRA.24_1,SantaCatarina,CoronelFreitas,Município,4204400,coronelfreitas
BRA.24.74_2,BRA.24_1,SantaCatarina,CoronelMartins,Município,4204459,coronelmartins
BRA.24.75_2,BRA.24_1,SantaCatarina,CorreiaPinto,Município,4204558,correiapinto
BRA.24.76_2,BRA.24_1,SantaCatarina,Corupá,Município,4204509,corupa
BRA.24.77_2,BRA.24_1,SantaCatarina,Criciúma,Município,4204608,criciuma
BRA.24.78_2,BRA.24_1,SantaCatarina,CunhaPorã,Município,4204707,cunhapora
BRA.24.79_2,BRA.24_1,SantaCatarina,Cunhataí,Município,4204756,cunhatai
BRA.24.80_2,BRA.24_1,SantaCatarina,Curitibanos,Município,4204806,curitibanos
BRA.24.81_2,BRA.24_1,SantaCatarina,Descanso,Município,4204905,descanso
BRA.24.82_2,BRA.24_1,SantaCatarina,DionísioCerqueira,Município,4205001,dionisiocerqueira
BRA.24.83_2,BRA.24_1,SantaCatarina,DonaEmma,Município,4205100,donaemma
BRA.24.84_2,BRA.24_1,SantaCatarina,DoutorPedrinho,Município,4205159,doutorpedrinho
BRA.24.85_2,BRA.24_1,SantaCatarina,EntreRios,Município,4205175,entrerios
BRA.24.86_2,BRA.24_1,SantaCatarina,Ermo,Município,4205191,ermo
BRA.24.87_2,BRA.24_1,SantaCatarina,ErvalVelho,Município,4205209,ervalvelho
BRA.24.88_2,BRA.24_1,SantaCatarina,FaxinaldosGuedes,Município,4205308,faxinaldosguedes
BRA.24.89_2,BRA.24_1,SantaCatarina,FlordoSertão,Município,4205357,flordosertao
BRA.24.90_2,BRA.24_1,SantaCatarina,Florianópolis,Município,4205407,florianopolis
BRA.24.91_2,BRA.24_1,SantaCatarina,FormosadoSul,Município,4205431,formosadosul
BRA.24.92_2,BRA.24_1,SantaCatarina,Forquilhinha,Município,4205456,forquilhinha
BRA.24.93_2,BRA.24_1,SantaCatarina,Fraiburgo,Município,4205506,fraiburgo
BRA.24.94_2,BRA.24_1,SantaCatarina,FreiRogério,Município,4205555,freirogerio
BRA.24.95_2,BRA.24_1,SantaCatarina,Galvão,Município,4205605,galvao
BRA.24.96_2,BRA.24_1,SantaCatarina,Garopaba,Município,4205704,garopaba
BRA.24.97_2,BRA.24_1,SantaCatarina,Garuva,Município,4205803,garuva
BRA.24.98_2,BRA.24_1,SantaCatarina,Gaspar,Município,4205902,gaspar
BRA.24.99_2,BRA.24_1,SantaCatarina,GovernadorCelsoRamos,Município,4206009,governadorcelsoramos
BRA.24.100_2,BRA.24_1,SantaCatarina,Grão-Pará,Município,4206108,graopara
BRA.24.101_2,BRA.24_1,SantaCatarina,Gravatal,Município,4206207,gravatal
BRA.24.102_2,BRA.24_1,SantaCatarina,Guabiruba,Município,4206306,guabiruba
BRA.24.103_2,BRA.24_1,SantaCatarina,Guaraciaba,Município,4206405,guaraciaba
BRA.24.104_2,BRA.24_1,SantaCatarina,Guaramirim,Município,4206504,guaramirim
BRA.24.105_2,BRA.24_1,SantaCatarina,GuarujádoSul,Município,4206603,guarujadosul
BRA.24.106_2,BRA.24_1,SantaCatarina,Guatambú,Município,4206652,guatambu
BRA.24.107_2,BRA.24_1,SantaCatarina,Hervald'Oeste,Município,4206702,hervaldoeste
BRA.24.108_2,BRA.24_1,SantaCatarina,Ibiam,Município,4206751,ibiam
BRA.24.109_2,BRA.24_1,SantaCatarina,Ibicaré,Município,4206801,ibicare
BRA.24.110_2,BRA.24_1,SantaCatarina,Ibirama,Município,4206900,ibirama
BRA.24.111_2,BRA.24_1,SantaCatarina,Içara,Município,4207007,icara
BRA.24.112_2,BRA.24_1,SantaCatarina,Ilhota,Município,4207106,ilhota
BRA.24.113_2,BRA.24_1,SantaCatarina,Imaruí,Município,4207205,imarui
BRA.24.114_2,BRA.24_1,SantaCatarina,Imbituba,Município,4207304,imbituba
BRA.24.115_2,BRA.24_1,SantaCatarina,Imbuia,Município,4207403,imbuia
BRA.24.116_2,BRA.24_1,SantaCatarina,Indaial,Município,4207502,indaial
BRA.24.117_2,BRA.24_1,SantaCatarina,Iomerê,Município,4207577,iomere
BRA.24.118_2,BRA.24_1,SantaCatarina,Ipira,Município,4207601,ipira
BRA.24.119_2,BRA.24_1,SantaCatarina,IporãdoOeste,Município,4207650,iporadooeste
BRA.24.120_2,BRA.24_1,SantaCatarina,Ipuaçu,Município,4207684,ipuacu
BRA.24.121_2,BRA.24_1,SantaCatarina,Ipumirim,Município,4207700,ipumirim
BRA.24.122_2,BRA.24_1,SantaCatarina,Iraceminha,Município,4207759,iraceminha
BRA.24.123_2,BRA.24_1,SantaCatarina,Irani,Município,4207809,irani
BRA.24.124_2,BRA.24_1,SantaCatarina,Irati,Município,4207858,irati
BRA.24.125_2,BRA.24_1,SantaCatarina,Irineópolis,Município,4207908,irineopolis
BRA.24.126_2,BRA.24_1,SantaCatarina,Itá,Município,4208005,ita
BRA.24.127_2,BRA.24_1,SantaCatarina,Itaiópolis,Município,4208104,itaiopolis
BRA.24.128_2,BRA.24_1,SantaCatarina,Itajaí,Município,4208203,itajai
BRA.24.129_2,BRA.24_1,SantaCatarina,Itapema,Município,4208302,itapema
BRA.24.130_2,BRA.24_1,SantaCatarina,Itapiranga,Município,4208401,itapiranga
BRA.24.131_2,BRA.24_1,SantaCatarina,Itapoá,Município,4208450,itapoa
BRA.24.132_2,BRA.24_1,SantaCatarina,Ituporanga,Município,4208500,ituporanga
BRA.24.133_2,BRA.24_1,SantaCatarina,Jaborá,Município,4208609,jabora
BRA.24.134_2,BRA.24_1,SantaCatarina,JacintoMachado,Município,4208708,jacintomachado
BRA.24.135_2,BRA.24_1,SantaCatarina,Jaguaruna,Município,4208807,jaguaruna
BRA.24.136_2,BRA.24_1,SantaCatarina,JaraguádoSul,Município,4208906,jaraguadosul
BRA.24.137_2,BRA.24_1,SantaCatarina,Jardinópolis,Município,4208955,jardinopolis
BRA.24.138_2,BRA.24_1,SantaCatarina,Joaçaba,Município,4209003,joacaba
BRA.24.139_2,BRA.24_1,SantaCatarina,Joinville,Município,4209102,joinville
BRA.24.140_2,BRA.24_1,SantaCatarina,JoséBoiteux,Município,4209151,joseboiteux
BRA.24.141_2,BRA.24_1,SantaCatarina,Jupiá,Município,4209177,jupia
BRA.24.142_2,BRA.24_1,SantaCatarina,Lacerdópolis,Município,4209201,lacerdopolis
BRA.24.143_2,BRA.24_1,SantaCatarina,Lages,Município,4209300,lages
BRA.24.144_2,BRA.24_1,SantaCatarina,Laguna,Município,4209409,laguna
BRA.24.145_2,BRA.24_1,SantaCatarina,LajeadoGrande,Município,4209458,lajeadogrande
BRA.24.146_2,BRA.24_1,SantaCatarina,Laurentino,Município,4209508,laurentino
BRA.24.147_2,BRA.24_1,SantaCatarina,LauroMüller,Município,4209607,lauromuller
BRA.24.148_2,BRA.24_1,SantaCatarina,LebonRégis,Município,4209706,lebonregis
BRA.24.149_2,BRA.24_1,SantaCatarina,LeobertoLeal,Município,4209805,leobertoleal
BRA.24.150_2,BRA.24_1,SantaCatarina,LindóiadoSul,Município,4209854,lindoiadosul
BRA.24.151_2,BRA.24_1,SantaCatarina,Lontras,Município,4209904,lontras
BRA.24.152_2,BRA.24_1,SantaCatarina,LuizAlves,Município,4210001,luizalves
BRA.24.153_2,BRA.24_1,SantaCatarina,Luzerna,Município,4210035,luzerna
BRA.24.154_2,BRA.24_1,SantaCatarina,Macieira,Município,4210050,macieira
BRA.24.155_2,BRA.24_1,SantaCatarina,Mafra,Município,4210100,mafra
BRA.24.156_2,BRA.24_1,SantaCatarina,MajorGercino,Município,4210209,majorgercino
BRA.24.157_2,BRA.24_1,SantaCatarina,MajorVieira,Município,4210308,majorvieira
BRA.24.158_2,BRA.24_1,SantaCatarina,Maracajá,Município,4210407,maracaja
BRA.24.159_2,BRA.24_1,SantaCatarina,Maravilha,Município,4210506,maravilha
BRA.24.160_2,BRA.24_1,SantaCatarina,Marema,Município,4210555,marema
BRA.24.161_2,BRA.24_1,SantaCatarina,Massaranduba,Município,4210605,massaranduba
BRA.24.162_2,BRA.24_1,SantaCatarina,MatosCosta,Município,4210704,matoscosta
BRA.24.163_2,BRA.24_1,SantaCatarina,Meleiro,Município,4210803,meleiro
BRA.24.164_2,BRA.24_1,SantaCatarina,MirimDoce,Município,4210852,mirimdoce
BRA.24.165_2,BRA.24_1,SantaCatarina,Modelo,Município,4210902,modelo
BRA.24.166_2,BRA.24_1,SantaCatarina,Mondaí,Município,4211009,mondai
BRA.24.167_2,BRA.24_1,SantaCatarina,MonteCarlo,Município,4211058,montecarlo
BRA.24.168_2,BRA.24_1,SantaCatarina,MonteCastelo,Município,4211108,montecastelo
BRA.24.169_2,BRA.24_1,SantaCatarina,MorrodaFumaça,Município,4211207,morrodafumaca
BRA.24.170_2,BRA.24_1,SantaCatarina,MorroGrande,Município,4211256,morrogrande
BRA.24.171_2,BRA.24_1,SantaCatarina,Navegantes,Município,4211306,navegantes
BRA.24.172_2,BRA.24_1,SantaCatarina,NovaErechim,Município,4211405,novaerechim
BRA.24.173_2,BRA.24_1,SantaCatarina,NovaItaberaba,Município,4211454,novaitaberaba
BRA.24.174_2,BRA.24_1,SantaCatarina,NovaTrento,Município,4211504,novatrento
BRA.24.175_2,BRA.24_1,SantaCatarina,NovaVeneza,Município,4211603,novaveneza
BRA.24.176_2,BRA.24_1,SantaCatarina,NovoHorizonte,Município,4211652,novohorizonte
BRA.24.177_2,BRA.24_1,SantaCatarina,Orleans,Município,4211702,orleans
BRA.24.178_2,BRA.24_1,SantaCatarina,OtacílioCosta,Município,4211751,otaciliocosta
BRA.24.179_2,BRA.24_1,SantaCatarina,Ouro,Município,4211801,ouro
BRA.24.180_2,BRA.24_1,SantaCatarina,OuroVerde,Município,4211850,ouroverde
BRA.24.181_2,BRA.24_1,SantaCatarina,Paial,Município,4211876,paial
BRA.24.182_2,BRA.24_1,SantaCatarina,Painel,Município,4211892,painel
BRA.24.183_2,BRA.24_1,SantaCatarina,Palhoça,Município,4211900,palhoca
BRA.24.184_2,BRA.24_1,SantaCatarina,PalmaSola,Município,4212007,palmasola
BRA.24.185_2,BRA.24_1,SantaCatarina,Palmeira,Município,4212056,palmeira
BRA.24.186_2,BRA.24_1,SantaCatarina,Palmitos,Município,4212106,palmitos
BRA.24.187_2,BRA.24_1,SantaCatarina,Papanduva,Município,4212205,papanduva
BRA.24.188_2,BRA.24_1,SantaCatarina,Paraíso,Município,4212239,paraiso
BRA.24.189_2,BRA.24_1,SantaCatarina,PassodeTorres,Município,4212254,passodetorres
BRA.24.190_2,BRA.24_1,SantaCatarina,PassosMaia,Município,4212270,passosmaia
BRA.24.191_2,BRA.24_1,SantaCatarina,PauloLopes,Município,4212304,paulolopes
BRA.24.192_2,BRA.24_1,SantaCatarina,PedrasGrandes,Município,4212403,pedrasgrandes
BRA.24.193_2,BRA.24_1,SantaCatarina,Penha,Município,4212502,penha
BRA.24.194_2,BRA.24_1,SantaCatarina,Peritiba,Município,4212601,peritiba
BRA.24.195_2,BRA.24_1,SantaCatarina,PescariaBrava,Município,4212650,pescariabrava
BRA.24.196_2,BRA.24_1,SantaCatarina,Petrolândia,Município,4212700,petrolandia
BRA.24.197_2,BRA.24_1,SantaCatarina,Pinhalzinho,Município,4212908,pinhalzinho
BRA.24.198_2,BRA.24_1,SantaCatarina,PinheiroPreto,Município,4213005,pinheiropreto
BRA.24.199_2,BRA.24_1,SantaCatarina,Piratuba,Município,4213104,piratuba
BRA.24.200_2,BRA.24_1,SantaCatarina,PlanaltoAlegre,Município,4213153,planaltoalegre
BRA.24.201_2,BRA.24_1,SantaCatarina,Pomerode,Município,4213203,pomerode
BRA.24.202_2,BRA.24_1,SantaCatarina,PonteAlta,Município,4213302,pontealta
BRA.24.203_2,BRA.24_1,SantaCatarina,PonteAltadoNorte,Município,4213351,pontealtadonorte
BRA.24.204_2,BRA.24_1,SantaCatarina,PonteSerrada,Município,4213401,ponteserrada
BRA.24.205_2,BRA.24_1,SantaCatarina,PortoBelo,Município,4213500,portobelo
BRA.24.206_2,BRA.24_1,SantaCatarina,PortoUnião,Município,4213609,portouniao
BRA.24.207_2,BRA.24_1,SantaCatarina,PousoRedondo,Município,4213708,pousoredondo
BRA.24.208_2,BRA.24_1,SantaCatarina,PraiaGrande,Município,4213807,praiagrande
BRA.24.209_2,BRA.24_1,SantaCatarina,PresidenteCastelloBranco,Município,4213906,presidentecastellobranco
BRA.24.210_2,BRA.24_1,SantaCatarina,PresidenteGetúlio,Município,4214003,presidentegetulio
BRA.24.211_2,BRA.24_1,SantaCatarina,PresidenteNereu,Município,4214102,presidentenereu
BRA.24.212_2,BRA.24_1,SantaCatarina,Princesa,Município,4214151,princesa
BRA.24.213_2,BRA.24_1,SantaCatarina,Quilombo,Município,4214201,quilombo
BRA.24.214_2,BRA.24_1,SantaCatarina,RanchoQueimado,Município,4214300,ranchoqueimado
BRA.24.215_2,BRA.24_1,SantaCatarina,RiodasAntas,Município,4214409,riodasantas
BRA.24.216_2,BRA.24_1,SantaCatarina,RiodoCampo,Município,4214508,riodocampo
BRA.24.217_2,BRA.24_1,SantaCatarina,RiodoOeste,Município,4214607,riodooeste
BRA.24.218_2,BRA.24_1,SantaCatarina,RiodoSul,Município,4214805,riodosul
BRA.24.219_2,BRA.24_1,SantaCatarina,RiodosCedros,Município,4214706,riodoscedros
BRA.24.220_2,BRA.24_1,SantaCatarina,RioFortuna,Município,4214904,riofortuna
BRA.24.221_2,BRA.24_1,SantaCatarina,RioNegrinho,Município,4215000,rionegrinho
BRA.24.222_2,BRA.24_1,SantaCatarina,RioRufino,Município,4215059,riorufino
BRA.24.223_2,BRA.24_1,SantaCatarina,Riqueza,Município,4215075,riqueza
BRA.24.224_2,BRA.24_1,SantaCatarina,Rodeio,Município,4215109,rodeio
BRA.24.225_2,BRA.24_1,SantaCatarina,Romelândia,Município,4215208,romelandia
BRA.24.226_2,BRA.24_1,SantaCatarina,Salete,Município,4215307,salete
BRA.24.227_2,BRA.24_1,SantaCatarina,Saltinho,Município,4215356,saltinho
BRA.24.228_2,BRA.24_1,SantaCatarina,SaltoVeloso,Município,4215406,saltoveloso
BRA.24.229_2,BRA.24_1,SantaCatarina,Sangão,Município,4215455,sangao
BRA.24.230_2,BRA.24_1,SantaCatarina,SantaCecília,Município,4215505,santacecilia
BRA.24.231_2,BRA.24_1,SantaCatarina,SantaHelena,Município,4215554,santahelena
BRA.24.232_2,BRA.24_1,SantaCatarina,SantaRosadeLima,Município,4215604,santarosadelima
BRA.24.233_2,BRA.24_1,SantaCatarina,SantaRosadoSul,Município,4215653,santarosadosul
BRA.24.234_2,BRA.24_1,SantaCatarina,SantaTerezinha,Município,4215679,santaterezinha
BRA.24.235_2,BRA.24_1,SantaCatarina,SantaTerezinhadoProgresso,Município,4215687,santaterezinhadoprogresso
BRA.24.236_2,BRA.24_1,SantaCatarina,SantiagodoSul,Município,4215695,santiagodosul
BRA.24.237_2,BRA.24_1,SantaCatarina,SantoAmarodaImperatriz,Município,4215703,santoamarodaimperatriz
BRA.24.238_2,BRA.24_1,SantaCatarina,SãoBentodoSul,Município,4215802,saobentodosul
BRA.24.239_2,BRA.24_1,SantaCatarina,SãoBernardino,Município,4215752,saobernardino
BRA.24.240_2,BRA.24_1,SantaCatarina,SãoBonifácio,Município,4215901,saobonifacio
BRA.24.241_2,BRA.24_1,SantaCatarina,SãoCarlos,Município,4216008,saocarlos
BRA.24.242_2,BRA.24_1,SantaCatarina,SãoCristóvãodoSul,Município,4216057,saocristovaodosul
BRA.24.243_2,BRA.24_1,SantaCatarina,SãoDomingos,Município,4216107,saodomingos
BRA.24.244_2,BRA.24_1,SantaCatarina,SãoFranciscodoSul,Município,4216206,saofranciscodosul
BRA.24.245_2,BRA.24_1,SantaCatarina,SãoJoãoBatista,Município,4216305,saojoaobatista
BRA.24.246_2,BRA.24_1,SantaCatarina,SãoJoãodoItaperiú,Município,4216354,saojoaodoitaperiu
BRA.24.247_2,BRA.24_1,SantaCatarina,SãoJoãodoOeste,Município,4216255,saojoaodooeste
BRA.24.248_2,BRA.24_1,SantaCatarina,SãoJoãodoSul,Município,4216404,saojoaodosul
BRA.24.249_2,BRA.24_1,SantaCatarina,SãoJoaquim,Município,4216503,saojoaquim
BRA.24.250_2,BRA.24_1,SantaCatarina,SãoJosé,Município,4216602,saojose
BRA.24.251_2,BRA.24_1,SantaCatarina,SãoJosédoCedro,Município,4216701,saojosedocedro
BRA.24.252_2,BRA.24_1,SantaCatarina,SãoJosédoCerrito,Município,4216800,saojosedocerrito
BRA.24.253_2,BRA.24_1,SantaCatarina,SãoLourençodoOeste,Município,4216909,saolourencodooeste
BRA.24.254_2,BRA.24_1,SantaCatarina,SãoLudgero,Município,4217006,saoludgero
BRA.24.255_2,BRA.24_1,SantaCatarina,SãoMartinho,Município,4217105,saomartinho
BRA.24.256_2,BRA.24_1,SantaCatarina,SãoMigueldaBoaVista,Município,4217154,saomigueldaboavista
BRA.24.257_2,BRA.24_1,SantaCatarina,SãoMigueldoOeste,Município,4217204,saomigueldooeste
BRA.24.258_2,BRA.24_1,SantaCatarina,SãoPedrodeAlcântara,Município,4217253,saopedrodealcantara
BRA.24.259_2,BRA.24_1,SantaCatarina,Saudades,Município,4217303,saudades
BRA.24.260_2,BRA.24_1,SantaCatarina,Schroeder,Município,4217402,schroeder
BRA.24.261_2,BRA.24_1,SantaCatarina,Seara,Município,4217501,seara
BRA.24.262_2,BRA.24_1,SantaCatarina,SerraAlta,Município,4217550,serraalta
BRA.24.263_2,BRA.24_1,SantaCatarina,Siderópolis,Município,4217600,sideropolis
BRA.24.264_2,BRA.24_1,SantaCatarina,Sombrio,Município,4217709,sombrio
BRA.24.265_2,BRA.24_1,SantaCatarina,SulBrasil,Município,4217758,sulbrasil
BRA.24.266_2,BRA.24_1,SantaCatarina,Taió,Município,4217808,taio
BRA.24.267_2,BRA.24_1,SantaCatarina,Tangará,Município,4217907,tangara
BRA.24.268_2,BRA.24_1,SantaCatarina,Tigrinhos,Município,4217956,tigrinhos
BRA.24.269_2,BRA.24_1,SantaCatarina,Tijucas,Município,4218004,tijucas
BRA.24.270_2,BRA.24_1,SantaCatarina,TimbédoSul,Município,4218103,timbedosul
BRA.24.271_2,BRA.24_1,SantaCatarina,Timbó,Município,4218202,timbo
BRA.24.272_2,BRA.24_1,SantaCatarina,TimbóGrande,Município,4218251,timbogrande
BRA.24.273_2,BRA.24_1,SantaCatarina,TrêsBarras,Município,4218301,tresbarras
BRA.24.274_2,BRA.24_1,SantaCatarina,Treviso,Município,4218350,treviso
BRA.24.275_2,BRA.24_1,SantaCatarina,TrezedeMaio,Município,4218400,trezedemaio
BRA.24.276_2,BRA.24_1,SantaCatarina,TrezeTílias,Município,4218509,trezetilias
BRA.24.277_2,BRA.24_1,SantaCatarina,TrombudoCentral,Município,4218608,trombudocentral
BRA.24.278_2,BRA.24_1,SantaCatarina,Tubarão,Município,4218707,tubarao
BRA.24.279_2,BRA.24_1,SantaCatarina,Tunápolis,Município,4218756,tunapolis
BRA.24.280_2,BRA.24_1,SantaCatarina,Turvo,Município,4218806,turvo
BRA.24.281_2,BRA.24_1,SantaCatarina,UniãodoOeste,Município,4218855,uniaodooeste
BRA.24.282_2,BRA.24_1,SantaCatarina,Urubici,Município,4218905,urubici
BRA.24.283_2,BRA.24_1,SantaCatarina,Urupema,Município,4218954,urupema
BRA.24.284_2,BRA.24_1,SantaCatarina,Urussanga,Município,4219002,urussanga
BRA.24.285_2,BRA.24_1,SantaCatarina,Vargeão,Município,4219101,vargeao
BRA.24.286_2,BRA.24_1,SantaCatarina,Vargem,Município,4219150,vargem
BRA.24.287_2,BRA.24_1,SantaCatarina,VargemBonita,Município,4219176,vargembonita
BRA.24.288_2,BRA.24_1,SantaCatarina,VidalRamos,Município,4219200,vidalramos
BRA.24.289_2,BRA.24_1,SantaCatarina,Videira,Município,4219309,videira
BRA.24.290_2,BRA.24_1,SantaCatarina,VitorMeireles,Município,4219358,vitormeireles
BRA.24.291_2,BRA.24_1,SantaCatarina,Witmarsum,Município,4219408,witmarsum
BRA.24.292_2,BRA.24_1,SantaCatarina,Xanxerê,Município,4219507,xanxere
BRA.24.293_2,BRA.24_1,SantaCatarina,Xavantina,Município,4219606,xavantina
BRA.24.294_2,BRA.24_1,SantaCatarina,Xaxim,Município,4219705,xaxim
BRA.24.295_2,BRA.24_1,SantaCatarina,Zortéa,Município,4219853,zortea
BRA.25.1_2,BRA.25_1,SãoPaulo,Adamantina,Município,3500105,adamantina
BRA.25.2_2,BRA.25_1,SãoPaulo,Adolfo,Município,3500204,adolfo
BRA.25.3_2,BRA.25_1,SãoPaulo,Aguaí,Município,3500303,aguai
BRA.25.4_2,BRA.25_1,SãoPaulo,ÁguasdaPrata,Município,3500402,aguasdaprata
BRA.25.5_2,BRA.25_1,SãoPaulo,ÁguasdeLindóia,Município,3500501,aguasdelindoia
BRA.25.6_2,BRA.25_1,SãoPaulo,ÁguasdeSantaBárbara,Município,3500550,aguasdesantabarbara
BRA.25.7_2,BRA.25_1,SãoPaulo,ÁguasdeSãoPedro,Município,3500600,aguasdesaopedro
BRA.25.8_2,BRA.25_1,SãoPaulo,Agudos,Município,3500709,agudos
BRA.25.9_2,BRA.25_1,SãoPaulo,Alambari,Município,3500758,alambari
BRA.25.10_2,BRA.25_1,SãoPaulo,AlfredoMarcondes,Município,3500808,alfredomarcondes
BRA.25.11_2,BRA.25_1,SãoPaulo,Altair,Município,3500907,altair
BRA.25.12_2,BRA.25_1,SãoPaulo,Altinópolis,Município,3501004,altinopolis
BRA.25.13_2,BRA.25_1,SãoPaulo,AltoAlegre,Município,3501103,altoalegre
BRA.25.14_2,BRA.25_1,SãoPaulo,Alumínio,Município,3501152,aluminio
BRA.25.15_2,BRA.25_1,SãoPaulo,ÁlvaresFlorence,Município,3501202,alvaresflorence
BRA.25.16_2,BRA.25_1,SãoPaulo,ÁlvaresMachado,Município,3501301,alvaresmachado
BRA.25.17_2,BRA.25_1,SãoPaulo,ÁlvarodeCarvalho,Município,3501400,alvarodecarvalho
BRA.25.18_2,BRA.25_1,SãoPaulo,Alvinlândia,Município,3501509,alvinlandia
BRA.25.19_2,BRA.25_1,SãoPaulo,Americana,Município,3501608,americana
BRA.25.20_2,BRA.25_1,SãoPaulo,AméricoBrasiliense,Município,3501707,americobrasiliense
BRA.25.21_2,BRA.25_1,SãoPaulo,AméricodeCampos,Município,3501806,americodecampos
BRA.25.22_2,BRA.25_1,SãoPaulo,Amparo,Município,3501905,amparo
BRA.25.23_2,BRA.25_1,SãoPaulo,Analândia,Município,3502002,analandia
BRA.25.24_2,BRA.25_1,SãoPaulo,Andradina,Município,3502101,andradina
BRA.25.25_2,BRA.25_1,SãoPaulo,Angatuba,Município,3502200,angatuba
BRA.25.26_2,BRA.25_1,SãoPaulo,Anhembi,Município,3502309,anhembi
BRA.25.27_2,BRA.25_1,SãoPaulo,Anhumas,Município,3502408,anhumas
BRA.25.28_2,BRA.25_1,SãoPaulo,Aparecida,Município,3502507,aparecida
BRA.25.29_2,BRA.25_1,SãoPaulo,Aparecidad'Oeste,Município,3502606,aparecidadoeste
BRA.25.30_2,BRA.25_1,SãoPaulo,Apiaí,Município,3502705,apiai
BRA.25.31_2,BRA.25_1,SãoPaulo,Araçariguama,Município,3502754,aracariguama
BRA.25.32_2,BRA.25_1,SãoPaulo,Araçatuba,Município,3502804,aracatuba
BRA.25.33_2,BRA.25_1,SãoPaulo,AraçoiabadaSerra,Município,3502903,aracoiabadaserra
BRA.25.34_2,BRA.25_1,SãoPaulo,Aramina,Município,3503000,aramina
BRA.25.35_2,BRA.25_1,SãoPaulo,Arandu,Município,3503109,arandu
BRA.25.36_2,BRA.25_1,SãoPaulo,Arapeí,Município,3503158,arapei
BRA.25.37_2,BRA.25_1,SãoPaulo,Araraquara,Município,3503208,araraquara
BRA.25.38_2,BRA.25_1,SãoPaulo,Araras,Município,3503307,araras
BRA.25.39_2,BRA.25_1,SãoPaulo,Arco-Íris,Município,3503356,arcoiris
BRA.25.40_2,BRA.25_1,SãoPaulo,Arealva,Município,3503406,arealva
BRA.25.41_2,BRA.25_1,SãoPaulo,Areias,Município,3503505,areias
BRA.25.42_2,BRA.25_1,SãoPaulo,Areiópolis,Município,3503604,areiopolis
BRA.25.43_2,BRA.25_1,SãoPaulo,Ariranha,Município,3503703,ariranha
BRA.25.44_2,BRA.25_1,SãoPaulo,ArturNogueira,Município,3503802,arturnogueira
BRA.25.45_2,BRA.25_1,SãoPaulo,Arujá,Município,3503901,aruja
BRA.25.46_2,BRA.25_1,SãoPaulo,Aspásia,Município,3503950,aspasia
BRA.25.47_2,BRA.25_1,SãoPaulo,Assis,Município,3504008,assis
BRA.25.48_2,BRA.25_1,SãoPaulo,Atibaia,Município,3504107,atibaia
BRA.25.49_2,BRA.25_1,SãoPaulo,Auriflama,Município,3504206,auriflama
BRA.25.50_2,BRA.25_1,SãoPaulo,Avaí,Município,3504305,avai
BRA.25.51_2,BRA.25_1,SãoPaulo,Avanhandava,Município,3504404,avanhandava
BRA.25.52_2,BRA.25_1,SãoPaulo,Avaré,Município,3504503,avare
BRA.25.53_2,BRA.25_1,SãoPaulo,BadyBassitt,Município,3504602,badybassitt
BRA.25.54_2,BRA.25_1,SãoPaulo,Balbinos,Município,3504701,balbinos
BRA.25.55_2,BRA.25_1,SãoPaulo,Bálsamo,Município,3504800,balsamo
BRA.25.56_2,BRA.25_1,SãoPaulo,Bananal,Município,3504909,bananal
BRA.25.57_2,BRA.25_1,SãoPaulo,BarãodeAntonina,Município,3505005,baraodeantonina
BRA.25.58_2,BRA.25_1,SãoPaulo,Barbosa,Município,3505104,barbosa
BRA.25.59_2,BRA.25_1,SãoPaulo,Bariri,Município,3505203,bariri
BRA.25.60_2,BRA.25_1,SãoPaulo,BarraBonita,Município,3505302,barrabonita
BRA.25.61_2,BRA.25_1,SãoPaulo,BarradoChapéu,Município,3505351,barradochapeu
BRA.25.62_2,BRA.25_1,SãoPaulo,BarradoTurvo,Município,3505401,barradoturvo
BRA.25.63_2,BRA.25_1,SãoPaulo,Barretos,Município,3505500,barretos
BRA.25.64_2,BRA.25_1,SãoPaulo,Barrinha,Município,3505609,barrinha
BRA.25.65_2,BRA.25_1,SãoPaulo,Barueri,Município,3505708,barueri
BRA.25.66_2,BRA.25_1,SãoPaulo,Bastos,Município,3505807,bastos
BRA.25.67_2,BRA.25_1,SãoPaulo,Batatais,Município,3505906,batatais
BRA.25.68_2,BRA.25_1,SãoPaulo,Bauru,Município,3506003,bauru
BRA.25.69_2,BRA.25_1,SãoPaulo,Bebedouro,Município,3506102,bebedouro
BRA.25.70_2,BRA.25_1,SãoPaulo,BentodeAbreu,Município,3506201,bentodeabreu
BRA.25.71_2,BRA.25_1,SãoPaulo,BernardinodeCampos,Município,3506300,bernardinodecampos
BRA.25.72_2,BRA.25_1,SãoPaulo,Bertioga,Município,3506359,bertioga
BRA.25.73_2,BRA.25_1,SãoPaulo,Bilac,Município,3506409,bilac
BRA.25.74_2,BRA.25_1,SãoPaulo,Birigui,Município,3506508,birigui
BRA.25.75_2,BRA.25_1,SãoPaulo,BiritibaMirim,Município,3506607,biritibamirim
BRA.25.76_2,BRA.25_1,SãoPaulo,BoaEsperançadoSul,Município,3506706,boaesperancadosul
BRA.25.77_2,BRA.25_1,SãoPaulo,Bocaina,Município,3506805,bocaina
BRA.25.78_2,BRA.25_1,SãoPaulo,Bofete,Município,3506904,bofete
BRA.25.79_2,BRA.25_1,SãoPaulo,Boituva,Município,3507001,boituva
BRA.25.80_2,BRA.25_1,SãoPaulo,BomJesusdosPerdões,Município,3507100,bomjesusdosperdoes
BRA.25.81_2,BRA.25_1,SãoPaulo,BomSucessodeItararé,Município,3507159,bomsucessodeitarare
BRA.25.82_2,BRA.25_1,SãoPaulo,Borá,Município,3507209,bora
BRA.25.83_2,BRA.25_1,SãoPaulo,Boracéia,Município,3507308,boraceia
BRA.25.84_2,BRA.25_1,SãoPaulo,Borborema,Município,3507407,borborema
BRA.25.85_2,BRA.25_1,SãoPaulo,Borebi,Município,3507456,borebi
BRA.25.86_2,BRA.25_1,SãoPaulo,Botucatu,Município,3507506,botucatu
BRA.25.87_2,BRA.25_1,SãoPaulo,BragançaPaulista,Município,3507605,bragancapaulista
BRA.25.88_2,BRA.25_1,SãoPaulo,Braúna,Município,3507704,brauna
BRA.25.89_2,BRA.25_1,SãoPaulo,BrejoAlegre,Município,3507753,brejoalegre
BRA.25.90_2,BRA.25_1,SãoPaulo,Brodowski,Município,3507803,brodowski
BRA.25.91_2,BRA.25_1,SãoPaulo,Brotas,Município,3507902,brotas
BRA.25.92_2,BRA.25_1,SãoPaulo,Buri,Município,3508009,buri
BRA.25.93_2,BRA.25_1,SãoPaulo,Buritama,Município,3508108,buritama
BRA.25.94_2,BRA.25_1,SãoPaulo,Buritizal,Município,3508207,buritizal
BRA.25.95_2,BRA.25_1,SãoPaulo,CabráliaPaulista,Município,3508306,cabraliapaulista
BRA.25.96_2,BRA.25_1,SãoPaulo,Cabreúva,Município,3508405,cabreuva
BRA.25.97_2,BRA.25_1,SãoPaulo,Caçapava,Município,3508504,cacapava
BRA.25.98_2,BRA.25_1,SãoPaulo,CachoeiraPaulista,Município,3508603,cachoeirapaulista
BRA.25.99_2,BRA.25_1,SãoPaulo,Caconde,Município,3508702,caconde
BRA.25.100_2,BRA.25_1,SãoPaulo,Cafelândia,Município,3508801,cafelandia
BRA.25.101_2,BRA.25_1,SãoPaulo,Caiabu,Município,3508900,caiabu
BRA.25.102_2,BRA.25_1,SãoPaulo,Caieiras,Município,3509007,caieiras
BRA.25.103_2,BRA.25_1,SãoPaulo,Caiuá,Município,3509106,caiua
BRA.25.104_2,BRA.25_1,SãoPaulo,Cajamar,Município,3509205,cajamar
BRA.25.105_2,BRA.25_1,SãoPaulo,Cajati,Município,3509254,cajati
BRA.25.106_2,BRA.25_1,SãoPaulo,Cajobi,Município,3509304,cajobi
BRA.25.107_2,BRA.25_1,SãoPaulo,Cajuru,Município,3509403,cajuru
BRA.25.108_2,BRA.25_1,SãoPaulo,CampinadoMonteAlegre,Município,3509452,campinadomontealegre
BRA.25.109_2,BRA.25_1,SãoPaulo,Campinas,Município,3509502,campinas
BRA.25.110_2,BRA.25_1,SãoPaulo,CampoLimpoPaulista,Município,3509601,campolimpopaulista
BRA.25.111_2,BRA.25_1,SãoPaulo,CamposdoJordão,Município,3509700,camposdojordao
BRA.25.112_2,BRA.25_1,SãoPaulo,CamposNovosPaulista,Município,3509809,camposnovospaulista
BRA.25.113_2,BRA.25_1,SãoPaulo,Cananéia,Município,3509908,cananeia
BRA.25.114_2,BRA.25_1,SãoPaulo,Canas,Município,3509957,canas
BRA.25.115_2,BRA.25_1,SãoPaulo,CândidoMota,Município,3510005,candidomota
BRA.25.116_2,BRA.25_1,SãoPaulo,CândidoRodrigues,Município,3510104,candidorodrigues
BRA.25.117_2,BRA.25_1,SãoPaulo,Canitar,Município,3510153,canitar
BRA.25.118_2,BRA.25_1,SãoPaulo,CapãoBonito,Município,3510203,capaobonito
BRA.25.119_2,BRA.25_1,SãoPaulo,CapeladoAlto,Município,3510302,capeladoalto
BRA.25.120_2,BRA.25_1,SãoPaulo,Capivari,Município,3510401,capivari
BRA.25.121_2,BRA.25_1,SãoPaulo,Caraguatatuba,Município,3510500,caraguatatuba
BRA.25.122_2,BRA.25_1,SãoPaulo,Carapicuíba,Município,3510609,carapicuiba
BRA.25.123_2,BRA.25_1,SãoPaulo,Cardoso,Município,3510708,cardoso
BRA.25.124_2,BRA.25_1,SãoPaulo,CasaBranca,Município,3510807,casabranca
BRA.25.125_2,BRA.25_1,SãoPaulo,CássiadosCoqueiros,Município,3510906,cassiadoscoqueiros
BRA.25.126_2,BRA.25_1,SãoPaulo,Castilho,Município,3511003,castilho
BRA.25.127_2,BRA.25_1,SãoPaulo,Catanduva,Município,3511102,catanduva
BRA.25.128_2,BRA.25_1,SãoPaulo,Catiguá,Município,3511201,catigua
BRA.25.129_2,BRA.25_1,SãoPaulo,Cedral,Município,3511300,cedral
BRA.25.130_2,BRA.25_1,SãoPaulo,CerqueiraCésar,Município,3511409,cerqueiracesar
BRA.25.131_2,BRA.25_1,SãoPaulo,Cerquilho,Município,3511508,cerquilho
BRA.25.132_2,BRA.25_1,SãoPaulo,CesárioLange,Município,3511607,cesariolange
BRA.25.133_2,BRA.25_1,SãoPaulo,Charqueada,Município,3511706,charqueada
BRA.25.134_2,BRA.25_1,SãoPaulo,Chavantes,Município,3557204,chavantes
BRA.25.135_2,BRA.25_1,SãoPaulo,Clementina,Município,3511904,clementina
BRA.25.136_2,BRA.25_1,SãoPaulo,Colina,Município,3512001,colina
BRA.25.137_2,BRA.25_1,SãoPaulo,Colômbia,Município,3512100,colombia
BRA.25.138_2,BRA.25_1,SãoPaulo,Conchal,Município,3512209,conchal
BRA.25.139_2,BRA.25_1,SãoPaulo,Conchas,Município,3512308,conchas
BRA.25.140_2,BRA.25_1,SãoPaulo,Cordeirópolis,Município,3512407,cordeiropolis
BRA.25.141_2,BRA.25_1,SãoPaulo,Coroados,Município,3512506,coroados
BRA.25.142_2,BRA.25_1,SãoPaulo,CoronelMacedo,Município,3512605,coronelmacedo
BRA.25.143_2,BRA.25_1,SãoPaulo,Corumbataí,Município,3512704,corumbatai
BRA.25.144_2,BRA.25_1,SãoPaulo,Cosmópolis,Município,3512803,cosmopolis
BRA.25.145_2,BRA.25_1,SãoPaulo,Cosmorama,Município,3512902,cosmorama
BRA.25.146_2,BRA.25_1,SãoPaulo,Cotia,Município,3513009,cotia
BRA.25.147_2,BRA.25_1,SãoPaulo,Cravinhos,Município,3513108,cravinhos
BRA.25.148_2,BRA.25_1,SãoPaulo,CristaisPaulista,Município,3513207,cristaispaulista
BRA.25.149_2,BRA.25_1,SãoPaulo,Cruzália,Município,3513306,cruzalia
BRA.25.150_2,BRA.25_1,SãoPaulo,Cruzeiro,Município,3513405,cruzeiro
BRA.25.151_2,BRA.25_1,SãoPaulo,Cubatão,Município,3513504,cubatao
BRA.25.152_2,BRA.25_1,SãoPaulo,Cunha,Município,3513603,cunha
BRA.25.153_2,BRA.25_1,SãoPaulo,Descalvado,Município,3513702,descalvado
BRA.25.154_2,BRA.25_1,SãoPaulo,Diadema,Município,3513801,diadema
BRA.25.155_2,BRA.25_1,SãoPaulo,DirceReis,Município,3513850,dircereis
BRA.25.156_2,BRA.25_1,SãoPaulo,Divinolândia,Município,3513900,divinolandia
BRA.25.157_2,BRA.25_1,SãoPaulo,Dobrada,Município,3514007,dobrada
BRA.25.158_2,BRA.25_1,SãoPaulo,DoisCórregos,Município,3514106,doiscorregos
BRA.25.159_2,BRA.25_1,SãoPaulo,Dolcinópolis,Município,3514205,dolcinopolis
BRA.25.160_2,BRA.25_1,SãoPaulo,Dourado,Município,3514304,dourado
BRA.25.161_2,BRA.25_1,SãoPaulo,Dracena,Município,3514403,dracena
BRA.25.162_2,BRA.25_1,SãoPaulo,Duartina,Município,3514502,duartina
BRA.25.163_2,BRA.25_1,SãoPaulo,Dumont,Município,3514601,dumont
BRA.25.164_2,BRA.25_1,SãoPaulo,Echaporã,Município,3514700,echapora
BRA.25.165_2,BRA.25_1,SãoPaulo,Eldorado,Município,3514809,eldorado
BRA.25.166_2,BRA.25_1,SãoPaulo,EliasFausto,Município,3514908,eliasfausto
BRA.25.167_2,BRA.25_1,SãoPaulo,Elisiário,Município,3514924,elisiario
BRA.25.168_2,BRA.25_1,SãoPaulo,Embaúba,Município,3514957,embauba
BRA.25.169_2,BRA.25_1,SãoPaulo,Embu-Guaçu,Município,3515103,embuguacu
BRA.25.170_2,BRA.25_1,SãoPaulo,EmbudasArtes,Município,3515004,embudasartes
BRA.25.171_2,BRA.25_1,SãoPaulo,Emilianópolis,Município,3515129,emilianopolis
BRA.25.172_2,BRA.25_1,SãoPaulo,EngenheiroCoelho,Município,3515152,engenheirocoelho
BRA.25.173_2,BRA.25_1,SãoPaulo,EspíritoSantodoPinhal,Município,3515186,espiritosantodopinhal
BRA.25.174_2,BRA.25_1,SãoPaulo,EspíritoSantodoTurvo,Município,3515194,espiritosantodoturvo
BRA.25.175_2,BRA.25_1,SãoPaulo,EstivaGerbi,Município,3557303,estivagerbi
BRA.25.176_2,BRA.25_1,SãoPaulo,Estrelad'Oeste,Município,3515202,estreladoeste
BRA.25.177_2,BRA.25_1,SãoPaulo,EstreladoNorte,Município,3515301,estreladonorte
BRA.25.178_2,BRA.25_1,SãoPaulo,EuclidesdaCunhaPaulista,Município,3515350,euclidesdacunhapaulista
BRA.25.179_2,BRA.25_1,SãoPaulo,Fartura,Município,3515400,fartura
BRA.25.180_2,BRA.25_1,SãoPaulo,FernandoPrestes,Município,3515608,fernandoprestes
BRA.25.181_2,BRA.25_1,SãoPaulo,Fernandópolis,Município,3515509,fernandopolis
BRA.25.182_2,BRA.25_1,SãoPaulo,Fernão,Município,3515657,fernao
BRA.25.183_2,BRA.25_1,SãoPaulo,FerrazdeVasconcelos,Município,3515707,ferrazdevasconcelos
BRA.25.184_2,BRA.25_1,SãoPaulo,FloraRica,Município,3515806,florarica
BRA.25.185_2,BRA.25_1,SãoPaulo,Floreal,Município,3515905,floreal
BRA.25.186_2,BRA.25_1,SãoPaulo,FlóridaPaulista,Município,3516002,floridapaulista
BRA.25.187_2,BRA.25_1,SãoPaulo,Florínea,Município,3516101,florinea
BRA.25.188_2,BRA.25_1,SãoPaulo,Franca,Município,3516200,franca
BRA.25.189_2,BRA.25_1,SãoPaulo,FranciscoMorato,Município,3516309,franciscomorato
BRA.25.190_2,BRA.25_1,SãoPaulo,FrancodaRocha,Município,3516408,francodarocha
BRA.25.191_2,BRA.25_1,SãoPaulo,GabrielMonteiro,Município,3516507,gabrielmonteiro
BRA.25.192_2,BRA.25_1,SãoPaulo,Gália,Município,3516606,galia
BRA.25.193_2,BRA.25_1,SãoPaulo,Garça,Município,3516705,garca
BRA.25.194_2,BRA.25_1,SãoPaulo,GastãoVidigal,Município,3516804,gastaovidigal
BRA.25.195_2,BRA.25_1,SãoPaulo,GaviãoPeixoto,Município,3516853,gaviaopeixoto
BRA.25.196_2,BRA.25_1,SãoPaulo,GeneralSalgado,Município,3516903,generalsalgado
BRA.25.197_2,BRA.25_1,SãoPaulo,Getulina,Município,3517000,getulina
BRA.25.198_2,BRA.25_1,SãoPaulo,Glicério,Município,3517109,glicerio
BRA.25.199_2,BRA.25_1,SãoPaulo,Guaiçara,Município,3517208,guaicara
BRA.25.200_2,BRA.25_1,SãoPaulo,Guaimbê,Município,3517307,guaimbe
BRA.25.201_2,BRA.25_1,SãoPaulo,Guaíra,Município,3517406,guaira
BRA.25.202_2,BRA.25_1,SãoPaulo,Guapiaçu,Município,3517505,guapiacu
BRA.25.203_2,BRA.25_1,SãoPaulo,Guapiara,Município,3517604,guapiara
BRA.25.204_2,BRA.25_1,SãoPaulo,Guará,Município,3517703,guara
BRA.25.205_2,BRA.25_1,SãoPaulo,Guaraçaí,Município,3517802,guaracai
BRA.25.206_2,BRA.25_1,SãoPaulo,Guaraci,Município,3517901,guaraci
BRA.25.207_2,BRA.25_1,SãoPaulo,Guaranid'Oeste,Município,3518008,guaranidoeste
BRA.25.208_2,BRA.25_1,SãoPaulo,Guarantã,Município,3518107,guaranta
BRA.25.209_2,BRA.25_1,SãoPaulo,Guararapes,Município,3518206,guararapes
BRA.25.210_2,BRA.25_1,SãoPaulo,Guararema,Município,3518305,guararema
BRA.25.211_2,BRA.25_1,SãoPaulo,Guaratinguetá,Município,3518404,guaratingueta
BRA.25.212_2,BRA.25_1,SãoPaulo,Guareí,Município,3518503,guarei
BRA.25.213_2,BRA.25_1,SãoPaulo,Guariba,Município,3518602,guariba
BRA.25.214_2,BRA.25_1,SãoPaulo,Guarujá,Município,3518701,guaruja
BRA.25.215_2,BRA.25_1,SãoPaulo,Guarulhos,Município,3518800,guarulhos
BRA.25.216_2,BRA.25_1,SãoPaulo,Guatapará,Município,3518859,guatapara
BRA.25.217_2,BRA.25_1,SãoPaulo,Guzolândia,Município,3518909,guzolandia
BRA.25.218_2,BRA.25_1,SãoPaulo,Herculândia,Município,3519006,herculandia
BRA.25.219_2,BRA.25_1,SãoPaulo,Holambra,Município,3519055,holambra
BRA.25.220_2,BRA.25_1,SãoPaulo,Hortolândia,Município,3519071,hortolandia
BRA.25.221_2,BRA.25_1,SãoPaulo,Iacanga,Município,3519105,iacanga
BRA.25.222_2,BRA.25_1,SãoPaulo,Iacri,Município,3519204,iacri
BRA.25.223_2,BRA.25_1,SãoPaulo,Iaras,Município,3519253,iaras
BRA.25.224_2,BRA.25_1,SãoPaulo,Ibaté,Município,3519303,ibate
BRA.25.225_2,BRA.25_1,SãoPaulo,Ibirá,Município,3519402,ibira
BRA.25.226_2,BRA.25_1,SãoPaulo,Ibirarema,Município,3519501,ibirarema
BRA.25.227_2,BRA.25_1,SãoPaulo,Ibitinga,Município,3519600,ibitinga
BRA.25.228_2,BRA.25_1,SãoPaulo,Ibiúna,Município,3519709,ibiuna
BRA.25.229_2,BRA.25_1,SãoPaulo,Icém,Município,3519808,icem
BRA.25.230_2,BRA.25_1,SãoPaulo,Iepê,Município,3519907,iepe
BRA.25.231_2,BRA.25_1,SãoPaulo,IgaraçudoTietê,Município,3520004,igaracudotiete
BRA.25.232_2,BRA.25_1,SãoPaulo,Igarapava,Município,3520103,igarapava
BRA.25.233_2,BRA.25_1,SãoPaulo,Igaratá,Município,3520202,igarata
BRA.25.234_2,BRA.25_1,SãoPaulo,Iguape,Município,3520301,iguape
BRA.25.235_2,BRA.25_1,SãoPaulo,IlhaComprida,Município,3520426,ilhacomprida
BRA.25.236_2,BRA.25_1,SãoPaulo,IlhaSolteira,Município,3520442,ilhasolteira
BRA.25.237_2,BRA.25_1,SãoPaulo,Ilhabela,Município,3520400,ilhabela
BRA.25.238_2,BRA.25_1,SãoPaulo,Indaiatuba,Município,3520509,indaiatuba
BRA.25.239_2,BRA.25_1,SãoPaulo,Indiana,Município,3520608,indiana
BRA.25.240_2,BRA.25_1,SãoPaulo,Indiaporã,Município,3520707,indiapora
BRA.25.241_2,BRA.25_1,SãoPaulo,InúbiaPaulista,Município,3520806,inubiapaulista
BRA.25.242_2,BRA.25_1,SãoPaulo,Ipaussu,Município,3520905,ipaussu
BRA.25.243_2,BRA.25_1,SãoPaulo,Iperó,Município,3521002,ipero
BRA.25.244_2,BRA.25_1,SãoPaulo,Ipeúna,Município,3521101,ipeuna
BRA.25.245_2,BRA.25_1,SãoPaulo,Ipiguá,Município,3521150,ipigua
BRA.25.246_2,BRA.25_1,SãoPaulo,Iporanga,Município,3521200,iporanga
BRA.25.247_2,BRA.25_1,SãoPaulo,Ipuã,Município,3521309,ipua
BRA.25.248_2,BRA.25_1,SãoPaulo,Iracemápolis,Município,3521408,iracemapolis
BRA.25.249_2,BRA.25_1,SãoPaulo,Irapuã,Município,3521507,irapua
BRA.25.250_2,BRA.25_1,SãoPaulo,Irapuru,Município,3521606,irapuru
BRA.25.251_2,BRA.25_1,SãoPaulo,Itaberá,Município,3521705,itabera
BRA.25.252_2,BRA.25_1,SãoPaulo,Itaí,Município,3521804,itai
BRA.25.253_2,BRA.25_1,SãoPaulo,Itajobi,Município,3521903,itajobi
BRA.25.254_2,BRA.25_1,SãoPaulo,Itaju,Município,3522000,itaju
BRA.25.255_2,BRA.25_1,SãoPaulo,Itanhaém,Município,3522109,itanhaem
BRA.25.256_2,BRA.25_1,SãoPaulo,Itaoca,Município,3522158,itaoca
BRA.25.257_2,BRA.25_1,SãoPaulo,ItapecericadaSerra,Município,3522208,itapecericadaserra
BRA.25.258_2,BRA.25_1,SãoPaulo,Itapetininga,Município,3522307,itapetininga
BRA.25.259_2,BRA.25_1,SãoPaulo,Itapeva,Município,3522406,itapeva
BRA.25.260_2,BRA.25_1,SãoPaulo,Itapevi,Município,3522505,itapevi
BRA.25.261_2,BRA.25_1,SãoPaulo,Itapira,Município,3522604,itapira
BRA.25.262_2,BRA.25_1,SãoPaulo,ItapirapuãPaulista,Município,3522653,itapirapuapaulista
BRA.25.263_2,BRA.25_1,SãoPaulo,Itápolis,Município,3522703,itapolis
BRA.25.264_2,BRA.25_1,SãoPaulo,Itaporanga,Município,3522802,itaporanga
BRA.25.265_2,BRA.25_1,SãoPaulo,Itapuí,Município,3522901,itapui
BRA.25.266_2,BRA.25_1,SãoPaulo,Itapura,Município,3523008,itapura
BRA.25.267_2,BRA.25_1,SãoPaulo,Itaquaquecetuba,Município,3523107,itaquaquecetuba
BRA.25.268_2,BRA.25_1,SãoPaulo,Itararé,Município,3523206,itarare
BRA.25.269_2,BRA.25_1,SãoPaulo,Itariri,Município,3523305,itariri
BRA.25.270_2,BRA.25_1,SãoPaulo,Itatiba,Município,3523404,itatiba
BRA.25.271_2,BRA.25_1,SãoPaulo,Itatinga,Município,3523503,itatinga
BRA.25.272_2,BRA.25_1,SãoPaulo,Itirapina,Município,3523602,itirapina
BRA.25.273_2,BRA.25_1,SãoPaulo,Itirapuã,Município,3523701,itirapua
BRA.25.274_2,BRA.25_1,SãoPaulo,Itobi,Município,3523800,itobi
BRA.25.275_2,BRA.25_1,SãoPaulo,Itu,Município,3523909,itu
BRA.25.276_2,BRA.25_1,SãoPaulo,Itupeva,Município,3524006,itupeva
BRA.25.277_2,BRA.25_1,SãoPaulo,Ituverava,Município,3524105,ituverava
BRA.25.278_2,BRA.25_1,SãoPaulo,Jaborandi,Município,3524204,jaborandi
BRA.25.279_2,BRA.25_1,SãoPaulo,Jaboticabal,Município,3524303,jaboticabal
BRA.25.280_2,BRA.25_1,SãoPaulo,Jacareí,Município,3524402,jacarei
BRA.25.281_2,BRA.25_1,SãoPaulo,Jaci,Município,3524501,jaci
BRA.25.282_2,BRA.25_1,SãoPaulo,Jacupiranga,Município,3524600,jacupiranga
BRA.25.283_2,BRA.25_1,SãoPaulo,Jaguariúna,Município,3524709,jaguariuna
BRA.25.284_2,BRA.25_1,SãoPaulo,Jales,Município,3524808,jales
BRA.25.285_2,BRA.25_1,SãoPaulo,Jambeiro,Município,3524907,jambeiro
BRA.25.286_2,BRA.25_1,SãoPaulo,Jandira,Município,3525003,jandira
BRA.25.287_2,BRA.25_1,SãoPaulo,Jardinópolis,Município,3525102,jardinopolis
BRA.25.288_2,BRA.25_1,SãoPaulo,Jarinu,Município,3525201,jarinu
BRA.25.289_2,BRA.25_1,SãoPaulo,Jaú,Município,3525300,jau
BRA.25.290_2,BRA.25_1,SãoPaulo,Jeriquara,Município,3525409,jeriquara
BRA.25.291_2,BRA.25_1,SãoPaulo,Joanópolis,Município,3525508,joanopolis
BRA.25.292_2,BRA.25_1,SãoPaulo,JoãoRamalho,Município,3525607,joaoramalho
BRA.25.293_2,BRA.25_1,SãoPaulo,JoséBonifácio,Município,3525706,josebonifacio
BRA.25.294_2,BRA.25_1,SãoPaulo,JúlioMesquita,Município,3525805,juliomesquita
BRA.25.295_2,BRA.25_1,SãoPaulo,Jumirim,Município,3525854,jumirim
BRA.25.296_2,BRA.25_1,SãoPaulo,Jundiaí,Município,3525904,jundiai
BRA.25.297_2,BRA.25_1,SãoPaulo,Junqueirópolis,Município,3526001,junqueiropolis
BRA.25.298_2,BRA.25_1,SãoPaulo,Juquiá,Município,3526100,juquia
BRA.25.299_2,BRA.25_1,SãoPaulo,Juquitiba,Município,3526209,juquitiba
BRA.25.300_2,BRA.25_1,SãoPaulo,Lagoinha,Município,3526308,lagoinha
BRA.25.301_2,BRA.25_1,SãoPaulo,LaranjalPaulista,Município,3526407,laranjalpaulista
BRA.25.302_2,BRA.25_1,SãoPaulo,Lavínia,Município,3526506,lavinia
BRA.25.303_2,BRA.25_1,SãoPaulo,Lavrinhas,Município,3526605,lavrinhas
BRA.25.304_2,BRA.25_1,SãoPaulo,Leme,Município,3526704,leme
BRA.25.305_2,BRA.25_1,SãoPaulo,LençóisPaulista,Município,3526803,lencoispaulista
BRA.25.306_2,BRA.25_1,SãoPaulo,Limeira,Município,3526902,limeira
BRA.25.307_2,BRA.25_1,SãoPaulo,Lindóia,Município,3527009,lindoia
BRA.25.308_2,BRA.25_1,SãoPaulo,Lins,Município,3527108,lins
BRA.25.309_2,BRA.25_1,SãoPaulo,Lorena,Município,3527207,lorena
BRA.25.310_2,BRA.25_1,SãoPaulo,Lourdes,Município,3527256,lourdes
BRA.25.311_2,BRA.25_1,SãoPaulo,Louveira,Município,3527306,louveira
BRA.25.312_2,BRA.25_1,SãoPaulo,Lucélia,Município,3527405,lucelia
BRA.25.313_2,BRA.25_1,SãoPaulo,Lucianópolis,Município,3527504,lucianopolis
BRA.25.314_2,BRA.25_1,SãoPaulo,LuísAntônio,Município,3527603,luisantonio
BRA.25.315_2,BRA.25_1,SãoPaulo,Luiziânia,Município,3527702,luiziania
BRA.25.316_2,BRA.25_1,SãoPaulo,Lupércio,Município,3527801,lupercio
BRA.25.317_2,BRA.25_1,SãoPaulo,Lutécia,Município,3527900,lutecia
BRA.25.318_2,BRA.25_1,SãoPaulo,Macatuba,Município,3528007,macatuba
BRA.25.319_2,BRA.25_1,SãoPaulo,Macaubal,Município,3528106,macaubal
BRA.25.320_2,BRA.25_1,SãoPaulo,Macedônia,Município,3528205,macedonia
BRA.25.321_2,BRA.25_1,SãoPaulo,Magda,Município,3528304,magda
BRA.25.322_2,BRA.25_1,SãoPaulo,Mairinque,Município,3528403,mairinque
BRA.25.323_2,BRA.25_1,SãoPaulo,Mairiporã,Município,3528502,mairipora
BRA.25.324_2,BRA.25_1,SãoPaulo,Manduri,Município,3528601,manduri
BRA.25.325_2,BRA.25_1,SãoPaulo,MarabáPaulista,Município,3528700,marabapaulista
BRA.25.326_2,BRA.25_1,SãoPaulo,Maracaí,Município,3528809,maracai
BRA.25.327_2,BRA.25_1,SãoPaulo,Marapoama,Município,3528858,marapoama
BRA.25.328_2,BRA.25_1,SãoPaulo,Mariápolis,Município,3528908,mariapolis
BRA.25.329_2,BRA.25_1,SãoPaulo,Marília,Município,3529005,marilia
BRA.25.330_2,BRA.25_1,SãoPaulo,Marinópolis,Município,3529104,marinopolis
BRA.25.331_2,BRA.25_1,SãoPaulo,Martinópolis,Município,3529203,martinopolis
BRA.25.332_2,BRA.25_1,SãoPaulo,Matão,Município,3529302,matao
BRA.25.333_2,BRA.25_1,SãoPaulo,Mauá,Município,3529401,maua
BRA.25.334_2,BRA.25_1,SãoPaulo,Mendonça,Município,3529500,mendonca
BRA.25.335_2,BRA.25_1,SãoPaulo,Meridiano,Município,3529609,meridiano
BRA.25.336_2,BRA.25_1,SãoPaulo,Mesópolis,Município,3529658,mesopolis
BRA.25.337_2,BRA.25_1,SãoPaulo,Miguelópolis,Município,3529708,miguelopolis
BRA.25.338_2,BRA.25_1,SãoPaulo,MineirosdoTietê,Município,3529807,mineirosdotiete
BRA.25.339_2,BRA.25_1,SãoPaulo,MiraEstrela,Município,3530003,miraestrela
BRA.25.340_2,BRA.25_1,SãoPaulo,Miracatu,Município,3529906,miracatu
BRA.25.341_2,BRA.25_1,SãoPaulo,Mirandópolis,Município,3530102,mirandopolis
BRA.25.342_2,BRA.25_1,SãoPaulo,MirantedoParanapanema,Município,3530201,mirantedoparanapanema
BRA.25.343_2,BRA.25_1,SãoPaulo,Mirassol,Município,3530300,mirassol
BRA.25.344_2,BRA.25_1,SãoPaulo,Mirassolândia,Município,3530409,mirassolandia
BRA.25.345_2,BRA.25_1,SãoPaulo,Mococa,Município,3530508,mococa
BRA.25.346_2,BRA.25_1,SãoPaulo,MogidasCruzes,Município,3530607,mogidascruzes
BRA.25.347_2,BRA.25_1,SãoPaulo,MogiGuaçu,Município,3530706,mogiguacu
BRA.25.348_2,BRA.25_1,SãoPaulo,MogiMirim,Município,3530805,mogimirim
BRA.25.349_2,BRA.25_1,SãoPaulo,Mombuca,Município,3530904,mombuca
BRA.25.350_2,BRA.25_1,SãoPaulo,Monções,Município,3531001,moncoes
BRA.25.351_2,BRA.25_1,SãoPaulo,Mongaguá,Município,3531100,mongagua
BRA.25.352_2,BRA.25_1,SãoPaulo,MonteAlegredoSul,Município,3531209,montealegredosul
BRA.25.353_2,BRA.25_1,SãoPaulo,MonteAlto,Município,3531308,montealto
BRA.25.354_2,BRA.25_1,SãoPaulo,MonteAprazível,Município,3531407,monteaprazivel
BRA.25.355_2,BRA.25_1,SãoPaulo,MonteAzulPaulista,Município,3531506,monteazulpaulista
BRA.25.356_2,BRA.25_1,SãoPaulo,MonteCastelo,Município,3531605,montecastelo
BRA.25.357_2,BRA.25_1,SãoPaulo,MonteMor,Município,3531803,montemor
BRA.25.358_2,BRA.25_1,SãoPaulo,MonteiroLobato,Município,3531704,monteirolobato
BRA.25.359_2,BRA.25_1,SãoPaulo,MorroAgudo,Município,3531902,morroagudo
BRA.25.360_2,BRA.25_1,SãoPaulo,Morungaba,Município,3532009,morungaba
BRA.25.361_2,BRA.25_1,SãoPaulo,Motuca,Município,3532058,motuca
BRA.25.362_2,BRA.25_1,SãoPaulo,MurutingadoSul,Município,3532108,murutingadosul
BRA.25.363_2,BRA.25_1,SãoPaulo,Nantes,Município,3532157,nantes
BRA.25.364_2,BRA.25_1,SãoPaulo,Narandiba,Município,3532207,narandiba
BRA.25.365_2,BRA.25_1,SãoPaulo,NatividadedaSerra,Município,3532306,natividadedaserra
BRA.25.366_2,BRA.25_1,SãoPaulo,NazaréPaulista,Município,3532405,nazarepaulista
BRA.25.367_2,BRA.25_1,SãoPaulo,NevesPaulista,Município,3532504,nevespaulista
BRA.25.368_2,BRA.25_1,SãoPaulo,Nhandeara,Município,3532603,nhandeara
BRA.25.369_2,BRA.25_1,SãoPaulo,Nipoã,Município,3532702,nipoa
BRA.25.370_2,BRA.25_1,SãoPaulo,NovaAliança,Município,3532801,novaalianca
BRA.25.371_2,BRA.25_1,SãoPaulo,NovaCampina,Município,3532827,novacampina
BRA.25.372_2,BRA.25_1,SãoPaulo,NovaCanaãPaulista,Município,3532843,novacanaapaulista
BRA.25.373_2,BRA.25_1,SãoPaulo,NovaCastilho,Município,3532868,novacastilho
BRA.25.374_2,BRA.25_1,SãoPaulo,NovaEuropa,Município,3532900,novaeuropa
BRA.25.375_2,BRA.25_1,SãoPaulo,NovaGranada,Município,3533007,novagranada
BRA.25.376_2,BRA.25_1,SãoPaulo,NovaGuataporanga,Município,3533106,novaguataporanga
BRA.25.377_2,BRA.25_1,SãoPaulo,NovaIndependência,Município,3533205,novaindependencia
BRA.25.378_2,BRA.25_1,SãoPaulo,NovaLuzitânia,Município,3533304,novaluzitania
BRA.25.379_2,BRA.25_1,SãoPaulo,NovaOdessa,Município,3533403,novaodessa
BRA.25.380_2,BRA.25_1,SãoPaulo,Novais,Município,3533254,novais
BRA.25.381_2,BRA.25_1,SãoPaulo,NovoHorizonte,Município,3533502,novohorizonte
BRA.25.382_2,BRA.25_1,SãoPaulo,Nuporanga,Município,3533601,nuporanga
BRA.25.383_2,BRA.25_1,SãoPaulo,Ocauçu,Município,3533700,ocaucu
BRA.25.384_2,BRA.25_1,SãoPaulo,Óleo,Município,3533809,oleo
BRA.25.385_2,BRA.25_1,SãoPaulo,Olímpia,Município,3533908,olimpia
BRA.25.386_2,BRA.25_1,SãoPaulo,OndaVerde,Município,3534005,ondaverde
BRA.25.387_2,BRA.25_1,SãoPaulo,Oriente,Município,3534104,oriente
BRA.25.388_2,BRA.25_1,SãoPaulo,Orindiúva,Município,3534203,orindiuva
BRA.25.389_2,BRA.25_1,SãoPaulo,Orlândia,Município,3534302,orlandia
BRA.25.390_2,BRA.25_1,SãoPaulo,Osasco,Município,3534401,osasco
BRA.25.391_2,BRA.25_1,SãoPaulo,OscarBressane,Município,3534500,oscarbressane
BRA.25.392_2,BRA.25_1,SãoPaulo,OsvaldoCruz,Município,3534609,osvaldocruz
BRA.25.393_2,BRA.25_1,SãoPaulo,Ourinhos,Município,3534708,ourinhos
BRA.25.394_2,BRA.25_1,SãoPaulo,OuroVerde,Município,3534807,ouroverde
BRA.25.395_2,BRA.25_1,SãoPaulo,Ouroeste,Município,3534757,ouroeste
BRA.25.396_2,BRA.25_1,SãoPaulo,Pacaembu,Município,3534906,pacaembu
BRA.25.397_2,BRA.25_1,SãoPaulo,Palestina,Município,3535002,palestina
BRA.25.398_2,BRA.25_1,SãoPaulo,PalmaresPaulista,Município,3535101,palmarespaulista
BRA.25.399_2,BRA.25_1,SãoPaulo,Palmeirad'Oeste,Município,3535200,palmeiradoeste
BRA.25.400_2,BRA.25_1,SãoPaulo,Palmital,Município,3535309,palmital
BRA.25.401_2,BRA.25_1,SãoPaulo,Panorama,Município,3535408,panorama
BRA.25.402_2,BRA.25_1,SãoPaulo,ParaguaçuPaulista,Município,3535507,paraguacupaulista
BRA.25.403_2,BRA.25_1,SãoPaulo,Paraibuna,Município,3535606,paraibuna
BRA.25.404_2,BRA.25_1,SãoPaulo,Paraíso,Município,3535705,paraiso
BRA.25.405_2,BRA.25_1,SãoPaulo,Paranapanema,Município,3535804,paranapanema
BRA.25.406_2,BRA.25_1,SãoPaulo,Paranapuã,Município,3535903,paranapua
BRA.25.407_2,BRA.25_1,SãoPaulo,Parapuã,Município,3536000,parapua
BRA.25.408_2,BRA.25_1,SãoPaulo,Pardinho,Município,3536109,pardinho
BRA.25.409_2,BRA.25_1,SãoPaulo,Pariquera-Açu,Município,3536208,pariqueraacu
BRA.25.410_2,BRA.25_1,SãoPaulo,Parisi,Município,3536257,parisi
BRA.25.411_2,BRA.25_1,SãoPaulo,PatrocínioPaulista,Município,3536307,patrociniopaulista
BRA.25.412_2,BRA.25_1,SãoPaulo,Paulicéia,Município,3536406,pauliceia
BRA.25.413_2,BRA.25_1,SãoPaulo,Paulínia,Município,3536505,paulinia
BRA.25.414_2,BRA.25_1,SãoPaulo,Paulistânia,Município,3536570,paulistania
BRA.25.415_2,BRA.25_1,SãoPaulo,PaulodeFaria,Município,3536604,paulodefaria
BRA.25.416_2,BRA.25_1,SãoPaulo,Pederneiras,Município,3536703,pederneiras
BRA.25.417_2,BRA.25_1,SãoPaulo,PedraBela,Município,3536802,pedrabela
BRA.25.418_2,BRA.25_1,SãoPaulo,Pedranópolis,Município,3536901,pedranopolis
BRA.25.419_2,BRA.25_1,SãoPaulo,Pedregulho,Município,3537008,pedregulho
BRA.25.420_2,BRA.25_1,SãoPaulo,Pedreira,Município,3537107,pedreira
BRA.25.421_2,BRA.25_1,SãoPaulo,PedrinhasPaulista,Município,3537156,pedrinhaspaulista
BRA.25.422_2,BRA.25_1,SãoPaulo,PedrodeToledo,Município,3537206,pedrodetoledo
BRA.25.423_2,BRA.25_1,SãoPaulo,Penápolis,Município,3537305,penapolis
BRA.25.424_2,BRA.25_1,SãoPaulo,PereiraBarreto,Município,3537404,pereirabarreto
BRA.25.425_2,BRA.25_1,SãoPaulo,Pereiras,Município,3537503,pereiras
BRA.25.426_2,BRA.25_1,SãoPaulo,Peruíbe,Município,3537602,peruibe
BRA.25.427_2,BRA.25_1,SãoPaulo,Piacatu,Município,3537701,piacatu
BRA.25.428_2,BRA.25_1,SãoPaulo,Piedade,Município,3537800,piedade
BRA.25.429_2,BRA.25_1,SãoPaulo,PilardoSul,Município,3537909,pilardosul
BRA.25.430_2,BRA.25_1,SãoPaulo,Pindamonhangaba,Município,3538006,pindamonhangaba
BRA.25.431_2,BRA.25_1,SãoPaulo,Pindorama,Município,3538105,pindorama
BRA.25.432_2,BRA.25_1,SãoPaulo,Pinhalzinho,Município,3538204,pinhalzinho
BRA.25.433_2,BRA.25_1,SãoPaulo,Piquerobi,Município,3538303,piquerobi
BRA.25.434_2,BRA.25_1,SãoPaulo,Piquete,Município,3538501,piquete
BRA.25.435_2,BRA.25_1,SãoPaulo,Piracaia,Município,3538600,piracaia
BRA.25.436_2,BRA.25_1,SãoPaulo,Piracicaba,Município,3538709,piracicaba
BRA.25.437_2,BRA.25_1,SãoPaulo,Piraju,Município,3538808,piraju
BRA.25.438_2,BRA.25_1,SãoPaulo,Pirajuí,Município,3538907,pirajui
BRA.25.439_2,BRA.25_1,SãoPaulo,Pirangi,Município,3539004,pirangi
BRA.25.440_2,BRA.25_1,SãoPaulo,PiraporadoBomJesus,Município,3539103,piraporadobomjesus
BRA.25.441_2,BRA.25_1,SãoPaulo,Pirapozinho,Município,3539202,pirapozinho
BRA.25.442_2,BRA.25_1,SãoPaulo,Pirassununga,Município,3539301,pirassununga
BRA.25.443_2,BRA.25_1,SãoPaulo,Piratininga,Município,3539400,piratininga
BRA.25.444_2,BRA.25_1,SãoPaulo,Pitangueiras,Município,3539509,pitangueiras
BRA.25.445_2,BRA.25_1,SãoPaulo,Planalto,Município,3539608,planalto
BRA.25.446_2,BRA.25_1,SãoPaulo,Platina,Município,3539707,platina
BRA.25.447_2,BRA.25_1,SãoPaulo,Poá,Município,3539806,poa
BRA.25.448_2,BRA.25_1,SãoPaulo,Poloni,Município,3539905,poloni
BRA.25.449_2,BRA.25_1,SãoPaulo,Pompéia,Município,3540002,pompeia
BRA.25.450_2,BRA.25_1,SãoPaulo,Pongaí,Município,3540101,pongai
BRA.25.451_2,BRA.25_1,SãoPaulo,Pontal,Município,3540200,pontal
BRA.25.452_2,BRA.25_1,SãoPaulo,Pontalinda,Município,3540259,pontalinda
BRA.25.453_2,BRA.25_1,SãoPaulo,PontesGestal,Município,3540309,pontesgestal
BRA.25.454_2,BRA.25_1,SãoPaulo,Populina,Município,3540408,populina
BRA.25.455_2,BRA.25_1,SãoPaulo,Porangaba,Município,3540507,porangaba
BRA.25.456_2,BRA.25_1,SãoPaulo,PortoFeliz,Município,3540606,portofeliz
BRA.25.457_2,BRA.25_1,SãoPaulo,PortoFerreira,Município,3540705,portoferreira
BRA.25.458_2,BRA.25_1,SãoPaulo,Potim,Município,3540754,potim
BRA.25.459_2,BRA.25_1,SãoPaulo,Potirendaba,Município,3540804,potirendaba
BRA.25.460_2,BRA.25_1,SãoPaulo,Pracinha,Município,3540853,pracinha
BRA.25.461_2,BRA.25_1,SãoPaulo,Pradópolis,Município,3540903,pradopolis
BRA.25.462_2,BRA.25_1,SãoPaulo,PraiaGrande,Município,3541000,praiagrande
BRA.25.463_2,BRA.25_1,SãoPaulo,Pratânia,Município,3541059,pratania
BRA.25.464_2,BRA.25_1,SãoPaulo,PresidenteAlves,Município,3541109,presidentealves
BRA.25.465_2,BRA.25_1,SãoPaulo,PresidenteBernardes,Município,3541208,presidentebernardes
BRA.25.466_2,BRA.25_1,SãoPaulo,PresidenteEpitácio,Município,3541307,presidenteepitacio
BRA.25.467_2,BRA.25_1,SãoPaulo,PresidentePrudente,Município,3541406,presidenteprudente
BRA.25.468_2,BRA.25_1,SãoPaulo,PresidenteVenceslau,Município,3541505,presidentevenceslau
BRA.25.469_2,BRA.25_1,SãoPaulo,Promissão,Município,3541604,promissao
BRA.25.470_2,BRA.25_1,SãoPaulo,Quadra,Município,3541653,quadra
BRA.25.471_2,BRA.25_1,SãoPaulo,Quatá,Município,3541703,quata
BRA.25.472_2,BRA.25_1,SãoPaulo,Queiroz,Município,3541802,queiroz
BRA.25.473_2,BRA.25_1,SãoPaulo,Queluz,Município,3541901,queluz
BRA.25.474_2,BRA.25_1,SãoPaulo,Quintana,Município,3542008,quintana
BRA.25.475_2,BRA.25_1,SãoPaulo,Rafard,Município,3542107,rafard
BRA.25.476_2,BRA.25_1,SãoPaulo,Rancharia,Município,3542206,rancharia
BRA.25.477_2,BRA.25_1,SãoPaulo,RedençãodaSerra,Município,3542305,redencaodaserra
BRA.25.478_2,BRA.25_1,SãoPaulo,RegenteFeijó,Município,3542404,regentefeijo
BRA.25.479_2,BRA.25_1,SãoPaulo,Reginópolis,Município,3542503,reginopolis
BRA.25.480_2,BRA.25_1,SãoPaulo,Registro,Município,3542602,registro
BRA.25.481_2,BRA.25_1,SãoPaulo,Restinga,Município,3542701,restinga
BRA.25.482_2,BRA.25_1,SãoPaulo,Ribeira,Município,3542800,ribeira
BRA.25.483_2,BRA.25_1,SãoPaulo,RibeirãoBonito,Município,3542909,ribeiraobonito
BRA.25.484_2,BRA.25_1,SãoPaulo,RibeirãoBranco,Município,3543006,ribeiraobranco
BRA.25.485_2,BRA.25_1,SãoPaulo,RibeirãoCorrente,Município,3543105,ribeiraocorrente
BRA.25.486_2,BRA.25_1,SãoPaulo,RibeirãodoSul,Município,3543204,ribeiraodosul
BRA.25.487_2,BRA.25_1,SãoPaulo,RibeirãodosÍndios,Município,3543238,ribeiraodosindios
BRA.25.488_2,BRA.25_1,SãoPaulo,RibeirãoGrande,Município,3543253,ribeiraogrande
BRA.25.489_2,BRA.25_1,SãoPaulo,RibeirãoPires,Município,3543303,ribeiraopires
BRA.25.490_2,BRA.25_1,SãoPaulo,RibeirãoPreto,Município,3543402,ribeiraopreto
BRA.25.491_2,BRA.25_1,SãoPaulo,Rifaina,Município,3543600,rifaina
BRA.25.492_2,BRA.25_1,SãoPaulo,Rincão,Município,3543709,rincao
BRA.25.493_2,BRA.25_1,SãoPaulo,Rinópolis,Município,3543808,rinopolis
BRA.25.494_2,BRA.25_1,SãoPaulo,RioClaro,Município,3543907,rioclaro
BRA.25.495_2,BRA.25_1,SãoPaulo,RiodasPedras,Município,3544004,riodaspedras
BRA.25.496_2,BRA.25_1,SãoPaulo,RioGrandedaSerra,Município,3544103,riograndedaserra
BRA.25.497_2,BRA.25_1,SãoPaulo,Riolândia,Município,3544202,riolandia
BRA.25.498_2,BRA.25_1,SãoPaulo,Riversul,Município,3543501,riversul
BRA.25.499_2,BRA.25_1,SãoPaulo,Rosana,Município,3544251,rosana
BRA.25.500_2,BRA.25_1,SãoPaulo,Roseira,Município,3544301,roseira
BRA.25.501_2,BRA.25_1,SãoPaulo,Rubiácea,Município,3544400,rubiacea
BRA.25.502_2,BRA.25_1,SãoPaulo,Rubinéia,Município,3544509,rubineia
BRA.25.503_2,BRA.25_1,SãoPaulo,Sabino,Município,3544608,sabino
BRA.25.504_2,BRA.25_1,SãoPaulo,Sagres,Município,3544707,sagres
BRA.25.505_2,BRA.25_1,SãoPaulo,Sales,Município,3544806,sales
BRA.25.506_2,BRA.25_1,SãoPaulo,SalesOliveira,Município,3544905,salesoliveira
BRA.25.507_2,BRA.25_1,SãoPaulo,Salesópolis,Município,3545001,salesopolis
BRA.25.508_2,BRA.25_1,SãoPaulo,Salmourão,Município,3545100,salmourao
BRA.25.509_2,BRA.25_1,SãoPaulo,Saltinho,Município,3545159,saltinho
BRA.25.510_2,BRA.25_1,SãoPaulo,Salto,Município,3545209,salto
BRA.25.511_2,BRA.25_1,SãoPaulo,SaltodePirapora,Município,3545308,saltodepirapora
BRA.25.512_2,BRA.25_1,SãoPaulo,SaltoGrande,Município,3545407,saltogrande
BRA.25.513_2,BRA.25_1,SãoPaulo,Sandovalina,Município,3545506,sandovalina
BRA.25.514_2,BRA.25_1,SãoPaulo,SantaAdélia,Município,3545605,santaadelia
BRA.25.515_2,BRA.25_1,SãoPaulo,SantaAlbertina,Município,3545704,santaalbertina
BRA.25.516_2,BRA.25_1,SãoPaulo,SantaBárbarad'Oeste,Município,3545803,santabarbaradoeste
BRA.25.517_2,BRA.25_1,SãoPaulo,SantaBranca,Município,3546009,santabranca
BRA.25.518_2,BRA.25_1,SãoPaulo,SantaClarad'Oeste,Município,3546108,santaclaradoeste
BRA.25.519_2,BRA.25_1,SãoPaulo,SantaCruzdaConceição,Município,3546207,santacruzdaconceicao
BRA.25.520_2,BRA.25_1,SãoPaulo,SantaCruzdaEsperança,Município,3546256,santacruzdaesperanca
BRA.25.521_2,BRA.25_1,SãoPaulo,SantaCruzdasPalmeiras,Município,3546306,santacruzdaspalmeiras
BRA.25.522_2,BRA.25_1,SãoPaulo,SantaCruzdoRioPardo,Município,3546405,santacruzdoriopardo
BRA.25.523_2,BRA.25_1,SãoPaulo,SantaErnestina,Município,3546504,santaernestina
BRA.25.524_2,BRA.25_1,SãoPaulo,SantaFédoSul,Município,3546603,santafedosul
BRA.25.525_2,BRA.25_1,SãoPaulo,SantaGertrudes,Município,3546702,santagertrudes
BRA.25.526_2,BRA.25_1,SãoPaulo,SantaIsabel,Município,3546801,santaisabel
BRA.25.527_2,BRA.25_1,SãoPaulo,SantaLúcia,Município,3546900,santalucia
BRA.25.528_2,BRA.25_1,SãoPaulo,SantaMariadaSerra,Município,3547007,santamariadaserra
BRA.25.529_2,BRA.25_1,SãoPaulo,SantaMercedes,Município,3547106,santamercedes
BRA.25.530_2,BRA.25_1,SãoPaulo,SantaRitad'Oeste,Município,3547403,santaritadoeste
BRA.25.531_2,BRA.25_1,SãoPaulo,SantaRitadoPassaQuatro,Município,3547502,santaritadopassaquatro
BRA.25.532_2,BRA.25_1,SãoPaulo,SantaRosadeViterbo,Município,3547601,santarosadeviterbo
BRA.25.533_2,BRA.25_1,SãoPaulo,SantaSalete,Município,3547650,santasalete
BRA.25.534_2,BRA.25_1,SãoPaulo,SantanadaPontePensa,Município,3547205,santanadapontepensa
BRA.25.535_2,BRA.25_1,SãoPaulo,SantanadeParnaíba,Município,3547304,santanadeparnaiba
BRA.25.536_2,BRA.25_1,SãoPaulo,SantoAnastácio,Município,3547700,santoanastacio
BRA.25.537_2,BRA.25_1,SãoPaulo,SantoAndré,Município,3547809,santoandre
BRA.25.538_2,BRA.25_1,SãoPaulo,SantoAntôniodaAlegria,Município,3547908,santoantoniodaalegria
BRA.25.539_2,BRA.25_1,SãoPaulo,SantoAntôniodePosse,Município,3548005,santoantoniodeposse
BRA.25.540_2,BRA.25_1,SãoPaulo,SantoAntôniodoAracanguá,Município,3548054,santoantoniodoaracangua
BRA.25.541_2,BRA.25_1,SãoPaulo,SantoAntôniodoJardim,Município,3548104,santoantoniodojardim
BRA.25.542_2,BRA.25_1,SãoPaulo,SantoAntôniodoPinhal,Município,3548203,santoantoniodopinhal
BRA.25.543_2,BRA.25_1,SãoPaulo,SantoExpedito,Município,3548302,santoexpedito
BRA.25.544_2,BRA.25_1,SãoPaulo,SantópolisdoAguapeí,Município,3548401,santopolisdoaguapei
BRA.25.545_2,BRA.25_1,SãoPaulo,Santos,Município,3548500,santos
BRA.25.546_2,BRA.25_1,SãoPaulo,SãoBentodoSapucaí,Município,3548609,saobentodosapucai
BRA.25.547_2,BRA.25_1,SãoPaulo,SãoBernardodoCampo,Município,3548708,saobernardodocampo
BRA.25.548_2,BRA.25_1,SãoPaulo,SãoCaetanodoSul,Município,3548807,saocaetanodosul
BRA.25.549_2,BRA.25_1,SãoPaulo,SãoCarlos,Município,3548906,saocarlos
BRA.25.550_2,BRA.25_1,SãoPaulo,SãoFrancisco,Município,3549003,saofrancisco
BRA.25.551_2,BRA.25_1,SãoPaulo,SãoJoãodaBoaVista,Município,3549102,saojoaodaboavista
BRA.25.552_2,BRA.25_1,SãoPaulo,SãoJoãodasDuasPontes,Município,3549201,saojoaodasduaspontes
BRA.25.553_2,BRA.25_1,SãoPaulo,SãoJoãodeIracema,Município,3549250,saojoaodeiracema
BRA.25.554_2,BRA.25_1,SãoPaulo,SãoJoãodoPaud'Alho,Município,3549300,saojoaodopaudalho
BRA.25.555_2,BRA.25_1,SãoPaulo,SãoJoaquimdaBarra,Município,3549409,saojoaquimdabarra
BRA.25.556_2,BRA.25_1,SãoPaulo,SãoJosédaBelaVista,Município,3549508,saojosedabelavista
BRA.25.557_2,BRA.25_1,SãoPaulo,SãoJosédoBarreiro,Município,3549607,saojosedobarreiro
BRA.25.558_2,BRA.25_1,SãoPaulo,SãoJosédoRioPardo,Município,3549706,saojosedoriopardo
BRA.25.559_2,BRA.25_1,SãoPaulo,SãoJosédoRioPreto,Município,3549805,saojosedoriopreto
BRA.25.560_2,BRA.25_1,SãoPaulo,SãoJosédosCampos,Município,3549904,saojosedoscampos
BRA.25.561_2,BRA.25_1,SãoPaulo,SãoLourençodaSerra,Município,3549953,saolourencodaserra
BRA.25.562_2,BRA.25_1,SãoPaulo,SãoLuizdoParaitinga,Município,3550001,saoluizdoparaitinga
BRA.25.563_2,BRA.25_1,SãoPaulo,SãoManuel,Município,3550100,saomanuel
BRA.25.564_2,BRA.25_1,SãoPaulo,SãoMiguelArcanjo,Município,3550209,saomiguelarcanjo
BRA.25.565_2,BRA.25_1,SãoPaulo,SãoPaulo,Município,3550308,saopaulo
BRA.25.566_2,BRA.25_1,SãoPaulo,SãoPedro,Município,3550407,saopedro
BRA.25.567_2,BRA.25_1,SãoPaulo,SãoPedrodoTurvo,Município,3550506,saopedrodoturvo
BRA.25.568_2,BRA.25_1,SãoPaulo,SãoRoque,Município,3550605,saoroque
BRA.25.569_2,BRA.25_1,SãoPaulo,SãoSebastião,Município,3550704,saosebastiao
BRA.25.570_2,BRA.25_1,SãoPaulo,SãoSebastiãodaGrama,Município,3550803,saosebastiaodagrama
BRA.25.571_2,BRA.25_1,SãoPaulo,SãoSimão,Município,3550902,saosimao
BRA.25.572_2,BRA.25_1,SãoPaulo,SãoVicente,Município,3551009,saovicente
BRA.25.573_2,BRA.25_1,SãoPaulo,Sarapuí,Município,3551108,sarapui
BRA.25.574_2,BRA.25_1,SãoPaulo,Sarutaiá,Município,3551207,sarutaia
BRA.25.575_2,BRA.25_1,SãoPaulo,SebastianópolisdoSul,Município,3551306,sebastianopolisdosul
BRA.25.576_2,BRA.25_1,SãoPaulo,SerraAzul,Município,3551405,serraazul
BRA.25.577_2,BRA.25_1,SãoPaulo,SerraNegra,Município,3551603,serranegra
BRA.25.578_2,BRA.25_1,SãoPaulo,Serrana,Município,3551504,serrana
BRA.25.579_2,BRA.25_1,SãoPaulo,Sertãozinho,Município,3551702,sertaozinho
BRA.25.580_2,BRA.25_1,SãoPaulo,SeteBarras,Município,3551801,setebarras
BRA.25.581_2,BRA.25_1,SãoPaulo,Severínia,Município,3551900,severinia
BRA.25.582_2,BRA.25_1,SãoPaulo,Silveiras,Município,3552007,silveiras
BRA.25.583_2,BRA.25_1,SãoPaulo,Socorro,Município,3552106,socorro
BRA.25.584_2,BRA.25_1,SãoPaulo,Sorocaba,Município,3552205,sorocaba
BRA.25.585_2,BRA.25_1,SãoPaulo,SudMennucci,Município,3552304,sudmennucci
BRA.25.586_2,BRA.25_1,SãoPaulo,Sumaré,Município,3552403,sumare
BRA.25.587_2,BRA.25_1,SãoPaulo,Suzanápolis,Município,3552551,suzanapolis
BRA.25.588_2,BRA.25_1,SãoPaulo,Suzano,Município,3552502,suzano
BRA.25.589_2,BRA.25_1,SãoPaulo,Tabapuã,Município,3552601,tabapua
BRA.25.590_2,BRA.25_1,SãoPaulo,Tabatinga,Município,3552700,tabatinga
BRA.25.591_2,BRA.25_1,SãoPaulo,TaboãodaSerra,Município,3552809,taboaodaserra
BRA.25.592_2,BRA.25_1,SãoPaulo,Taciba,Município,3552908,taciba
BRA.25.593_2,BRA.25_1,SãoPaulo,Taguaí,Município,3553005,taguai
BRA.25.594_2,BRA.25_1,SãoPaulo,Taiaçu,Município,3553104,taiacu
BRA.25.595_2,BRA.25_1,SãoPaulo,Taiúva,Município,3553203,taiuva
BRA.25.596_2,BRA.25_1,SãoPaulo,Tambaú,Município,3553302,tambau
BRA.25.597_2,BRA.25_1,SãoPaulo,Tanabi,Município,3553401,tanabi
BRA.25.598_2,BRA.25_1,SãoPaulo,Tapiraí,Município,3553500,tapirai
BRA.25.599_2,BRA.25_1,SãoPaulo,Tapiratiba,Município,3553609,tapiratiba
BRA.25.600_2,BRA.25_1,SãoPaulo,Taquaral,Município,3553658,taquaral
BRA.25.601_2,BRA.25_1,SãoPaulo,Taquaritinga,Município,3553708,taquaritinga
BRA.25.602_2,BRA.25_1,SãoPaulo,Taquarituba,Município,3553807,taquarituba
BRA.25.603_2,BRA.25_1,SãoPaulo,Taquarivaí,Município,3553856,taquarivai
BRA.25.604_2,BRA.25_1,SãoPaulo,Tarabai,Município,3553906,tarabai
BRA.25.605_2,BRA.25_1,SãoPaulo,Tarumã,Município,3553955,taruma
BRA.25.606_2,BRA.25_1,SãoPaulo,Tatuí,Município,3554003,tatui
BRA.25.607_2,BRA.25_1,SãoPaulo,Taubaté,Município,3554102,taubate
BRA.25.608_2,BRA.25_1,SãoPaulo,Tejupá,Município,3554201,tejupa
BRA.25.609_2,BRA.25_1,SãoPaulo,TeodoroSampaio,Município,3554300,teodorosampaio
BRA.25.610_2,BRA.25_1,SãoPaulo,TerraRoxa,Município,3554409,terraroxa
BRA.25.611_2,BRA.25_1,SãoPaulo,Tietê,Município,3554508,tiete
BRA.25.612_2,BRA.25_1,SãoPaulo,Timburi,Município,3554607,timburi
BRA.25.613_2,BRA.25_1,SãoPaulo,TorredePedra,Município,3554656,torredepedra
BRA.25.614_2,BRA.25_1,SãoPaulo,Torrinha,Município,3554706,torrinha
BRA.25.615_2,BRA.25_1,SãoPaulo,Trabiju,Município,3554755,trabiju
BRA.25.616_2,BRA.25_1,SãoPaulo,Tremembé,Município,3554805,tremembe
BRA.25.617_2,BRA.25_1,SãoPaulo,TrêsFronteiras,Município,3554904,tresfronteiras
BRA.25.618_2,BRA.25_1,SãoPaulo,Tuiuti,Município,3554953,tuiuti
BRA.25.619_2,BRA.25_1,SãoPaulo,Tupã,Município,3555000,tupa
BRA.25.620_2,BRA.25_1,SãoPaulo,TupiPaulista,Município,3555109,tupipaulista
BRA.25.621_2,BRA.25_1,SãoPaulo,Turiúba,Município,3555208,turiuba
BRA.25.622_2,BRA.25_1,SãoPaulo,Turmalina,Município,3555307,turmalina
BRA.25.623_2,BRA.25_1,SãoPaulo,Ubarana,Município,3555356,ubarana
BRA.25.624_2,BRA.25_1,SãoPaulo,Ubatuba,Município,3555406,ubatuba
BRA.25.625_2,BRA.25_1,SãoPaulo,Ubirajara,Município,3555505,ubirajara
BRA.25.626_2,BRA.25_1,SãoPaulo,Uchoa,Município,3555604,uchoa
BRA.25.627_2,BRA.25_1,SãoPaulo,UniãoPaulista,Município,3555703,uniaopaulista
BRA.25.628_2,BRA.25_1,SãoPaulo,Urânia,Município,3555802,urania
BRA.25.629_2,BRA.25_1,SãoPaulo,Uru,Município,3555901,uru
BRA.25.630_2,BRA.25_1,SãoPaulo,Urupês,Município,3556008,urupes
BRA.25.631_2,BRA.25_1,SãoPaulo,ValentimGentil,Município,3556107,valentimgentil
BRA.25.632_2,BRA.25_1,SãoPaulo,Valinhos,Município,3556206,valinhos
BRA.25.633_2,BRA.25_1,SãoPaulo,Valparaíso,Município,3556305,valparaiso
BRA.25.634_2,BRA.25_1,SãoPaulo,Vargem,Município,3556354,vargem
BRA.25.635_2,BRA.25_1,SãoPaulo,VargemGrandedoSul,Município,3556404,vargemgrandedosul
BRA.25.636_2,BRA.25_1,SãoPaulo,VargemGrandePaulista,Município,3556453,vargemgrandepaulista
BRA.25.637_2,BRA.25_1,SãoPaulo,VárzeaPaulista,Município,3556503,varzeapaulista
BRA.25.638_2,BRA.25_1,SãoPaulo,VeraCruz,Município,3556602,veracruz
BRA.25.639_2,BRA.25_1,SãoPaulo,Vinhedo,Município,3556701,vinhedo
BRA.25.640_2,BRA.25_1,SãoPaulo,Viradouro,Município,3556800,viradouro
BRA.25.641_2,BRA.25_1,SãoPaulo,VistaAlegredoAlto,Município,3556909,vistaalegredoalto
BRA.25.642_2,BRA.25_1,SãoPaulo,VitóriaBrasil,Município,3556958,vitoriabrasil
BRA.25.643_2,BRA.25_1,SãoPaulo,Votorantim,Município,3557006,votorantim
BRA.25.644_2,BRA.25_1,SãoPaulo,Votuporanga,Município,3557105,votuporanga
BRA.25.645_2,BRA.25_1,SãoPaulo,Zacarias,Município,3557154,zacarias
BRA.26.1_2,BRA.26_1,Sergipe,AmparodoSãoFrancisco,Município,2800100,amparodosaofrancisco
BRA.26.2_2,BRA.26_1,Sergipe,Aquidabã,Município,2800209,aquidaba
BRA.26.3_2,BRA.26_1,Sergipe,Aracaju,Município,2800308,aracaju
BRA.26.4_2,BRA.26_1,Sergipe,Arauá,Município,2800407,araua
BRA.26.5_2,BRA.26_1,Sergipe,AreiaBranca,Município,2800506,areiabranca
BRA.26.6_2,BRA.26_1,Sergipe,BarradosCoqueiros,Município,2800605,barradoscoqueiros
BRA.26.7_2,BRA.26_1,Sergipe,Boquim,Município,2800670,boquim
BRA.26.8_2,BRA.26_1,Sergipe,BrejoGrande,Município,2800704,brejogrande
BRA.26.9_2,BRA.26_1,Sergipe,CampodoBrito,Município,2801009,campodobrito
BRA.26.10_2,BRA.26_1,Sergipe,Canhoba,Município,2801108,canhoba
BRA.26.11_2,BRA.26_1,Sergipe,CanindédeSãoFrancisco,Município,2801207,canindedesaofrancisco
BRA.26.12_2,BRA.26_1,Sergipe,Capela,Município,2801306,capela
BRA.26.13_2,BRA.26_1,Sergipe,Carira,Município,2801405,carira
BRA.26.14_2,BRA.26_1,Sergipe,Carmópolis,Município,2801504,carmopolis
BRA.26.15_2,BRA.26_1,Sergipe,CedrodeSãoJoão,Município,2801603,cedrodesaojoao
BRA.26.16_2,BRA.26_1,Sergipe,Cristinápolis,Município,2801702,cristinapolis
BRA.26.17_2,BRA.26_1,Sergipe,Cumbe,Município,2801900,cumbe
BRA.26.18_2,BRA.26_1,Sergipe,DivinaPastora,Município,2802007,divinapastora
BRA.26.19_2,BRA.26_1,Sergipe,Estância,Município,2802106,estancia
BRA.26.20_2,BRA.26_1,Sergipe,FeiraNova,Município,2802205,feiranova
BRA.26.21_2,BRA.26_1,Sergipe,FreiPaulo,Município,2802304,freipaulo
BRA.26.22_2,BRA.26_1,Sergipe,Gararu,Município,2802403,gararu
BRA.26.23_2,BRA.26_1,Sergipe,GeneralMaynard,Município,2802502,generalmaynard
BRA.26.24_2,BRA.26_1,Sergipe,GrachoCardoso,Município,2802601,grachocardoso
BRA.26.25_2,BRA.26_1,Sergipe,IlhadasFlores,Município,2802700,ilhadasflores
BRA.26.26_2,BRA.26_1,Sergipe,Indiaroba,Município,2802809,indiaroba
BRA.26.27_2,BRA.26_1,Sergipe,Itabaiana,Município,2802908,itabaiana
BRA.26.28_2,BRA.26_1,Sergipe,Itabaianinha,Município,2803005,itabaianinha
BRA.26.29_2,BRA.26_1,Sergipe,Itabi,Município,2803104,itabi
BRA.26.30_2,BRA.26_1,Sergipe,Itaporangad'Ajuda,Município,2803203,itaporangadajuda
BRA.26.31_2,BRA.26_1,Sergipe,Japaratuba,Município,2803302,japaratuba
BRA.26.32_2,BRA.26_1,Sergipe,Japoatã,Município,2803401,japoata
BRA.26.33_2,BRA.26_1,Sergipe,Lagarto,Município,2803500,lagarto
BRA.26.34_2,BRA.26_1,Sergipe,Laranjeiras,Município,2803609,laranjeiras
BRA.26.35_2,BRA.26_1,Sergipe,Macambira,Município,2803708,macambira
BRA.26.36_2,BRA.26_1,Sergipe,MalhadadosBois,Município,2803807,malhadadosbois
BRA.26.37_2,BRA.26_1,Sergipe,Malhador,Município,2803906,malhador
BRA.26.38_2,BRA.26_1,Sergipe,Maruim,Município,2804003,maruim
BRA.26.39_2,BRA.26_1,Sergipe,MoitaBonita,Município,2804102,moitabonita
BRA.26.40_2,BRA.26_1,Sergipe,MonteAlegredeSergipe,Município,2804201,montealegredesergipe
BRA.26.41_2,BRA.26_1,Sergipe,Muribeca,Município,2804300,muribeca
BRA.26.42_2,BRA.26_1,Sergipe,Neópolis,Município,2804409,neopolis
BRA.26.43_2,BRA.26_1,Sergipe,NossaSenhoraAparecida,Município,2804458,nossasenhoraaparecida
BRA.26.44_2,BRA.26_1,Sergipe,NossaSenhoradaGlória,Município,2804508,nossasenhoradagloria
BRA.26.45_2,BRA.26_1,Sergipe,NossaSenhoradasDores,Município,2804607,nossasenhoradasdores
BRA.26.46_2,BRA.26_1,Sergipe,NossaSenhoradeLourdes,Município,2804706,nossasenhoradelourdes
BRA.26.47_2,BRA.26_1,Sergipe,NossaSenhoradoSocorro,Município,2804805,nossasenhoradosocorro
BRA.26.48_2,BRA.26_1,Sergipe,Pacatuba,Município,2804904,pacatuba
BRA.26.49_2,BRA.26_1,Sergipe,PedraMole,Município,2805000,pedramole
BRA.26.50_2,BRA.26_1,Sergipe,Pedrinhas,Município,2805109,pedrinhas
BRA.26.51_2,BRA.26_1,Sergipe,Pinhão,Município,2805208,pinhao
BRA.26.52_2,BRA.26_1,Sergipe,Pirambu,Município,2805307,pirambu
BRA.26.53_2,BRA.26_1,Sergipe,PoçoRedondo,Município,2805406,pocoredondo
BRA.26.54_2,BRA.26_1,Sergipe,PoçoVerde,Município,2805505,pocoverde
BRA.26.55_2,BRA.26_1,Sergipe,PortodaFolha,Município,2805604,portodafolha
BRA.26.56_2,BRA.26_1,Sergipe,Propriá,Município,2805703,propria
BRA.26.57_2,BRA.26_1,Sergipe,RiachãodoDantas,Município,2805802,riachaododantas
BRA.26.58_2,BRA.26_1,Sergipe,Riachuelo,Município,2805901,riachuelo
BRA.26.59_2,BRA.26_1,Sergipe,Ribeirópolis,Município,2806008,ribeiropolis
BRA.26.60_2,BRA.26_1,Sergipe,RosáriodoCatete,Município,2806107,rosariodocatete
BRA.26.61_2,BRA.26_1,Sergipe,Salgado,Município,2806206,salgado
BRA.26.62_2,BRA.26_1,Sergipe,SantaLuziadoItanhy,Município,2806305,santaluziadoitanhy
BRA.26.63_2,BRA.26_1,Sergipe,SantaRosadeLima,Município,2806503,santarosadelima
BRA.26.64_2,BRA.26_1,Sergipe,SantanadoSãoFrancisco,Município,2806404,santanadosaofrancisco
BRA.26.65_2,BRA.26_1,Sergipe,SantoAmarodasBrotas,Município,2806602,santoamarodasbrotas
BRA.26.66_2,BRA.26_1,Sergipe,SãoCristóvão,Município,2806701,saocristovao
BRA.26.67_2,BRA.26_1,Sergipe,SãoDomingos,Município,2806800,saodomingos
BRA.26.68_2,BRA.26_1,Sergipe,SãoFrancisco,Município,2806909,saofrancisco
BRA.26.69_2,BRA.26_1,Sergipe,SãoMigueldoAleixo,Município,2807006,saomigueldoaleixo
BRA.26.70_2,BRA.26_1,Sergipe,SimãoDias,Município,2807105,simaodias
BRA.26.71_2,BRA.26_1,Sergipe,Siriri,Município,2807204,siriri
BRA.26.72_2,BRA.26_1,Sergipe,Telha,Município,2807303,telha
BRA.26.73_2,BRA.26_1,Sergipe,TobiasBarreto,Município,2807402,tobiasbarreto
BRA.26.74_2,BRA.26_1,Sergipe,TomardoGeru,Município,2807501,tomardogeru
BRA.26.75_2,BRA.26_1,Sergipe,Umbaúba,Município,2807600,umbauba
BRA.27.1_2,BRA.27_1,Tocantins,Abreulândia,Município,1700251,abreulandia
BRA.27.2_2,BRA.27_1,Tocantins,Aguiarnópolis,Município,1700301,aguiarnopolis
BRA.27.3_2,BRA.27_1,Tocantins,AliançadoTocantins,Município,1700350,aliancadotocantins
BRA.27.4_2,BRA.27_1,Tocantins,Almas,Município,1700400,almas
BRA.27.5_2,BRA.27_1,Tocantins,Alvorada,Município,1700707,alvorada
BRA.27.6_2,BRA.27_1,Tocantins,Ananás,Município,1701002,ananas
BRA.27.7_2,BRA.27_1,Tocantins,Angico,Município,1701051,angico
BRA.27.8_2,BRA.27_1,Tocantins,AparecidadoRioNegro,Município,1701101,aparecidadorionegro
BRA.27.9_2,BRA.27_1,Tocantins,Aragominas,Município,1701309,aragominas
BRA.27.10_2,BRA.27_1,Tocantins,Araguacema,Município,1701903,araguacema
BRA.27.11_2,BRA.27_1,Tocantins,Araguaçu,Município,1702000,araguacu
BRA.27.12_2,BRA.27_1,Tocantins,Araguaína,Município,1702109,araguaina
BRA.27.13_2,BRA.27_1,Tocantins,Araguanã,Município,1702158,araguana
BRA.27.14_2,BRA.27_1,Tocantins,Araguatins,Município,1702208,araguatins
BRA.27.15_2,BRA.27_1,Tocantins,Arapoema,Município,1702307,arapoema
BRA.27.16_2,BRA.27_1,Tocantins,Arraias,Município,1702406,arraias
BRA.27.17_2,BRA.27_1,Tocantins,Augustinópolis,Município,1702554,augustinopolis
BRA.27.18_2,BRA.27_1,Tocantins,AuroradoTocantins,Município,1702703,auroradotocantins
BRA.27.19_2,BRA.27_1,Tocantins,AxixádoTocantins,Município,1702901,axixadotocantins
BRA.27.20_2,BRA.27_1,Tocantins,Babaçulândia,Município,1703008,babaculandia
BRA.27.21_2,BRA.27_1,Tocantins,BandeirantesdoTocantins,Município,1703057,bandeirantesdotocantins
BRA.27.22_2,BRA.27_1,Tocantins,BarradoOuro,Município,1703073,barradoouro
BRA.27.23_2,BRA.27_1,Tocantins,Barrolândia,Município,1703107,barrolandia
BRA.27.24_2,BRA.27_1,Tocantins,BernardoSayão,Município,1703206,bernardosayao
BRA.27.25_2,BRA.27_1,Tocantins,BomJesusdoTocantins,Município,1703305,bomjesusdotocantins
BRA.27.26_2,BRA.27_1,Tocantins,BrasilândiadoTocantins,Município,1703602,brasilandiadotocantins
BRA.27.27_2,BRA.27_1,Tocantins,BrejinhodeNazaré,Município,1703701,brejinhodenazare
BRA.27.28_2,BRA.27_1,Tocantins,BuritidoTocantins,Município,1703800,buritidotocantins
BRA.27.29_2,BRA.27_1,Tocantins,Cachoeirinha,Município,1703826,cachoeirinha
BRA.27.30_2,BRA.27_1,Tocantins,CamposLindos,Município,1703842,camposlindos
BRA.27.31_2,BRA.27_1,Tocantins,CariridoTocantins,Município,1703867,cariridotocantins
BRA.27.32_2,BRA.27_1,Tocantins,Carmolândia,Município,1703883,carmolandia
BRA.27.33_2,BRA.27_1,Tocantins,CarrascoBonito,Município,1703891,carrascobonito
BRA.27.34_2,BRA.27_1,Tocantins,Caseara,Município,1703909,caseara
BRA.27.35_2,BRA.27_1,Tocantins,Centenário,Município,1704105,centenario
BRA.27.36_2,BRA.27_1,Tocantins,ChapadadaNatividade,Município,1705102,chapadadanatividade
BRA.27.37_2,BRA.27_1,Tocantins,ChapadadeAreia,Município,1704600,chapadadeareia
BRA.27.38_2,BRA.27_1,Tocantins,ColinasdoTocantins,Município,1705508,colinasdotocantins
BRA.27.39_2,BRA.27_1,Tocantins,Colméia,Município,1716703,colmeia
BRA.27.40_2,BRA.27_1,Tocantins,Combinado,Município,1705557,combinado
BRA.27.41_2,BRA.27_1,Tocantins,ConceiçãodoTocantins,Município,1705607,conceicaodotocantins
BRA.27.42_2,BRA.27_1,Tocantins,CoutoMagalhães,Município,1706001,coutomagalhaes
BRA.27.43_2,BRA.27_1,Tocantins,Cristalândia,Município,1706100,cristalandia
BRA.27.44_2,BRA.27_1,Tocantins,CrixásdoTocantins,Município,1706258,crixasdotocantins
BRA.27.45_2,BRA.27_1,Tocantins,Darcinópolis,Município,1706506,darcinopolis
BRA.27.46_2,BRA.27_1,Tocantins,Dianópolis,Município,1707009,dianopolis
BRA.27.47_2,BRA.27_1,Tocantins,DivinópolisdoTocantins,Município,1707108,divinopolisdotocantins
BRA.27.48_2,BRA.27_1,Tocantins,DoisIrmãosdoTocantins,Município,1707207,doisirmaosdotocantins
BRA.27.49_2,BRA.27_1,Tocantins,Dueré,Município,1707306,duere
BRA.27.50_2,BRA.27_1,Tocantins,Esperantina,Município,1707405,esperantina
BRA.27.51_2,BRA.27_1,Tocantins,Fátima,Município,1707553,fatima
BRA.27.52_2,BRA.27_1,Tocantins,Figueirópolis,Município,1707652,figueiropolis
BRA.27.53_2,BRA.27_1,Tocantins,Filadélfia,Município,1707702,filadelfia
BRA.27.54_2,BRA.27_1,Tocantins,FormosodoAraguaia,Município,1708205,formosodoaraguaia
BRA.27.55_2,BRA.27_1,Tocantins,Goianorte,Município,1708304,goianorte
BRA.27.56_2,BRA.27_1,Tocantins,Goiatins,Município,1709005,goiatins
BRA.27.57_2,BRA.27_1,Tocantins,Guaraí,Município,1709302,guarai
BRA.27.58_2,BRA.27_1,Tocantins,Gurupi,Município,1709500,gurupi
BRA.27.59_2,BRA.27_1,Tocantins,Ipueiras,Município,1709807,ipueiras
BRA.27.60_2,BRA.27_1,Tocantins,Itacajá,Município,1710508,itacaja
BRA.27.61_2,BRA.27_1,Tocantins,Itaguatins,Município,1710706,itaguatins
BRA.27.62_2,BRA.27_1,Tocantins,Itapiratins,Município,1710904,itapiratins
BRA.27.63_2,BRA.27_1,Tocantins,ItaporãdoTocantins,Município,1711100,itaporadotocantins
BRA.27.64_2,BRA.27_1,Tocantins,JaúdoTocantins,Município,1711506,jaudotocantins
BRA.27.65_2,BRA.27_1,Tocantins,Juarina,Município,1711803,juarina
BRA.27.66_2,BRA.27_1,Tocantins,LagoadaConfusão,Município,1711902,lagoadaconfusao
BRA.27.67_2,BRA.27_1,Tocantins,LagoadoTocantins,Município,1711951,lagoadotocantins
BRA.27.68_2,BRA.27_1,Tocantins,Lajeado,Município,1712009,lajeado
BRA.27.69_2,BRA.27_1,Tocantins,Lavandeira,Município,1712157,lavandeira
BRA.27.70_2,BRA.27_1,Tocantins,Lizarda,Município,1712405,lizarda
BRA.27.71_2,BRA.27_1,Tocantins,Luzinópolis,Município,1712454,luzinopolis
BRA.27.72_2,BRA.27_1,Tocantins,MarianópolisdoTocantins,Município,1712504,marianopolisdotocantins
BRA.27.73_2,BRA.27_1,Tocantins,Mateiros,Município,1712702,mateiros
BRA.27.74_2,BRA.27_1,Tocantins,MaurilândiadoTocantins,Município,1712801,maurilandiadotocantins
BRA.27.75_2,BRA.27_1,Tocantins,MiracemadoTocantins,Município,1713205,miracemadotocantins
BRA.27.76_2,BRA.27_1,Tocantins,Miranorte,Município,1713304,miranorte
BRA.27.77_2,BRA.27_1,Tocantins,MontedoCarmo,Município,1713601,montedocarmo
BRA.27.78_2,BRA.27_1,Tocantins,MonteSantodoTocantins,Município,1713700,montesantodotocantins
BRA.27.79_2,BRA.27_1,Tocantins,Muricilândia,Município,1713957,muricilandia
BRA.27.80_2,BRA.27_1,Tocantins,Natividade,Município,1714203,natividade
BRA.27.81_2,BRA.27_1,Tocantins,Nazaré,Município,1714302,nazare
BRA.27.82_2,BRA.27_1,Tocantins,NovaOlinda,Município,1714880,novaolinda
BRA.27.83_2,BRA.27_1,Tocantins,NovaRosalândia,Município,1715002,novarosalandia
BRA.27.84_2,BRA.27_1,Tocantins,NovoAcordo,Município,1715101,novoacordo
BRA.27.85_2,BRA.27_1,Tocantins,NovoAlegre,Município,1715150,novoalegre
BRA.27.86_2,BRA.27_1,Tocantins,NovoJardim,Município,1715259,novojardim
BRA.27.87_2,BRA.27_1,Tocantins,OliveiradeFátima,Município,1715507,oliveiradefatima
BRA.27.88_2,BRA.27_1,Tocantins,Palmas,Município,1721000,palmas
BRA.27.89_2,BRA.27_1,Tocantins,Palmeirante,Município,1715705,palmeirante
BRA.27.90_2,BRA.27_1,Tocantins,PalmeirasdoTocantins,Município,1713809,palmeirasdotocantins
BRA.27.91_2,BRA.27_1,Tocantins,Palmeirópolis,Município,1715754,palmeiropolis
BRA.27.92_2,BRA.27_1,Tocantins,ParaísodoTocantins,Município,1716109,paraisodotocantins
BRA.27.93_2,BRA.27_1,Tocantins,Paranã,Município,1716208,parana
BRA.27.94_2,BRA.27_1,Tocantins,PauD'Arco,Município,1716307,paudarco
BRA.27.95_2,BRA.27_1,Tocantins,PedroAfonso,Município,1716505,pedroafonso
BRA.27.96_2,BRA.27_1,Tocantins,Peixe,Município,1716604,peixe
BRA.27.97_2,BRA.27_1,Tocantins,Pequizeiro,Município,1716653,pequizeiro
BRA.27.98_2,BRA.27_1,Tocantins,PindoramadoTocantins,Município,1717008,pindoramadotocantins
BRA.27.99_2,BRA.27_1,Tocantins,Piraquê,Município,1717206,piraque
BRA.27.100_2,BRA.27_1,Tocantins,Pium,Município,1717503,pium
BRA.27.101_2,BRA.27_1,Tocantins,PonteAltadoBomJesus,Município,1717800,pontealtadobomjesus
BRA.27.102_2,BRA.27_1,Tocantins,PonteAltadoTocantins,Município,1717909,pontealtadotocantins
BRA.27.103_2,BRA.27_1,Tocantins,PortoAlegredoTocantins,Município,1718006,portoalegredotocantins
BRA.27.104_2,BRA.27_1,Tocantins,PortoNacional,Município,1718204,portonacional
BRA.27.105_2,BRA.27_1,Tocantins,PraiaNorte,Município,1718303,praianorte
BRA.27.106_2,BRA.27_1,Tocantins,PresidenteKennedy,Município,1718402,presidentekennedy
BRA.27.107_2,BRA.27_1,Tocantins,Pugmil,Município,1718451,pugmil
BRA.27.108_2,BRA.27_1,Tocantins,Recursolândia,Município,1718501,recursolandia
BRA.27.109_2,BRA.27_1,Tocantins,Riachinho,Município,1718550,riachinho
BRA.27.110_2,BRA.27_1,Tocantins,RiodaConceição,Município,1718659,riodaconceicao
BRA.27.111_2,BRA.27_1,Tocantins,RiodosBois,Município,1718709,riodosbois
BRA.27.112_2,BRA.27_1,Tocantins,RioSono,Município,1718758,riosono
BRA.27.113_2,BRA.27_1,Tocantins,Sampaio,Município,1718808,sampaio
BRA.27.114_2,BRA.27_1,Tocantins,Sandolândia,Município,1718840,sandolandia
BRA.27.115_2,BRA.27_1,Tocantins,SantaFédoAraguaia,Município,1718865,santafedoaraguaia
BRA.27.116_2,BRA.27_1,Tocantins,SantaMariadoTocantins,Município,1718881,santamariadotocantins
BRA.27.117_2,BRA.27_1,Tocantins,SantaRitadoTocantins,Município,1718899,santaritadotocantins
BRA.27.118_2,BRA.27_1,Tocantins,SantaRosadoTocantins,Município,1718907,santarosadotocantins
BRA.27.119_2,BRA.27_1,Tocantins,SantaTerezadoTocantins,Município,1719004,santaterezadotocantins
BRA.27.120_2,BRA.27_1,Tocantins,SantaTerezinhadoTocantins,Município,1720002,santaterezinhadotocantins
BRA.27.121_2,BRA.27_1,Tocantins,SãoBentodoTocantins,Município,1720101,saobentodotocantins
BRA.27.122_2,BRA.27_1,Tocantins,SãoFélixdoTocantins,Município,1720150,saofelixdotocantins
BRA.27.123_2,BRA.27_1,Tocantins,SãoMigueldoTocantins,Município,1720200,saomigueldotocantins
BRA.27.124_2,BRA.27_1,Tocantins,SãoSalvadordoTocantins,Município,1720259,saosalvadordotocantins
BRA.27.125_2,BRA.27_1,Tocantins,SãoSebastiãodoTocantins,Município,1720309,saosebastiaodotocantins
BRA.27.126_2,BRA.27_1,Tocantins,SãoValério,Município,1720499,saovalerio
BRA.27.127_2,BRA.27_1,Tocantins,Silvanópolis,Município,1720655,silvanopolis
BRA.27.128_2,BRA.27_1,Tocantins,SítioNovodoTocantins,Município,1720804,sitionovodotocantins
BRA.27.129_2,BRA.27_1,Tocantins,Sucupira,Município,1720853,sucupira
BRA.27.130_2,BRA.27_1,Tocantins,Tabocão,Município,1708254,tabocao
BRA.27.131_2,BRA.27_1,Tocantins,Taguatinga,Município,1720903,taguatinga
BRA.27.132_2,BRA.27_1,Tocantins,TaipasdoTocantins,Município,1720937,taipasdotocantins
BRA.27.133_2,BRA.27_1,Tocantins,Talismã,Município,1720978,talisma
BRA.27.134_2,BRA.27_1,Tocantins,Tocantínia,Município,1721109,tocantinia
BRA.27.135_2,BRA.27_1,Tocantins,Tocantinópolis,Município,1721208,tocantinopolis
BRA.27.136_2,BRA.27_1,Tocantins,Tupirama,Município,1721257,tupirama
BRA.27.137_2,BRA.27_1,Tocantins,Tupiratins,Município,1721307,tupiratins
BRA.27.138_2,BRA.27_1,Tocantins,Wanderlândia,Município,1722081,wanderlandia
BRA.27.139_2,BRA.27_1,Tocantins,Xambioá,Município,1722107,xambioa
