{"type": "FeatureCollection", "features": [{"type": "Feature", "properties": {"metro_id": "BRM10", "metro_name": "Belo Horizonte RM", "n_members": 48, "n_missing": 0, "n_states": 1, "states": "MinasGerais"}, "geometry": {"type": "Polygon", "coordinates": [[[-44.6317, -20.3216], [-44.631, -20.3165], [-44.6281, -20.3138], [-44.6304, -20.3102], [-44.6223, -20.2993], [-44.6164, -20.2996], [-44.6115, -20.2975], [-44.6096, -20.298], [-44.6071, -20.302], [-44.5948, -20.2986], [-44.5908, -20.2962], [-44.5909, -20.2867], [-44.5812, -20.2792], [-44.5764, -20.2816], [-44.566, -20.2789], [-44.5646804109589, -20.28137000000001], [-44.5659, -20.2783], [-44.565, -20.2749], [-44.561, -20.2724], [-44.5686, -20.2697], [-44.5686, -20.2662], [-44.5728, -20.2595], [-44.5742, -20.2455], [-44.5672, -20.2385], [-44.5678, -20.2364], [-44.5709, -20.2349], [-44.57, -20.2309], [-44.5726, -20.2285], [-44.569789145403, -20.22435398946942], [-44.5728, -20.2228], [-44.5764, -20.2149], [-44.5814, -20.2125], [-44.5818, -20.206], [-44.5842, -20.2027], [-44.5921, -20.1989], [-44.5969, -20.2037], [-44.6035, -20.2034], [-44.611, -20.2007], [-44.6161, -20.1965], [-44.6159, -20.1925], [-44.6125, -20.1895], [-44.613, -20.1844], [-44.6194, -20.1789], [-44.6206, -20.1731], [-44.6178, -20.1693], [-44.619, -20.1637], [-44.6219, -20.1598], [-44.6299, -20.1599], [-44.6339, -20.1581], [-44.6405, -20.1504], [-44.6445, -20.1495], [-44.6454, -20.1452], [-44.653, -20.1442], [-44.6534, -20.141], [-44.6601, -20.1416], [-44.6635, -20.1403], [-44.6631, -20.1357], [-44.6673, -20.132], [-44.6659, -20.1287], [-44.6719, -20.1242], [-44.6781, -20.1246], [-44.685, -20.1176], [-44.6928, -20.1166], [-44.7007, -20.1116], [-44.7084, -20.112], [-44.7119, -20.1088], [-44.7168, -20.1076], [-44.7124, -20.0906], [-44.7139, -20.0875], [-44.718, -20.0854], [-44.7172, -20.0796], [-44.7136, -20.0716], [-44.7137, -20.0669], [-44.717, -20.062], [-44.7129, -20.0571], [-44.7104, -20.0507], [-44.7145, -20.0445], [-44.7148, -20.0391], [-44.7125, -20.0358], [-44.712, -20.0314], [-44.7077, -20.0265], [-44.7029, -20.0287], [-44.6999, -20.0274], [-44.6985, -20.0208], [-44.6957, -20.0176], [-44.6964, -20.0002], [-44.6917, -19.9956], [-44.6823, -19.9924], [-44.6761, -19.9859], [-44.6709, -19.9882], [-44.6591, -19.9869], [-44.6564, -19.9856], [-44.6557, -19.982], [-44.6523, -19.9792], [-44.6414, -19.9777], [-44.6352, -19.9736], [-44.6354, -19.9675], [-44.6328, -19.9637], [-44.6264, -19.9611], [-44.6212, -19.96], [-44.6196, -19.9612], [-44.614, -19.9594], [-44.6121, -19.9538], [-44.6181, -19.9427], [-44.61991328711727, -19.93601946851531], [-44.6204, -19.936], [-44.6224, -19.9421], [-44.6245, -19.9435], [-44.6276, -19.9401], [-44.6348, -19.9392], [-44.639, -19.9365], [-44.6418, -19.932], [-44.6383, -19.9248], [-44.645, -19.9224], [-44.6453, -19.9176], [-44.6491, -19.9126], [-44.654, -19.9122], [-44.6541, -19.9071], [-44.6582, -19.9019], [-44.66, -19.8955], [-44.6587, -19.8915], [-44.663, -19.8936], [-44.6734, -19.8926], [-44.6751, -19.8876], [-44.6826, -19.8812], [-44.6809, -19.8776], [-44.6866, -19.8766], [-44.6865, -19.87], [-44.7093, -19.8864], [-44.7161, -19.8845], [-44.7209, -19.8864], [-44.7311, -19.8848], [-44.7326, -19.8944], [-44.7421, -19.8978], [-44.7484, -19.8922], [-44.7578, -19.8897], [-44.7593, -19.8795], [-44.7671, -19.8763], [-44.7716, -19.8705], [-44.7777, -19.8693], [-44.7807, -19.8672], [-44.7824, -19.8629], [-44.785, -19.8625], [-44.7863, -19.8528], [-44.784, -19.8469], [-44.786, -19.846], [-44.7878, -19.8416], [-44.7855, -19.8392], [-44.7822, -19.8388], [-44.7837, -19.8339], [-44.7825, -19.8321], [-44.7843, -19.8302], [-44.7818, -19.8271], [-44.785, -19.8213], [-44.7834, -19.8152], [-44.7864, -19.8121], [-44.7844, -19.804], [-44.779, -19.8006], [-44.7763, -19.8007], [-44.7769, -19.7968], [-44.7731, -19.7926], [-44.7737, -19.7906], [-44.7786, -19.79], [-44.7793, -19.7877], [-44.7857, -19.7822], [-44.7838, -19.7762], [-44.7801, -19.7761], [-44.7805, -19.7716], [-44.7732, -19.7739], [-44.7713, -19.7755], [-44.7718, -19.7775], [-44.7675, -19.7774], [-44.7667, -19.7787], [-44.7685, -19.7798], [-44.7674, -19.7812], [-44.7651, -19.7813], [-44.7617, -19.7755], [-44.7603, -19.7772], [-44.7569, -19.7769], [-44.7577, -19.7803], [-44.7533, -19.7808], [-44.7534, -19.7822], [-44.7518, -19.7816], [-44.7491, -19.7848], [-44.7464, -19.7844], [-44.7437, -19.7864], [-44.7391, -19.7837], [-44.7243, -19.7896], [-44.7203, -19.7869], [-44.7163, -19.7868], [-44.7147, -19.7901], [-44.7097, -19.7925], [-44.7072, -19.7881], [-44.7079, -19.7864], [-44.7008, -19.7828], [-44.6988, -19.7836], [-44.6948, -19.7796], [-44.6933, -19.7737], [-44.6879, -19.7735], [-44.6875, -19.7682], [-44.6852, -19.7684], [-44.6815, -19.7628], [-44.6762, -19.7461], [-44.6665, -19.7404], [-44.6528, -19.7391], [-44.6431, -19.7402], [-44.6396, -19.738], [-44.6373, -19.7289], [-44.63337741935485, -19.7311064516129], [-44.6384, -19.7272], [-44.641, -19.7116], [-44.6376, -19.7106], [-44.6348, -19.7072], [-44.6365, -19.6971], [-44.6192, -19.6839], [-44.6176, -19.6736], [-44.6028, -19.6695], [-44.6035, -19.6662], [-44.601, -19.6609], [-44.6031, -19.6576], [-44.6016, -19.6541], [-44.5974, -19.6487], [-44.5927, -19.6497], [-44.5902, -19.6484], [-44.5896, -19.642], [-44.5848, -19.6391], [-44.5829, -19.6308], [-44.5792, -19.6286], [-44.5765, -19.6232], [-44.5765, -19.6162], [-44.5712, -19.6152], [-44.5694, -19.6096], [-44.5671, -19.6094], [-44.5673, -19.6069], [-44.5652, -19.6061], [-44.5652, -19.6042], [-44.5565, -19.6083], [-44.5677, -19.6025], [-44.5669, -19.6], [-44.5545, -19.5966], [-44.546, -19.5858], [-44.5509, -19.5818], [-44.5495, -19.5783], [-44.5551, -19.5739], [-44.5615, -19.5752], [-44.5665, -19.572], [-44.5683, -19.5628], [-44.5823, -19.558], [-44.5835, -19.5562], [-44.5682, -19.5473], [-44.5686, -19.5439], [-44.5668, -19.5402], [-44.5564, -19.5358], [-44.5508, -19.5367], [-44.5457, -19.5313], [-44.5434, -19.5253], [-44.5504, -19.5234], [-44.5556, -19.5176], [-44.567, -19.5205], [-44.5746, -19.517], [-44.5758, -19.5114], [-44.5791, -19.5075], [-44.5746, -19.495], [-44.5733, -19.4843], [-44.5744, -19.4831], [-44.5851, -19.4845], [-44.5868, -19.4823], [-44.5798, -19.4715], [-44.5839, -19.4655], [-44.5834, -19.4565], [-44.5815, -19.4541], [-44.5759, -19.4521], [-44.5636, -19.452], [-44.5605, -19.4431], [-44.5537, -19.4385], [-44.5537, -19.4288], [-44.5501, -19.4264], [-44.5423, -19.4274], [-44.539680198019795, -19.432833663366356], [-44.5416, -19.4268], [-44.5323, -19.4233], [-44.5292, -19.4279], [-44.5252, -19.4284], [-44.5222, -19.4254], [-44.5164, -19.4235], [-44.5163, -19.4264], [-44.514, -19.4264], [-44.5135, -19.4294], [-44.5094, -19.4276], [-44.5083, -19.4253], [-44.5057, -19.4281], [-44.504, -19.4275], [-44.5017, -19.4291], [-44.4989, -19.4268], [-44.4969, -19.4284], [-44.4944, -19.426], [-44.4954, -19.4225], [-44.4933, -19.4215], [-44.4938, -19.4206], [-44.492, -19.4219], [-44.4868, -19.421], [-44.4853, -19.4188], [-44.4868, -19.418], [-44.4788, -19.4159], [-44.4787, -19.4144], [-44.4754, -19.4144], [-44.4698, -19.4109], [-44.4689, -19.408], [-44.4643, -19.4064], [-44.4601, -19.4096], [-44.45878519637462, -19.408903927492446], [-44.4599, -19.4087], [-44.4575, -19.4057], [-44.4533, -19.4066], [-44.4442, -19.3982], [-44.4415, -19.4009], [-44.4376, -19.4001], [-44.4346, -19.4033], [-44.4249, -19.401], [-44.4124, -19.4022], [-44.4025, -19.4127], [-44.3991, -19.4139], [-44.3892, -19.4077], [-44.3816, -19.4081], [-44.378, -19.4044], [-44.3745, -19.4055], [-44.3686, -19.4039], [-44.36, -19.3964], [-44.3578, -19.3916], [-44.3525, -19.3895], [-44.3531, -19.3862], [-44.3516, -19.3857], [-44.3409, -19.3925], [-44.3389, -19.3967], [-44.3394, -19.4002], [-44.3377, -19.4018], [-44.3319, -19.399], [-44.3255, -19.4004], [-44.3194, -19.3998], [-44.2997, -19.4039], [-44.2978, -19.4011], [-44.2971, -19.3935], [-44.3023, -19.3782], [-44.2992, -19.3727], [-44.2999, -19.354], [-44.3011, -19.3492], [-44.3055, -19.3454], [-44.3044, -19.3385], [-44.3091, -19.3303], [-44.2925, -19.3181], [-44.2833, -19.3177], [-44.2764, -19.3374], [-44.2729, -19.3397], [-44.2703, -19.3395], [-44.2602, -19.3308], [-44.2493, -19.314], [-44.2314, -19.3068], [-44.2099, -19.3024], [-44.2008, -19.3037], [-44.1889, -19.3016], [-44.164, -19.2927], [-44.1604, -19.2927], [-44.1571, -19.2984], [-44.147454021958325, -19.30382012099485], [-44.1479, -19.3012], [-44.1395, -19.2995], [-44.1402, -19.2985], [-44.138, -19.2977], [-44.1395, -19.2967], [-44.1345, -19.2949], [-44.1354, -19.2935], [-44.1338, -19.2923], [-44.127, -19.2909], [-44.1226, -19.2921], [-44.1201, -19.2908], [-44.1178, -19.2918], [-44.1162, -19.2951], [-44.1164, -19.2996], [-44.1189, -19.3011], [-44.1166, -19.3017], [-44.1132, -19.2998], [-44.1132, -19.2979], [-44.1107, -19.2974], [-44.1105, -19.295], [-44.1051, -19.2906], [-44.106, -19.2899], [-44.1041, -19.2873], [-44.1052, -19.2848], [-44.103, -19.2844], [-44.1035, -19.281], [-44.1003, -19.2777], [-44.1, -19.2748], [-44.0982, -19.2745], [-44.0989, -19.2733], [-44.0969, -19.2736], [-44.0952, -19.2719], [-44.0926, -19.2742], [-44.0891, -19.2742], [-44.0892, -19.2719], [-44.0852, -19.2733], [-44.0855, -19.2742], [-44.0831, -19.2739], [-44.0806, -19.2767], [-44.0757, -19.276], [-44.0681, -19.2842], [-44.0681, -19.2902], [-44.0724, -19.2943], [-44.0728, -19.2988], [-44.0687, -19.3082], [-44.0651, -19.3111], [-44.0653, -19.3166], [-44.0578, -19.3309], [-44.0526, -19.3341], [-44.0469, -19.3336], [-44.0414, -19.3358], [-44.0329, -19.3329], [-44.0243, -19.334], [-44.0207, -19.3365], [-44.0169, -19.3344], [-44.0086, -19.3356], [-44.0063, -19.3334], [-44.0076, -19.3363], [-44.0052, -19.332], [-43.999, -19.3353], [-43.9886, -19.3363], [-43.9877, -19.3341], [-43.9889, -19.3318], [-43.9983, -19.3268], [-43.9924, -19.3246], [-43.9903, -19.32], [-43.9898, -19.3172], [-43.9925, -19.3103], [-43.9915, -19.3071], [-43.9873, -19.3043], [-43.9836, -19.31], [-43.9759, -19.3109], [-43.9728, -19.309], [-43.9728, -19.305], [-43.9751, -19.3007], [-43.9796, -19.2997], [-43.9846, -19.302], [-43.988, -19.2968], [-43.9947, -19.2971], [-43.9923, -19.288], [-44.0033, -19.2857], [-44.0032, -19.2807], [-44.0083, -19.2765], [-44.0081, -19.2751], [-44.0035, -19.2738], [-43.9971, -19.2753], [-43.9923, -19.2647], [-43.9887, -19.2646], [-43.9855, -19.2666], [-43.9774, -19.2614], [-43.9767, -19.2595], [-43.9783, -19.2561], [-43.9759, -19.2574], [-43.9737, -19.2563], [-43.9705, -19.2584], [-43.9616, -19.2547], [-43.957, -19.2563], [-43.9512, -19.253], [-43.9407, -19.25], [-43.9387, -19.2477], [-43.9377, -19.2401], [-43.9203, -19.2309], [-43.9044, -19.2256], [-43.8982, -19.2134], [-43.8931, -19.2146], [-43.8889, -19.2185], [-43.8846, -19.2169], [-43.8793, -19.2197], [-43.8762, -19.2188], [-43.8721, -19.2202], [-43.862, -19.2166], [-43.856, -19.2127], [-43.8515, -19.2126], [-43.8447, -19.2161], [-43.843, -19.2152], [-43.8426, -19.2118], [-43.8373, -19.2067], [-43.8352, -19.2014], [-43.8356, -19.194], [-43.8402, -19.1871], [-43.8364, -19.1815], [-43.8383, -19.1718], [-43.8367, -19.1684], [-43.8387, -19.1641], [-43.8387, -19.1596], [-43.8487, -19.1506], [-43.8496, -19.145], [-43.8537, -19.1379], [-43.854, -19.1147], [-43.8516, -19.1111], [-43.8553, -19.1085], [-43.8597, -19.1107], [-43.8624, -19.1088], [-43.8632, -19.106], [-43.8603, -19.1021], [-43.8602, -19.0975], [-43.8632, -19.0909], [-43.8624, -19.0884], [-43.8561, -19.0889], [-43.8469, -19.0821], [-43.8393, -19.0709], [-43.8326, -19.071], [-43.8285, -19.0755], [-43.8266, -19.0757], [-43.8231, -19.0731], [-43.8179, -19.0731], [-43.8168, -19.0706], [-43.8147, -19.0711], [-43.8112, -19.0682], [-43.8039, -19.0676], [-43.7965, -19.071], [-43.7925, -19.0682], [-43.7943, -19.0659], [-43.7924, -19.065], [-43.7908, -19.0611], [-43.7874, -19.0619], [-43.7852, -19.0594], [-43.7826, -19.0605], [-43.7778, -19.059], [-43.7692, -19.0642], [-43.769, -19.0662], [-43.7732, -19.0654], [-43.7781, -19.0673], [-43.7799, -19.0645], [-43.7814, -19.0684], [-43.7736, -19.0718], [-43.7823, -19.0754], [-43.7867, -19.0736], [-43.7888, -19.0775], [-43.7871, -19.079], [-43.7834, -19.0781], [-43.7758, -19.0802], [-43.772, -19.0767], [-43.7659, -19.0806], [-43.7646, -19.0846], [-43.7721, -19.0849], [-43.7704, -19.0872], [-43.772, -19.0924], [-43.7791, -19.0922], [-43.7775, -19.0995], [-43.7761, -19.0994], [-43.7745, -19.0962], [-43.7584, -19.094], [-43.7566, -19.0974], [-43.7593, -19.1019], [-43.7538, -19.1027], [-43.7527, -19.1049], [-43.7543, -19.1072], [-43.7597, -19.1087], [-43.7607, -19.111], [-43.7587, -19.1131], [-43.7479, -19.1094], [-43.7463, -19.1045], [-43.7427, -19.1057], [-43.7399, -19.104], [-43.7388, -19.1049], [-43.7364, -19.1118], [-43.7415, -19.1132], [-43.7455, -19.1208], [-43.7429, -19.1287], [-43.7509, -19.1264], [-43.7576, -19.1291], [-43.7602, -19.1264], [-43.7619, -19.1298], [-43.767, -19.1314], [-43.7706, -19.1344], [-43.7695, -19.1369], [-43.7495, -19.136], [-43.7489, -19.1393], [-43.757, -19.1408], [-43.7592, -19.1433], [-43.757, -19.1449], [-43.7497, -19.1448], [-43.7559, -19.1491], [-43.7557, -19.1528], [-43.7515, -19.1553], [-43.756, -19.1625], [-43.7528, -19.1655], [-43.7483, -19.164], [-43.747, -19.1653], [-43.7495, -19.168], [-43.7588, -19.1694], [-43.7611, -19.1713], [-43.7607, -19.1759], [-43.7574, -19.174], [-43.7537, -19.1741], [-43.7524, -19.1765], [-43.7539, -19.1799], [-43.7593, -19.1809], [-43.7652, -19.1853], [-43.7712, -19.1841], [-43.7706, -19.1877], [-43.7757, -19.191], [-43.7738, -19.1936], [-43.7688, -19.1937], [-43.7669, -19.1965], [-43.7634, -19.1959], [-43.7631, -19.1997], [-43.7597, -19.1987], [-43.7608, -19.2031], [-43.7582, -19.2067], [-43.7506, -19.2052], [-43.7517, -19.2083], [-43.7487, -19.2102], [-43.7507, -19.2149], [-43.7469, -19.2157], [-43.7442, -19.2185], [-43.7444, -19.2234], [-43.7495, -19.2264], [-43.7506, -19.2288], [-43.7473, -19.2312], [-43.7486, -19.2364], [-43.749021276595755, -19.236534042553195], [-43.7432, -19.2352], [-43.7411, -19.2317], [-43.7376, -19.2367], [-43.7443, -19.2381], [-43.7437, -19.2441], [-43.7424, -19.2456], [-43.7414, -19.2433], [-43.7401, -19.2438], [-43.7392, -19.2499], [-43.7365, -19.2504], [-43.734, -19.2545], [-43.7354, -19.257], [-43.7369, -19.2536], [-43.7392, -19.2592], [-43.7343, -19.2625], [-43.7363, -19.2688], [-43.7318, -19.2784], [-43.7332, -19.2804], [-43.7251, -19.2821], [-43.7238, -19.2774], [-43.7213, -19.2768], [-43.7226, -19.2734], [-43.7209, -19.2729], [-43.7211, -19.2708], [-43.7127, -19.2747], [-43.7105, -19.2701], [-43.7061, -19.2673], [-43.7039, -19.2713], [-43.6992, -19.2715], [-43.6973, -19.2737], [-43.6975, -19.2774], [-43.6958, -19.2803], [-43.6972, -19.2826], [-43.6939, -19.2851], [-43.6933, -19.29], [-43.6909, -19.2873], [-43.6925, -19.2801], [-43.6888, -19.2748], [-43.6883, -19.2822], [-43.6856, -19.2812], [-43.6798, -19.2827], [-43.6756, -19.2903], [-43.6733, -19.2913], [-43.6726, -19.2978], [-43.6756, -19.2989], [-43.6753, -19.3052], [-43.677, -19.3068], [-43.6774, -19.3055], [-43.6824, -19.3044], [-43.6808, -19.3072], [-43.6831, -19.311], [-43.6705, -19.3135], [-43.6698, -19.3171], [-43.672, -19.3189], [-43.6725, -19.3234], [-43.6697, -19.3313], [-43.6659, -19.3318], [-43.6651, -19.3301], [-43.6633, -19.3321], [-43.6624, -19.3295], [-43.6581, -19.3326], [-43.6568, -19.3358], [-43.6542, -19.3331], [-43.6509, -19.3329], [-43.6487, -19.3363], [-43.6498, -19.3417], [-43.6433, -19.3428], [-43.6404, -19.3474], [-43.6317, -19.3444], [-43.6289, -19.3449], [-43.6292, -19.3407], [-43.6245, -19.3402], [-43.6184, -19.3454], [-43.615, -19.3439], [-43.612, -19.3453], [-43.6072, -19.3426], [-43.6066, -19.3471], [-43.6051, -19.3446], [-43.6027, -19.3463], [-43.5982, -19.3457], [-43.5944, -19.3481], [-43.5895, -19.3448], [-43.58, -19.3444], [-43.573, -19.3409], [-43.5672, -19.3412], [-43.5624, -19.3386], [-43.5468, -19.3348], [-43.5276, -19.3345], [-43.5187, -19.3303], [-43.5181, -19.3342], [-43.5212, -19.3398], [-43.5188, -19.3491], [-43.5105, -19.3547], [-43.5082, -19.3595], [-43.5046, -19.3615], [-43.4968, -19.3631], [-43.4957, -19.3571], [-43.4919, -19.3595], [-43.4916, -19.3665], [-43.4879, -19.3699], [-43.4871, -19.3726], [-43.4915, -19.3797], [-43.4937, -19.387], [-43.4899, -19.3924], [-43.4807, -19.4004], [-43.4849, -19.4059], [-43.478, -19.4153], [-43.4828, -19.4201], [-43.4816, -19.4276], [-43.4853, -19.4317], [-43.4817, -19.4387], [-43.4802, -19.454], [-43.4848, -19.4538], [-43.4884, -19.4584], [-43.4907, -19.4563], [-43.4925, -19.4568], [-43.4935, -19.4667], [-43.4979, -19.4715], [-43.4976, -19.4772], [-43.5117, -19.4981], [-43.5135, -19.5077], [-43.5217, -19.5104], [-43.5282, -19.5258], [-43.5314, -19.5287], [-43.5356, -19.5285], [-43.5423, -19.5407], [-43.5487, -19.5311], [-43.5456, -19.5374], [-43.5413, -19.5444], [-43.5303, -19.5507], [-43.5271, -19.5574], [-43.5299, -19.5681], [-43.5368, -19.5666], [-43.5399, -19.5712], [-43.5385, -19.5739], [-43.5401, -19.5776], [-43.5382, -19.5897], [-43.5423, -19.6033], [-43.5385, -19.6156], [-43.5417, -19.6239], [-43.5427, -19.6327], [-43.5463, -19.6425], [-43.5456, -19.6518], [-43.5488, -19.6633], [-43.5451, -19.6673], [-43.543, -19.6827], [-43.5438, -19.6896], [-43.5407, -19.6906], [-43.5379, -19.6949], [-43.5377, -19.7051], [-43.5339, -19.7201], [-43.5327, -19.723], [-43.5275, -19.7274], [-43.5272, -19.7297], [-43.531, -19.7335], [-43.5355, -19.7335], [-43.536, -19.7412], [-43.5342, -19.7436], [-43.5382, -19.7543], [-43.54171856540084, -19.75129219409283], [-43.5365, -19.757], [-43.5369, -19.7608], [-43.5309, -19.7619], [-43.5285, -19.7656], [-43.5179, -19.7692], [-43.5084, -19.7658], [-43.5062, -19.7699], [-43.4996, -19.7702], [-43.4947, -19.7752], [-43.4915, -19.773], [-43.4881, -19.7732], [-43.4849, -19.784], [-43.4795, -19.786], [-43.4789, -19.7828], [-43.475, -19.7836], [-43.4685, -19.7803], [-43.4622, -19.7807], [-43.4512, -19.788], [-43.4478, -19.7839], [-43.444, -19.7833], [-43.4332, -19.7878], [-43.4284, -19.7871], [-43.4283, -19.7839], [-43.4198, -19.7758], [-43.4153, -19.7776], [-43.41, -19.7725], [-43.4047, -19.7765], [-43.3949, -19.7745], [-43.3925, -19.7755], [-43.3906, -19.7724], [-43.3888, -19.7728], [-43.3873, -19.7781], [-43.3889, -19.788], [-43.3826, -19.7911], [-43.3882, -19.7938], [-43.3911, -19.7999], [-43.3907, -19.8026], [-43.3967, -19.8046], [-43.3974, -19.8066], [-43.3952, -19.808], [-43.3943, -19.8115], [-43.3973, -19.8232], [-43.3971, -19.827], [-43.3947, -19.8289], [-43.3973, -19.8395], [-43.3932, -19.8423], [-43.3919, -19.8466], [-43.3876, -19.8509], [-43.3884, -19.8569], [-43.3942, -19.8622], [-43.395, -19.8659], [-43.3992, -19.8667], [-43.4086, -19.8723], [-43.423, -19.8763], [-43.4332, -19.8761], [-43.4349, -19.8779], [-43.4335, -19.8873], [-43.4266, -19.8896], [-43.421, -19.8936], [-43.4194, -19.9094], [-43.4312, -19.9074], [-43.43147286931818, -19.907587263257575], [-43.4133, -19.9113], [-43.4096, -19.9139], [-43.4088, -19.9168], [-43.3947, -19.915], [-43.3891, -19.9106], [-43.3814, -19.9083], [-43.3749, -19.9083], [-43.3713, -19.9217], [-43.3689, -19.9233], [-43.3563, -19.9215], [-43.3501, -19.9185], [-43.3457, -19.9189], [-43.3454, -19.9155], [-43.3411, -19.9128], [-43.3383, -19.9027], [-43.3266, -19.899], [-43.3247, -19.8948], [-43.3165, -19.8914], [-43.3016, -19.8943], [-43.2845, -19.9019], [-43.2746, -19.9026], [-43.2717, -19.901], [-43.271, -19.8961], [-43.2609, -19.893], [-43.2587, -19.8894], [-43.2568, -19.8898], [-43.2563, -19.8927], [-43.252, -19.8967], [-43.2457, -19.8984], [-43.2415, -19.8973], [-43.2386, -19.893], [-43.2338, -19.8927], [-43.2304, -19.8895], [-43.2258, -19.8898], [-43.2205, -19.8928], [-43.2235, -19.9004], [-43.2274, -19.9046], [-43.2243, -19.9149], [-43.2284, -19.9187], [-43.2335, -19.9207], [-43.2334, -19.9288], [-43.2321, -19.9327], [-43.2283, -19.9353], [-43.2266, -19.9388], [-43.219, -19.9398], [-43.2167, -19.9418], [-43.2189, -19.953], [-43.2108, -19.9707], [-43.2179, -19.9779], [-43.2251, -19.9757], [-43.2295, -19.9768], [-43.2291, -19.9794], [-43.2307, -19.9789], [-43.232, -19.9807], [-43.2416, -19.9811], [-43.2411, -19.9825], [-43.244, -19.9845], [-43.2435, -19.9871], [-43.2476, -19.9871], [-43.2503, -19.9905], [-43.248, -19.9976], [-43.25, -20.0012], [-43.2524, -20.0006], [-43.2546, -20.0024], [-43.2558, -19.9985], [-43.2611, -19.9982], [-43.2671, -20.0047], [-43.2718, -20.0044], [-43.2741, -20.0125], [-43.2776, -20.0146], [-43.2769, -20.0186], [-43.2789, -20.0216], [-43.2771, -20.027], [-43.2805, -20.0296], [-43.2784, -20.0352], [-43.2799, -20.0393], [-43.2827, -20.0392], [-43.2852, -20.0439], [-43.2888, -20.0438], [-43.2902, -20.0496], [-43.288, -20.0536], [-43.2902, -20.056], [-43.2901, -20.0608], [-43.2951, -20.06], [-43.2974, -20.0622], [-43.3013, -20.0602], [-43.3017, -20.0643], [-43.3125, -20.071], [-43.3158, -20.0779], [-43.3179, -20.0741], [-43.3183, -20.0686], [-43.3149, -20.0428], [-43.3188, -20.0411], [-43.3201, -20.0361], [-43.3272, -20.0292], [-43.3284, -20.0206], [-43.334, -20.0199], [-43.3373, -20.0173], [-43.3426, -20.0159], [-43.3429, -20.0111], [-43.3496, -20.007], [-43.3519, -20.0033], [-43.3514, -19.9988], [-43.3547, -19.9945], [-43.3599, -19.995], [-43.3641, -19.9988], [-43.3694, -19.999], [-43.3712, -20.0028], [-43.3733, -20.0037], [-43.3796, -20.003], [-43.3834, -19.9996], [-43.3874, -20.0041], [-43.39, -20.0014], [-43.3967, -20.0009], [-43.3982, -19.9985], [-43.4043, -20.0], [-43.4048, -20.0029], [-43.4085, -20.0036], [-43.4112, -20.0087], [-43.4094, -20.0135], [-43.4144, -20.0165], [-43.4183, -20.0165], [-43.4218, -20.0222], [-43.4267, -20.0215], [-43.4289, -20.029], [-43.4419, -20.0335], [-43.4457, -20.0321], [-43.4485, -20.022], [-43.4506, -20.0198], [-43.4586, -20.0297], [-43.4639, -20.0306], [-43.4686, -20.0342], [-43.471, -20.0325], [-43.4714, -20.0275], [-43.4786, -20.0247], [-43.4801, -20.0281], [-43.4784, -20.0295], [-43.4798, -20.0317], [-43.4789, -20.0368], [-43.4817, -20.0398], [-43.4816, -20.0457], [-43.4799, -20.0469], [-43.4825, -20.0504], [-43.4814, -20.058], [-43.4841, -20.0618], [-43.4837, -20.0667], [-43.4901, -20.0708], [-43.4921, -20.074], [-43.5049, -20.0816], [-43.5065, -20.082], [-43.5085, -20.0799], [-43.5111, -20.0824], [-43.5131, -20.0822], [-43.5125, -20.0878], [-43.514, -20.0923], [-43.5196, -20.0966], [-43.5158, -20.1032], [-43.5192, -20.1073], [-43.5185, -20.1157], [-43.5141, -20.1149], [-43.5119, -20.1163], [-43.5138, -20.122], [-43.511, -20.1284], [-43.511, -20.1341], [-43.521, -20.1372], [-43.5285, -20.143], [-43.5354, -20.1536], [-43.5325, -20.1571], [-43.5341, -20.164], [-43.5394, -20.1704], [-43.5399, -20.1741], [-43.544, -20.176], [-43.5415, -20.1822], [-43.5489, -20.185], [-43.5425, -20.1899], [-43.5428, -20.1944], [-43.5382, -20.202], [-43.5477, -20.2073], [-43.5564, -20.2081], [-43.5684, -20.2063], [-43.581, -20.2178], [-43.5834, -20.2174], [-43.5996, -20.2056], [-43.604, -20.2043], [-43.6106, -20.1969], [-43.61832673063742, -20.19367237834133], [-43.6183, -20.1937], [-43.6203, -20.1986], [-43.6152, -20.2028], [-43.6177, -20.2041], [-43.6209, -20.2109], [-43.6295, -20.2091], [-43.6311, -20.2137], [-43.6366, -20.2196], [-43.6448, -20.2205], [-43.6498, -20.2243], [-43.6532, -20.2361], [-43.6523, -20.2402], [-43.6552, -20.2402], [-43.6578, -20.2367], [-43.6579, -20.2334], [-43.6642, -20.2295], [-43.6652, -20.2315], [-43.6666, -20.2301], [-43.6679, -20.2334], [-43.6705, -20.2318], [-43.6731, -20.2333], [-43.672, -20.2388], [-43.6846, -20.2418], [-43.6907, -20.2363], [-43.6901, -20.2315], [-43.6938, -20.2306], [-43.6959, -20.2326], [-43.7013, -20.229], [-43.7018, -20.2313], [-43.7059, -20.2333], [-43.707, -20.2434], [-43.7047, -20.2458], [-43.6974, -20.2477], [-43.6985, -20.2524], [-43.6962, -20.2545], [-43.6991, -20.2561], [-43.7017, -20.2538], [-43.7035, -20.2588], [-43.7099, -20.2611], [-43.7129, -20.2647], [-43.7199, -20.2639], [-43.7289, -20.2673], [-43.7331, -20.2651], [-43.7352, -20.2686], [-43.7441, -20.2711], [-43.7445, -20.2684], [-43.7514, -20.2681], [-43.7585, -20.2787], [-43.7536, -20.2839], [-43.7571, -20.2901], [-43.7565, -20.2957], [-43.7594, -20.298], [-43.7561, -20.3043], [-43.7614, -20.3063], [-43.7709, -20.3034], [-43.7722, -20.3133], [-43.7805, -20.3102], [-43.7855, -20.3178], [-43.7903, -20.3178], [-43.7972, -20.3212], [-43.7977, -20.3286], [-43.8012, -20.3313], [-43.7986, -20.3419], [-43.8025, -20.3431], [-43.8031, -20.352], [-43.8066, -20.3535], [-43.8081, -20.3517], [-43.8137, -20.3525], [-43.8156, -20.3547], [-43.8112, -20.362], [-43.8147, -20.3677], [-43.8202, -20.368], [-43.8188, -20.3777], [-43.8279, -20.3789], [-43.83, -20.3822], [-43.8379, -20.3838], [-43.8381, -20.386], [-43.8509, -20.3876], [-43.8549, -20.3835], [-43.8634, -20.3936], [-43.8695, -20.3911], [-43.8716, -20.3883], [-43.8741, -20.388], [-43.8775, -20.3901], [-43.8856, -20.3897], [-43.8849, -20.387], [-43.8874, -20.3873], [-43.8938, -20.3829], [-43.8974, -20.3834], [-43.8975, -20.382], [-43.903, -20.3821], [-43.9052, -20.3805], [-43.9134, -20.3813], [-43.9207, -20.3849], [-43.92953892944039, -20.38257396593674], [-43.9285, -20.3867], [-43.9271, -20.4049], [-43.9295, -20.4163], [-43.9319, -20.4192], [-43.9288, -20.4215], [-43.9204, -20.4222], [-43.9148, -20.4279], [-43.9204, -20.4315], [-43.9222, -20.4357], [-43.9221, -20.4425], [-43.9254, -20.4464], [-43.9242, -20.4559], [-43.9315, -20.4586], [-43.9338, -20.4568], [-43.9386, -20.4594], [-43.9467, -20.4576], [-43.9493, -20.4668], [-43.9579, -20.4778], [-43.9622, -20.4878], [-43.9687, -20.4956], [-43.9701, -20.5032], [-43.9744, -20.5075], [-43.9777, -20.5036], [-43.9813, -20.5024], [-43.9864, -20.5068], [-43.9878, -20.5035], [-43.9859, -20.4985], [-43.9928, -20.4995], [-43.9921, -20.4969], [-43.9991, -20.4968], [-44.0037, -20.5013], [-44.0113, -20.5018], [-44.0182, -20.5062], [-44.0283, -20.5079], [-44.0395, -20.4998], [-44.0424, -20.4908], [-44.0491, -20.4927], [-44.0573, -20.486], [-44.0633, -20.4839], [-44.0653, -20.4879], [-44.0648, -20.4935], [-44.0687, -20.4983], [-44.0716, -20.497], [-44.0804, -20.5007], [-44.0825, -20.4994], [-44.085, -20.5013], [-44.0869, -20.501], [-44.0868, -20.4985], [-44.0913, -20.5019], [-44.0959, -20.5005], [-44.1025, -20.5022], [-44.1051, -20.5074], [-44.1089, -20.5056], [-44.1119, -20.5086], [-44.1234, -20.5105], [-44.134, -20.5094], [-44.1418, -20.505], [-44.1478, -20.5043], [-44.1514, -20.5091], [-44.1587, -20.5112], [-44.1645, -20.5066], [-44.1655, -20.5028], [-44.1716, -20.5001], [-44.1736, -20.4957], [-44.1738, -20.4927], [-44.1707, -20.4866], [-44.1655, -20.4871], [-44.1642, -20.4858], [-44.1652, -20.4773], [-44.1641, -20.4752], [-44.1622, -20.4738], [-44.1571, -20.4765], [-44.1531, -20.4752], [-44.1517, -20.4681], [-44.1469, -20.4654], [-44.1449, -20.4623], [-44.1466, -20.4558], [-44.1541, -20.4538], [-44.1615, -20.4431], [-44.1536, -20.4344], [-44.1506, -20.4259], [-44.1516, -20.422], [-44.14853112582781, -20.421634657836645], [-44.1533, -20.4213], [-44.1628, -20.4141], [-44.1676, -20.4169], [-44.1729, -20.4148], [-44.1731, -20.4093], [-44.1759, -20.4069], [-44.1739, -20.4023], [-44.1789, -20.3975], [-44.1814, -20.3871], [-44.1879, -20.3867], [-44.1921, -20.3943], [-44.1953, -20.3926], [-44.1981, -20.3883], [-44.2068, -20.387], [-44.2163, -20.3905], [-44.2227, -20.3883], [-44.2275, -20.3844], [-44.2315, -20.3858], [-44.2346, -20.3906], [-44.2391, -20.3892], [-44.2434, -20.392], [-44.2555, -20.3937], [-44.2595, -20.399], [-44.2576, -20.4041], [-44.2621, -20.4053], [-44.266, -20.4094], [-44.2652, -20.4153], [-44.2675, -20.4189], [-44.2733, -20.4203], [-44.2775, -20.4239], [-44.2798, -20.4183], [-44.2791, -20.4149], [-44.2851, -20.413], [-44.2882, -20.4067], [-44.2919, -20.4038], [-44.2889, -20.3964], [-44.294, -20.3951], [-44.2958, -20.3919], [-44.3009, -20.392], [-44.3075, -20.3896], [-44.3139, -20.3928], [-44.3203, -20.3863], [-44.3241, -20.3739], [-44.3202, -20.3622], [-44.3309, -20.3554], [-44.3294, -20.3484], [-44.3268, -20.3484], [-44.3249, -20.3435], [-44.3247, -20.3365], [-44.32809545598983, -20.330582205274865], [-44.3282, -20.3306], [-44.335, -20.3218], [-44.3491, -20.323], [-44.3553, -20.3275], [-44.3588, -20.3348], [-44.3663, -20.3359], [-44.3735, -20.3424], [-44.3797, -20.3437], [-44.3811, -20.3486], [-44.3859, -20.3487], [-44.3931, -20.3516], [-44.4082, -20.3455], [-44.4134, -20.3454], [-44.421, -20.3483], [-44.4236, -20.3475], [-44.4257, -20.3441], [-44.4287, -20.3435], [-44.4328, -20.3462], [-44.4375, -20.3461], [-44.4374, -20.3505], [-44.4439, -20.3534], [-44.4431, -20.3594], [-44.4375, -20.3613], [-44.4349, -20.3596], [-44.4278, -20.367], [-44.428, -20.375], [-44.4257, -20.3787], [-44.4223, -20.3802], [-44.419, -20.3768], [-44.4154, -20.3764], [-44.4121, -20.3816], [-44.4162, -20.3863], [-44.4169, -20.3903], [-44.4238, -20.3941], [-44.423, -20.4006], [-44.4276, -20.4043], [-44.4284, -20.4084], [-44.4273, -20.4116], [-44.4214, -20.4122], [-44.4157, -20.4196], [-44.407, -20.4266], [-44.4093, -20.4282], [-44.4102, -20.4338], [-44.4169, -20.4405], [-44.4242, -20.4393], [-44.4328, -20.4417], [-44.4354, -20.444], [-44.4465, -20.4452], [-44.4519, -20.4419], [-44.4631, -20.4409], [-44.4649, -20.4471], [-44.4716, -20.447], [-44.4729, -20.4501], [-44.478, -20.4532], [-44.4818, -20.4526], [-44.4873, -20.449], [-44.4892, -20.4515], [-44.4906, -20.459], [-44.4967, -20.458], [-44.5074, -20.4657], [-44.5139, -20.4666], [-44.5167, -20.4736], [-44.5211, -20.4756], [-44.5304, -20.4846], [-44.5346, -20.4865], [-44.5393, -20.4865], [-44.5418, -20.4827], [-44.5472, -20.4818], [-44.551, -20.4791], [-44.5515, -20.4771], [-44.5535, -20.478], [-44.5533, -20.4761], [-44.5556, -20.4746], [-44.5571, -20.4757], [-44.5597, -20.4748], [-44.5596, -20.4768], [-44.5615, -20.4765], [-44.5643, -20.4725], [-44.5701, -20.4716], [-44.5751, -20.4667], [-44.5753, -20.4687], [-44.5776, -20.4679], [-44.578, -20.4649], [-44.5822, -20.4653], [-44.585, -20.4618], [-44.5886, -20.4605], [-44.5884, -20.4587], [-44.5906, -20.4597], [-44.5908, -20.4573], [-44.5941, -20.4573], [-44.5942, -20.4539], [-44.5928, -20.4528], [-44.5951, -20.4484], [-44.599, -20.4478], [-44.6002, -20.4442], [-44.5984, -20.444], [-44.6029, -20.4368], [-44.6088, -20.4338], [-44.6103, -20.4305], [-44.6118, -20.4311], [-44.6168, -20.4276], [-44.6146, -20.4259], [-44.6131, -20.4208], [-44.6161, -20.4144], [-44.6177, -20.4126], [-44.6214, -20.4125], [-44.6228, -20.4082], [-44.6274, -20.4079], [-44.6273, -20.4053], [-44.6306, -20.405], [-44.6307, -20.3981], [-44.6345, -20.3937], [-44.6317, -20.3932], [-44.6322, -20.3911], [-44.6296, -20.3907], [-44.6316, -20.3894], [-44.6296, -20.3869], [-44.6316, -20.3855], [-44.6336, -20.379], [-44.6417, -20.3783], [-44.6395, -20.3736], [-44.6424, -20.3687], [-44.6473, -20.3694], [-44.6494, -20.3661], [-44.6543, -20.364], [-44.6541, -20.3617], [-44.6513, -20.361], [-44.6503, -20.3589], [-44.6549, -20.3518], [-44.654, -20.3465], [-44.6556, -20.3443], [-44.6502, -20.3411], [-44.6515, -20.3396], [-44.6544, -20.3408], [-44.6589, -20.3378], [-44.6523, -20.3272], [-44.651, -20.3211], [-44.6459, -20.3216], [-44.6418, -20.3247], [-44.6317, -20.3216]], [[-44.0192, -19.3427], [-44.01958756972112, -19.343911155378485], [-44.0076, -19.3363], [-44.0192, -19.3427]], [[-44.1557, -19.3114], [-44.155875932611316, -19.3117725631769], [-44.1463, -19.3106], [-44.1557, -19.3114]], [[-44.162006222865415, -19.335567438494937], [-44.1618, -19.3351], [-44.164, -19.3321], [-44.162006222865415, -19.335567438494937]], [[-44.13130516129033, -19.434503225806452], [-44.1304, -19.4347], [-44.1251, -19.4305], [-44.12503714525962, -19.430029955854533], [-44.1281, -19.4325], [-44.13130516129033, -19.434503225806452]], [[-44.1463, -19.427], [-44.135, -19.4337], [-44.13403522123893, -19.433909734513275], [-44.1463, -19.427]], [[-44.1698, -19.4696], [-44.16965260029718, -19.47068707280832], [-44.169189356632245, -19.468536298649713], [-44.1698, -19.4696]], [[-44.1683, -19.488], [-44.16819082568808, -19.488304128440365], [-44.16741589895989, -19.486913818722144], [-44.1683, -19.488]], [[-44.165775396085735, -19.500757129543334], [-44.165, -19.4998], [-44.165606789250354, -19.497722206506364], [-44.165775396085735, -19.500757129543334]], [[-44.1825, -19.5186], [-44.18102870036101, -19.52223953068591], [-44.18244821967411, -19.517072480386254], [-44.1825, -19.5186]], [[-44.18127378048781, -19.524370121951222], [-44.1806, -19.5238], [-44.180695634563456, -19.52345189018902], [-44.18127378048781, -19.524370121951222]], [[-44.1922, -19.5291], [-44.1845, -19.5271], [-44.18372871720116, -19.526447376093294], [-44.1922, -19.5291]], [[-44.1984, -19.5265], [-44.198440000000005, -19.526508], [-44.1922, -19.5291], [-44.1984, -19.5265]], [[-44.2029, -19.5274], [-44.204817129629625, -19.528662499999996], [-44.199641935483875, -19.526748387096774], [-44.2029, -19.5274]], [[-44.207, -19.5301], [-44.2079, -19.5365], [-44.20610551368505, -19.529510948036496], [-44.207, -19.5301]], [[-44.2219, -19.5808], [-44.21954835485214, -19.58502498958768], [-44.22166075, -19.58024175], [-44.2219, -19.5808]], [[-44.213464306170266, -19.59939718823223], [-44.2132, -19.5994], [-44.214133996023854, -19.59728508946322], [-44.213464306170266, -19.59939718823223]], [[-44.223423018292685, -19.59900457317073], [-44.22223137114142, -19.599985929648238], [-44.2226, -19.5993], [-44.21754470842332, -19.599353779697623], [-44.223423018292685, -19.59900457317073]], [[-44.2151, -19.6136], [-44.214885011709605, -19.61365573770492], [-44.21635277127243, -19.61092459016395], [-44.2151, -19.6136]], [[-44.2002, -19.648], [-44.19914876033057, -19.65575289256201], [-44.1997306724846, -19.646571611909646], [-44.2002, -19.648]], [[-44.1986, -19.6598], [-44.19748672566372, -19.660672566371677], [-44.19877973568282, -19.658474449339206], [-44.1986, -19.6598]], [[-44.1964, -19.6688], [-44.19590281124498, -19.67054016064257], [-44.1949, -19.6627], [-44.1964, -19.6688]], [[-44.1954, -19.6723], [-44.186, -19.6812], [-44.19556175298805, -19.671733864541828], [-44.1954, -19.6723]], [[-44.13319068219634, -19.7094071547421], [-44.13309349593496, -19.710524796747976], [-44.132745305514156, -19.709175558867365], [-44.13319068219634, -19.7094071547421]], [[-44.142, -19.7265], [-44.1415, -19.7346], [-44.14169193154034, -19.725963080684593], [-44.142, -19.7265]], [[-44.1624, -19.7628], [-44.16224610389611, -19.76290259740259], [-44.1646, -19.7565], [-44.1624, -19.7628]], [[-44.16, -19.7644], [-44.1569, -19.7637], [-44.161591304347816, -19.763339130434783], [-44.16, -19.7644]], [[-44.1353, -19.7971], [-44.1350797752809, -19.798751685393263], [-44.1333, -19.7945], [-44.1353, -19.7971]], [[-44.1021, -19.8207], [-44.10179842519685, -19.821061889763783], [-44.1013, -19.809], [-44.1021, -19.8207]], [[-44.0789, -19.8446], [-44.07875857092573, -19.84442062653995], [-44.0819, -19.8348], [-44.0789, -19.8446]], [[-44.0171, -19.8337], [-44.01674808013355, -19.831060601001667], [-44.016825520833336, -19.831046701388885], [-44.0171, -19.8337]], [[-44.0203, -19.838], [-44.0163, -19.847], [-44.02012924226254, -19.83777054429029], [-44.0203, -19.838]], [[-44.014, -19.9562], [-44.013913612565446, -19.95647643979058], [-44.013818309859154, -19.956174647887323], [-44.014, -19.9562]], [[-44.014131561461795, -19.968975415282394], [-44.0136, -19.9688], [-44.01339016393442, -19.967986885245892], [-44.014131561461795, -19.968975415282394]], [[-44.0253, -19.973], [-44.02946250000004, -19.97577500000002], [-44.02481043256997, -19.97285877862595], [-44.0253, -19.973]], [[-44.0307, -19.9766], [-44.031315696887695, -19.97767307171856], [-44.03034864864864, -19.976365765765763], [-44.0307, -19.9766]], [[-44.036078260869566, -19.983560869565217], [-44.0357, -19.9836], [-44.0354621761658, -19.983278497409326], [-44.036078260869566, -19.983560869565217]], [[-44.06297282479142, -19.976782955899882], [-44.0629, -19.9768], [-44.062957142857144, -19.976599999999987], [-44.06297282479142, -19.976782955899882]], [[-44.01122666666667, -20.045278095238096], [-44.011, -20.0451], [-44.0093, -20.0418], [-44.00931911262799, -20.041735494880545], [-44.01122666666667, -20.045278095238096]], [[-44.0175, -20.0497], [-44.017604797047966, -20.05028948339483], [-44.013035051546396, -20.04669896907217], [-44.0175, -20.0497]], [[-44.0133, -20.0597], [-44.0011, -20.0567], [-44.013532770270274, -20.059462837837838], [-44.0133, -20.0597]], [[-43.995164102564104, -20.066807692307687], [-43.9966, -20.0609], [-43.99737419354838, -20.060177419354844], [-43.995164102564104, -20.066807692307687]], [[-43.9896, -20.0835], [-43.9829, -20.0938], [-43.9911611570248, -20.078816528925604], [-43.9896, -20.0835]], [[-43.9762, -20.1452], [-43.9761554770318, -20.145428975265016], [-43.972, -20.1388], [-43.9762, -20.1452]], [[-43.9796, -20.1861], [-43.979537974683545, -20.186551898734173], [-43.979373737373734, -20.18589494949495], [-43.9796, -20.1861]], [[-43.977520606601246, -20.2012498661909], [-43.9775, -20.2011], [-43.97766416938111, -20.200203908794794], [-43.977520606601246, -20.2012498661909]], [[-43.9786, -20.2095], [-43.9769, -20.221], [-43.97857215189873, -20.20929493670886], [-43.9786, -20.2095]], [[-43.97574672990514, -20.222651273090364], [-43.975689126853375, -20.222643327841844], [-43.9769, -20.221], [-43.97574672990514, -20.222651273090364]], [[-43.9501, -20.2793], [-43.9454685202639, -20.294886710650324], [-43.9478, -20.2854], [-43.9502, -20.279], [-43.95109677419352, -20.278020191158927], [-43.9501, -20.2793]], [[-43.9456, -20.3027], [-43.9449, -20.2972], [-43.94493200630666, -20.29706976744186], [-43.9456, -20.3027]], [[-43.9394, -20.3281], [-43.93930628637951, -20.32825483119906], [-43.939589189189185, -20.317221621621638], [-43.9394, -20.3281]], [[-44.624659184896615, -19.731685226251123], [-44.6259, -19.731], [-44.63286870554765, -19.731392603129446], [-44.6325, -19.7316], [-44.624659184896615, -19.731685226251123]], [[-44.5726, -19.786], [-44.59788031547814, -19.795282615839632], [-44.5978, -19.7954], [-44.5726, -19.786]], [[-44.51273960066556, -19.74041713810316], [-44.517, -19.7425], [-44.5127, -19.7407], [-44.51273960066556, -19.74041713810316]], [[-44.5135, -19.7222], [-44.5151, -19.726], [-44.51337109658678, -19.722178213507625], [-44.5135, -19.7222]], [[-44.5024, -19.7044], [-44.5024144200627, -19.704800156739815], [-44.50210970873786, -19.704444660194174], [-44.5024, -19.7044]], [[-44.5011, -19.7046], [-44.501798233215546, -19.7044925795053], [-44.5011, -19.7065], [-44.5011, -19.7046]], [[-44.4986, -19.705], [-44.4974, -19.7098], [-44.4983, -19.7043], [-44.492, -19.7033], [-44.498, -19.704], [-44.5011, -19.7065], [-44.4986, -19.705]], [[-44.493, -19.713], [-44.49249604960142, -19.712876988485387], [-44.4974, -19.7098], [-44.493, -19.713]], [[-44.4946, -19.6937], [-44.49043171171171, -19.701454954954954], [-44.4903, -19.7013], [-44.4946, -19.6937]], [[-44.4783, -19.6663], [-44.477664892703864, -19.667842403433475], [-44.4776, -19.6677], [-44.4783, -19.6663]], [[-44.497512457142854, -19.659439085714286], [-44.4935, -19.6585], [-44.4969, -19.6588], [-44.497512457142854, -19.659439085714286]], [[-44.5051, -19.6668], [-44.50441456953642, -19.66608476821192], [-44.50581240105541, -19.666277572559366], [-44.5051, -19.6668]], [[-44.5096, -19.6635], [-44.50840275229359, -19.664377981651366], [-44.50948353991076, -19.66309454635598], [-44.5096, -19.6635]], [[-44.4895, -19.6383], [-44.49599745699327, -19.640183320867614], [-44.4958, -19.6403], [-44.4895, -19.6383]], [[-44.4841, -19.641], [-44.48401416184971, -19.640898554913296], [-44.4895, -19.6383], [-44.4841, -19.641]], [[-44.4707, -19.6379], [-44.4748, -19.6396], [-44.47038518518519, -19.638036419753085], [-44.4707, -19.6379]], [[-44.4119, -19.6004], [-44.4083, -19.618], [-44.41173321299639, -19.600147292418768], [-44.4119, -19.6004]], [[-44.4086, -19.5954], [-44.41102105263158, -19.599068261562998], [-44.40435384615385, -19.592805128205132], [-44.4086, -19.5954]], [[-44.3984, -19.5873], [-44.398523042505595, -19.58741073825503], [-44.39780064102565, -19.587511538461538], [-44.3984, -19.5873]], [[-44.39422701829925, -19.5873674919268], [-44.39462753623189, -19.58795429726997], [-44.3943, -19.588], [-44.39422701829925, -19.5873674919268]], [[-44.3906, -19.581099999999974], [-44.39069, -19.582090000000004], [-44.3906, -19.582], [-44.3906, -19.581099999999974]], [[-44.3904, -19.5789], [-44.390413829787235, -19.579052127659576], [-44.3856, -19.5804], [-44.3904, -19.5789]], [[-44.3128, -19.5921], [-44.31260416666667, -19.591904166666666], [-44.315, -19.592], [-44.3164, -19.5925], [-44.3239, -19.5899], [-44.3176, -19.5927], [-44.3128, -19.5921]], [[-44.3059, -19.5851], [-44.30919999999994, -19.58849999999994], [-44.30578181818182, -19.58508181818182], [-44.3059, -19.5851]], [[-44.2444, -19.577], [-44.2509, -19.579], [-44.243616228467815, -19.57741251133273], [-44.2444, -19.577]], [[-44.2425, -19.578], [-44.24292361339923, -19.577777045579353], [-44.2387, -19.5892], [-44.2425, -19.578]], [[-44.223551565377534, -19.59889871086556], [-44.2263, -19.5935], [-44.2244, -19.5982], [-44.223551565377534, -19.59889871086556]], [[-44.1346, -19.8033], [-44.13460891089109, -19.803219801980195], [-44.1365, -19.8053], [-44.1346, -19.8033]], [[-44.16358662420383, -19.843577070063702], [-44.1615, -19.8424], [-44.16138202666667, -19.842463199999997], [-44.1618488474619, -19.841966973170425], [-44.162, -19.8422], [-44.16358662420383, -19.843577070063702]], [[-44.2367, -19.8795], [-44.236673333333336, -19.8793], [-44.2408, -19.8793], [-44.2367, -19.8795]], [[-44.31553, -19.906888333333335], [-44.3126, -19.9064], [-44.3155, -19.9067], [-44.31553, -19.906888333333335]], [[-44.3159, -19.9155], [-44.31561910669976, -19.90744772539291], [-44.3173, -19.918], [-44.3159, -19.9155]], [[-44.30680310021629, -19.925701874549386], [-44.3069, -19.9255], [-44.312331582584655, -19.925598756046995], [-44.3122, -19.9258], [-44.30680310021629, -19.925701874549386]], [[-44.3045, -19.9305], [-44.30654705882353, -19.926235294117642], [-44.305032972972974, -19.931534594594602], [-44.3045, -19.9305]], [[-44.3062, -19.9338], [-44.30566874999999, -19.932768749999987], [-44.30668958333333, -19.933789583333336], [-44.3062, -19.9338]], [[-44.31206055684456, -19.934577494199548], [-44.311184409340655, -19.93391504120879], [-44.3114, -19.9339], [-44.31206055684456, -19.934577494199548]], [[-44.31361918604651, -19.941741860465125], [-44.31482793083236, -19.93741582649472], [-44.3153, -19.9379], [-44.31361918604651, -19.941741860465125]], [[-44.3209, -19.9397], [-44.320996702482404, -19.939831085587258], [-44.3153, -19.9379], [-44.3209, -19.9397]], [[-44.31168870967742, -19.9443], [-44.312724840357596, -19.94378607918263], [-44.3125, -19.9443], [-44.31168870967742, -19.9443]], [[-44.2581, -20.0031], [-44.258389655172415, -20.00297528735632], [-44.258121030042915, -20.0031991416309], [-44.2581, -20.0031]], [[-44.257854634146355, -20.007677073170715], [-44.25847727620505, -20.006835960214232], [-44.2585, -20.0069], [-44.257854634146355, -20.007677073170715]], [[-44.2531, -20.0141], [-44.25351384317521, -20.013540948693134], [-44.253173891625615, -20.016464532019718], [-44.2531, -20.0141]], [[-44.2532, -20.0173], [-44.253195323741004, -20.01715035971223], [-44.2584, -20.0199], [-44.2532, -20.0173]], [[-44.2547, -20.0258], [-44.2547, -20.0241], [-44.2584, -20.0199], [-44.2547, -20.0258]], [[-44.262, -20.0285], [-44.2547, -20.0259], [-44.2547, -20.0258], [-44.262, -20.0285]], [[-44.2638, -20.0331], [-44.263584375, -20.033253125], [-44.262, -20.0285], [-44.2638, -20.0331]], [[-44.24260809095717, -20.049487308302485], [-44.2477, -20.0415], [-44.2429, -20.0495], [-44.24260809095717, -20.049487308302485]], [[-44.23818051601424, -20.048969661921706], [-44.24242954545455, -20.049479545454545], [-44.2383, -20.0493], [-44.23818051601424, -20.048969661921706]], [[-44.2367, -20.0383], [-44.237429659173316, -20.0468937635968], [-44.2366, -20.0446], [-44.2367, -20.0383]], [[-44.22716890547264, -20.036826119402985], [-44.2272, -20.0368], [-44.2367, -20.0383], [-44.22716890547264, -20.036826119402985]], [[-44.21849187192118, -20.048683990147783], [-44.2152, -20.0422], [-44.2187, -20.0487], [-44.21849187192118, -20.048683990147783]], [[-44.21072222222222, -20.04792222222222], [-44.217833333333346, -20.048633333333335], [-44.2109, -20.0481], [-44.21072222222222, -20.04792222222222]], [[-44.2049, -20.0425], [-44.20508967741936, -20.042682903225806], [-44.204284, -20.042649333333333], [-44.2049, -20.0425]], [[-44.2016, -20.0433], [-44.20243731343284, -20.043097014925372], [-44.201441333333335, -20.043844], [-44.2016, -20.0433]], [[-44.19630492227979, -20.051216062176167], [-44.19632915601023, -20.051196675191818], [-44.1982, -20.0574], [-44.19630492227979, -20.051216062176167]], [[-44.20900703363914, -20.10034128440367], [-44.2102, -20.1006], [-44.2127034454015, -20.102174937482637], [-44.20900703363914, -20.10034128440367]], [[-44.2331, -20.1148], [-44.233001276595765, -20.11473395744682], [-44.23322762645912, -20.114844617380015], [-44.2331, -20.1148]], [[-44.2631, -20.1199], [-44.2519, -20.1252], [-44.26791312483979, -20.116229992309666], [-44.2631, -20.1199]], [[-44.27821886792452, -20.111488679245284], [-44.273838169336386, -20.112910983981692], [-44.276, -20.1117], [-44.27821886792452, -20.111488679245284]], [[-44.28889, -20.1138675], [-44.2887, -20.1139], [-44.27917258064516, -20.111397849462367], [-44.2802, -20.1113], [-44.28889, -20.1138675]], [[-44.296058912386705, -20.112641238670697], [-44.2925, -20.11325], [-44.296, -20.1126], [-44.296058912386705, -20.112641238670697]], [[-44.3303, -20.1188], [-44.3176, -20.114], [-44.33039493670886, -20.11881012658228], [-44.3303, -20.1188]], [[-44.33677164750958, -20.133054278416328], [-44.3365, -20.1307], [-44.33776539351852, -20.119895486111112], [-44.33777729640801, -20.119897038661914], [-44.33677164750958, -20.133054278416328]], [[-44.3374, -20.1385], [-44.337322580645164, -20.137829032258082], [-44.33756205787781, -20.138667202572346], [-44.3374, -20.1385]], [[-44.3428, -20.1513], [-44.3437, -20.145], [-44.34293823845328, -20.151570193340497], [-44.3428, -20.1513]], [[-44.345, -20.1556], [-44.3440176744186, -20.153679999999994], [-44.345401441961066, -20.155883777937994], [-44.345, -20.1556]], [[-44.35070743479954, -20.159634565978983], [-44.34737542662115, -20.157279180887365], [-44.3507, -20.1593], [-44.35070743479954, -20.159634565978983]], [[-44.26106086956521, -20.25051304347826], [-44.2668, -20.2506], [-44.267502640642945, -20.251614925373133], [-44.26106086956521, -20.25051304347826]], [[-44.2602, -20.2505], [-44.26027951807229, -20.250501204819276], [-44.2529, -20.2567], [-44.2602, -20.2505]], [[-44.2345, -20.2357], [-44.23403734939759, -20.23807634173056], [-44.23328416886543, -20.233420316622684], [-44.2345, -20.2357]], [[-44.224727166882275, -20.230670504527815], [-44.2329, -20.2327], [-44.23299262202043, -20.23287366628831], [-44.2269, -20.2321], [-44.224727166882275, -20.230670504527815]], [[-44.218, -20.229], [-44.21882051077415, -20.229203750997605], [-44.217963150867824, -20.229124365821093], [-44.218, -20.229]], [[-44.164, -20.217], [-44.16417238982783, -20.217061222555678], [-44.1619, -20.2221], [-44.164, -20.217]], [[-44.1467, -20.2269], [-44.1468, -20.226940983606557], [-44.1468, -20.2311], [-44.1467, -20.2269]], [[-44.12426, -20.2958], [-44.1219, -20.2958], [-44.1241, -20.2953], [-44.12426, -20.2958]], [[-44.124440856440856, -20.298107581607578], [-44.12453971631206, -20.296674113475188], [-44.1249, -20.2978], [-44.124440856440856, -20.298107581607578]], [[-44.1146, -20.3045], [-44.117161928933996, -20.30298375634519], [-44.114771961120645, -20.304584802744426], [-44.1146, -20.3045]], [[-44.1221383027523, -20.308001261467894], [-44.12194413793103, -20.308603172413804], [-44.1219, -20.3081], [-44.118137883959044, -20.306244709897612], [-44.1217, -20.3078], [-44.1221383027523, -20.308001261467894]], [[-44.14028256880734, -20.339841284403672], [-44.1267, -20.3383], [-44.139, -20.3392], [-44.14028256880734, -20.339841284403672]], [[-44.1438, -20.344], [-44.14103076923077, -20.34021538461538], [-44.142, -20.3407], [-44.1438, -20.344]], [[-44.15691315240083, -20.352806471816287], [-44.1492, -20.3445], [-44.1566, -20.3517], [-44.15691315240083, -20.352806471816287]], [[-44.1581, -20.359224999999984], [-44.1570962406015, -20.35345338345864], [-44.1581, -20.357], [-44.1581, -20.359224999999984]], [[-44.1546, -20.3622], [-44.1581, -20.35986666666667], [-44.1581, -20.3603], [-44.1546, -20.3622]], [[-44.1526, -20.3699], [-44.15267105223543, -20.369626448893573], [-44.1585, -20.38], [-44.1526, -20.3699]], [[-44.1551726255887, -20.402233555729985], [-44.1537, -20.3879], [-44.1552, -20.4022], [-44.1551726255887, -20.402233555729985]], [[-44.1454, -20.4132], [-44.14580502901354, -20.41191740812379], [-44.14635398633257, -20.414909225512528], [-44.1454, -20.4132]], [[-44.1474, -20.4215], [-44.14745760517799, -20.420923948220064], [-44.14756694953104, -20.421519874944174], [-44.1474, -20.4215]], [[-44.61917760252366, -19.936048895899052], [-44.61737538860103, -19.936813471502592], [-44.6179, -19.9361], [-44.61917760252366, -19.936048895899052]], [[-44.612612425089885, -19.943036715940877], [-44.6125, -19.9432], [-44.6068, -19.9458], [-44.612612425089885, -19.943036715940877]], [[-44.5723, -19.9722], [-44.5694, -19.9751], [-44.569343075245364, -19.975067320974194], [-44.5723, -19.9722]], [[-44.553036697247705, -19.985138532110096], [-44.5522, -19.9873], [-44.55184379716669, -19.987016245200586], [-44.553036697247705, -19.985138532110096]], [[-44.542513464235626, -19.96756661991585], [-44.5357, -19.97], [-44.5419, -19.9674], [-44.542513464235626, -19.96756661991585]], [[-44.51529173047473, -19.9960471669219], [-44.5156, -19.997], [-44.51516119554204, -19.997580952380954], [-44.51529173047473, -19.9960471669219]], [[-44.49911794543124, -20.012493499359092], [-44.49939666666666, -20.020158333333253], [-44.4988, -20.0127], [-44.49911794543124, -20.012493499359092]], [[-44.499494827586204, -20.022857758620695], [-44.4995, -20.023], [-44.49870000000003, -20.024049999999963], [-44.499494827586204, -20.022857758620695]], [[-44.4964, -20.0275], [-44.49651355932203, -20.02732966101695], [-44.5075, -20.034], [-44.50746713189114, -20.034120516399163], [-44.4964, -20.0275]], [[-44.507347656250005, -20.03455859374999], [-44.50603636363636, -20.039366666666663], [-44.5057, -20.0369], [-44.507347656250005, -20.03455859374999]], [[-44.4603, -20.1144], [-44.4661, -20.1077], [-44.4605, -20.1142], [-44.4608, -20.1235], [-44.4603, -20.1144]], [[-44.445410303377216, -20.14727504293074], [-44.44755708245243, -20.14848604651163], [-44.44530210745028, -20.147387102997925], [-44.445410303377216, -20.14727504293074]], [[-44.3674, -20.1238], [-44.352196069869, -20.12164268558952], [-44.35485333333333, -20.12138717948718], [-44.3674, -20.1238]], [[-44.5621, -20.2862], [-44.5498, -20.2858], [-44.56241581920904, -20.285608851224104], [-44.5621, -20.2862]], [[-44.53168831667948, -20.26059830899308], [-44.5319, -20.2607], [-44.53190846394985, -20.260920062695924], [-44.53168831667948, -20.26059830899308]], [[-44.52126028880867, -20.256056498194948], [-44.5217, -20.2558], [-44.52459189944135, -20.257189245810057], [-44.52126028880867, -20.256056498194948]], [[-44.3907, -20.2574], [-44.387821192052996, -20.256257615894047], [-44.39088268839104, -20.257357841140532], [-44.3907, -20.2574]], [[-44.3844, -20.2549], [-44.3818, -20.2522], [-44.384411180124225, -20.25490443655723], [-44.3844, -20.2549]], [[-44.3547, -20.2409], [-44.355063881003744, -20.240725536505053], [-44.3612, -20.249], [-44.3547, -20.2409]], [[-44.3568, -20.1676], [-44.3638, -20.1752], [-44.363765, -20.175361], [-44.3568, -20.1676]], [[-44.3505, -20.1634], [-44.35072848837209, -20.160581976744155], [-44.35079548872181, -20.163596992481203], [-44.3505, -20.1634]], [[-44.4443, -20.3124], [-44.4468, -20.3219], [-44.4458, -20.3237], [-44.44559252336449, -20.323665420560747], [-44.4466, -20.3222], [-44.4443, -20.3124]], [[-44.4381, -20.327], [-44.43820420833333, -20.326900875000003], [-44.43783621621622, -20.32920918918915], [-44.4381, -20.327]], [[-44.4373, -20.3337], [-44.43734697802198, -20.33330655906594], [-44.4412, -20.3361], [-44.4373, -20.3337]], [[-44.3233, -20.3298], [-44.3175, -20.326], [-44.314260784313724, -20.322870588235293], [-44.3235, -20.3298], [-44.32401272727273, -20.329887272727273], [-44.3233, -20.3298]], [[-44.309190243902435, -20.31529512195122], [-44.3104, -20.3159], [-44.31248318332544, -20.321153244907627], [-44.3116, -20.3203], [-44.309190243902435, -20.31529512195122]], [[-44.30865142857143, -20.315025714285714], [-44.3029, -20.3171], [-44.3084, -20.3149], [-44.30865142857143, -20.315025714285714]], [[-44.269428649535264, -20.25465254237288], [-44.269017857142856, -20.25380357142857], [-44.2695, -20.2545], [-44.269428649535264, -20.25465254237288]], [[-44.5644, -20.2165], [-44.564475310834816, -20.216612255772645], [-44.5592, -20.2129], [-44.5644, -20.2165]], [[-44.4748675, -20.169061785714288], [-44.4769, -20.1649], [-44.476, -20.1689], [-44.4748675, -20.169061785714288]], [[-44.47435274725275, -20.168897802197804], [-44.474642924528304, -20.169093867924527], [-44.4746, -20.1691], [-44.47435274725275, -20.168897802197804]], [[-44.4568, -20.1537], [-44.46168201892743, -20.1585359621451], [-44.45347466307278, -20.15182416891285], [-44.4568, -20.1537]], [[-44.2899, -20.0592], [-44.2878, -20.0574], [-44.28795483870967, -20.057254838709678], [-44.2899, -20.0592]], [[-44.28816288659793, -20.05705979381444], [-44.290446153846155, -20.05491923076923], [-44.2909, -20.0556], [-44.28816288659793, -20.05705979381444]], [[-44.287312265331664, -20.054736545682104], [-44.2872, -20.0548], [-44.2865142857143, -20.05372857142859], [-44.287312265331664, -20.054736545682104]], [[-44.2857225433526, -20.052491473988432], [-44.2856, -20.0523], [-44.2861, -20.049], [-44.2857225433526, -20.052491473988432]], [[-44.2866, -20.0364], [-44.2775, -20.0309], [-44.27746405733187, -20.030702315325254], [-44.2866, -20.0364]], [[-44.27524705882353, -20.003087058823528], [-44.27205842217484, -20.006403240938166], [-44.27215119047619, -20.00456642857143], [-44.2728, -20.0048], [-44.27524705882353, -20.003087058823528]], [[-44.5271, -19.9531], [-44.5271, -19.953], [-44.5333, -19.9542], [-44.5271, -19.9531]], [[-44.5253, -19.9546], [-44.5189, -19.9415], [-44.52561187335092, -19.954340105540897], [-44.5253, -19.9546]], [[-44.462223331755816, -19.91638168480833], [-44.4671, -19.9157], [-44.47335282167043, -19.916200225733633], [-44.462223331755816, -19.91638168480833]], [[-44.457547285464095, -19.91733047285464], [-44.4578, -19.917], [-44.459964150943385, -19.91669748427673], [-44.457547285464095, -19.91733047285464]], [[-44.45757862969005, -19.920005709624796], [-44.4565, -19.9187], [-44.45703538461538, -19.917999881656808], [-44.45757862969005, -19.920005709624796]], [[-44.4582, -19.9223], [-44.4576164644714, -19.922851993067592], [-44.458063394919165, -19.921795612009237], [-44.4582, -19.9223]], [[-44.4545, -19.9258], [-44.442668181818185, -19.93015909090909], [-44.45639850187266, -19.924004119850185], [-44.4545, -19.9258]], [[-44.43957536231884, -19.931298550724637], [-44.43815631067962, -19.9318213592233], [-44.4387, -19.9312], [-44.438639614074916, -19.931006129398412], [-44.43957536231884, -19.931298550724637]], [[-44.4266, -19.9208], [-44.4361, -19.9245], [-44.43622257255465, -19.92485657470441], [-44.4266, -19.9208]], [[-44.414764850615114, -19.918836028119507], [-44.4148, -19.9188], [-44.4174, -19.9203], [-44.414764850615114, -19.918836028119507]], [[-44.3856, -19.9244], [-44.3995, -19.9175], [-44.39968206785137, -19.917652342487884], [-44.3856, -19.9244]], [[-44.3568, -19.9109], [-44.3546, -19.9052], [-44.35371260504202, -19.905542857142855], [-44.354807476635514, -19.90492242990654], [-44.3568, -19.9109]], [[-44.349133130699094, -19.908464741641332], [-44.3492, -19.9081], [-44.349496296296294, -19.907932098765436], [-44.349133130699094, -19.908464741641332]], [[-44.3482152297367, -19.914141610738255], [-44.3481, -19.9141], [-44.34835073529411, -19.912732352941216], [-44.3482152297367, -19.914141610738255]], [[-44.3518, -19.9156], [-44.351655263157895, -19.915981578947363], [-44.351687733887736, -19.915559459459462], [-44.3518, -19.9156]], [[-44.3507, -19.9185], [-44.34978732394366, -19.919007042253522], [-44.35118000000001, -19.917234545454537], [-44.3507, -19.9185]], [[-44.3489, -19.9195], [-44.347135294117656, -19.918575630252104], [-44.34911176470588, -19.919382352941177], [-44.3489, -19.9195]], [[-44.3438, -19.9217], [-44.3445, -19.9175], [-44.344646832191785, -19.91755993150685], [-44.3438, -19.9217]], [[-44.3406, -19.932], [-44.341, -19.9232], [-44.341173747016704, -19.92310692124105], [-44.3406, -19.932]], [[-44.3364, -19.9404], [-44.33348648648659, -19.942599999999917], [-44.33640374787053, -19.940351277683135], [-44.3364, -19.9404]], [[-44.331742101600554, -19.943917188587335], [-44.3315, -19.9441], [-44.3257, -19.9458], [-44.32564461239473, -19.945727380695313], [-44.331742101600554, -19.943917188587335]], [[-44.3495, -20.0202], [-44.349502837624804, -20.020209879138203], [-44.3469, -20.0177], [-44.3495, -20.0202]], [[-44.34265578817733, -20.002797413793093], [-44.3436, -20.0046], [-44.343618316195375, -20.004601221079692], [-44.3455, -20.015], [-44.34265578817733, -20.002797413793093]], [[-44.3414, -20.0004], [-44.341906445672194, -20.00136685082873], [-44.33757437722419, -19.998442704626328], [-44.3414, -20.0004]], [[-44.3328, -19.996], [-44.33334333662389, -19.996277986179667], [-44.33101075268816, -19.996229390681005], [-44.3328, -19.996]], [[-44.3289, -19.9965], [-44.329314581373474, -19.99644684854186], [-44.3259, -19.9994], [-44.3289, -19.9965]], [[-44.321, -19.9959], [-44.32118170212766, -19.99602978723404], [-44.3176, -19.9998], [-44.321, -19.9959]], [[-44.28897962682804, -19.99601134644478], [-44.292575570032575, -19.996102768729642], [-44.2913, -19.9969], [-44.28897962682804, -19.99601134644478]], [[-44.2802, -19.9931], [-44.2846, -19.9959], [-44.28011292962357, -19.993168739770866], [-44.2802, -19.9931]], [[-44.275818875502004, -20.002492369477913], [-44.2764, -19.9961], [-44.2761, -20.0022], [-44.275818875502004, -20.002492369477913]], [[-44.437530851063826, -19.932536170212767], [-44.437893043478255, -19.933743478260862], [-44.4373, -19.9328], [-44.437530851063826, -19.932536170212767]], [[-44.43890374414977, -19.937112480499223], [-44.4392, -19.9381], [-44.431360091743095, -19.947391743119294], [-44.43890374414977, -19.937112480499223]], [[-44.43107307692308, -19.94778284023668], [-44.430514503816795, -19.94950152671756], [-44.4304, -19.9487], [-44.43107307692308, -19.94778284023668]], [[-44.4024, -19.9665], [-44.4017, -19.9706], [-44.40094512860483, -19.971378098207325], [-44.4024, -19.9665]], [[-44.398352985074624, -19.974050000000002], [-44.3952, -19.9773], [-44.3922, -19.9789], [-44.398352985074624, -19.974050000000002]], [[-44.3898, -19.9783], [-44.39003866171004, -19.97734535315985], [-44.3922, -19.9789], [-44.3898, -19.9783]], [[-44.3862, -19.971600000000006], [-44.3869, -19.9723], [-44.38650699029126, -19.97475631067961], [-44.3864, -19.9747], [-44.3862, -19.971600000000006]], [[-44.3819, -19.9704], [-44.3855, -19.9709], [-44.3862, -19.971600000000006], [-44.3819, -19.9704]], [[-44.348291825613074, -19.981306267029975], [-44.34615738255034, -19.982042281879195], [-44.3463, -19.9817], [-44.348291825613074, -19.981306267029975]], [[-44.34393496332518, -19.990076283618578], [-44.3461, -19.9913], [-44.3439, -19.9902], [-44.34393496332518, -19.990076283618578]], [[-44.349279627329196, -19.99205838509317], [-44.3494, -19.9922], [-44.3475, -19.9944], [-44.349279627329196, -19.99205838509317]], [[-44.3446, -20.0015], [-44.3468, -20.0044], [-44.34636579925651, -20.004413568773234], [-44.3446, -20.0015]], [[-44.4387, -19.7636], [-44.445, -19.7652], [-44.4391, -19.7683], [-44.4441, -19.7655], [-44.4387, -19.7636]], [[-44.3662, -19.8841], [-44.37022540431266, -19.882627291105123], [-44.3702, -19.8827], [-44.3662, -19.8841]], [[-44.35804123627491, -19.879097356649048], [-44.3602, -19.876], [-44.3582, -19.8794], [-44.35804123627491, -19.879097356649048]], [[-44.346262784621125, -19.876146957820083], [-44.355, -19.8733], [-44.3465, -19.8763], [-44.346262784621125, -19.876146957820083]], [[-44.5235, -19.9242], [-44.520980822261215, -19.93146685886187], [-44.5209, -19.9313], [-44.5235, -19.9242]], [[-44.5233, -19.9166], [-44.5235, -19.916296296296295], [-44.5235, -19.9242], [-44.5233, -19.9166]], [[-44.4906037735849, -19.712415094339622], [-44.4803, -19.7099], [-44.4749, -19.707], [-44.4906037735849, -19.712415094339622]], [[-44.4404, -19.7332], [-44.4397, -19.7362], [-44.43951205626256, -19.73635713328868], [-44.4404, -19.7332]], [[-44.439224675324674, -19.736597402597404], [-44.43397538461538, -19.740986153846155], [-44.4342, -19.7402], [-44.439224675324674, -19.736597402597404]], [[-44.43370752688172, -19.741923655913975], [-44.4346, -19.7471], [-44.4332, -19.7437], [-44.43370752688172, -19.741923655913975]], [[-44.44337258464079, -19.75285091659785], [-44.4436, -19.753], [-44.4429, -19.7589], [-44.44337258464079, -19.75285091659785]], [[-44.44969154676259, -19.41444865107914], [-44.4498, -19.4119], [-44.4517, -19.4102], [-44.44969154676259, -19.41444865107914]], [[-44.411, -19.4332], [-44.41064210526316, -19.433326315789472], [-44.4126, -19.4299], [-44.411, -19.4332]], [[-44.3866, -19.4394], [-44.393, -19.4322], [-44.393218201458275, -19.432197839589524], [-44.3866, -19.4394]], [[-44.3841, -19.4545], [-44.382536482084696, -19.455770358306182], [-44.3856, -19.4515], [-44.3841, -19.4545]], [[-44.3582, -19.4783], [-44.357885365853654, -19.47840487804878], [-44.3599, -19.4738], [-44.3582, -19.4783]], [[-44.3276375, -19.4938], [-44.3307, -19.4933], [-44.33197027027027, -19.4938], [-44.3276375, -19.4938]], [[-44.3267, -19.4966], [-44.3258, -19.4941], [-44.32615197183098, -19.494042535211268], [-44.3267, -19.4966]], [[-44.31423745387454, -19.511080073800738], [-44.3146, -19.5105], [-44.3223, -19.508], [-44.31423745387454, -19.511080073800738]], [[-44.31185167958656, -19.520542463393657], [-44.3121, -19.5145], [-44.31316305309735, -19.512799115044245], [-44.31185167958656, -19.520542463393657]], [[-44.3113, -19.5238], [-44.3096, -19.5255], [-44.3115744746284, -19.522179292670415], [-44.3113, -19.5238]], [[-44.5221, -19.5115], [-44.5154, -19.519], [-44.5115, -19.5323], [-44.5086, -19.5323], [-44.4996, -19.5403], [-44.4949, -19.5361], [-44.4941, -19.5432], [-44.4899, -19.5476], [-44.4903, -19.5507], [-44.487, -19.5516], [-44.4864, -19.5542], [-44.4813, -19.5526], [-44.4757, -19.5563], [-44.469, -19.5533], [-44.4642, -19.5464], [-44.4568, -19.5459], [-44.4506, -19.5486], [-44.4466, -19.5442], [-44.441, -19.5465], [-44.4354, -19.5453], [-44.428, -19.5466], [-44.426, -19.5398], [-44.4193, -19.5367], [-44.4168, -19.5315], [-44.4059, -19.5329], [-44.4055, -19.5299], [-44.4085, -19.5265], [-44.4163, -19.5234], [-44.4254, -19.5235], [-44.4263, -19.5182], [-44.4287, -19.5206], [-44.4338, -19.5125], [-44.4351, -19.5066], [-44.431, -19.4999], [-44.4342, -19.4941], [-44.4437, -19.4968], [-44.4521, -19.4916], [-44.4579, -19.4922], [-44.4635, -19.4902], [-44.4704, -19.4936], [-44.4767, -19.4887], [-44.4854, -19.489], [-44.4847, -19.4816], [-44.4882, -19.4777], [-44.4873, -19.4725], [-44.4888, -19.4708], [-44.5017, -19.4743], [-44.5053, -19.4787], [-44.5142, -19.4839], [-44.5139, -19.4885], [-44.5115, -19.4908], [-44.5126, -19.4956], [-44.5192, -19.5049], [-44.5253, -19.5052], [-44.5221, -19.5115]], [[-44.4078, -19.585], [-44.4078, -19.589], [-44.40760621118012, -19.588875776397515], [-44.4078, -19.585]], [[-44.5396192926045, -19.43302508038585], [-44.5406, -19.4343], [-44.5395, -19.4334], [-44.5396192926045, -19.43302508038585]], [[-44.122261333333334, -20.313964666666664], [-44.1223, -20.3141], [-44.12196279069767, -20.314319186046514], [-44.122261333333334, -20.313964666666664]], [[-44.11889782608695, -20.316311413043483], [-44.1183, -20.3167], [-44.118145794392525, -20.316553137516692], [-44.11889782608695, -20.316311413043483]], [[-44.11156301639345, -20.310748196721313], [-44.0984, -20.3122], [-44.1114, -20.3106], [-44.11156301639345, -20.310748196721313]], [[-44.09573661119516, -20.299275642965206], [-44.0919, -20.3034], [-44.0956, -20.2991], [-44.09573661119516, -20.299275642965206]], [[-44.0784, -20.3128], [-44.078944329896906, -20.312123711340206], [-44.0798, -20.3176], [-44.07897475728156, -20.318260194174755], [-44.0784, -20.3128]], [[-44.07865542168675, -20.318515662650604], [-44.0783, -20.3188], [-44.077931615460855, -20.318548562933596], [-44.07865542168675, -20.318515662650604]], [[-44.081034895052476, -20.312310569715144], [-44.08188776266996, -20.31300964153275], [-44.081, -20.3125], [-44.081034895052476, -20.312310569715144]], [[-44.086748453608244, -20.316993814432983], [-44.087, -20.3172], [-44.0868695035461, -20.317478014184402], [-44.086748453608244, -20.316993814432983]], [[-44.0847, -20.3221], [-44.0855, -20.3258], [-44.08479291581109, -20.32590954825462], [-44.0847, -20.3221]], [[-44.0784, -20.3269], [-44.07107341516731, -20.320266470489322], [-44.0713, -20.3201], [-44.0784, -20.3269]], [[-44.066704784688994, -20.323476076555025], [-44.06643023255814, -20.3248488372093], [-44.0664, -20.3237], [-44.066704784688994, -20.323476076555025]], [[-44.066484036939315, -20.32689340369393], [-44.0702, -20.3307], [-44.0665, -20.3275], [-44.066484036939315, -20.32689340369393]], [[-44.06379022969913, -20.331849401488192], [-44.0685, -20.3405], [-44.0636, -20.332], [-44.06379022969913, -20.331849401488192]], [[-44.0524, -20.3509], [-44.048704380542866, -20.346573421123356], [-44.0498, -20.3469], [-44.0524, -20.3509]], [[-44.04401693363843, -20.345176201372997], [-44.038981063122925, -20.344090033222592], [-44.0394, -20.3438], [-44.04401693363843, -20.345176201372997]], [[-44.03466198347108, -20.34708016528925], [-44.03422404677173, -20.34748525673615], [-44.0342, -20.3474], [-44.03466198347108, -20.34708016528925]], [[-44.03389429147079, -20.360596910678307], [-44.041, -20.3679], [-44.0338, -20.3608], [-44.03389429147079, -20.360596910678307]], [[-44.1953, -20.0518], [-44.1908, -20.0485], [-44.19558827361564, -20.05162703583062], [-44.1953, -20.0518]], [[-44.1849, -20.0476], [-44.18391310438319, -20.047180569362855], [-44.1897, -20.045], [-44.1849, -20.0476]], [[-44.182180924855494, -20.046444393063584], [-44.18105166204986, -20.04596445637119], [-44.1812, -20.0459], [-44.1798, -20.042], [-44.182180924855494, -20.046444393063584]], [[-44.12361546894032, -20.021970158343482], [-44.1239, -20.0219], [-44.1242, -20.0284], [-44.12361546894032, -20.021970158343482]], [[-44.11650657084189, -20.023083572895278], [-44.1169, -20.0221], [-44.11672292051756, -20.02304442390635], [-44.11650657084189, -20.023083572895278]], [[-44.1123, -20.0225], [-44.112025761772856, -20.021732132963987], [-44.1169, -20.0221], [-44.1123, -20.0225]], [[-44.09458243902439, -20.027729268292685], [-44.0946, -20.0274], [-44.09477485714286, -20.027408571428573], [-44.09458243902439, -20.027729268292685]], [[-44.0682, -20.0836], [-44.04786483326102, -20.068091468167943], [-44.0643, -20.08], [-44.0682, -20.0836]], [[-44.04206442801397, -20.063888632162666], [-44.0249, -20.0595], [-44.02428378378379, -20.05899137709138], [-44.0407, -20.0629], [-44.04206442801397, -20.063888632162666]], [[-44.18652912653604, -20.098669511790103], [-44.1936, -20.097], [-44.187, -20.0987], [-44.18652912653604, -20.098669511790103]], [[-44.1642, -20.096], [-44.185716923076924, -20.098616923076925], [-44.1731, -20.0978], [-44.1642, -20.096]], [[-44.1471, -20.1001], [-44.155, -20.0999], [-44.14563270868825, -20.101132538330496], [-44.1471, -20.1001]], [[-44.131586531986535, -20.10209562289562], [-44.13871772151899, -20.10204240506329], [-44.136, -20.1024], [-44.131586531986535, -20.10209562289562]], [[-44.1302, -20.102], [-44.126907163323786, -20.098610315186246], [-44.127, -20.0986], [-44.13094438502674, -20.102051336898395], [-44.1302, -20.102]], [[-44.1056, -20.0984], [-44.1036263157895, -20.096821052631597], [-44.1059, -20.0984], [-44.10596301369863, -20.09840171232877], [-44.1056, -20.0984]], [[-44.1023, -20.0959], [-44.102391999999995, -20.09596388888889], [-44.10150672451194, -20.095810195227767], [-44.1023, -20.0959]], [[-44.08780528700907, -20.093175981873113], [-44.088978918169204, -20.093635228848818], [-44.0882, -20.0935], [-44.08780528700907, -20.093175981873113]], [[-44.15223441396509, -20.056589775561097], [-44.148, -20.064], [-44.1518, -20.0567], [-44.15223441396509, -20.056589775561097]], [[-44.11913846153843, -20.01946923076924], [-44.11197468688201, -20.02158912326961], [-44.1118, -20.0211], [-44.11913846153843, -20.01946923076924]], [[-44.1214, -20.0188], [-44.12086931407943, -20.01895703971119], [-44.1224, -20.0158], [-44.1214, -20.0188]], [[-44.1304, -20.0093], [-44.130388563049856, -20.009917595307925], [-44.13015890909091, -20.009266909090908], [-44.1304, -20.0093]], [[-44.11127598499062, -20.001105816135077], [-44.1112926412615, -20.00130985545335], [-44.1112, -20.0013], [-44.11127598499062, -20.001105816135077]], [[-44.110465874524714, -19.99167842205323], [-44.1125, -19.9941], [-44.1104, -19.9919], [-44.110465874524714, -19.99167842205323]], [[-44.0981, -19.9872], [-44.09808925318762, -19.98718724954463], [-44.1078, -19.9858], [-44.10892457085156, -19.98652945136318], [-44.0981, -19.9872]], [[-44.08576998100063, -19.97911184293857], [-44.0922, -19.9802], [-44.086, -19.9795], [-44.08576998100063, -19.97911184293857]], [[-44.0809, -19.9652], [-44.083, -19.9693], [-44.0808509715994, -19.965294992526154], [-44.0809, -19.9652]], [[-44.07936408404465, -19.968175837163493], [-44.08027662337664, -19.966407792207765], [-44.0795, -19.9682], [-44.07936408404465, -19.968175837163493]], [[-44.0756, -19.9672], [-44.07816582914574, -19.967962814070354], [-44.07529968536969, -19.967453277399056], [-44.0756, -19.9672]], [[-44.06665451895044, -19.975921282798833], [-44.0673, -19.9742], [-44.0676, -19.9757], [-44.06665451895044, -19.975921282798833]], [[-44.15719075630252, -19.846918487394962], [-44.1566, -19.8481], [-44.15574734420745, -19.84845282308657], [-44.15719075630252, -19.846918487394962]], [[-44.15298297345133, -19.851391327433625], [-44.1525, -19.8528], [-44.1494, -19.8552], [-44.15298297345133, -19.851391327433625]], [[-44.077087046632116, -19.94076632124353], [-44.07606858638744, -19.94248638743454], [-44.0765, -19.9413], [-44.077087046632116, -19.94076632124353]], [[-44.06940211132437, -19.948278502879077], [-44.0695, -19.9481], [-44.073903571428566, -19.946142857142856], [-44.0731, -19.9475], [-44.06940211132437, -19.948278502879077]], [[-44.068581081081085, -19.949775675675664], [-44.06779662027833, -19.951385884691852], [-44.0678, -19.9512], [-44.068581081081085, -19.949775675675664]], [[-43.98933097785519, -19.78473956208012], [-43.9896, -19.7847], [-43.9908, -19.7961], [-43.98933097785519, -19.78473956208012]], [[-44.0151, -19.8318], [-44.01460368852459, -19.83144549180328], [-44.01597318611988, -19.831199684542586], [-44.0151, -19.8318]], [[-44.0152, -19.3469], [-44.01978161865569, -19.34451755829904], [-44.02, -19.3452], [-44.0152, -19.3469]], [[-43.9778, -19.3597], [-43.9906, -19.358], [-43.97772913385827, -19.359755118110236], [-43.9778, -19.3597]], [[-43.976, -19.3611], [-43.97731049250535, -19.36008072805139], [-43.9756928635953, -19.365154200542023], [-43.976, -19.3611]], [[-43.9755, -19.3677], [-43.97554636871508, -19.367087932960892], [-43.97921315789475, -19.371194736842114], [-43.9755, -19.3677]], [[-43.9806, -19.3725], [-43.98044, -19.372349411764706], [-43.987, -19.3737], [-43.9806, -19.3725]], [[-43.98984339933993, -19.377709405940596], [-43.98987378640776, -19.377435922330093], [-43.99, -19.3776], [-43.98984339933993, -19.377709405940596]], [[-43.98881764705882, -19.39474117647059], [-43.9807, -19.3873], [-43.9885, -19.3942], [-43.98881764705882, -19.39474117647059]], [[-43.99110059347181, -19.403173887240353], [-43.9912, -19.3988], [-43.9913, -19.4028], [-43.99110059347181, -19.403173887240353]], [[-43.9896, -19.4043], [-43.98941955555556, -19.40426133333333], [-43.9910798941799, -19.4032126984127], [-43.9857, -19.4133], [-43.9896, -19.4043]], [[-43.963, -19.4093], [-43.96332824704814, -19.409312624886468], [-43.95988174904942, -19.411572623574152], [-43.963, -19.4093]], [[-43.9571, -19.4136], [-43.95726685520362, -19.413478393665155], [-43.9563, -19.4155], [-43.9571, -19.4136]], [[-43.956398598130846, -19.431200934579437], [-43.9587, -19.4231], [-43.957, -19.4308], [-43.956398598130846, -19.431200934579437]], [[-43.9494, -19.4282], [-43.95573198380567, -19.431645344129553], [-43.9552, -19.432], [-43.9494, -19.4282]], [[-43.94698860759494, -19.431575949367087], [-43.9469, -19.4315], [-43.94573076923077, -19.43186923076923], [-43.9494, -19.4282], [-43.94698860759494, -19.431575949367087]], [[-43.95703142857143, -19.44390857142857], [-43.95748358733881, -19.44385205158265], [-43.9575, -19.4442], [-43.95703142857143, -19.44390857142857]], [[-43.934112280701775, -19.442180701754392], [-43.94387358947733, -19.444812011076497], [-43.9436, -19.4451], [-43.934112280701775, -19.442180701754392]], [[-43.9327, -19.4418], [-43.93316434189827, -19.441925170424753], [-43.931867567567565, -19.44284054054054], [-43.9327, -19.4418]], [[-43.9299, -19.4453], [-43.93030373134329, -19.444795335820896], [-43.9358, -19.4502], [-43.9299, -19.4453]], [[-43.943059999999996, -19.452659999999998], [-43.94177551020408, -19.45137551020408], [-43.9419, -19.4514], [-43.943059999999996, -19.452659999999998]], [[-43.9486, -19.4582], [-43.94824285714285, -19.457842857142857], [-43.9534, -19.4592], [-43.9486, -19.4582]], [[-43.957362068965516, -19.45743103448276], [-43.956775, -19.4571375], [-43.957, -19.457], [-43.957362068965516, -19.45743103448276]], [[-43.95937040816326, -19.46220408163264], [-43.95832384937239, -19.458576011157604], [-43.9591, -19.4595], [-43.95937040816326, -19.46220408163264]], [[-43.9574379310345, -19.464934482758608], [-43.95946231884058, -19.4631231884058], [-43.9595, -19.4635], [-43.9574379310345, -19.464934482758608]], [[-43.9546425925926, -19.466631481481482], [-43.95514210526316, -19.466531578947368], [-43.9549, -19.4667], [-43.9546425925926, -19.466631481481482]], [[-43.94614951456311, -19.471249514563105], [-43.9378, -19.4729], [-43.9459, -19.471], [-43.94614951456311, -19.471249514563105]], [[-43.95490119284295, -19.47505805168986], [-43.9519, -19.477], [-43.9543, -19.4746], [-43.95490119284295, -19.47505805168986]], [[-43.956139813374804, -19.47738942457232], [-43.95554205128205, -19.475546324786322], [-43.9564, -19.4762], [-43.956139813374804, -19.47738942457232]], [[-43.94885978260868, -19.48081521739131], [-43.95585405679513, -19.47869574036511], [-43.9557, -19.4794], [-43.94885978260868, -19.48081521739131]], [[-43.9466, -19.4815], [-43.94688920187794, -19.481412363067292], [-43.946542268041235, -19.48207731958764], [-43.9466, -19.4815]], [[-43.952490909090905, -19.489090909090905], [-43.9501, -19.4867], [-43.9498, -19.489], [-43.949365135453476, -19.48908362779741], [-43.95, -19.486], [-43.9463, -19.4845], [-43.946370071258904, -19.483799287410925], [-43.9498, -19.4856], [-43.952490909090905, -19.489090909090905]], [[-43.946874878444085, -19.489213452188007], [-43.94817142857143, -19.489313186813188], [-43.9472, -19.4895], [-43.946874878444085, -19.489213452188007]], [[-43.92153259668508, -19.511892375690607], [-43.9239, -19.5064], [-43.9218, -19.5118], [-43.92153259668508, -19.511892375690607]], [[-43.9157, -19.5143], [-43.916117464788734, -19.5141461971831], [-43.9157, -19.51516666666666], [-43.9157, -19.5143]], [[-43.9157, -19.5162], [-43.9157, -19.51602705882353], [-43.9239, -19.5195], [-43.9157, -19.5162]], [[-43.92361948476052, -19.526138860667636], [-43.9235, -19.526], [-43.9239, -19.5195], [-43.92361948476052, -19.526138860667636]], [[-43.92685701634877, -19.5324264986376], [-43.9272, -19.5303], [-43.9272, -19.5322], [-43.92685701634877, -19.5324264986376]], [[-43.9525, -19.5354], [-43.94916768994628, -19.53578449731389], [-43.9498, -19.5353], [-43.9525, -19.5354]], [[-43.962, -19.5475], [-43.960420578778134, -19.539800321543407], [-43.9606, -19.5399], [-43.962, -19.5475]], [[-43.9648, -19.5535], [-43.9648, -19.54972068965517], [-43.9649, -19.5498], [-43.9648, -19.5535]], [[-43.9631, -19.5635], [-43.96333175324675, -19.563359870129872], [-43.96343583815029, -19.56453949903661], [-43.9631, -19.5635]], [[-43.9652, -19.57], [-43.96478333333334, -19.568710317460333], [-43.96546058631922, -19.5700325732899], [-43.9652, -19.57]], [[-43.97340198019802, -19.57330198019802], [-43.9708, -19.5707], [-43.9737, -19.5729], [-43.97340198019802, -19.57330198019802]], [[-43.9684, -19.5786], [-43.97197348484848, -19.57522878787879], [-43.9651, -19.5845], [-43.9684, -19.5786]], [[-43.9714691461837, -19.59809210866753], [-43.9699, -19.5944], [-43.9718, -19.5979], [-43.9714691461837, -19.59809210866753]], [[-43.9578, -19.6029], [-43.958064406779656, -19.602852542372883], [-43.95774226804124, -19.602998969072164], [-43.9578, -19.6029]], [[-43.9508, -19.6149], [-43.95146818181818, -19.613754545454547], [-43.9522, -19.624], [-43.9508, -19.6149]], [[-43.958923506366304, -19.639219784524975], [-43.9598, -19.6325], [-43.9591, -19.639], [-43.958923506366304, -19.639219784524975]], [[-43.953348164075415, -19.645844095269606], [-43.95711513944225, -19.641471713147386], [-43.9538, -19.6456], [-43.953348164075415, -19.645844095269606]], [[-43.9348, -19.6617], [-43.9404, -19.6591], [-43.93506046511628, -19.661960465116277], [-43.9348, -19.6617]], [[-43.9365, -19.6634], [-43.935314285714284, -19.662214285714285], [-43.9411, -19.6635], [-43.9365, -19.6634]], [[-43.942824137931034, -19.67237844827586], [-43.9449, -19.6716], [-43.9571, -19.6699], [-43.942824137931034, -19.67237844827586]], [[-43.9853, -19.7366], [-43.9769, -19.7311], [-43.98550444945086, -19.73653959448043], [-43.9853, -19.7366]], [[-44.007, -19.7219], [-44.00701243523316, -19.722036787564768], [-44.00670532544379, -19.72195147928994], [-44.007307570977915, -19.721604731861206], [-44.007, -19.7219]], [[-44.0065, -19.726], [-44.006633627481875, -19.725923164197923], [-44.0077, -19.733], [-44.0065, -19.726]], [[-44.0052773993808, -19.735616408668736], [-44.0053, -19.7353], [-44.0077, -19.733], [-44.0052773993808, -19.735616408668736]], [[-44.0057, -19.7371], [-44.00514645669291, -19.737449606299215], [-44.00526451612903, -19.735796774193545], [-44.0144, -19.7495], [-44.0057, -19.7371]], [[-44.0003, -19.7388], [-44.00382144469526, -19.738286455981942], [-44.0019, -19.7395], [-44.0003, -19.7388]], [[-43.992, -19.7464], [-43.99266164383562, -19.745758405977583], [-43.9969, -19.7604], [-43.992, -19.7464]], [[-43.9753, -19.7822], [-43.97523613004719, -19.782269008914522], [-43.9755, -19.7762], [-43.975401558130244, -19.782204954055132], [-43.9753, -19.7822]], [[-43.983300286532945, -19.782590257879654], [-43.97951081081081, -19.782405405405406], [-43.9832, -19.7825], [-43.983300286532945, -19.782590257879654]], [[-43.9833, -19.7837], [-43.9834734375, -19.782746093750003], [-43.9862, -19.7852], [-43.9833, -19.7837]], [[-44.16024858052534, -19.538174794375166], [-44.1601, -19.5382], [-44.157599999999995, -19.536876470588233], [-44.16024858052534, -19.538174794375166]], [[-44.15514830371567, -19.535578513731824], [-44.155, -19.5355], [-44.1532, -19.531], [-44.15514830371567, -19.535578513731824]], [[-44.107498591549295, -19.51769718309859], [-44.1091, -19.5209], [-44.110978971255676, -19.526467322239046], [-44.1074, -19.518], [-44.107498591549295, -19.51769718309859]], [[-44.11, -19.5081], [-44.10932446236559, -19.50095860215054], [-44.1097, -19.5013], [-44.11, -19.5081]], [[-44.0842, -19.474], [-44.081105097815225, -19.481640539768673], [-44.0809, -19.4813], [-44.08374638472033, -19.473116643929057], [-44.0842, -19.474]], [[-44.0825434163701, -19.470774021352305], [-44.08177362924283, -19.47011827676241], [-44.0823, -19.4703], [-44.0825434163701, -19.470774021352305]], [[-44.066588888888894, -19.46217777777778], [-44.06604210526316, -19.46206842105263], [-44.0662, -19.4619], [-44.066588888888894, -19.46217777777778]], [[-44.0492, -19.4708], [-44.0455, -19.4699], [-44.0453887337986, -19.469204586241275], [-44.0492, -19.4708]], [[-44.0469, -19.4382], [-44.0391, -19.4244], [-44.0367, -19.42], [-44.0469, -19.4382]], [[-44.03136924161263, -19.430402706512545], [-44.0321, -19.4292], [-44.0391, -19.4244], [-44.03136924161263, -19.430402706512545]], [[-44.0377, -19.4168], [-44.03805483870968, -19.416516129032257], [-44.0367, -19.42], [-44.0377, -19.4168]], [[-44.03043367875648, -19.43194248704663], [-44.03, -19.4344], [-44.0273, -19.4371], [-44.03043367875648, -19.43194248704663]], [[-44.00687814879906, -19.44583942589338], [-44.0057, -19.4457], [-44.00428962962963, -19.444465925925925], [-44.00687814879906, -19.44583942589338]], [[-44.003556105610556, -19.443824092409237], [-44.0033, -19.4436], [-44.0022, -19.4353], [-44.003556105610556, -19.443824092409237]], [[-44.1328, -19.7139], [-44.1299, -19.7169], [-44.13288524590164, -19.71291967213114], [-44.1328, -19.7139]], [[-44.05112173913043, -19.747489130434783], [-44.0511, -19.7474], [-44.0567, -19.7447], [-44.05112173913043, -19.747489130434783]], [[-44.00920573248408, -19.718884713375786], [-44.0095, -19.7195], [-44.00930821917808, -19.719684109589043], [-44.00920573248408, -19.718884713375786]], [[-44.041004731148064, -19.682949031164217], [-44.0411, -19.683], [-44.0412, -19.6891], [-44.041004731148064, -19.682949031164217]], [[-44.0125, -19.6733], [-44.012484578313256, -19.672874361445782], [-44.0211, -19.6723], [-44.0125, -19.6733]], [[-44.0053, -19.6557], [-44.0052482832618, -19.65533798283262], [-44.012, -19.6595], [-44.0053, -19.6557]], [[-44.0048, -19.6522], [-44.0056744813278, -19.652608091286307], [-44.00507019230769, -19.654091346153844], [-44.0048, -19.6522]], [[-43.9899, -19.6185], [-43.98988707753479, -19.61813817097415], [-43.9934, -19.6235], [-43.9899, -19.6185]], [[-43.9898, -19.6157], [-43.98986814159292, -19.615644247787614], [-43.98981308411215, -19.616066355140173], [-43.9898, -19.6157]], [[-43.993175956284155, -19.612139162112907], [-43.9932, -19.6126], [-43.99313005780347, -19.61265934489403], [-43.993175956284155, -19.612139162112907]], [[-43.99242005141389, -19.60098174807198], [-43.9926, -19.6011], [-43.99264078164826, -19.60188164825829], [-43.99242005141389, -19.60098174807198]], [[-43.9815, -19.5999], [-43.9891, -19.5988], [-43.98927604983849, -19.598915689893865], [-43.9815, -19.5999]], [[-44.00338, -19.66018], [-44.0032, -19.6606], [-43.9993, -19.6612], [-44.00338, -19.66018]], [[-43.9996, -19.663], [-43.998614360770574, -19.663211208406306], [-43.9993, -19.6612], [-43.9996, -19.663]], [[-43.99825382165605, -19.66426878980892], [-43.9985, -19.6687], [-43.9978, -19.6656], [-43.99825382165605, -19.66426878980892]], [[-44.1842, -19.6611], [-44.1896, -19.6604], [-44.184139467455616, -19.661166390532546], [-44.1842, -19.6611]], [[-44.1705, -19.6537], [-44.1634, -19.6511], [-44.1701, -19.6533], [-44.1768, -19.6597], [-44.1705, -19.6537]], [[-44.1472, -19.6327], [-44.1479, -19.6413], [-44.146929209058094, -19.632465802428623], [-44.1472, -19.6327]], [[-44.1279, -19.6202], [-44.12854620608207, -19.620816149985238], [-44.12381997371879, -19.620400657030224], [-44.1279, -19.6202]], [[-44.1202631111111, -19.620027111111106], [-44.120540000000005, -19.62011230769231], [-44.1204, -19.6201], [-44.1202631111111, -19.620027111111106]], [[-43.95805801449674, -19.50800724837141], [-43.9688, -19.5085], [-43.9581, -19.5082], [-43.95805801449674, -19.50800724837141]], [[-43.9535, -19.4904], [-43.9531, -19.4937], [-43.95328814913449, -19.49012516644474], [-43.9535, -19.4904]], [[-44.111560716530484, -19.528191011942162], [-44.1118, -19.5289], [-44.1138, -19.5463], [-44.111560716530484, -19.528191011942162]], [[-44.1109, -19.561], [-44.10796541786743, -19.568509077809807], [-44.1078, -19.5664], [-44.1109, -19.561]], [[-44.10811486880466, -19.57041457725947], [-44.1149, -19.5783], [-44.1082, -19.5715], [-44.10811486880466, -19.57041457725947]], [[-44.16533260869565, -19.59793260869565], [-44.1654, -19.5979], [-44.1686, -19.6012], [-44.16533260869565, -19.59793260869565]], [[-44.18741987435751, -19.618845745288404], [-44.1876, -19.6189], [-44.188, -19.6231], [-44.18741987435751, -19.618845745288404]], [[-44.1243, -19.4192], [-44.124968828125, -19.429519062499953], [-44.12286811294766, -19.413809366391185], [-44.1243, -19.4192]], [[-44.11884471684236, -19.410356533464082], [-44.12, -19.4105], [-44.1226, -19.4128], [-44.12271625905797, -19.41323768115942], [-44.11884471684236, -19.410356533464082]], [[-44.1047, -19.4086], [-44.11589134831461, -19.4099897752809], [-44.0972, -19.4092], [-44.1047, -19.4086]], [[-44.0498, -19.4009], [-44.051005555555555, -19.401263580246916], [-44.046177528089885, -19.402014606741574], [-44.0498, -19.4009]], [[-44.0433, -19.4029], [-44.04362175648703, -19.40280099800399], [-44.043404788732396, -19.40391295774648], [-44.0433, -19.4029]], [[-43.98712857142856, -20.025265714285705], [-43.98746837416481, -20.025714253897554], [-43.9873, -20.0256], [-43.98712857142856, -20.025265714285705]], [[-43.9835, -20.0163], [-43.9835, -20.018190000000004], [-43.981631909701036, -20.01454722391702], [-43.9835, -20.0163]], [[-43.94995138956606, -19.987761433447094], [-43.9569, -19.9931], [-43.9503, -19.9887], [-43.94995138956606, -19.987761433447094]], [[-43.9477, -19.9825], [-43.94831799410029, -19.985157374631267], [-43.9474, -19.9851], [-43.9477, -19.9825]], [[-43.870068, -19.927768000000007], [-43.8797, -19.9374], [-43.8701, -19.9279], [-43.870068, -19.927768000000007]], [[-43.8352, -19.9268], [-43.8427, -19.9268], [-43.83472016689848, -19.92736328233658], [-43.8352, -19.9268]], [[-43.8363, -19.9497], [-43.8407990214229, -19.93982171383231], [-43.8408, -19.9399], [-43.8363, -19.9497]], [[-43.8015, -20.0194], [-43.80266533864542, -20.019141035856574], [-43.79767069486405, -20.024603927492446], [-43.8015, -20.0194]], [[-43.794, -20.0266], [-43.79756687116565, -20.024717484662578], [-43.7974, -20.0249], [-43.794, -20.0266]], [[-43.777518659076534, -20.023812302340296], [-43.78053939393937, -20.02667121212119], [-43.7775, -20.0239], [-43.777518659076534, -20.023812302340296]], [[-43.7745, -20.0177], [-43.7785, -20.0192], [-43.7744862012987, -20.017706493506495], [-43.7745, -20.0177]], [[-43.765656363636374, -20.018809090909095], [-43.76842754491018, -20.019764670658684], [-43.7678, -20.02], [-43.765656363636374, -20.018809090909095]], [[-43.7636, -20.0181], [-43.7638080653142, -20.01817174666007], [-43.76266225868725, -20.01867384169885], [-43.7636, -20.0181]], [[-43.753707692307685, -20.02064096601073], [-43.755819543147204, -20.02167233502538], [-43.7553, -20.0219], [-43.753707692307685, -20.02064096601073]], [[-43.7478, -20.0124], [-43.752188326384754, -20.01943960690888], [-43.751, -20.0185], [-43.7478, -20.0124]], [[-43.73436267523365, -20.001349707943927], [-43.743, -20.0082], [-43.73436267523365, -20.00134970794393], [-43.73436267523365, -20.001349707943927]], [[-43.6991, -20.0773], [-43.711849875311714, -20.074631421446387], [-43.7118, -20.0747], [-43.6991, -20.0773]], [[-43.69065882352941, -20.075620588235296], [-43.6964, -20.0758], [-43.69048484848485, -20.075707575757576], [-43.69065882352941, -20.075620588235296]], [[-43.6922, -20.0747], [-43.69219481743228, -20.074702120141342], [-43.6944, -20.0701], [-43.6922, -20.0747]], [[-43.6462, -19.974], [-43.63867631122381, -19.967485586547447], [-43.6392, -19.9675], [-43.63204912280702, -19.95856140350877], [-43.6486, -19.9766], [-43.65313022191717, -19.98417940974604], [-43.651, -19.9822], [-43.6462, -19.974]], [[-43.6178, -19.9735], [-43.61792533333333, -19.973509641025643], [-43.6154, -19.9806], [-43.6178, -19.9735]], [[-43.4408, -19.9292], [-43.44079912280702, -19.92921842105264], [-43.4389, -19.9258], [-43.4408, -19.9292]], [[-43.8543, -20.1978], [-43.85434905660377, -20.197677358490566], [-43.8937, -20.2099], [-43.8543, -20.1978]], [[-43.85392538071067, -20.19322487309647], [-43.855, -20.1953], [-43.85493458781362, -20.195437365591392], [-43.85392538071067, -20.19322487309647]], [[-43.84360117647062, -20.187229411764715], [-43.8521, -20.1897], [-43.852268464730294, -20.19002531120332], [-43.84360117647062, -20.187229411764715]], [[-43.8432, -20.1871], [-43.84, -20.1835], [-43.843495608531995, -20.187195357590966], [-43.8432, -20.1871]], [[-43.795, -20.1806], [-43.794720454545455, -20.180223688811186], [-43.7971, -20.1794], [-43.795, -20.1806]], [[-43.7898, -20.15390666666667], [-43.7898, -20.154], [-43.7869, -20.157], [-43.7898, -20.15390666666667]], [[-43.789612182741116, -20.151881218274113], [-43.7898, -20.1519], [-43.7898, -20.15313333333332], [-43.789612182741116, -20.151881218274113]], [[-43.67373804347825, -20.125236956521736], [-43.6742, -20.1254], [-43.67421662971175, -20.125605099778273], [-43.67373804347825, -20.125236956521736]], [[-43.6605, -20.1185], [-43.66041081081082, -20.11907567567559], [-43.6606, -20.1176], [-43.663, -20.1134], [-43.6605, -20.1185]], [[-43.6594, -20.1256], [-43.6497, -20.1304], [-43.65941663837012, -20.12549260688378], [-43.6594, -20.1256]], [[-43.6455, -20.143], [-43.6454644343549, -20.14299545970488], [-43.6494, -20.1381], [-43.6455, -20.143]], [[-43.6337, -20.1546], [-43.6337141453831, -20.15469194499018], [-43.6296, -20.1523], [-43.6337, -20.1546]], [[-43.63619722222226, -20.16138888888892], [-43.6346, -20.16], [-43.634583614232206, -20.159878277153556], [-43.63619722222226, -20.16138888888892]], [[-43.6392, -20.1642], [-43.6347, -20.1728], [-43.639130837148464, -20.164135251798562], [-43.6392, -20.1642]], [[-43.6273, -20.1844], [-43.62716021505376, -20.184544444444445], [-43.62731258470474, -20.18415082284608], [-43.6273, -20.1844]], [[-43.6895, -20.0762], [-43.69005844155844, -20.07592077922078], [-43.6909, -20.0791], [-43.6895, -20.0762]], [[-43.68720659217877, -20.085554972067044], [-43.6874, -20.0813], [-43.6873, -20.0854], [-43.68720659217877, -20.085554972067044]], [[-43.682610102489015, -20.09292664714495], [-43.68561542857147, -20.08819485714279], [-43.6829, -20.0927], [-43.682610102489015, -20.09292664714495]], [[-43.6767, -20.0999], [-43.676446875, -20.100073437499997], [-43.677, -20.0974], [-43.67737403400309, -20.097107573415766], [-43.6767, -20.0999]], [[-43.66633959183672, -20.108619183673483], [-43.670646575342474, -20.105057639620647], [-43.67, -20.1065], [-43.66633959183672, -20.108619183673483]], [[-43.666, -20.1089], [-43.666195631067964, -20.10873822815533], [-43.6658, -20.1122], [-43.666, -20.1089]], [[-43.8565, -20.1955], [-43.85555619433199, -20.19632582995951], [-43.8635, -20.1746], [-43.8565, -20.1955]], [[-43.8484, -20.0975], [-43.8499, -20.1018], [-43.84809539450196, -20.09724551945734], [-43.8484, -20.0975]], [[-43.94269310344828, -19.672427586206897], [-43.9416, -19.6768], [-43.9425, -19.6725], [-43.94269310344828, -19.672427586206897]], [[-43.9142, -19.6949], [-43.9149, -19.698], [-43.91468739495799, -19.698019327731092], [-43.9142, -19.6949]], [[-43.897480240447564, -19.698926425425544], [-43.8892, -19.71], [-43.89742735659373, -19.698898024837373], [-43.897480240447564, -19.698926425425544]], [[-43.88556697300402, -19.721462320505456], [-43.88574634525661, -19.721705754276826], [-43.8854, -19.7216], [-43.88556697300402, -19.721462320505456]], [[-43.9047, -19.733], [-43.90352328994083, -19.74055055621302], [-43.9033, -19.7405], [-43.9047, -19.733]], [[-43.9239, -19.7479], [-43.933011909904344, -19.759865134217833], [-43.9322, -19.7597], [-43.9239, -19.7479]], [[-43.93849660194174, -19.76189150485437], [-43.9420358490566, -19.76263867924528], [-43.9389, -19.7629], [-43.93849660194174, -19.76189150485437]], [[-43.942636234177215, -19.76276542721519], [-43.9428, -19.7628], [-43.9453, -19.766], [-43.942636234177215, -19.76276542721519]], [[-43.945704331210194, -19.777957197452228], [-43.947, -19.7737], [-43.9461, -19.7772], [-43.94737080126754, -19.7772735174287], [-43.945704331210194, -19.777957197452228]], [[-43.94564717138103, -19.778145008319466], [-43.9483, -19.7863], [-43.9456, -19.7783], [-43.94564717138103, -19.778145008319466]], [[-43.94282470830474, -19.798137131091277], [-43.9423, -19.7987], [-43.9404, -19.7994], [-43.94282470830474, -19.798137131091277]], [[-43.921171201561194, -19.802051686646223], [-43.9209, -19.8022], [-43.918, -19.7984], [-43.921171201561194, -19.802051686646223]], [[-43.77677409144197, -19.8457305978898], [-43.76976605504588, -19.843357798165137], [-43.7751, -19.8442], [-43.77677409144197, -19.8457305978898]], [[-43.76695313351499, -19.84077220708447], [-43.7664, -19.8402], [-43.76931011235954, -19.84067191011236], [-43.76695313351499, -19.84077220708447]], [[-43.771, -19.8406], [-43.77029731423456, -19.840629901521933], [-43.773, -19.8383], [-43.774954491017965, -19.83824251497006], [-43.771, -19.8406]], [[-43.7798, -19.8381], [-43.7817, -19.8282], [-43.7809, -19.8366], [-43.7798, -19.8381]], [[-43.8025, -19.7686], [-43.80509681415929, -19.763499115044247], [-43.8055, -19.7638], [-43.8025, -19.7686]], [[-43.799216486486486, -19.759110810810814], [-43.7992, -19.7591], [-43.799197653554174, -19.759096756383713], [-43.799216486486486, -19.759110810810814]], [[-43.78030209424084, -19.75479738219895], [-43.7802, -19.7548], [-43.78004499205087, -19.7546640699523], [-43.78030209424084, -19.75479738219895]], [[-43.7737, -19.7491], [-43.77313956043956, -19.746764835164836], [-43.7735, -19.7469], [-43.7737, -19.7491]], [[-43.76949999999998, -19.745399999999993], [-43.768, -19.7449], [-43.768, -19.744837500000003], [-43.76949999999998, -19.745399999999993]], [[-43.76622448979592, -19.738514285714288], [-43.766, -19.7382], [-43.76712981455065, -19.73816861626248], [-43.76622448979592, -19.738514285714288]], [[-43.7715, -19.7365], [-43.7696, -19.737225454545456], [-43.7696, -19.7363], [-43.77130625, -19.73605625], [-43.7715, -19.7365]], [[-43.76896991643455, -19.730705292479126], [-43.7684, -19.7296], [-43.768475223499365, -19.729572286079183], [-43.76896991643455, -19.730705292479126]], [[-43.77104374023655, -19.72500787770587], [-43.770226311263976, -19.726247205503004], [-43.7702, -19.7253], [-43.7622, -19.7251], [-43.77104374023655, -19.72500787770587]], [[-43.75684834558823, -19.730356089154412], [-43.7566, -19.7306], [-43.7501, -19.7297], [-43.75684834558823, -19.730356089154412]], [[-43.737447651006704, -19.734659731543626], [-43.7369, -19.7351], [-43.735948366013076, -19.73506862745098], [-43.737447651006704, -19.734659731543626]], [[-43.72774715835141, -19.734945770065075], [-43.72635, -19.738799999999998], [-43.7275, -19.7349], [-43.72774715835141, -19.734945770065075]], [[-43.72493914469534, -19.74269201463353], [-43.7249, -19.7428], [-43.72398285714286, -19.742662740524782], [-43.72493914469534, -19.74269201463353]], [[-43.7084, -19.7466], [-43.70829972011195, -19.74691667333067], [-43.7065, -19.7423], [-43.7084, -19.7466]], [[-43.71152093023256, -19.737180620155037], [-43.7117, -19.7373], [-43.7065, -19.7423], [-43.71152093023256, -19.737180620155037]], [[-43.6633, -19.7321], [-43.6525, -19.7328], [-43.65240727835464, -19.732581978833867], [-43.6633, -19.7321]], [[-43.6289, -19.6946], [-43.6237, -19.6996], [-43.6296456928839, -19.692227340823962], [-43.6289, -19.6946]], [[-43.6138, -19.7043], [-43.61374540727903, -19.704300779896013], [-43.6237, -19.6996], [-43.6138, -19.7043]], [[-43.577, -19.733], [-43.5709, -19.7304], [-43.5728, -19.731], [-43.577, -19.733]], [[-43.568815845539284, -19.731539014647137], [-43.56311578014183, -19.734654166666672], [-43.5682, -19.7308], [-43.568815845539284, -19.731539014647137]], [[-43.5623197053407, -19.735257642725596], [-43.5628, -19.7391], [-43.562, -19.7355], [-43.5623197053407, -19.735257642725596]], [[-43.55765926605504, -19.740623180428138], [-43.5579, -19.7404], [-43.5628, -19.7391], [-43.55765926605504, -19.740623180428138]], [[-43.5483, -19.7493], [-43.543289209225705, -19.749949546952223], [-43.5444, -19.749], [-43.5483, -19.7493]], [[-43.7321, -19.9693], [-43.728541288782814, -19.96699164677804], [-43.7287, -19.967], [-43.7321, -19.9693]], [[-43.7377, -19.9834], [-43.73851399082567, -19.986342889908222], [-43.7321, -19.9693], [-43.7377, -19.9834]], [[-43.7361, -19.9953], [-43.736026153846154, -19.995546153846153], [-43.73599090909091, -19.99528181818182], [-43.7361, -19.9953]], [[-43.734346443514646, -20.001145188284514], [-43.7342, -19.9993], [-43.73561489361702, -19.996917021276598], [-43.734346443514646, -20.001145188284514]], [[-43.83297300574346, -19.93013714103382], [-43.8329, -19.9295], [-43.833656962025316, -19.928611392405063], [-43.83297300574346, -19.93013714103382]], [[-43.723249584372404, -19.96565174563591], [-43.723, -19.9667], [-43.72731965811966, -19.966927350427348], [-43.7205, -19.9671], [-43.723249584372404, -19.96565174563591]], [[-43.7231125158831, -19.960907369758576], [-43.7232, -19.961], [-43.7205, -19.9671], [-43.7231125158831, -19.960907369758576]], [[-43.86975714285713, -19.926485714285665], [-43.8693, -19.9246], [-43.869346875000005, -19.924434375], [-43.86975714285713, -19.926485714285665]], [[-43.629205154639195, -19.956201030927847], [-43.6308, -19.9572], [-43.6308901131626, -19.957298213222156], [-43.629205154639195, -19.956201030927847]], [[-43.6001, -19.9501], [-43.6217, -19.9515], [-43.622300321802086, -19.951876025744166], [-43.6001, -19.9501]], [[-43.7219, -19.951100000000004], [-43.719967605633805, -19.956897183098594], [-43.7198, -19.9567], [-43.7219, -19.951100000000004]], [[-43.7304, -19.9425], [-43.72237605633803, -19.949830516431923], [-43.7225, -19.9495], [-43.7304, -19.9425]], [[-43.7488, -19.8975], [-43.74871670117322, -19.897656797791583], [-43.748248705882354, -19.89729117647059], [-43.7488, -19.8975]], [[-43.9044, -19.5432], [-43.903830547550434, -19.543052161383283], [-43.905065, -19.542915], [-43.9044, -19.5432]], [[-43.89450380622837, -19.54063079584775], [-43.895, -19.5403], [-43.898617558022224, -19.541698789101922], [-43.89450380622837, -19.54063079584775]], [[-43.8915, -19.5526], [-43.8932, -19.5415], [-43.893888178913734, -19.541041214057508], [-43.8915, -19.5526]], [[-43.9076, -19.5549], [-43.90963339882123, -19.5557811394892], [-43.905424324324315, -19.554589189189187], [-43.9076, -19.5549]], [[-43.9106, -19.5562], [-43.91086666666667, -19.557355555555556], [-43.90971111111111, -19.555814814814813], [-43.9106, -19.5562]], [[-43.9112, -19.5588], [-43.9106, -19.5612], [-43.9111, -19.558366666666668], [-43.9112, -19.5588]], [[-43.9069, -19.5613], [-43.9044, -19.561], [-43.9106, -19.5612], [-43.9069, -19.5613]], [[-43.8874, -19.5801], [-43.8817, -19.5821], [-43.88842336911644, -19.578494715111475], [-43.8874, -19.5801]], [[-43.8787, -19.5808], [-43.878806174698795, -19.580198343373496], [-43.8817, -19.5821], [-43.8787, -19.5808]], [[-43.8711, -19.5718], [-43.87109194844579, -19.571212236542838], [-43.8796, -19.5757], [-43.8711, -19.5718]], [[-43.86727901639345, -19.559443278688526], [-43.8683, -19.5595], [-43.871, -19.5645], [-43.86727901639345, -19.559443278688526]], [[-43.8648, -19.5624], [-43.8665, -19.5594], [-43.866938731218696, -19.559424373956595], [-43.8648, -19.5624]], [[-43.813303921568625, -19.596454901960783], [-43.8135, -19.5962], [-43.813885838150284, -19.596507803468207], [-43.813303921568625, -19.596454901960783]], [[-43.8144, -19.6121], [-43.8142273381295, -19.612135971223022], [-43.8148, -19.6087], [-43.8144, -19.6121]], [[-43.802357724329326, -19.61053311748381], [-43.79867069922308, -19.611285571587125], [-43.7987, -19.6111], [-43.8017, -19.6103], [-43.802357724329326, -19.61053311748381]], [[-43.7991221238938, -19.61869675516219], [-43.7984, -19.613], [-43.79862113821138, -19.61159945799457], [-43.7991221238938, -19.61869675516219]], [[-43.7844, -19.6132], [-43.78426231884058, -19.61305507246377], [-43.784496590909086, -19.612961363636366], [-43.7844, -19.6132]], [[-43.781497799511, -19.608203422982886], [-43.78338770491804, -19.612134426229517], [-43.7825, -19.6112], [-43.780166666666666, -19.6111], [-43.7822, -19.6111], [-43.781497799511, -19.608203422982886]], [[-43.7814, -19.6078], [-43.7846, -19.6057], [-43.781441290322576, -19.607970322580645], [-43.7814, -19.6078]], [[-43.638, -19.5617], [-43.63795415162455, -19.561562454873645], [-43.6465, -19.5603], [-43.638, -19.5617]], [[-43.582457142857145, -19.513828571428572], [-43.582289230769234, -19.513744615384617], [-43.58505886524822, -19.505817730496453], [-43.5851, -19.5059], [-43.582457142857145, -19.513828571428572]], [[-43.58221674418605, -19.514182790697674], [-43.5822, -19.514], [-43.5822094650952, -19.513972910244785], [-43.58221674418605, -19.514182790697674]], [[-43.5828, -19.531], [-43.580398503740646, -19.537163840399007], [-43.582741334145595, -19.529308467864755], [-43.5828, -19.531]], [[-43.5798, -19.5387], [-43.5763, -19.5385], [-43.57987792207792, -19.5385], [-43.5798, -19.5387]], [[-43.5844, -19.5499], [-43.58473666940115, -19.550502461033638], [-43.5748, -19.5451], [-43.5844, -19.5499]], [[-43.5863, -19.5533], [-43.5884, -19.5599], [-43.58555335463258, -19.55196389776356], [-43.5863, -19.5533]], [[-43.6282, -19.6774], [-43.628766019417476, -19.677888834951457], [-43.6241, -19.6775], [-43.6282, -19.6774]], [[-43.6304, -19.6793], [-43.6308207253886, -19.681043005181344], [-43.62903529411765, -19.678121390374333], [-43.6304, -19.6793]], [[-43.6311, -19.6822], [-43.6296, -19.6855], [-43.630997202797204, -19.681774125874128], [-43.6311, -19.6822]], [[-43.6337, -19.6875], [-43.63257651821862, -19.68859311740891], [-43.63352636928289, -19.687415302089214], [-43.6337, -19.6875]], [[-43.8965, -19.6984], [-43.89732380952381, -19.698842416225748], [-43.89308873239437, -19.699861971830984], [-43.8965, -19.6984]], [[-43.8883, -19.6969], [-43.892160990443095, -19.70008531711555], [-43.8921, -19.7001], [-43.8883, -19.6969]], [[-43.8398, -19.7055], [-43.842, -19.7115], [-43.838663354037266, -19.70512111801242], [-43.8398, -19.7055]], [[-43.8383, -19.705], [-43.83848, -19.70506], [-43.8332, -19.7077], [-43.8383, -19.705]], [[-43.814486503067485, -19.715043098159512], [-43.81506, -19.7158675], [-43.8144, -19.7158], [-43.814486503067485, -19.715043098159512]], [[-43.8155, -19.7048], [-43.81544622852876, -19.705115907393573], [-43.8085, -19.6968], [-43.8155, -19.7048]], [[-43.8012, -19.6589], [-43.7964, -19.6577], [-43.80137117384844, -19.658869687964337], [-43.8012, -19.6589]], [[-43.8108, -19.6572], [-43.80298881987576, -19.65858322981367], [-43.81085271629779, -19.656910060362172], [-43.8108, -19.6572]], [[-43.8114, -19.6539], [-43.81099999999999, -19.65610000000003], [-43.81129743589744, -19.65372051282052], [-43.8114, -19.6539]], [[-43.8095978021978, -19.650746153846153], [-43.811248648648636, -19.65363513513512], [-43.8094, -19.6513], [-43.8095978021978, -19.650746153846153]], [[-43.8114, -19.638], [-43.808931786941585, -19.639423969072165], [-43.8089, -19.6393], [-43.8114, -19.638]], [[-43.81514640657084, -19.64138090349076], [-43.815, -19.6414], [-43.8114, -19.638], [-43.81514640657084, -19.64138090349076]], [[-43.8173, -19.6411], [-43.81656399999999, -19.641196], [-43.817211205073995, -19.640889429175473], [-43.8173, -19.6411]], [[-43.8165, -19.6217], [-43.816358666666666, -19.62228103703703], [-43.81602359550562, -19.62086629213484], [-43.8165, -19.6217]], [[-43.8145, -19.6182], [-43.81476461538462, -19.618663076923077], [-43.81423522167488, -19.618189408866996], [-43.8145, -19.6182]], [[-43.812, -19.6181], [-43.812471428571435, -19.618118857142857], [-43.81175366795366, -19.618291119691122], [-43.812, -19.6181]], [[-43.8062, -19.6226], [-43.80682514970067, -19.62211497005982], [-43.806201101591185, -19.62263304773562], [-43.8062, -19.6226]], [[-43.80345023201856, -19.625264733178653], [-43.8063, -19.6256], [-43.8038, -19.6257], [-43.80345023201856, -19.625264733178653]], [[-43.79927603923401, -19.619910976179362], [-43.80001648044691, -19.620991620111703], [-43.7993, -19.6201], [-43.79927603923401, -19.619910976179362]], [[-43.7768, -19.6163], [-43.776698412698416, -19.61669365079365], [-43.7753, -19.6111], [-43.77554814814815, -19.6111], [-43.7768, -19.6163]], [[-43.77546662420382, -19.61947044585987], [-43.77641854304636, -19.61777814569536], [-43.776, -19.6194], [-43.77546662420382, -19.61947044585987]], [[-43.77053501094092, -19.61966214442013], [-43.7722068627451, -19.619900980392156], [-43.7707, -19.6201], [-43.77053501094092, -19.61966214442013]], [[-43.76826783216783, -19.613004195804194], [-43.76894552845528, -19.61544390243903], [-43.7681, -19.6132], [-43.76826783216783, -19.613004195804194]], [[-43.7686, -19.6063], [-43.768877777777774, -19.606677777777776], [-43.7667, -19.6059], [-43.7686, -19.6063]], [[-43.7594, -19.6123], [-43.7595276154172, -19.612258386277002], [-43.75846428571428, -19.61508587662339], [-43.7594, -19.6123]], [[-43.755, -19.6254], [-43.7553, -19.62450681818183], [-43.7553, -19.628174999999967], [-43.755, -19.6254]], [[-43.7554, -19.6291], [-43.75538942731278, -19.62900220264318], [-43.75599999999997, -19.62969999999997], [-43.7554, -19.6291]], [[-43.7569, -19.6361], [-43.757851898734174, -19.631816455696203], [-43.7581, -19.6321], [-43.7569, -19.6361]], [[-43.758418569903945, -19.661948772678763], [-43.755, -19.6556], [-43.7586, -19.6618], [-43.758418569903945, -19.661948772678763]], [[-43.783026666666665, -19.714874285714288], [-43.7775, -19.7054], [-43.7832, -19.7148], [-43.783026666666665, -19.714874285714288]], [[-43.776, -19.715], [-43.7797, -19.7163], [-43.77585746606335, -19.71533936651584], [-43.776, -19.715]], [[-43.77311669626999, -19.72186500888098], [-43.77568382899628, -19.715752788104098], [-43.7756, -19.7181], [-43.77311669626999, -19.72186500888098]], [[-43.5825, -19.4938], [-43.58255156950673, -19.49461479820628], [-43.5718, -19.4889], [-43.5825, -19.4938]], [[-43.568132414910856, -19.483784683954617], [-43.5685, -19.4838], [-43.5718, -19.4889], [-43.568132414910856, -19.483784683954617]], [[-43.5661, -19.4837], [-43.56773826086956, -19.483768260869564], [-43.5596, -19.489], [-43.5661, -19.4837]], [[-43.945332989690726, -19.431994845360823], [-43.945, -19.4321], [-43.9428, -19.4304], [-43.945332989690726, -19.431994845360823]], [[-43.9412, -19.4328], [-43.9364, -19.4335], [-43.93631495680346, -19.433445194384447], [-43.9412, -19.4328]], [[-43.8373, -19.3881], [-43.8248, -19.3884], [-43.82265875409836, -19.387661639344262], [-43.8373, -19.3881]], [[-43.81953297297297, -19.38658378378378], [-43.819, -19.3864], [-43.81900526927548, -19.386081208833787], [-43.81953297297297, -19.38658378378378]], [[-43.77742142857143, -19.28446142857143], [-43.7766, -19.2841], [-43.7747, -19.2792], [-43.77742142857143, -19.28446142857143]], [[-43.7707, -19.2738], [-43.7686, -19.2714], [-43.7675, -19.2666], [-43.7707, -19.2738]], [[-43.7659, -19.2543], [-43.765719144602855, -19.25059246435845], [-43.7659, -19.2506], [-43.7659, -19.2543]], [[-43.765089610389616, -19.250566233766232], [-43.7617, -19.2526], [-43.7635, -19.2505], [-43.765089610389616, -19.250566233766232]], [[-43.7544, -19.2434], [-43.75289801324503, -19.237767549668874], [-43.753, -19.2378], [-43.7544, -19.2434]]]}}]}