{"type": "FeatureCollection", "features": [{"type": "Feature", "properties": {"metro_id": "BRM01", "metro_name": "Maceió RM", "n_members": 11, "n_missing": 0, "n_states": 1, "states": "Alagoas"}, "geometry": {"type": "MultiPolygon", "coordinates": [[[[-35.9232, -9.838], [-35.9383, -9.8448], [-35.9501, -9.8452], [-35.9543, -9.8432], [-35.9624, -9.8336], [-35.9687, -9.8296], [-35.9775, -9.8259], [-35.9839, -9.8259], [-35.991, -9.8184], [-35.9978, -9.8195], [-35.9998, -9.8182], [-36.0002, -9.8154], [-36.0057, -9.8111], [-36.0102, -9.8117], [-36.0164, -9.8078], [-36.0194, -9.8083], [-36.0228, -9.8115], [-36.0269, -9.8112], [-36.026, -9.8097], [-36.0282, -9.809], [-36.0046, -9.7671], [-35.9893, -9.7386], [-35.9875, -9.7034], [-35.9914, -9.7022], [-36.0035, -9.7061], [-36.0242, -9.701], [-36.0337, -9.7014], [-36.039, -9.6925], [-36.0419, -9.6931], [-36.0487, -9.6909], [-36.0555, -9.6922], [-36.0591, -9.6888], [-36.0627, -9.6888], [-36.0635, -9.6854], [-36.0701, -9.6795], [-36.07, -9.6763], [-36.0775, -9.6717], [-36.0789, -9.6676], [-36.0889, -9.6593], [-36.0897, -9.6559], [-36.0944, -9.6559], [-36.0961, -9.6523], [-36.0991, -9.6519], [-36.0988, -9.6473], [-36.1022, -9.6448], [-36.1044, -9.6388], [-36.1076, -9.6435], [-36.1153, -9.6494], [-36.1284, -9.6488], [-36.1322, -9.6511], [-36.1344, -9.6455], [-36.1409, -9.6454], [-36.1415, -9.6389], [-36.1447, -9.6376], [-36.1457, -9.6341], [-36.1488, -9.6329], [-36.1513, -9.6285], [-36.1546, -9.6273], [-36.1558, -9.6249], [-36.1769, -9.6213], [-36.1809, -9.6122], [-36.1747, -9.6115], [-36.1707, -9.6149], [-36.1574, -9.6187], [-36.1551, -9.6148], [-36.1498, -9.612], [-36.1384, -9.6131], [-36.1309, -9.6051], [-36.1283, -9.5993], [-36.1215, -9.5965], [-36.1021, -9.5974], [-36.0929, -9.6011], [-36.0858, -9.6004], [-36.077, -9.5969], [-36.0724, -9.5987], [-36.041, -9.5839], [-36.0171, -9.5763], [-36.0144, -9.5801], [-36.0123, -9.5798], [-36.0088, -9.5843], [-36.0057, -9.5857], [-36.0004, -9.5774], [-36.0007, -9.5745], [-35.9597, -9.528], [-35.9404, -9.498], [-35.9395, -9.4924], [-35.9372, -9.4925], [-35.933, -9.4809], [-35.9337, -9.4628], [-35.9309, -9.4617], [-35.9289, -9.3756], [-35.8774, -9.4167], [-35.8301, -9.3227], [-35.8312, -9.3131], [-35.8346, -9.3127], [-35.8385, -9.3093], [-35.8364, -9.2645], [-35.8045, -9.2665], [-35.769, -9.309], [-35.7695, -9.3876], [-35.7967, -9.5315], [-35.7696, -9.3896], [-35.6905, -9.371], [-35.5807, -9.3593], [-35.5661, -9.3565], [-35.5614, -9.3582], [-35.536, -9.3469], [-35.531, -9.3475], [-35.524, -9.3546], [-35.5178, -9.355], [-35.5177, -9.3535], [-35.516, -9.3538], [-35.5172, -9.352], [-35.5134, -9.3484], [-35.5132, -9.3461], [-35.5202, -9.3237], [-35.5144, -9.3143], [-35.4725, -9.358], [-35.4847, -9.3714], [-35.494, -9.3878], [-35.4964, -9.3964], [-35.4958, -9.4059], [-35.4986, -9.416], [-35.5044, -9.4188], [-35.5013, -9.4213], [-35.5003, -9.4201], [-35.5, -9.4217], [-35.5106, -9.4333], [-35.5132, -9.4399], [-35.5203, -9.4404], [-35.5246, -9.4426], [-35.5291, -9.4482], [-35.529, -9.4544], [-35.5304, -9.4568], [-35.5315, -9.4578], [-35.5345, -9.4567], [-35.5479, -9.4706], [-35.5542, -9.4748], [-35.5564, -9.4849], [-35.5585, -9.4875], [-35.5793, -9.5029], [-35.5824, -9.5078], [-35.5869, -9.5112], [-35.5902, -9.5176], [-35.5913, -9.5289], [-35.5928, -9.5308], [-35.5988, -9.5295], [-35.6056, -9.5318], [-35.6138, -9.5394], [-35.6176, -9.548], [-35.6331, -9.5541], [-35.6407, -9.5596], [-35.6462, -9.5668], [-35.6509, -9.5686], [-35.6576, -9.5813], [-35.6658, -9.5915], [-35.6769, -9.6004], [-35.6801, -9.6069], [-35.6909, -9.6199], [-35.697, -9.6347], [-35.6996, -9.6484], [-35.6976, -9.6592], [-35.6951, -9.6634], [-35.6961, -9.6662], [-35.7024, -9.6641], [-35.7094, -9.6658], [-35.7237, -9.6847], [-35.7297, -9.6826], [-35.7286, -9.6815], [-35.7245, -9.6832], [-35.7232, -9.6807], [-35.7251, -9.6797], [-35.723, -9.6756], [-35.7273, -9.6727], [-35.7373, -9.6713], [-35.7487, -9.6748], [-35.7604, -9.6826], [-35.7643, -9.6879], [-35.7717, -9.6929], [-35.7898, -9.7112], [-35.7956, -9.7173], [-35.7973, -9.7159], [-35.8059, -9.7159], [-35.8066, -9.7192], [-35.8039, -9.7202], [-35.8044, -9.7224], [-35.8161, -9.7345], [-35.8192, -9.733], [-35.8182, -9.7403], [-35.8223, -9.7478], [-35.831, -9.7572], [-35.8381, -9.7691], [-35.8441, -9.7738], [-35.8553, -9.7883], [-35.8871, -9.8371], [-35.8917, -9.8414], [-35.9025, -9.8467], [-35.9048, -9.8514], [-35.9047, -9.8559], [-35.9091, -9.8478], [-35.9179, -9.8387], [-35.9232, -9.838]], [[-35.81631175757576, -9.580580727272727], [-35.8089, -9.582], [-35.8144, -9.58], [-35.81430958043715, -9.57975224018089], [-35.81631175757576, -9.580580727272727]], [[-35.8095, -9.5852], [-35.80939142857142, -9.585243428571431], [-35.8089, -9.582], [-35.8095, -9.5852]], [[-35.7935, -9.6001], [-35.7914, -9.6022], [-35.7956, -9.5964], [-35.796039717647055, -9.59615905882353], [-35.7935, -9.6001]], [[-35.8768, -9.6097], [-35.8681, -9.6254], [-35.8677, -9.6409], [-35.8676, -9.6263], [-35.8768, -9.6097]], [[-35.8181, -9.6559], [-35.81761208791209, -9.655412087912088], [-35.8257, -9.6571], [-35.8181, -9.6559]], [[-35.81403150684932, -9.654880821917807], [-35.8142, -9.6547], [-35.814517972350224, -9.654766359447004], [-35.81403150684932, -9.654880821917807]], [[-35.81010318809777, -9.65919564293305], [-35.8101, -9.6591], [-35.81044072022161, -9.658734349030473], [-35.81010318809777, -9.65919564293305]], [[-35.791, -9.681514285714314], [-35.791, -9.680210526315777], [-35.7912, -9.6806], [-35.791, -9.681514285714314]], [[-35.7905, -9.6838], [-35.785284256, -9.689956288000001], [-35.7857, -9.6888], [-35.79065334909378, -9.683098975571308], [-35.7905, -9.6838]], [[-35.992520902394105, -9.780784990791899], [-35.9912, -9.7818], [-35.99050173410404, -9.781712716763007], [-35.992520902394105, -9.780784990791899]], [[-35.97503433526012, -9.784436531791908], [-35.97393228070176, -9.784410292397661], [-35.9744, -9.7842], [-35.97503433526012, -9.784436531791908]], [[-35.8187, -9.5786], [-35.8183, -9.5802], [-35.81681578947369, -9.580484210526315], [-35.8187, -9.5786]], [[-35.76934929775281, -9.637681741573038], [-35.7693, -9.6364], [-35.7716, -9.6321], [-35.76934929775281, -9.637681741573038]], [[-35.7803, -9.6557], [-35.7694, -9.639], [-35.76939043097151, -9.638751205259306], [-35.7803, -9.6557]], [[-35.6549, -9.4027], [-35.6507, -9.4048], [-35.64989978225368, -9.40455193249864], [-35.6549, -9.4027]]], [[[-35.758, -9.6927], [-35.7581, -9.6932], [-35.7584, -9.6936], [-35.7604, -9.695], [-35.758, -9.6927]]]]}}, {"type": "Feature", "properties": {"metro_id": "BRM02", "metro_name": "Manaus RM", "n_members": 8, "n_missing": 0, "n_states": 1, "states": "Amazonas"}, "geometry": {"type": "Polygon", "coordinates": [[[-59.2493, -3.3721], [-59.2613, -3.3791], [-59.268, -3.3797], [-59.2734, -3.3827], [-59.2773, -3.3875], [-59.2846, -3.3894], [-59.2879, -3.3865], [-59.2906, -3.3867], [-59.2944, -3.3912], [-59.3064, -3.3949], [-59.3122, -3.4042], [-59.319, -3.4078], [-59.3232, -3.4049], [-59.3261, -3.4067], [-59.3262, -3.4104], [-59.3286, -3.4105], [-59.3306, -3.4132], [-59.3292, -3.415], [-59.3322, -3.4165], [-59.3389, -3.4147], [-59.34, -3.4169], [-59.3393, -3.4273], [-59.3425, -3.4302], [-59.346, -3.4407], [-59.3535, -3.4449], [-59.3591, -3.4458], [-59.3607, -3.4512], [-59.3749, -3.4525], [-59.379, -3.4559], [-59.3806, -3.4608], [-59.3906, -3.4622], [-59.3918, -3.4677], [-59.3973, -3.4737], [-59.3945, -3.4787], [-59.3992, -3.4773], [-59.4015, -3.4797], [-59.3953, -3.4932], [-59.3962, -3.4963], [-59.4014, -3.4973], [-59.4077, -3.4947], [-59.4105, -3.4967], [-59.4132, -3.5045], [-59.4265, -3.499], [-59.4341, -3.5], [-59.4472, -3.4961], [-59.4512, -3.4925], [-59.4648, -3.4947], [-59.4705, -3.4992], [-59.4737, -3.4983], [-59.4733, -3.5003], [-59.479, -3.4975], [-59.4839, -3.5015], [-59.4863, -3.5014], [-59.4864, -3.4981], [-59.4886, -3.4966], [-59.4908, -3.4975], [-59.4949, -3.4961], [-59.4975, -3.4966], [-59.4976, -3.4981], [-59.5002, -3.4965], [-59.5057, -3.501], [-59.5049, -3.4976], [-59.5071, -3.4886], [-59.5101, -3.493], [-59.5121, -3.4904], [-59.5141, -3.4923], [-59.5207, -3.4935], [-59.517, -3.4971], [-59.5174, -3.5], [-59.5201, -3.5007], [-59.5241, -3.4987], [-59.5228, -3.5052], [-59.5288, -3.5066], [-59.533, -3.5103], [-59.5371, -3.5111], [-59.5387, -3.514], [-59.5413, -3.5143], [-59.5414, -3.5189], [-59.539, -3.5226], [-59.537, -3.5208], [-59.5335, -3.5231], [-59.5346, -3.5277], [-59.5378, -3.5291], [-59.5371, -3.5311], [-59.5406, -3.529], [-59.5394, -3.5337], [-59.5439, -3.5347], [-59.5441, -3.538], [-59.5459, -3.5397], [-59.5473, -3.5381], [-59.5508, -3.5423], [-59.5526, -3.5409], [-59.5535, -3.5423], [-59.5587, -3.5421], [-59.5653, -3.5444], [-59.5728, -3.5437], [-59.5747, -3.5449], [-59.5756, -3.5435], [-59.5788, -3.5467], [-59.5795, -3.5454], [-59.5843, -3.5455], [-59.587, -3.5493], [-59.588, -3.5446], [-59.5951, -3.535], [-59.6003, -3.5314], [-59.6048, -3.5321], [-59.606, -3.5267], [-59.6077, -3.5265], [-59.6052, -3.5215], [-59.6061, -3.5183], [-59.6085, -3.5205], [-59.6111, -3.515], [-59.614, -3.516], [-59.6143, -3.5115], [-59.619, -3.5153], [-59.6191, -3.5094], [-59.623, -3.5087], [-59.6243, -3.5051], [-59.6266, -3.5042], [-59.6251, -3.5022], [-59.6261, -3.5004], [-59.6354, -3.5031], [-59.6363, -3.4993], [-59.6535, -3.4964], [-59.6553, -3.4929], [-59.6592, -3.4923], [-59.6681, -3.4861], [-59.6685, -3.4827], [-59.6762, -3.4698], [-59.6847, -3.4684], [-59.6873, -3.4719], [-59.6919, -3.4705], [-59.6989, -3.4712], [-59.7042, -3.4685], [-59.7093, -3.4608], [-59.7136, -3.4596], [-59.7383, -3.4718], [-59.746, -3.4713], [-59.7545, -3.4674], [-59.7636, -3.4693], [-59.775, -3.4636], [-59.7663, -3.4592], [-59.7582, -3.4572], [-59.748, -3.4578], [-59.7402, -3.4506], [-59.7319, -3.4471], [-59.7213, -3.4333], [-59.707, -3.4412], [-59.6973, -3.4415], [-59.6916, -3.4353], [-59.6931, -3.4278], [-59.6842, -3.4099], [-59.6796, -3.3916], [-59.6567, -3.3727], [-59.6598, -3.3653], [-59.6669, -3.3608], [-59.6717, -3.3531], [-59.6813, -3.3519], [-59.6893, -3.3528], [-59.6928, -3.3434], [-59.707, -3.3457], [-59.7119, -3.3536], [-59.7196, -3.356], [-59.7514, -3.3361], [-59.7728, -3.3458], [-59.7874, -3.3434], [-59.7984, -3.3442], [-59.8214, -3.3487], [-59.8281, -3.3527], [-59.842, -3.3543], [-59.8614, -3.3534], [-59.8708, -3.3499], [-59.8763, -3.344], [-59.8784, -3.344], [-59.8786, -3.2983], [-59.8771, -3.2954], [-59.8641, -3.2843], [-59.8682, -3.2872], [-59.874, -3.2861], [-59.8832, -3.2878], [-59.8883, -3.2791], [-59.8942, -3.273], [-59.9001, -3.2781], [-59.9025, -3.2957], [-59.9095, -3.2941], [-59.9172, -3.2994], [-59.9225, -3.2964], [-59.9272, -3.3011], [-59.9325, -3.3003], [-59.9363, -3.2963], [-59.9523, -3.3051], [-60.0277, -3.3798], [-60.0521, -3.3614], [-60.1859, -3.3614], [-60.1854, -3.3586], [-60.1826, -3.3587], [-60.18234829721362, -3.354001547987615], [-60.1825, -3.3545], [-60.1868, -3.3506], [-60.1915, -3.3509], [-60.2099, -3.3594], [-60.2197, -3.3616], [-60.2319, -3.36], [-60.2501, -3.3538], [-60.2764, -3.3332], [-60.2938, -3.3228], [-60.3156, -3.3125], [-60.3432, -3.3057], [-60.3547, -3.3056], [-60.397, -3.3063], [-60.497, -3.3659], [-60.6399, -3.4482], [-60.632, -3.4639], [-60.6287, -3.4808], [-60.6284, -3.4887], [-60.6369, -3.5089], [-60.6333, -3.5243], [-60.6274, -3.5395], [-60.6283, -3.5471], [-60.6372, -3.56], [-60.6416, -3.5753], [-60.6475, -3.5816], [-60.6641, -3.6091], [-60.6668, -3.6166], [-60.6626, -3.6322], [-60.6717, -3.6451], [-60.6828, -3.6677], [-60.6938, -3.7063], [-60.7079, -3.7155], [-60.7334, -3.7216], [-60.7511, -3.7241], [-60.776, -3.7251], [-60.7926, -3.7298], [-60.8066, -3.7366], [-60.8423, -3.7377], [-60.8755, -3.7436], [-60.8823, -3.7477], [-60.8968, -3.7671], [-60.9191, -3.7751], [-60.9263, -3.771], [-60.9307, -3.7647], [-60.9384, -3.7616], [-60.9563, -3.763], [-60.9645, -3.766], [-60.9728, -3.7667], [-60.986, -3.7754], [-61.0005, -3.7821], [-61.0155, -3.7826], [-61.0258, -3.7953], [-61.0382, -3.8157], [-61.0447, -3.8215], [-61.0621, -3.7949], [-61.0785, -3.7949], [-61.0867, -3.7927], [-61.0946, -3.7955], [-61.109, -3.7968], [-61.112, -3.7951], [-61.1139, -3.7966], [-61.1186, -3.7935], [-61.1205, -3.7931], [-61.1209, -3.7949], [-61.1227, -3.7922], [-61.1227, -3.7939], [-61.1255, -3.7941], [-61.126, -3.7918], [-61.1279, -3.7923], [-61.1286, -3.7874], [-61.1338, -3.7871], [-61.1383, -3.7904], [-61.1459, -3.7901], [-61.1502, -3.7852], [-61.1532, -3.7842], [-61.1521, -3.7812], [-61.1449, -3.7784], [-61.1478, -3.7749], [-61.1471, -3.7695], [-61.1412, -3.7684], [-61.1386, -3.7656], [-61.1397, -3.7631], [-61.1424, -3.7623], [-61.1416, -3.7579], [-61.144, -3.7542], [-61.148, -3.7521], [-61.1594, -3.7531], [-61.1608, -3.7507], [-61.1581, -3.7428], [-61.1495, -3.7354], [-61.1466, -3.7286], [-61.1469, -3.7008], [-61.3323, -3.6962], [-61.4105, -3.6221], [-61.3866, -3.6041], [-61.3767, -3.5994], [-61.3664, -3.5992], [-61.327, -3.6044], [-61.2988, -3.6], [-61.2884, -3.6003], [-61.2889, -3.586], [-61.2939, -3.567], [-61.29, -3.5617], [-61.2897, -3.5494], [-61.291, -3.5416], [-61.2944, -3.542], [-61.2963, -3.5373], [-61.3027, -3.54], [-61.3034, -3.5344], [-61.2971, -3.5122], [-61.3024, -3.5004], [-61.2115, -3.4949], [-61.2098, -3.4854], [-61.2032, -3.4773], [-61.2034, -3.4743], [-61.2019, -3.4731], [-61.2043, -3.4646], [-61.1981, -3.4488], [-61.1973, -3.4406], [-61.1895, -3.4374], [-61.1841, -3.4282], [-61.1738, -3.4252], [-61.1587, -3.4129], [-61.1495, -3.4087], [-61.1419, -3.4086], [-61.1298, -3.4111], [-61.1191, -3.4165], [-61.1033, -3.4331], [-61.1012, -3.4396], [-61.1019, -3.4486], [-61.1007, -3.4512], [-61.0897, -3.4523], [-61.0821, -3.4495], [-61.0755, -3.4443], [-61.0721, -3.4351], [-61.0718, -3.4198], [-61.0754, -3.4056], [-61.0759, -3.3968], [-61.0719, -3.3928], [-61.0671, -3.3907], [-61.0706, -3.3895], [-61.0735, -3.3912], [-61.0749, -3.3905], [-61.0735, -3.3853], [-61.0802, -3.3782], [-61.0804, -3.3724], [-61.0824, -3.37], [-61.0845, -3.3715], [-61.0869, -3.3705], [-61.0862, -3.3678], [-61.0868, -3.3625], [-61.0888, -3.361], [-61.0882, -3.3571], [-61.0971, -3.3546], [-61.1048, -3.3499], [-61.1129, -3.3403], [-61.1144, -3.332], [-61.1125, -3.3258], [-61.1144, -3.3167], [-61.1112, -3.3137], [-61.1081, -3.3016], [-61.1013, -3.2967], [-61.098, -3.2906], [-61.0985, -3.2861], [-61.1028, -3.2805], [-61.0997, -3.2675], [-61.1133, -3.2589], [-61.119, -3.2529], [-61.1265, -3.2516], [-61.1339, -3.2545], [-61.1506, -3.2536], [-61.1737, -3.247], [-61.1811, -3.2428], [-61.1973, -3.244], [-61.2197, -3.2367], [-61.2273, -3.2364], [-61.2638, -3.2183], [-61.2759, -3.2079], [-61.2828, -3.2046], [-61.2987, -3.2042], [-61.3064, -3.2074], [-61.3139, -3.2043], [-61.319, -3.1975], [-61.3208, -3.1819], [-61.3196, -3.156], [-61.3208, -3.1479], [-61.3304, -3.1332], [-61.3489, -3.1161], [-61.3525, -3.1089], [-61.3544, -3.092], [-61.3511, -3.067], [-61.3562, -3.034], [-61.357, -3.0129], [-61.3592, -3.0049], [-61.3638, -3.0012], [-61.3819, -2.9924], [-61.3841, -2.9713], [-61.3926, -2.954], [-61.402, -2.913], [-61.4057, -2.9025], [-61.4057, -2.8979], [-61.4092, -2.8957], [-61.4065, -2.8926], [-61.4088, -2.8889], [-61.4076, -2.8824], [-61.4123, -2.881], [-61.4145, -2.8768], [-61.4144, -2.873], [-61.4177, -2.8737], [-61.4169, -2.8711], [-61.414, -2.8693], [-61.4301, -2.8674], [-61.4334, -2.8654], [-61.4355, -2.8607], [-61.4369, -2.8458], [-61.4427, -2.8389], [-61.4648, -2.8228], [-61.4804, -2.8172], [-61.4833, -2.8128], [-61.4812, -2.7978], [-61.4835, -2.7866], [-61.4967, -2.79], [-61.5045, -2.798], [-61.5072, -2.8076], [-61.513, -2.8151], [-61.5209, -2.8207], [-61.5299, -2.8248], [-61.5395, -2.8265], [-61.5733, -2.8245], [-61.5843, -2.8275], [-61.5953, -2.8334], [-61.6081, -2.8344], [-61.6406, -2.8282], [-61.6488, -2.8301], [-61.6553, -2.8377], [-61.656, -2.8557], [-61.6622, -2.8611], [-61.6724, -2.8598], [-61.6832, -2.8567], [-61.6887, -2.8509], [-61.6975, -2.8503], [-61.7169, -2.8437], [-61.7252, -2.8381], [-61.7302, -2.8312], [-61.733, -2.8227], [-61.7325, -2.8102], [-61.7283, -2.8004], [-61.7055, -2.7716], [-61.7009, -2.7605], [-61.6993, -2.7517], [-61.7019, -2.744], [-61.7086, -2.7343], [-61.7354, -2.7092], [-61.7463, -2.6928], [-61.7559, -2.6498], [-61.7601, -2.6403], [-61.7675, -2.6339], [-61.7727, -2.6256], [-61.7798, -2.6199], [-61.8103, -2.6101], [-61.825, -2.6115], [-61.8368, -2.6173], [-61.8611, -2.6238], [-61.8764, -2.6236], [-61.9133, -2.6099], [-61.9242, -2.6095], [-61.9379, -2.6168], [-61.9639, -2.636], [-61.9773, -2.6396], [-62.0066, -2.64], [-62.0201, -2.642], [-62.0388, -2.6483], [-62.0482, -2.6536], [-62.0609, -2.6627], [-62.069, -2.6751], [-62.0771, -2.695], [-62.0829, -2.7038], [-62.093, -2.712], [-62.1084, -2.7195], [-62.1216, -2.7234], [-62.1585, -2.7293], [-62.1847, -2.7447], [-62.2101, -2.7524], [-62.2443, -2.7654], [-62.2768, -2.7704], [-62.2899, -2.7693], [-62.3016, -2.7656], [-62.315, -2.7667], [-62.3356, -2.7747], [-62.3451, -2.7723], [-62.3543, -2.774], [-62.3649, -2.7819], [-62.3858, -2.8066], [-62.397, -2.811], [-62.4137, -2.8125], [-62.4276, -2.8168], [-62.4495, -2.83], [-62.4588, -2.8391], [-62.474, -2.8588], [-62.4845, -2.8821], [-62.4885, -2.9016], [-62.4897, -2.9431], [-62.496, -2.9819], [-62.5057, -3.0096], [-62.522, -3.0407], [-62.5314, -3.0649], [-62.5508, -3.0911], [-62.5682, -3.1012], [-62.5831, -3.1068], [-62.6342, -3.0919], [-62.692, -3.0927], [-62.7111, -3.0885], [-62.7279, -3.0788], [-62.7414, -3.0671], [-62.7602, -3.0401], [-62.7721, -3.0261], [-62.78, -3.0202], [-62.788, -3.0214], [-62.796, -3.019], [-62.8112, -3.0096], [-62.8281, -3.003], [-62.878, -3.0025], [-62.8938, -3.0037], [-62.9209, -3.0093], [-62.9288, -3.0081], [-62.9335, -3.0009], [-62.9332, -2.9909], [-62.9273, -2.9726], [-62.9154, -2.9458], [-62.9105, -2.9253], [-62.9152, -2.8811], [-62.9179, -2.8708], [-62.9289, -2.8536], [-62.9378, -2.8493], [-62.9592, -2.845], [-63.0097, -2.8408], [-63.0195, -2.8374], [-63.0498, -2.8148], [-63.0575, -2.8141], [-63.0767, -2.8207], [-63.0956, -2.8318], [-63.1054, -2.8341], [-63.115, -2.835], [-63.1349, -2.832], [-63.1455, -2.8326], [-63.1696, -2.8402], [-63.189, -2.8371], [-63.2186, -2.8198], [-63.2408, -2.7963], [-63.25, -2.7794], [-63.2592, -2.7516], [-63.2836, -2.7108], [-63.2923, -2.704], [-63.3049, -2.7002], [-63.3463, -2.7041], [-63.3741, -2.7019], [-63.4087, -2.7075], [-63.4489, -2.7032], [-63.4631, -2.7034], [-63.4747, -2.7079], [-63.4814, -2.7133], [-63.4972, -2.7332], [-63.5107, -2.7445], [-63.5251, -2.7538], [-63.564, -2.7629], [-63.5845, -2.7804], [-63.5988, -2.7821], [-63.6092, -2.7866], [-63.6297, -2.8068], [-63.6625, -2.8179], [-63.6728, -2.825], [-63.6916, -2.8346], [-63.7035, -2.8368], [-63.712, -2.8352], [-63.7247, -2.8244], [-63.7283, -2.8158], [-63.7289, -2.803], [-63.7183, -2.7823], [-63.7145, -2.7713], [-63.7145, -2.7624], [-63.7164, -2.7516], [-63.7269, -2.7177], [-63.7295, -2.6936], [-63.738, -2.6711], [-63.7502, -2.6497], [-63.7673, -2.5932], [-63.7885, -2.5572], [-63.7968, -2.5512], [-63.8084, -2.5473], [-63.8184, -2.5478], [-63.8363, -2.561], [-63.8462, -2.5632], [-63.8756, -2.5657], [-63.8869, -2.5653], [-63.8976, -2.5617], [-63.9115, -2.5622], [-63.9459, -2.5742], [-63.9547, -2.5755], [-63.9646, -2.5754], [-63.9757, -2.5713], [-63.9843, -2.5654], [-63.9885, -2.5553], [-63.9882, -2.5279], [-63.9812, -2.5054], [-63.9571, -2.4666], [-63.9552, -2.459], [-63.9575, -2.4448], [-63.9064, -2.4396], [-63.8756, -2.4452], [-63.8669, -2.4454], [-63.8591, -2.4426], [-63.8417, -2.4327], [-63.8319, -2.4301], [-63.8228, -2.4307], [-63.8026, -2.4397], [-63.7932, -2.4397], [-63.7825, -2.4374], [-63.7505, -2.4386], [-63.735, -2.433], [-63.7258, -2.4231], [-63.7128, -2.3894], [-63.7065, -2.3819], [-63.6947, -2.3785], [-63.6576, -2.3921], [-63.6466, -2.3938], [-63.6337, -2.3904], [-63.6009, -2.3594], [-63.5935, -2.3565], [-63.5842, -2.3563], [-63.5651, -2.3628], [-63.537, -2.3873], [-63.5284, -2.3913], [-63.5193, -2.3917], [-63.4861, -2.3818], [-63.4763, -2.382], [-63.4657, -2.3877], [-63.4584, -2.3952], [-63.4484, -2.4134], [-63.4415, -2.4479], [-63.4364, -2.4558], [-63.424, -2.4701], [-63.3896, -2.4885], [-63.379, -2.4906], [-63.3692, -2.4899], [-63.3554, -2.4778], [-63.3383, -2.4679], [-63.3324, -2.4628], [-63.3182, -2.4415], [-63.3114, -2.4353], [-63.3051, -2.431], [-63.2968, -2.4289], [-63.2879, -2.4297], [-63.2792, -2.4362], [-63.2567, -2.4676], [-63.2462, -2.4766], [-63.2342, -2.4831], [-63.1983, -2.4849], [-63.1768, -2.4928], [-63.1641, -2.494], [-63.1498, -2.493], [-63.1418, -2.4908], [-63.1258, -2.4827], [-63.1051, -2.4828], [-63.085, -2.4774], [-63.0751, -2.4771], [-63.0495, -2.4826], [-63.0406, -2.4831], [-63.0364, -2.476], [-63.0383, -2.4683], [-63.0326, -2.4513], [-63.0237, -2.4512], [-63.0144, -2.4551], [-62.9981, -2.4415], [-62.9834, -2.4347], [-62.9505, -2.4249], [-62.9244, -2.4207], [-62.9204, -2.4161], [-62.9149, -2.414], [-62.9142, -2.4151], [-62.9122, -2.413], [-62.9089, -2.4155], [-62.9027, -2.4135], [-62.899, -2.4094], [-62.8938, -2.4079], [-62.8916, -2.4009], [-62.89, -2.4027], [-62.886, -2.3998], [-62.8833, -2.3842], [-62.8744, -2.3777], [-62.8755, -2.3759], [-62.8742, -2.3706], [-62.8698, -2.3672], [-62.8707, -2.3635], [-62.8685, -2.3624], [-62.8602, -2.3494], [-62.8623, -2.3454], [-62.8542, -2.3364], [-62.8501, -2.3353], [-62.8462, -2.3364], [-62.8443, -2.3334], [-62.841, -2.3332], [-62.8391, -2.3288], [-62.833, -2.3259], [-62.8326, -2.3239], [-62.8311, -2.3248], [-62.8306, -2.3233], [-62.8267, -2.3255], [-62.8246, -2.3229], [-62.8199, -2.3238], [-62.8176, -2.3216], [-62.8172, -2.3236], [-62.8132, -2.3205], [-62.811, -2.3219], [-62.808, -2.3202], [-62.8035, -2.3223], [-62.7994, -2.3193], [-62.7935, -2.3222], [-62.7932, -2.3187], [-62.7906, -2.3191], [-62.7901, -2.3159], [-62.7882, -2.3161], [-62.7863, -2.3139], [-62.7875, -2.3107], [-62.7861, -2.309], [-62.7785, -2.3086], [-62.7747, -2.3044], [-62.7739, -2.3064], [-62.7722, -2.3046], [-62.772, -2.3065], [-62.7702, -2.3039], [-62.7653, -2.3031], [-62.7658, -2.2993], [-62.7618, -2.2989], [-62.7602, -2.2958], [-62.7586, -2.296], [-62.7583, -2.2916], [-62.7543, -2.2922], [-62.7526, -2.2907], [-62.7521, -2.2921], [-62.7493, -2.2909], [-62.7498, -2.2896], [-62.7476, -2.288], [-62.741, -2.2911], [-62.7401, -2.293], [-62.7359, -2.291], [-62.7369, -2.2901], [-62.7353, -2.2898], [-62.7353, -2.2877], [-62.7296, -2.2851], [-62.7275, -2.2821], [-62.7223, -2.2804], [-62.7225, -2.2782], [-62.7197, -2.2788], [-62.7189, -2.2773], [-62.7181, -2.2786], [-62.7179, -2.2764], [-62.7135, -2.2783], [-62.714, -2.2797], [-62.7116, -2.2827], [-62.7104, -2.2821], [-62.7101, -2.2841], [-62.7066, -2.282], [-62.7067, -2.284], [-62.7042, -2.284], [-62.7023, -2.2812], [-62.7, -2.282], [-62.6966, -2.2798], [-62.6929, -2.2811], [-62.694, -2.2816], [-62.6924, -2.2827], [-62.6897, -2.281], [-62.6886, -2.2838], [-62.6847, -2.2853], [-62.6789, -2.2806], [-62.6723, -2.2827], [-62.6713, -2.2805], [-62.6659, -2.28], [-62.6618, -2.2831], [-62.6561, -2.2836], [-62.6526, -2.2878], [-62.6536, -2.2894], [-62.6511, -2.2902], [-62.6512, -2.288], [-62.6498, -2.2871], [-62.6496, -2.2886], [-62.6483, -2.2882], [-62.6458, -2.285], [-62.6422, -2.2883], [-62.637, -2.2868], [-62.6304, -2.2832], [-62.6316, -2.2825], [-62.6306, -2.2807], [-62.6279, -2.2806], [-62.624, -2.2764], [-62.6217, -2.2772], [-62.6211, -2.2809], [-62.6186, -2.2801], [-62.6087, -2.2829], [-62.6005, -2.2786], [-62.5937, -2.2793], [-62.5906, -2.2827], [-62.5908, -2.281], [-62.5861, -2.281], [-62.5853, -2.2789], [-62.578, -2.2811], [-62.5779, -2.2781], [-62.5764, -2.2775], [-62.5763, -2.2793], [-62.5748, -2.2792], [-62.5752, -2.277], [-62.5734, -2.2756], [-62.575, -2.274], [-62.5722, -2.272], [-62.5713, -2.2764], [-62.5693, -2.2744], [-62.5653, -2.2742], [-62.5596, -2.2771], [-62.5604, -2.2746], [-62.5574, -2.2754], [-62.5569, -2.2722], [-62.5562, -2.2741], [-62.5523, -2.2743], [-62.5525, -2.2719], [-62.5508, -2.2721], [-62.5491, -2.2695], [-62.5456, -2.2724], [-62.5424, -2.2698], [-62.5417, -2.2711], [-62.5405, -2.2685], [-62.5416, -2.2662], [-62.5399, -2.2662], [-62.5389, -2.2628], [-62.5374, -2.2616], [-62.5342, -2.2633], [-62.5301, -2.2607], [-62.5299, -2.2591], [-62.528, -2.2602], [-62.5255, -2.2592], [-62.523, -2.255], [-62.5193, -2.2535], [-62.519, -2.2503], [-62.5209, -2.2489], [-62.516, -2.2454], [-62.5132, -2.2454], [-62.5133, -2.2437], [-62.5095, -2.245], [-62.5086, -2.243], [-62.5066, -2.2447], [-62.5052, -2.2435], [-62.4989, -2.2447], [-62.4977, -2.2425], [-62.4937, -2.2422], [-62.4934, -2.244], [-62.4914, -2.2441], [-62.4898, -2.2378], [-62.4879, -2.239], [-62.4867, -2.2373], [-62.4843, -2.2376], [-62.4832, -2.2347], [-62.4826, -2.2373], [-62.4788, -2.2359], [-62.4799, -2.233], [-62.478, -2.2321], [-62.4788, -2.2297], [-62.4754, -2.2292], [-62.4739, -2.2309], [-62.4723, -2.2292], [-62.4715, -2.2335], [-62.4712, -2.2318], [-62.4683, -2.2317], [-62.4677, -2.2294], [-62.4657, -2.2312], [-62.4639, -2.228], [-62.4614, -2.2271], [-62.4628, -2.2252], [-62.4566, -2.2218], [-62.4554, -2.2196], [-62.4534, -2.2205], [-62.4532, -2.2181], [-62.4511, -2.221], [-62.451, -2.2183], [-62.4491, -2.2201], [-62.4454, -2.2197], [-62.4455, -2.2181], [-62.4405, -2.2141], [-62.4391, -2.2181], [-62.4362, -2.2168], [-62.4378, -2.2187], [-62.4363, -2.2182], [-62.4366, -2.2204], [-62.4343, -2.2182], [-62.4336, -2.2196], [-62.4309, -2.219], [-62.4294, -2.2166], [-62.4266, -2.2158], [-62.4265, -2.2108], [-62.4233, -2.2134], [-62.4223, -2.2114], [-62.4212, -2.2125], [-62.419, -2.2104], [-62.4177, -2.2115], [-62.4152, -2.2098], [-62.4139, -2.211], [-62.4085, -2.208], [-62.4006, -2.2074], [-62.4001, -2.2103], [-62.4026, -2.2116], [-62.3988, -2.2133], [-62.393, -2.2081], [-62.3925, -2.2119], [-62.386, -2.1989], [-62.3785, -2.2039], [-62.3634, -2.196], [-62.3537, -2.1938], [-62.3557, -2.1859], [-62.3516, -2.1785], [-62.3435, -2.1786], [-62.3417, -2.1706], [-62.3353, -2.1659], [-62.3269, -2.1688], [-62.3194, -2.1668], [-62.3229, -2.1586], [-62.316, -2.1532], [-62.3082, -2.1531], [-62.3022, -2.1484], [-62.2921, -2.1603], [-62.2852, -2.157], [-62.2798, -2.1517], [-62.2713, -2.1484], [-62.269, -2.1406], [-62.2611, -2.1438], [-62.2539, -2.1406], [-62.2482, -2.1345], [-62.2379, -2.1329], [-62.2272, -2.1414], [-62.2326, -2.1402], [-62.2329, -2.1418], [-62.2292, -2.1426], [-62.2254, -2.1474], [-62.2235, -2.1471], [-62.2178, -2.1409], [-62.2123, -2.1277], [-62.2142, -2.1227], [-62.21, -2.1201], [-62.2022, -2.1229], [-62.1963, -2.1227], [-62.1907, -2.1279], [-62.1891, -2.1272], [-62.1863, -2.1193], [-62.183, -2.1185], [-62.1791, -2.1241], [-62.1785, -2.1303], [-62.1757, -2.1293], [-62.1742, -2.123], [-62.1706, -2.1244], [-62.1685, -2.1232], [-62.1631, -2.1286], [-62.1637, -2.1322], [-62.1589, -2.1326], [-62.155, -2.1257], [-62.1552, -2.1219], [-62.1496, -2.1219], [-62.1511, -2.1159], [-62.1472, -2.112], [-62.1502, -2.1119], [-62.1506, -2.1099], [-62.1459, -2.1057], [-62.1467, -2.102], [-62.1375, -2.1005], [-62.1435, -2.0973], [-62.1337, -2.096], [-62.1329, -2.0943], [-62.1361, -2.092], [-62.136, -2.0902], [-62.1298, -2.0919], [-62.127, -2.0899], [-62.1234, -2.0912], [-62.1216, -2.084], [-62.1181, -2.0829], [-62.1155, -2.0797], [-62.11, -2.079], [-62.113, -2.0727], [-62.1102, -2.0628], [-62.1097, -2.0548], [-62.1057, -2.0554], [-62.101, -2.0534], [-62.0988, -2.0572], [-62.0885, -2.0588], [-62.082, -2.0645], [-62.0645, -2.0587], [-62.0646, -2.0562], [-62.0713, -2.0578], [-62.0727, -2.049], [-62.0792, -2.0438], [-62.0844, -2.037], [-62.0777, -2.0329], [-62.0815, -2.0259], [-62.0797, -2.0176], [-62.0726, -2.0007], [-62.0659, -1.9934], [-62.0591, -1.9899], [-62.0471, -1.9751], [-62.044, -1.983], [-62.0378, -1.9892], [-62.0289, -1.9928], [-62.0219, -1.9992], [-62.0252, -2.0184], [-62.0225, -2.026], [-62.0135, -2.023], [-62.0099, -2.0306], [-62.0038, -2.0258], [-61.9953, -2.0252], [-61.9858, -2.0068], [-61.9828, -2.0101], [-61.9797, -2.0107], [-61.9749, -2.0034], [-61.9696, -2.0005], [-61.9675, -1.9942], [-61.9621, -1.9885], [-61.9615, -1.9826], [-61.9559, -1.9707], [-61.9494, -1.9676], [-61.9411, -1.9675], [-61.9284, -1.9589], [-61.935, -1.9509], [-61.944, -1.9444], [-61.9383, -1.9364], [-61.9289, -1.9405], [-61.9226, -1.9475], [-61.9144, -1.9367], [-61.9229, -1.9343], [-61.9204, -1.9264], [-61.8841, -1.9112], [-61.8768, -1.9154], [-61.8815, -1.9262], [-61.8825, -1.9348], [-61.8699, -1.9386], [-61.8535, -1.9368], [-61.8472, -1.932], [-61.8452, -1.9223], [-61.8273, -1.9262], [-61.8167, -1.9417], [-61.8067, -1.9455], [-61.8009, -1.9374], [-61.7916, -1.9381], [-61.7787, -1.922], [-61.7636, -1.9198], [-61.7561, -1.9119], [-61.7583, -1.9074], [-61.7581, -1.9039], [-61.7499, -1.9019], [-61.7462, -1.8941], [-61.739, -1.8884], [-61.7338, -1.8865], [-61.7294, -1.8868], [-61.7264, -1.8896], [-61.7257, -1.8974], [-61.7209, -1.8993], [-61.7163, -1.8969], [-61.7143, -1.8938], [-61.7136, -1.8906], [-61.7154, -1.8849], [-61.7139, -1.8822], [-61.705, -1.887], [-61.7023, -1.8943], [-61.6987, -1.8934], [-61.6937, -1.8887], [-61.6831, -1.8922], [-61.6753, -1.885], [-61.6665, -1.8696], [-61.6576, -1.873], [-61.6546, -1.8728], [-61.6474, -1.8557], [-61.6482, -1.8487], [-61.6542, -1.8379], [-61.6386, -1.8255], [-61.6346, -1.8266], [-61.6361, -1.8316], [-61.6339, -1.8349], [-61.6243, -1.8358], [-61.6183, -1.8341], [-61.6154, -1.8269], [-61.6083, -1.8348], [-61.6054, -1.8355], [-61.5997, -1.833], [-61.6028, -1.8384], [-61.5954, -1.8404], [-61.593, -1.8437], [-61.5968, -1.8526], [-61.595, -1.8594], [-61.5988, -1.8656], [-61.5965, -1.8714], [-61.5925, -1.8758], [-61.5888, -1.8767], [-61.5839, -1.8755], [-61.5804, -1.8691], [-61.5716, -1.8651], [-61.558, -1.8648], [-61.5473, -1.8682], [-61.5389, -1.8677], [-61.5341, -1.8697], [-61.5303, -1.8769], [-61.5306, -1.885], [-61.5333, -1.8879], [-61.5372, -1.8891], [-61.5383, -1.8922], [-61.5327, -1.8971], [-61.5275, -1.9163], [-61.5148, -1.9403], [-61.5086, -1.9483], [-61.5024, -1.9634], [-61.4966, -1.9699], [-61.4929, -1.9697], [-61.4896, -1.9674], [-61.4819, -1.9588], [-61.4746, -1.9537], [-61.4546, -1.9498], [-61.4499, -1.9474], [-61.4474, -1.9431], [-61.4478, -1.9315], [-61.4559, -1.9199], [-61.462, -1.9064], [-61.4616, -1.9015], [-61.4558, -1.9003], [-61.4517, -1.9062], [-61.4418, -1.9026], [-61.427, -1.9033], [-61.4176, -1.8998], [-61.4033, -1.8992], [-61.3824, -1.8952], [-61.382, -1.8853], [-61.3863, -1.8632], [-61.3994, -1.8298], [-61.4195, -1.7928], [-61.4247, -1.768], [-61.4243, -1.7567], [-61.4133, -1.7138], [-61.4125, -1.7032], [-61.4172, -1.668], [-61.4136, -1.6472], [-61.4138, -1.6369], [-61.4176, -1.6276], [-61.423, -1.6204], [-61.4303, -1.6166], [-61.4561, -1.6118], [-61.4625, -1.6069], [-61.4686, -1.5975], [-61.4736, -1.587], [-61.4747, -1.579], [-61.4733, -1.5715], [-61.4758, -1.5615], [-61.4755, -1.5531], [-61.4705, -1.5459], [-61.47, -1.5381], [-61.4733, -1.5278], [-61.4813, -1.5178], [-61.493, -1.512], [-61.5098, -1.507], [-61.5165, -1.5024], [-61.5236, -1.4906], [-61.533, -1.4651], [-61.5352, -1.4517], [-61.5394, -1.444], [-61.5383, -1.4334], [-61.548, -1.4295], [-61.5738, -1.4287], [-61.5819, -1.4095], [-61.5944, -1.4056], [-61.603, -1.4073], [-61.6147, -1.4026], [-61.6191, -1.3948], [-61.6138, -1.3842], [-61.6, -1.3676], [-61.5877, -1.3615], [-61.5822, -1.3534], [-61.5855, -1.3387], [-61.5975, -1.3267], [-61.6116, -1.3081], [-61.6288, -1.3015], [-61.6269, -1.294], [-61.6102, -1.2812], [-61.6071, -1.2744], [-61.6083, -1.2524], [-61.6055, -1.2419], [-61.5948, -1.2213], [-61.5871, -1.1944], [-61.5812, -1.188], [-61.5719, -1.185], [-61.5707, -1.1828], [-61.5815, -1.1684], [-61.5812, -1.1566], [-61.5765, -1.1491], [-61.5705, -1.1435], [-61.5661, -1.1291], [-61.5686, -1.1226], [-61.5786, -1.1138], [-61.5795, -1.1107], [-61.5778, -1.1062], [-61.5677, -1.1035], [-61.5661, -1.0997], [-61.5675, -1.095], [-61.5758, -1.0906], [-61.5792, -1.0866], [-61.5779, -1.08], [-61.5728, -1.0758], [-61.5462, -1.0707], [-61.5429, -1.0622], [-61.544, -1.0296], [-61.5477, -1.0222], [-61.5586, -1.0138], [-61.5595, -1.0112], [-61.5552, -1.0083], [-61.5475, -1.0074], [-61.5438, -1.0036], [-61.5427, -0.9927], [-61.5455, -0.9866], [-61.551, -0.9832], [-61.5595, -0.9831], [-61.5699, -0.9858], [-61.5794, -0.9834], [-61.5808, -0.978], [-61.5756, -0.9547], [-61.5827, -0.9369], [-61.5784, -0.9274], [-61.5765, -0.9111], [-61.5728, -0.9039], [-61.5658, -0.8976], [-61.5523, -0.8894], [-61.5567, -0.8649], [-61.5469, -0.8541], [-61.5413, -0.8524], [-61.5384, -0.8482], [-61.5378, -0.8439], [-61.5406, -0.841], [-61.5459, -0.8389], [-61.5484, -0.8336], [-61.5475, -0.8152], [-61.5489, -0.8042], [-61.5474, -0.7951], [-61.5398, -0.7782], [-61.5385, -0.7637], [-61.5356, -0.7544], [-61.5301, -0.7485], [-61.5204, -0.7469], [-61.5105, -0.7415], [-61.4846, -0.7169], [-61.4783, -0.7048], [-61.4738, -0.6796], [-61.4652, -0.6602], [-61.4581, -0.6547], [-61.4387, -0.6565], [-61.4322, -0.654], [-61.4287, -0.6495], [-61.4307, -0.6443], [-61.4342, -0.6406], [-61.4349, -0.6365], [-61.4335, -0.633], [-61.4282, -0.6309], [-61.4152, -0.6311], [-61.4071, -0.6285], [-61.3924, -0.6142], [-61.3729, -0.6076], [-61.3595, -0.5969], [-61.3465, -0.5941], [-61.3383, -0.5976], [-61.3289, -0.5972], [-61.3223, -0.593], [-61.3092, -0.579], [-61.3019, -0.5748], [-61.2919, -0.5736], [-61.2775, -0.5756], [-61.234, -0.5619], [-61.2308, -0.5593], [-61.2277, -0.551], [-61.2299, -0.5433], [-61.2295, -0.5387], [-61.2269, -0.5353], [-61.2219, -0.5324], [-61.221, -0.5289], [-61.2293, -0.5168], [-61.2293, -0.5109], [-61.2231, -0.4999], [-61.2174, -0.4977], [-61.2115, -0.4991], [-61.2033, -0.5067], [-61.1991, -0.5082], [-61.1849, -0.5067], [-61.1793, -0.5089], [-61.1689, -0.5163], [-61.1652, -0.5158], [-61.1613, -0.5126], [-61.1616, -0.5017], [-61.1607, -0.499], [-61.1581, -0.4983], [-61.1504, -0.502], [-61.1428, -0.4986], [-61.1385, -0.4993], [-61.1335, -0.497], [-61.1179, -0.5066], [-61.1146, -0.5057], [-61.1068, -0.4992], [-61.1031, -0.5007], [-61.0975, -0.499], [-61.079, -0.5061], [-61.0747, -0.5117], [-61.0702, -0.5135], [-61.0686, -0.5186], [-61.0659, -0.5215], [-61.0653, -0.5343], [-61.0626, -0.5395], [-61.0569, -0.5439], [-61.039, -0.5469], [-61.0344, -0.5427], [-61.0305, -0.5425], [-61.023, -0.5513], [-61.0097, -0.5521], [-61.0047, -0.5544], [-60.9999, -0.5592], [-60.9948, -0.5611], [-60.9793, -0.5607], [-60.96, -0.5525], [-60.9531, -0.5574], [-60.9477, -0.558], [-60.9336, -0.5479], [-60.9309, -0.5501], [-60.9235, -0.5665], [-60.9242, -0.5713], [-60.9213, -0.579], [-60.9218, -0.5821], [-60.927, -0.5894], [-60.9251, -0.5962], [-60.9277, -0.6055], [-60.9191, -0.61], [-60.9174, -0.6126], [-60.9199, -0.6177], [-60.9197, -0.6204], [-60.9076, -0.6296], [-60.8952, -0.6439], [-60.8915, -0.6453], [-60.8715, -0.6383], [-60.8618, -0.6455], [-60.8577, -0.6555], [-60.8614, -0.6704], [-60.8552, -0.6863], [-60.8427, -0.6859], [-60.8315, -0.6885], [-60.8185, -0.6892], [-60.8072, -0.6943], [-60.8102, -0.7029], [-60.8043, -0.7118], [-60.8031, -0.723], [-60.8052, -0.7249], [-60.809, -0.7252], [-60.8103, -0.7273], [-60.8098, -0.7332], [-60.8068, -0.7359], [-60.8062, -0.7401], [-60.7986, -0.7397], [-60.7926, -0.7417], [-60.7907, -0.745], [-60.7915, -0.7515], [-60.7893, -0.7517], [-60.7815, -0.7464], [-60.7789, -0.7514], [-60.7712, -0.7561], [-60.7715, -0.7584], [-60.7757, -0.7629], [-60.7777, -0.7743], [-60.7811, -0.7745], [-60.7881, -0.7825], [-60.7779, -0.7889], [-60.7682, -0.7903], [-60.7602, -0.7873], [-60.7565, -0.7912], [-60.7695, -0.8008], [-60.768, -0.8069], [-60.7632, -0.8126], [-60.7657, -0.8195], [-60.7692, -0.8222], [-60.7633, -0.8343], [-60.762, -0.8486], [-60.761, -0.8523], [-60.766, -0.858], [-60.7609, -0.8635], [-60.7547, -0.8639], [-60.7517, -0.8625], [-60.749, -0.8545], [-60.745, -0.8547], [-60.7402, -0.8586], [-60.7356, -0.8521], [-60.7285, -0.853], [-60.7271, -0.8595], [-60.7284, -0.8619], [-60.7361, -0.8621], [-60.7367, -0.8649], [-60.7347, -0.8665], [-60.7243, -0.8642], [-60.7186, -0.8593], [-60.7119, -0.8586], [-60.7049, -0.8609], [-60.6969, -0.8691], [-60.6843, -0.8655], [-60.679, -0.8687], [-60.6725, -0.87], [-60.6693, -0.8736], [-60.6718, -0.8804], [-60.6691, -0.8879], [-60.6635, -0.8812], [-60.654, -0.876], [-60.651, -0.8723], [-60.6471, -0.8719], [-60.643, -0.8748], [-60.6382, -0.8738], [-60.6362, -0.8665], [-60.6328, -0.8615], [-60.6237, -0.8638], [-60.6199, -0.8631], [-60.6207, -0.8515], [-60.5959, -0.8663], [-60.5925, -0.8556], [-60.5936, -0.8505], [-60.588, -0.8433], [-60.5863, -0.843], [-60.5824, -0.8466], [-60.5763, -0.8476], [-60.5723, -0.8506], [-60.5582, -0.8508], [-60.5564, -0.8625], [-60.5454, -0.862], [-60.5362, -0.8695], [-60.5301, -0.8672], [-60.5269, -0.8623], [-60.5191, -0.8595], [-60.5029, -0.8407], [-60.5039, -0.833], [-60.5136, -0.8295], [-60.5185, -0.8258], [-60.5125, -0.8228], [-60.5065, -0.8148], [-60.5047, -0.8158], [-60.5036, -0.8141], [-60.4994, -0.8165], [-60.4932, -0.8114], [-60.4921, -0.8047], [-60.4933, -0.799], [-60.4903, -0.7905], [-60.4978, -0.7807], [-60.4884, -0.7713], [-60.4836, -0.77], [-60.4749, -0.7616], [-60.4675, -0.7614], [-60.4632, -0.763], [-60.456, -0.7688], [-60.4474, -0.7644], [-60.4305, -0.766], [-60.4263, -0.7712], [-60.4178, -0.764], [-60.4174, -0.7624], [-60.4202, -0.76], [-60.4179, -0.7566], [-60.4161, -0.7562], [-60.413, -0.7585], [-60.4057, -0.7516], [-60.3968, -0.7481], [-60.3952, -0.7486], [-60.3919, -0.7547], [-60.3899, -0.7554], [-60.3852, -0.7536], [-60.3825, -0.7462], [-60.3808, -0.7456], [-60.3836, -0.7391], [-60.3736, -0.7318], [-60.3662, -0.7354], [-60.3663, -0.7388], [-60.3634, -0.7433], [-60.3568, -0.7337], [-60.352, -0.7353], [-60.3467, -0.7396], [-60.3399, -0.732], [-60.3367, -0.7316], [-60.3328, -0.725], [-60.3251, -0.7206], [-60.3237, -0.7171], [-60.3205, -0.7166], [-60.3144, -0.7188], [-60.3107, -0.7176], [-60.3116, -0.7134], [-60.3076, -0.7109], [-60.3041, -0.7004], [-60.3068, -0.6943], [-60.3058, -0.6927], [-60.304, -0.6935], [-60.3027, -0.6903], [-60.3033, -0.688], [-60.3093, -0.685], [-60.3117, -0.682], [-60.3093, -0.677], [-60.3091, -0.6698], [-60.3054, -0.6665], [-60.3101, -0.6575], [-60.3148, -0.6562], [-60.3187, -0.6514], [-60.3153, -0.6365], [-60.3203, -0.6321], [-60.3294, -0.635], [-60.3366, -0.6257], [-60.3443, -0.6188], [-60.3536, -0.6174], [-60.3603, -0.5984], [-60.3692, -0.5893], [-60.3665, -0.5854], [-60.3678, -0.5818], [-60.3773, -0.5879], [-60.3815, -0.5885], [-60.3882, -0.5781], [-60.3887, -0.5741], [-60.3794, -0.5722], [-60.3765, -0.5698], [-60.3817, -0.5655], [-60.384, -0.5521], [-60.3888, -0.5527], [-60.3951, -0.5497], [-60.3985, -0.541], [-60.4, -0.5301], [-60.4002, -0.5235], [-60.3975, -0.5228], [-60.4001, -0.5175], [-60.4045, -0.5187], [-60.4056, -0.5154], [-60.3977, -0.5021], [-60.3892, -0.4986], [-60.3877, -0.4962], [-60.3914, -0.4894], [-60.3837, -0.4762], [-60.3849, -0.4647], [-60.3827, -0.4592], [-60.3812, -0.4589], [-60.379, -0.4617], [-60.3782, -0.4576], [-60.3737, -0.4577], [-60.368, -0.4504], [-60.3647, -0.4523], [-60.3561, -0.443], [-60.3465, -0.4379], [-60.3452, -0.4354], [-60.3433, -0.4251], [-60.3468, -0.4237], [-60.3479, -0.4194], [-60.3458, -0.418], [-60.3434, -0.4188], [-60.3432, -0.4176], [-60.3484, -0.4123], [-60.3507, -0.4149], [-60.35, -0.412], [-60.3463, -0.4099], [-60.3477, -0.4082], [-60.3518, -0.4093], [-60.3523, -0.4068], [-60.3515, -0.4056], [-60.3485, -0.4061], [-60.3484, -0.4028], [-60.3454, -0.4027], [-60.3454, -0.4004], [-60.3422, -0.3976], [-60.3437, -0.3967], [-60.3429, -0.3948], [-60.3374, -0.3905], [-60.3401, -0.387], [-60.3368, -0.3857], [-60.3372, -0.3817], [-60.3341, -0.3804], [-60.3325, -0.3822], [-60.3268, -0.3809], [-60.3249, -0.3774], [-60.3261, -0.3725], [-60.325, -0.3625], [-60.3195, -0.3582], [-60.3209, -0.3527], [-60.3191, -0.3485], [-60.3264, -0.339], [-60.3242, -0.3327], [-60.318, -0.3328], [-60.3176, -0.3316], [-60.3204, -0.3304], [-60.3151, -0.3266], [-60.308, -0.3269], [-60.3035, -0.325], [-60.3064, -0.3175], [-60.3061, -0.311], [-60.3017, -0.3065], [-60.3039, -0.3068], [-60.3035, -0.3013], [-60.2978, -0.2974], [-60.2982, -0.2955], [-60.2926, -0.2946], [-60.2928, -0.2905], [-60.2939, -0.2916], [-60.2945, -0.2881], [-60.2973, -0.2851], [-60.2973, -0.2821], [-60.3008, -0.2826], [-60.3014, -0.2814], [-60.3004, -0.2752], [-60.3022, -0.2708], [-60.3071, -0.2714], [-60.3103, -0.264], [-60.3097, -0.2613], [-60.3068, -0.2616], [-60.3035, -0.2585], [-60.3009, -0.2608], [-60.3002, -0.2594], [-60.3024, -0.2559], [-60.3003, -0.2507], [-60.2965, -0.2495], [-60.3001, -0.2424], [-60.2965, -0.2411], [-60.297, -0.2367], [-60.2948, -0.2332], [-60.2964, -0.232], [-60.294, -0.2297], [-60.2945, -0.2248], [-60.2996, -0.2141], [-60.3034, -0.2103], [-60.3005, -0.2119], [-60.2984, -0.2086], [-60.2973, -0.2105], [-60.298, -0.2062], [-60.297, -0.2062], [-60.2955, -0.211], [-60.2936, -0.2107], [-60.294, -0.2138], [-60.2922, -0.216], [-60.2913, -0.2127], [-60.286, -0.2083], [-60.2813, -0.2101], [-60.2805, -0.2091], [-60.2788, -0.2029], [-60.2812, -0.1989], [-60.2776, -0.1932], [-60.2747, -0.1941], [-60.2707, -0.1926], [-60.2668, -0.1956], [-60.2649, -0.1923], [-60.2679, -0.191], [-60.2688, -0.1765], [-60.2575, -0.1731], [-60.2551, -0.1766], [-60.2533, -0.174], [-60.2571, -0.1706], [-60.2548, -0.169], [-60.2536, -0.1645], [-60.243, -0.1589], [-60.243, -0.1561], [-60.2393, -0.1523], [-60.2394, -0.1494], [-60.2356, -0.1501], [-60.2375, -0.1459], [-60.2356, -0.1453], [-60.2318, -0.1486], [-60.2274, -0.1464], [-60.2267, -0.1445], [-60.2289, -0.141], [-60.2212, -0.142], [-60.2275, -0.1297], [-60.2301, -0.1312], [-60.2326, -0.1288], [-60.2276, -0.1217], [-60.2171, -0.1162], [-60.2036, -0.1009], [-60.1875, -0.0919], [-60.18, -0.0855], [-60.1717, -0.0855], [-60.1534, -0.0894], [-60.1437, -0.0871], [-60.1368, -0.0816], [-60.1226, -0.0797], [-60.1076, -0.0663], [-60.0973, -0.0616], [-60.0825, -0.0481], [-60.0741, -0.0472], [-60.0634, -0.0508], [-60.0539, -0.0465], [-60.0235, -0.0431], [-60.0052, -0.0481], [-59.9957, -0.0559], [-59.9856, -0.0609], [-59.9765, -0.0626], [-59.9628, -0.0586], [-59.9528, -0.0499], [-59.976, -0.0378], [-59.9724, -0.031], [-59.9612, -0.0321], [-59.9511, -0.0389], [-59.9359, -0.0392], [-59.929, -0.0343], [-59.9351, -0.023], [-59.9307, -0.0149], [-59.9393, -0.0003], [-59.9427, 0.0158], [-59.9558, 0.0286], [-59.9572, 0.0374], [-59.9477, 0.0382], [-59.9333, 0.0299], [-59.9261, 0.033], [-59.9169, 0.0335], [-59.9033, 0.0221], [-59.8934, -0.0053], [-59.886, -0.0098], [-59.8806, -0.0155], [-59.8791, -0.0239], [-59.8738, -0.0343], [-59.8684, -0.0394], [-59.8645, -0.0466], [-59.8621, -0.0598], [-59.8641, -0.0708], [-59.8685, -0.078], [-59.8791, -0.0873], [-59.8804, -0.0961], [-59.8752, -0.1033], [-59.8748, -0.1132], [-59.8926, -0.1019], [-59.9002, -0.1115], [-59.9194, -0.126], [-59.9185, -0.1365], [-59.9134, -0.1501], [-59.9022, -0.1569], [-59.873, -0.1634], [-59.8569, -0.1764], [-59.8476, -0.1818], [-59.8364, -0.1958], [-59.8268, -0.212], [-59.8105, -0.23], [-59.808, -0.2376], [-59.808, -0.2485], [-59.8387, -0.2676], [-59.8395, -0.2785], [-59.8444, -0.2847], [-59.8451, -0.2965], [-59.8431, -0.3076], [-59.85, -0.3129], [-59.8521, -0.3252], [-59.8464, -0.3355], [-59.8526, -0.3527], [-59.8535, -0.3689], [-59.8626, -0.3662], [-59.861, -0.3764], [-59.8532, -0.3921], [-59.8374, -0.3894], [-59.8318, -0.3984], [-59.8313, -0.4113], [-59.8386, -0.4169], [-59.848, -0.4425], [-59.8574, -0.4473], [-59.8602, -0.4554], [-59.8702, -0.4693], [-59.8796, -0.4653], [-59.8826, -0.4569], [-59.8929, -0.4554], [-59.9259, -0.4846], [-59.9294, -0.4976], [-59.9393, -0.5015], [-59.9438, -0.5103], [-59.9541, -0.5156], [-59.9567, -0.5254], [-59.9502, -0.5305], [-59.9547, -0.5423], [-59.96, -0.5495], [-59.9611, -0.5604], [-59.9676, -0.5689], [-59.9815, -0.5679], [-60.0009, -0.5696], [-60.0087, -0.5729], [-60.0119, -0.581], [-60.0214, -0.581], [-60.0298, -0.5839], [-60.0356, -0.589], [-60.0384, -0.5965], [-60.0345, -0.6044], [-60.0224, -0.6172], [-60.0217, -0.6267], [-60.0269, -0.6337], [-60.036, -0.6353], [-60.0334, -0.6442], [-60.025, -0.6615], [-60.0335, -0.6635], [-60.0455, -0.6509], [-60.0533, -0.6501], [-60.0522, -0.6593], [-60.0543, -0.676], [-60.0469, -0.6815], [-60.0455, -0.7], [-60.0427, -0.7066], [-60.0335, -0.7184], [-60.0301, -0.7272], [-60.0312, -0.7323], [-60.0346, -0.7374], [-60.0342, -0.7445], [-60.0273, -0.754], [-60.0251, -0.7672], [-60.0181, -0.7801], [-60.0132, -0.784], [-60.0137, -0.7901], [-60.0104, -0.7948], [-60.0104, -0.7916], [-60.0051, -0.7915], [-60.0022, -0.7976], [-59.9993, -0.7982], [-59.9933, -0.8087], [-59.9915, -0.8085], [-59.9909, -0.8121], [-59.9838, -0.819], [-59.9805, -0.8298], [-59.9771, -0.8304], [-59.9752, -0.8341], [-59.972, -0.8325], [-59.9665, -0.8342], [-59.9664, -0.8367], [-59.9647, -0.8374], [-59.967, -0.8383], [-59.9678, -0.8409], [-59.9665, -0.8405], [-59.966, -0.8428], [-59.9646, -0.8418], [-59.9649, -0.844], [-59.9621, -0.843], [-59.9593, -0.8448], [-59.9578, -0.8433], [-59.9573, -0.8466], [-59.9519, -0.8467], [-59.9481, -0.8537], [-59.9453, -0.8551], [-59.9418, -0.853], [-59.9385, -0.8553], [-59.9368, -0.8532], [-59.9335, -0.8537], [-59.9334, -0.8517], [-59.9306, -0.8534], [-59.9304, -0.8517], [-59.9265, -0.853], [-59.9259, -0.8566], [-59.9188, -0.8574], [-59.9189, -0.8589], [-59.9162, -0.8595], [-59.9113, -0.8692], [-59.907, -0.8678], [-59.9046, -0.8728], [-59.904, -0.8715], [-59.9025, -0.8733], [-59.8989, -0.8719], [-59.8936, -0.8762], [-59.8945, -0.8808], [-59.8961, -0.8812], [-59.8967, -0.8795], [-59.9014, -0.8822], [-59.901, -0.8856], [-59.9028, -0.8856], [-59.9017, -0.8866], [-59.903, -0.8888], [-59.9014, -0.888], [-59.901, -0.8904], [-59.8972, -0.8907], [-59.8939, -0.896], [-59.8855, -0.8997], [-59.8805, -0.8991], [-59.8776, -0.9014], [-59.8732, -0.9011], [-59.8722, -0.9033], [-59.8677, -0.9013], [-59.8657, -0.9069], [-59.8643, -0.9056], [-59.8568, -0.9109], [-59.8545, -0.9149], [-59.8545, -0.9188], [-59.8483, -0.9238], [-59.8479, -0.9288], [-59.8492, -0.9301], [-59.8478, -0.9331], [-59.8452, -0.9346], [-59.8439, -0.9405], [-59.8407, -0.9431], [-59.8418, -0.945], [-59.8396, -0.9497], [-59.8423, -0.9619], [-59.8422, -0.9696], [-59.8278, -0.985], [-59.8249, -0.9907], [-59.8215, -0.9907], [-59.8219, -0.9945], [-59.8186, -0.998], [-59.8213, -0.9985], [-59.824, -1.0013], [-59.8231, -1.0073], [-59.8204, -1.006], [-59.8209, -1.0093], [-59.8195, -1.009], [-59.8185, -1.0116], [-59.8138, -1.0121], [-59.8088, -1.0169], [-59.8061, -1.0146], [-59.807, -1.0201], [-59.8041, -1.0237], [-59.8048, -1.0258], [-59.8019, -1.0267], [-59.8012, -1.0301], [-59.7937, -1.0345], [-59.7925, -1.0379], [-59.79, -1.0375], [-59.7908, -1.0392], [-59.7875, -1.0403], [-59.7883, -1.0423], [-59.7865, -1.0454], [-59.7738, -1.0479], [-59.7732, -1.051], [-59.7682, -1.0516], [-59.7669, -1.0547], [-59.7637, -1.0532], [-59.762, -1.0565], [-59.7598, -1.0558], [-59.76, -1.0574], [-59.757, -1.0577], [-59.756, -1.0597], [-59.7523, -1.055], [-59.7494, -1.055], [-59.7506, -1.0581], [-59.747, -1.0606], [-59.7462, -1.0597], [-59.7427, -1.0663], [-59.7445, -1.0711], [-59.744, -1.0766], [-59.7378, -1.0767], [-59.7345, -1.0803], [-59.7283, -1.0778], [-59.7279, -1.0789], [-59.7218, -1.0781], [-59.7175, -1.0799], [-59.7155, -1.0853], [-59.7189, -1.0883], [-59.7177, -1.09], [-59.72, -1.091], [-59.7183, -1.0921], [-59.7204, -1.0929], [-59.721, -1.0972], [-59.7152, -1.0949], [-59.7154, -1.0968], [-59.7131, -1.0971], [-59.7129, -1.0956], [-59.7107, -1.0973], [-59.7106, -1.0994], [-59.7078, -1.1002], [-59.708, -1.1022], [-59.704, -1.1001], [-59.7003, -1.1048], [-59.6984, -1.1031], [-59.6996, -1.1011], [-59.6978, -1.1015], [-59.6964, -1.0989], [-59.6938, -1.1002], [-59.6924, -1.0948], [-59.6899, -1.0956], [-59.6906, -1.0972], [-59.688, -1.0969], [-59.6877, -1.0904], [-59.683, -1.0926], [-59.6812, -1.0912], [-59.6816, -1.0892], [-59.6779, -1.0889], [-59.6772, -1.0904], [-59.6736, -1.0893], [-59.6723, -1.0877], [-59.6736, -1.0752], [-59.6724, -1.0702], [-59.6688, -1.0658], [-59.667, -1.0664], [-59.6676, -1.0702], [-59.6633, -1.0687], [-59.6592, -1.0722], [-59.6599, -1.0695], [-59.6581, -1.0688], [-59.6505, -1.0754], [-59.6401, -1.0756], [-59.6311, -1.0811], [-59.63, -1.0859], [-59.6334, -1.0882], [-59.6343, -1.091], [-59.632, -1.0914], [-59.6305, -1.0937], [-59.6272, -1.0933], [-59.6266, -1.0973], [-59.6233, -1.0999], [-59.6217, -1.1051], [-59.614, -1.1099], [-59.3806, -1.1067], [-59.3755, -1.1338], [-59.3828, -1.1373], [-59.3797, -1.1477], [-59.3837, -1.165], [-59.3842, -1.1759], [-59.3756, -1.1844], [-59.3726, -1.1938], [-59.3734, -1.2367], [-59.3691, -1.2439], [-59.362, -1.2508], [-59.3595, -1.2616], [-59.3655, -1.2679], [-59.3756, -1.2658], [-59.382, -1.2584], [-59.3937, -1.2615], [-59.4048, -1.2585], [-59.4129, -1.2659], [-59.4209, -1.2686], [-59.4253, -1.2753], [-59.4353, -1.2796], [-59.4404, -1.2853], [-59.4438, -1.2968], [-59.4443, -1.3055], [-59.4425, -1.3193], [-59.4511, -1.3275], [-59.4681, -1.3355], [-59.4724, -1.3555], [-59.482, -1.361], [-59.4892, -1.3707], [-59.4938, -1.3775], [-59.4946, -1.3859], [-59.5041, -1.3894], [-59.5203, -1.4201], [-59.5194, -1.4329], [-59.5141, -1.4396], [-59.5038, -1.4447], [-59.4917, -1.4431], [-59.4863, -1.454], [-59.4666, -1.4424], [-59.4587, -1.435], [-59.4467, -1.4374], [-59.4378, -1.4348], [-59.4303, -1.4415], [-59.4249, -1.4511], [-59.4109, -1.4457], [-59.3987, -1.4475], [-59.3922, -1.4531], [-59.3697, -1.4524], [-59.3598, -1.459], [-59.3348, -1.4573], [-59.3319, -1.465], [-59.335, -1.4722], [-59.3302, -1.4819], [-59.3181, -1.4809], [-59.3054, -1.4839], [-59.2982, -1.4748], [-59.2962, -1.4541], [-59.2885, -1.4492], [-59.2835, -1.44], [-59.2705, -1.4312], [-59.2621, -1.4374], [-59.2302, -1.4379], [-59.234, -1.45], [-59.2239, -1.4469], [-59.2139, -1.4488], [-59.1914, -1.4464], [-59.1878, -1.4541], [-59.2007, -1.4694], [-59.1866, -1.473], [-59.1814, -1.4797], [-59.1709, -1.4855], [-59.1645, -1.4933], [-59.1514, -1.5159], [-59.1516, -1.5307], [-59.1565, -1.5453], [-59.1501, -1.55], [-59.1503, -1.5621], [-59.1417, -1.5651], [-59.1415, -1.5762], [-59.1364, -1.5849], [-59.1273, -1.5894], [-59.1325, -1.6011], [-59.1276, -1.6075], [-59.1367, -1.6126], [-59.1427, -1.6201], [-59.138, -1.6295], [-59.1403, -1.6431], [-59.168, -1.6593], [-59.1655, -1.6685], [-59.1676, -1.6777], [-59.1796, -1.6771], [-59.1804, -1.6874], [-59.1867, -1.695], [-59.189, -1.7044], [-59.196, -1.7108], [-59.1987, -1.7311], [-59.2043, -1.7412], [-59.2106, -1.7637], [-59.2177, -1.7812], [-59.2117, -1.789], [-59.2145, -1.8072], [-59.2193, -1.819], [-59.2267, -1.8265], [-59.2358, -1.8246], [-59.2461, -1.8266], [-59.2517, -1.8332], [-59.2508, -1.8445], [-59.2445, -1.8516], [-59.2457, -1.8624], [-59.236, -1.8646], [-59.2279, -1.8736], [-59.2231, -1.8827], [-59.2209, -1.8919], [-59.2224, -1.8996], [-59.2135, -1.9013], [-59.2038, -1.918], [-59.2018, -1.9404], [-59.1922, -1.9481], [-59.184, -1.9479], [-59.1613, -1.9602], [-59.1551, -1.9671], [-59.1606, -1.976], [-59.1623, -1.9855], [-59.1499, -1.9949], [-59.1241, -2.0073], [-59.1147, -2.0325], [-59.1194, -2.0414], [-59.1178, -2.0605], [-59.114, -2.0688], [-59.1128, -2.0773], [-59.1284, -2.1007], [-59.1309, -2.1106], [-59.1325, -2.1502], [-59.1384, -2.1658], [-59.144, -2.1719], [-59.1529, -2.173], [-59.161, -2.169], [-59.1718, -2.1813], [-59.1796, -2.1851], [-59.1824, -2.2011], [-59.1787, -2.2102], [-59.169, -2.2117], [-59.1609, -2.2102], [-59.1537, -2.2151], [-59.1456, -2.2171], [-59.145, -2.2247], [-59.155, -2.2279], [-59.1632, -2.2329], [-59.159, -2.2428], [-59.1538, -2.2485], [-59.1442, -2.2497], [-59.1388, -2.2315], [-59.1294, -2.2237], [-59.111, -2.2238], [-59.1059, -2.2441], [-59.0904, -2.2683], [-59.0824, -2.276], [-59.0878, -2.2849], [-59.1096, -2.2974], [-59.13, -2.3329], [-59.1333, -2.3413], [-59.1452, -2.3515], [-59.1563, -2.3658], [-59.163, -2.3714], [-59.1662, -2.379], [-59.173, -2.3858], [-59.1823, -2.3906], [-59.1993, -2.4034], [-59.2274, -2.4186], [-59.2353, -2.4253], [-59.2436, -2.4297], [-59.2495, -2.4356], [-59.2592, -2.4367], [-59.272, -2.4476], [-59.2751, -2.4646], [-59.2722, -2.4736], [-59.2768, -2.4801], [-59.2759, -2.4883], [-59.2592, -2.4857], [-59.2496, -2.4824], [-59.2535, -2.4749], [-59.2463, -2.4703], [-59.2386, -2.4697], [-59.2228, -2.4742], [-59.1969, -2.471], [-59.1896, -2.4737], [-59.1742, -2.4846], [-59.1695, -2.5081], [-59.1559, -2.5175], [-59.148, -2.5194], [-59.131, -2.5204], [-59.1233, -2.5357], [-59.1119, -2.5472], [-59.0967, -2.5561], [-59.0943, -2.5638], [-59.0891, -2.5697], [-59.0824, -2.5752], [-59.0644, -2.5775], [-59.059, -2.5836], [-59.0513, -2.587], [-59.0488, -2.6047], [-59.0484, -2.6238], [-59.031, -2.6312], [-59.0267, -2.6385], [-59.0294, -2.6482], [-59.0295, -2.6574], [-59.0335, -2.6654], [-59.032, -2.674], [-59.0236, -2.6903], [-59.0269, -2.6972], [-59.0115, -2.7027], [-58.9967, -2.6929], [-58.9875, -2.6938], [-58.9839, -2.7007], [-58.9844, -2.7109], [-58.9897, -2.7181], [-58.9901, -2.7268], [-58.9838, -2.7313], [-58.9855, -2.739], [-58.9899, -2.7462], [-58.9869, -2.7558], [-58.9889, -2.7741], [-58.9817, -2.7779], [-58.9645, -2.7794], [-58.9601, -2.7724], [-58.9644, -2.7662], [-58.9584, -2.7612], [-58.9384, -2.7564], [-58.9301, -2.7585], [-58.9235, -2.7633], [-58.9156, -2.7649], [-58.9114, -2.7727], [-58.905, -2.7779], [-58.9063, -2.7858], [-58.9118, -2.7922], [-58.9153, -2.8005], [-58.9075, -2.804], [-58.9017, -2.8102], [-58.9001, -2.8193], [-58.8929, -2.8246], [-58.8823, -2.8479], [-58.8762, -2.8553], [-58.868, -2.8535], [-58.861, -2.8564], [-58.8647, -2.873], [-58.8776, -2.8926], [-58.8707, -2.9085], [-58.8643, -2.9131], [-58.8477, -2.922], [-58.8319, -2.9283], [-58.8276, -2.9285], [-58.8218, -2.9328], [-58.8162, -2.9343], [-58.7973, -2.9505], [-58.7896, -2.9557], [-58.7854, -2.9569], [-58.7847, -2.9598], [-58.7766, -2.9621], [-58.7713, -2.9674], [-58.7669, -2.9685], [-58.7648, -2.9717], [-58.7501, -2.9784], [-58.745, -2.9839], [-58.7243, -2.9923], [-58.72, -2.9965], [-58.7168, -2.9971], [-58.7153, -2.9998], [-58.7075, -3.0026], [-58.705, -3.0055], [-58.6975, -3.0072], [-58.6945, -3.0102], [-58.6935, -3.0087], [-58.6902, -3.0089], [-58.6843, -3.0112], [-58.6818, -3.0137], [-58.6778, -3.0148], [-58.6741, -3.0208], [-58.6709, -3.0227], [-58.6692, -3.0218], [-58.663, -3.0252], [-58.655, -3.0262], [-58.6517, -3.0316], [-58.649, -3.0303], [-58.6461, -3.0329], [-58.6453, -3.0308], [-58.6394, -3.0348], [-58.6362, -3.0336], [-58.6307, -3.0362], [-58.63, -3.0383], [-58.6173, -3.0367], [-58.6066, -3.0308], [-58.5961, -3.0291], [-58.5748, -3.0164], [-58.5689, -3.0078], [-58.5626, -3.0056], [-58.5558, -3.0062], [-58.5462, -3.0108], [-58.5313, -3.0031], [-58.5042, -2.9981], [-58.4882, -2.9836], [-58.4745, -2.977], [-58.4031, -3.0001], [-58.3996, -3.0025], [-58.3998, -3.0058], [-58.3882, -3.0085], [-58.387, -3.0115], [-58.3878, -3.0174], [-58.3913, -3.0185], [-58.3931, -3.0231], [-58.3996, -3.0258], [-58.3995, -3.0309], [-58.4046, -3.0358], [-58.4041, -3.0408], [-58.4056, -3.0427], [-58.4126, -3.0454], [-58.407, -3.0451], [-58.4061, -3.047], [-58.4044, -3.0434], [-58.4015, -3.045], [-58.401, -3.0419], [-58.4033, -3.0369], [-58.3996, -3.0341], [-58.3951, -3.0338], [-58.3937, -3.0261], [-58.3865, -3.0221], [-58.3847, -3.0242], [-58.3869, -3.0259], [-58.3824, -3.0257], [-58.3808, -3.0271], [-58.3816, -3.0332], [-58.3802, -3.0316], [-58.3778, -3.034], [-58.378, -3.0373], [-58.3818, -3.041], [-58.3826, -3.0454], [-58.3779, -3.0504], [-58.3794, -3.0562], [-58.3723, -3.0616], [-58.3718, -3.0667], [-58.3778, -3.0742], [-58.3792, -3.0784], [-58.3812, -3.0786], [-58.3839, -3.0829], [-58.389, -3.0846], [-58.3855, -3.0874], [-58.3849, -3.0919], [-58.3809, -3.087], [-58.3764, -3.0901], [-58.3808, -3.1049], [-58.3805, -3.1367], [-58.3759, -3.1446], [-58.3516, -3.1265], [-58.3176, -3.1088], [-58.2882, -3.0978], [-58.2613, -3.09], [-58.2453, -3.0828], [-58.2074, -3.0576], [-58.1771, -3.0352], [-58.1701, -3.045], [-58.169, -3.0536], [-58.1738, -3.1243], [-58.1758, -3.1357], [-58.1829, -3.1541], [-58.1929, -3.1693], [-58.1926, -3.1879], [-58.0817, -3.1881], [-58.0788, -3.1967], [-58.0659, -3.2151], [-58.0648, -3.2758], [-58.0713, -3.2827], [-58.0745, -3.2901], [-58.0705, -3.3064], [-58.0797, -3.3163], [-58.0887, -3.3151], [-58.0917, -3.3256], [-58.0878, -3.3349], [-58.0972, -3.3372], [-58.1017, -3.3434], [-58.1082, -3.3483], [-58.1169, -3.3493], [-58.1233, -3.3433], [-58.1506, -3.3451], [-58.1587, -3.3516], [-58.1678, -3.3538], [-58.1737, -3.3606], [-58.1771, -3.3677], [-58.1746, -3.3765], [-58.1772, -3.3857], [-58.1739, -3.4055], [-58.174, -3.4146], [-58.1797, -3.4383], [-58.1752, -3.4464], [-58.1813, -3.4534], [-58.1831, -3.461], [-58.1809, -3.4687], [-58.1814, -3.4966], [-58.3703, -3.5003], [-58.3705, -3.5101], [-58.3648, -3.5153], [-58.3718, -3.5281], [-58.3784, -3.532], [-58.3857, -3.5532], [-58.3838, -3.5619], [-58.3774, -3.57], [-58.3629, -3.5827], [-58.3576, -3.5769], [-58.3496, -3.5828], [-58.3545, -3.585], [-58.3563, -3.5881], [-58.3553, -3.5996], [-58.3524, -3.6046], [-58.3441, -3.6082], [-58.3429, -3.6111], [-58.3643, -3.6253], [-58.3721, -3.6373], [-58.3747, -3.6499], [-58.3729, -3.6737], [-58.3744, -3.6763], [-58.3837, -3.6773], [-58.3916, -3.6725], [-58.3979, -3.6747], [-58.4009, -3.6797], [-58.404, -3.6929], [-58.4122, -3.7006], [-58.4163, -3.7073], [-58.4184, -3.7218], [-58.4206, -3.7258], [-58.4258, -3.7281], [-58.4348, -3.7238], [-58.4413, -3.7164], [-58.4465, -3.7055], [-58.453, -3.7051], [-58.4571, -3.7068], [-58.4591, -3.7115], [-58.4585, -3.7202], [-58.4631, -3.728], [-58.4688, -3.7337], [-58.4688, -3.7418], [-58.4645, -3.7522], [-58.4872, -3.7482], [-58.4982, -3.7493], [-58.5053, -3.7536], [-58.51, -3.7533], [-58.5152, -3.7416], [-58.5126, -3.7289], [-58.5134, -3.7243], [-58.5162, -3.7155], [-58.5204, -3.7095], [-58.5258, -3.7048], [-58.5314, -3.7055], [-58.5371, -3.701], [-58.5389, -3.6958], [-58.5528, -3.6859], [-58.5541, -3.6812], [-58.5612, -3.6744], [-58.5585, -3.6693], [-58.5601, -3.6641], [-58.5666, -3.6609], [-58.5697, -3.6563], [-58.5733, -3.6543], [-58.574, -3.6494], [-58.5803, -3.6499], [-58.5835, -3.6455], [-58.5895, -3.646], [-58.5934, -3.6433], [-58.6106, -3.6384], [-58.6121, -3.6335], [-58.6194, -3.6298], [-58.6223, -3.6239], [-58.6298, -3.6248], [-58.6334, -3.6223], [-58.6465, -3.6288], [-58.6497, -3.6358], [-58.6493, -3.6428], [-58.6522, -3.6446], [-58.6558, -3.6583], [-58.6613, -3.6619], [-58.6793, -3.6648], [-58.6845, -3.6567], [-58.6912, -3.6586], [-58.6934, -3.6576], [-58.7, -3.6466], [-58.702, -3.6256], [-58.7048, -3.6206], [-58.7043, -3.6158], [-58.7064, -3.612], [-58.7143, -3.6065], [-58.7225, -3.5974], [-58.727, -3.5962], [-58.7329, -3.5974], [-58.7372, -3.5924], [-58.7441, -3.5937], [-58.7514, -3.5912], [-58.7552, -3.5951], [-58.7693, -3.599], [-58.7753, -3.6023], [-58.7883, -3.6143], [-58.8003, -3.6105], [-58.816, -3.6108], [-58.8446, -3.6045], [-58.8531, -3.6055], [-58.8538, -3.6036], [-58.8597, -3.605], [-58.8709, -3.6042], [-58.8718, -3.6029], [-58.8792, -3.6075], [-58.8833, -3.6074], [-58.8879, -3.6096], [-58.8926, -3.6149], [-58.8999, -3.6181], [-58.9088, -3.6123], [-58.9196, -3.6137], [-58.9182, -3.6094], [-58.9202, -3.6062], [-58.9194, -3.6045], [-58.9216, -3.5973], [-58.9084, -3.5869], [-58.9066, -3.5837], [-58.9062, -3.578], [-58.9081, -3.5674], [-58.9172, -3.5476], [-58.911, -3.5294], [-58.901, -3.5108], [-58.8914, -3.4978], [-58.8623, -3.4673], [-58.8374, -3.4495], [-58.829, -3.4489], [-58.8117, -3.4522], [-58.8076, -3.4522], [-58.8033, -3.45], [-58.799, -3.4396], [-58.7844, -3.3796], [-58.8207, -3.3996], [-58.8396, -3.402], [-58.8499, -3.4007], [-58.8867, -3.3764], [-58.9031, -3.3626], [-58.919, -3.3382], [-58.9398, -3.3115], [-58.9412, -3.3077], [-58.9407, -3.2952], [-58.9533, -3.2778], [-58.9642, -3.2664], [-58.9754, -3.2575], [-58.9981, -3.2452], [-59.0104, -3.2441], [-59.0338, -3.2489], [-59.1143, -3.2809], [-59.1221, -3.2831], [-59.1382, -3.283], [-59.152, -3.2799], [-59.1704, -3.272], [-59.23419862429536, -3.239817557862844], [-59.2335, -3.3503], [-59.2368, -3.3599], [-59.2493, -3.3721]], [[-59.9438, -3.1749], [-59.9459, -3.1791], [-59.945981775700936, -3.1793584112149555], [-59.9438, -3.1749]], [[-59.86358321881801, -3.100968924370982], [-59.8688, -3.1037], [-59.8973, -3.1261], [-59.86358321881801, -3.100968924370982]], [[-59.3837, -3.181], [-59.3519, -3.1456], [-59.3586, -3.153], [-59.3837, -3.181]], [[-59.371, -2.8905], [-59.3676, -2.8944], [-59.37096359246741, -2.89038237566393], [-59.371, -2.8905]], [[-59.3609, -2.8882], [-59.35816693679091, -2.883562074554268], [-59.36244848484849, -2.8896329262777063], [-59.3609, -2.8882]], [[-59.3576, -2.8826], [-59.35765102040816, -2.881936734693852], [-59.357692748735246, -2.8827573917931484], [-59.3576, -2.8826]], [[-59.3528, -2.8446], [-59.3571, -2.8282], [-59.35303390638431, -2.845529303743058], [-59.3528, -2.8446]], [[-60.1818, -3.3522], [-60.181992544987146, -3.3528326478149135], [-60.18085934065934, -3.351847252747251], [-60.1818, -3.3522]], [[-60.1778, -3.3507], [-60.1788102117061, -3.3510788293897886], [-60.1519, -3.3506], [-60.1778, -3.3507]], [[-60.0186, -3.2941], [-60.0315, -3.2984], [-60.0452, -3.3045], [-60.0634, -3.3158], [-60.0444, -3.3042], [-60.0186, -3.2941]], [[-59.238, -3.2379], [-59.2847, -3.2223], [-59.23553979405324, -3.239141021047109], [-59.238, -3.2379]], [[-60.3673, -3.1332], [-60.36768281620218, -3.1331336229267746], [-60.3656, -3.1343], [-60.3673, -3.1332]], [[-60.37402, -3.167369999999998], [-60.37439016393442, -3.1668147540983664], [-60.3743, -3.1672], [-60.37402, -3.167369999999998]], [[-60.3615, -3.1752], [-60.36239573170732, -3.174724390243899], [-60.3561, -3.1812], [-60.3615, -3.1752]], [[-60.330871747893006, -3.2425435690729207], [-60.3397, -3.2356], [-60.331, -3.2426], [-60.330871747893006, -3.2425435690729207]], [[-60.328498947368416, -3.2414494736842085], [-60.32933333333335, -3.2418666666666756], [-60.3285, -3.2415], [-60.328498947368416, -3.2414494736842085]], [[-60.3284, -3.2366], [-60.3284, -3.2367], [-60.32384, -3.23508], [-60.3284, -3.2366]], [[-60.319, -3.2359], [-60.3206, -3.234], [-60.32076507936508, -3.2340550264550263], [-60.31861563749445, -3.2374420257663226], [-60.319, -3.2359]], [[-60.31498556316117, -3.2520055382700677], [-60.31733000744602, -3.242599851079669], [-60.3171, -3.2472], [-60.31498556316117, -3.2520055382700677]], [[-59.5134, -2.9618], [-59.5003, -2.9719], [-59.5061, -2.9667], [-59.5134, -2.9618]], [[-59.9636, -2.1155], [-59.963702248243564, -2.1155221077283377], [-59.9643, -2.1214], [-59.9636, -2.1155]], [[-59.92712195121951, -2.132356097560977], [-59.9291, -2.1284], [-59.9272, -2.1324], [-59.92712195121951, -2.132356097560977]], [[-59.899415594855306, -2.1337008239549835], [-59.9078, -2.1317], [-59.8995, -2.1338], [-59.899415594855306, -2.1337008239549835]], [[-59.8957, -2.1292], [-59.896316608996536, -2.1300595155709288], [-59.89559552030678, -2.129212236360467], [-59.8957, -2.1292]], [[-59.8794, -2.1273], [-59.8846, -2.1305], [-59.8791219892151, -2.127424625524265], [-59.8794, -2.1273]], [[-59.9972, -2.1343], [-60.0279, -2.2422], [-59.9992, -2.1432], [-59.9972, -2.1343]], [[-60.6252, -1.7665], [-60.623153079044116, -1.7813158088235292], [-60.6231, -1.7812], [-60.6252, -1.7665]], [[-60.62527524613221, -1.7867426160337554], [-60.6253, -1.7868], [-60.62526873889876, -1.7869378330372996], [-60.62527524613221, -1.7867426160337554]], [[-60.5914, -1.8938], [-60.5734, -1.914], [-60.57237748691099, -1.9145518324607365], [-60.5914, -1.8938]], [[-60.569886160249744, -1.9158963579604549], [-60.5671, -1.9174], [-60.5533, -1.9207], [-60.569886160249744, -1.9158963579604549]]]}}, {"type": "Feature", "properties": {"metro_id": "BRM03", "metro_name": "Salvador RM", "n_members": 13, "n_missing": 0, "n_states": 1, "states": "Bahia"}, "geometry": {"type": "Polygon", "coordinates": [[[-38.666, -13.0374], [-38.6722, -13.0377], [-38.6802, -13.0453], [-38.6965, -13.056], [-38.7126, -13.0611], [-38.7254, -13.0735], [-38.7281, -13.0803], [-38.7355, -13.0896], [-38.7391, -13.0912], [-38.7429, -13.0899], [-38.7471, -13.0925], [-38.7535, -13.1045], [-38.7593, -13.1116], [-38.7623, -13.1189], [-38.7825, -13.1312], [-38.7908, -13.1328], [-38.7975, -13.1375], [-38.8034, -13.1277], [-38.8049, -13.1217], [-38.8012, -13.0948], [-38.8013, -13.0615], [-38.8001, -13.0574], [-38.7882, -13.0423], [-38.7894, -13.0308], [-38.7877, -13.0222], [-38.7776, -13.0002], [-38.7651, -12.9828], [-38.7582, -12.9774], [-38.7546, -12.9694], [-38.7324, -12.9481], [-38.723, -12.9244], [-38.7157, -12.9149], [-38.7084, -12.9013], [-38.7029, -12.881], [-38.7041, -12.8738], [-38.7067, -12.8692], [-38.7169, -12.8612], [-38.7207, -12.8563], [-38.7215, -12.8474], [-38.7187, -12.8404], [-38.7081, -12.826], [-38.6986, -12.8006], [-38.6993, -12.7866], [-38.6963, -12.7593], [-38.6952, -12.7541], [-38.6872, -12.7265], [-38.6839, -12.7064], [-38.6848, -12.6861], [-38.6962, -12.6727], [-38.6992, -12.6639], [-38.7022, -12.6604], [-38.7103, -12.6556], [-38.7138, -12.6517], [-38.7188, -12.6373], [-38.7179, -12.6143], [-38.7112, -12.6096], [-38.71, -12.595], [-38.6955, -12.5905], [-38.696, -12.5813], [-38.6902, -12.567], [-38.692, -12.5627], [-38.6861, -12.5568], [-38.6881, -12.5549], [-38.6879, -12.5514], [-38.686, -12.5523], [-38.6846, -12.5496], [-38.6803, -12.5507], [-38.6802, -12.552], [-38.6746, -12.5512], [-38.6738, -12.5498], [-38.6623, -12.5491], [-38.6578, -12.5525], [-38.6559, -12.5513], [-38.6525, -12.5522], [-38.651412181867585, -12.5533035836126], [-38.6443, -12.5131], [-38.6401, -12.4756], [-38.627, -12.4839], [-38.6218, -12.4916], [-38.6131, -12.4935], [-38.6115, -12.4968], [-38.5622, -12.4225], [-38.5566, -12.422], [-38.5534, -12.4197], [-38.5525, -12.417], [-38.5499, -12.4184], [-38.5476, -12.4174], [-38.5473, -12.4148], [-38.5442, -12.4148], [-38.5409, -12.4115], [-38.5403, -12.4188], [-38.5382, -12.4196], [-38.5384, -12.4213], [-38.5344, -12.421], [-38.5325, -12.4187], [-38.5265, -12.4172], [-38.5242, -12.4149], [-38.5201, -12.4181], [-38.5168, -12.4146], [-38.5173, -12.4135], [-38.5155, -12.4136], [-38.5123, -12.4159], [-38.5103, -12.4213], [-38.5085, -12.4216], [-38.5071, -12.4192], [-38.5048, -12.4187], [-38.5042, -12.427], [-38.5027, -12.4276], [-38.5017, -12.4258], [-38.5001, -12.4266], [-38.4978, -12.4225], [-38.493, -12.4204], [-38.494, -12.4137], [-38.489, -12.4122], [-38.4793, -12.4168], [-38.4661, -12.4163], [-38.4636, -12.4189], [-38.4628, -12.4173], [-38.4603, -12.4175], [-38.4565, -12.4245], [-38.4549, -12.4244], [-38.4531, -12.4279], [-38.4506, -12.4275], [-38.4462, -12.4319], [-38.4337, -12.4311], [-38.4325, -12.4266], [-38.4338, -12.4262], [-38.4308, -12.4239], [-38.4256, -12.4239], [-38.4233, -12.4285], [-38.4205, -12.4262], [-38.4201, -12.4273], [-38.4156, -12.4268], [-38.4119, -12.4227], [-38.4033, -12.4228], [-38.4002, -12.4247], [-38.3978, -12.4294], [-38.3896, -12.4315], [-38.3869, -12.4306], [-38.3791, -12.4372], [-38.389, -12.4287], [-38.3883, -12.423], [-38.3776, -12.416], [-38.3771, -12.4109], [-38.3751, -12.4086], [-38.378, -12.4062], [-38.3899, -12.4029], [-38.3545, -12.3783], [-38.3139, -12.3376], [-38.3144, -12.3398], [-38.3098, -12.3435], [-38.3054, -12.3423], [-38.2953, -12.346], [-38.2828, -12.3422], [-38.2802, -12.3378], [-38.2802, -12.33], [-38.2786, -12.3264], [-38.2756, -12.3225], [-38.2729, -12.3233], [-38.2724, -12.322], [-38.2722, -12.3162], [-38.2747, -12.3116], [-38.273, -12.3111], [-38.2778, -12.3037], [-38.2724, -12.296], [-38.2769, -12.2839], [-38.2767, -12.2811], [-38.2731, -12.2784], [-38.2117, -12.2688], [-38.1742, -12.2612], [-38.1723, -12.2635], [-38.1691, -12.2629], [-38.1611, -12.27], [-38.1613, -12.2724], [-38.1651, -12.2764], [-38.162, -12.2816], [-38.1462, -12.2849], [-38.1442, -12.2903], [-38.1389, -12.2901], [-38.1372, -12.2928], [-38.1372, -12.2969], [-38.1397, -12.2972], [-38.1397, -12.299], [-38.1426, -12.2994], [-38.1471, -12.2945], [-38.1583, -12.3015], [-38.1564, -12.3047], [-38.1523, -12.3044], [-38.1501, -12.3069], [-38.1504, -12.3083], [-38.1548, -12.3081], [-38.1582, -12.3115], [-38.1539, -12.3194], [-38.1581, -12.3178], [-38.1585, -12.3217], [-38.1609, -12.3229], [-38.163, -12.3275], [-38.1581, -12.3328], [-38.1618, -12.3384], [-38.1602, -12.3407], [-38.1571, -12.3412], [-38.1549, -12.3553], [-38.1532, -12.3569], [-38.1546, -12.3571], [-38.1542, -12.3585], [-38.1529, -12.358], [-38.1514, -12.3619], [-38.1475, -12.3602], [-38.1464, -12.3611], [-38.1436, -12.3661], [-38.1462, -12.3699], [-38.14278903853348, -12.37214148896371], [-38.1426, -12.372], [-38.1359, -12.3768], [-38.1307, -12.3767], [-38.1262, -12.3801], [-38.1246, -12.386], [-38.1226, -12.3871], [-38.1242, -12.388], [-38.1194, -12.3903], [-38.1211, -12.3966], [-38.1135, -12.394], [-38.1098, -12.3974], [-38.1034, -12.3955], [-38.1059, -12.4046], [-38.1046, -12.4128], [-38.1033, -12.4147], [-38.0941, -12.4172], [-38.0885, -12.4263], [-38.0978, -12.4362], [-38.0951, -12.4387], [-38.0928, -12.4385], [-38.0923, -12.4409], [-38.0887, -12.4413], [-38.0802, -12.4522], [-38.0775, -12.4527], [-38.0799, -12.4553], [-38.0769, -12.4548], [-38.0755, -12.4568], [-38.0732, -12.4567], [-38.0701, -12.4513], [-38.0653, -12.4513], [-38.0645, -12.454], [-38.0599, -12.4569], [-38.06, -12.4591], [-38.0513, -12.4543], [-38.0447, -12.4575], [-38.0406, -12.4624], [-37.9868, -12.4137], [-37.9514, -12.403], [-37.9453, -12.3943], [-37.9464, -12.3876], [-37.9444, -12.3849], [-37.9457, -12.3788], [-37.9433, -12.3741], [-37.9409, -12.3746], [-37.9372, -12.3718], [-37.9349, -12.3728], [-37.9314, -12.3715], [-37.9258, -12.376], [-37.9274, -12.3809], [-37.9238, -12.3837], [-37.9246, -12.3823], [-37.9222, -12.3824], [-37.9213, -12.384], [-37.921, -12.3824], [-37.9172, -12.3826], [-37.9174, -12.381], [-37.9162, -12.383], [-37.9111, -12.3844], [-37.9112, -12.3831], [-37.9101, -12.3851], [-37.9053, -12.3859], [-37.8993, -12.38], [-37.8946, -12.3805], [-37.895, -12.3827], [-37.8931, -12.3832], [-37.8918, -12.3861], [-37.8933, -12.3878], [-37.8916, -12.389], [-37.8932, -12.3899], [-37.8917, -12.3923], [-37.8952, -12.3951], [-37.896, -12.3992], [-37.8933, -12.4082], [-37.9094, -12.4279], [-37.9162, -12.4413], [-37.9204, -12.443], [-37.9286, -12.4543], [-37.9327, -12.4622], [-37.9528, -12.4894], [-37.9616, -12.5056], [-37.9719, -12.5192], [-37.9816, -12.5385], [-37.9835, -12.5473], [-37.9871, -12.5541], [-37.9921, -12.5595], [-37.9943, -12.5666], [-38.0015, -12.578], [-38.0181, -12.5857], [-38.0302, -12.5972], [-38.0417, -12.6119], [-38.0425, -12.6185], [-38.0455, -12.623], [-38.0453, -12.6322], [-38.0481, -12.6361], [-38.0578, -12.6419], [-38.0614, -12.6489], [-38.0741, -12.6565], [-38.0873, -12.6741], [-38.1026, -12.686], [-38.12, -12.7054], [-38.1241, -12.7079], [-38.1309, -12.7191], [-38.1672, -12.7615], [-38.1753, -12.7736], [-38.1793, -12.7753], [-38.182, -12.7793], [-38.1902, -12.7852], [-38.2088, -12.8123], [-38.231, -12.8361], [-38.233, -12.8366], [-38.2437, -12.8525], [-38.2596, -12.8658], [-38.2657, -12.8738], [-38.269, -12.8762], [-38.2714, -12.8752], [-38.2802, -12.8807], [-38.2825, -12.8852], [-38.3043, -12.9109], [-38.3176, -12.9286], [-38.3344, -12.9447], [-38.353, -12.9569], [-38.3589, -12.9562], [-38.3647, -12.9507], [-38.3755, -12.9527], [-38.3788, -12.9566], [-38.3822, -12.9555], [-38.39, -12.9583], [-38.4268, -12.9818], [-38.4368, -12.9914], [-38.4408, -12.9984], [-38.4467, -12.9993], [-38.4504, -13.0037], [-38.4547, -13.0066], [-38.4589, -13.0071], [-38.4672, -13.0123], [-38.4687, -13.0149], [-38.4733, -13.0141], [-38.4798, -13.0161], [-38.4819, -13.0148], [-38.4884, -13.0173], [-38.4927, -13.0117], [-38.4968, -13.011], [-38.5005, -13.0126], [-38.5023, -13.011], [-38.5055, -13.0125], [-38.5094, -13.011], [-38.5112, -13.0127], [-38.5117, -13.0114], [-38.5192, -13.01], [-38.5237, -13.0118], [-38.5278, -13.0099], [-38.5326, -13.0116], [-38.5338, -13.0103], [-38.5856, -13.0127], [-38.6433, -13.0153], [-38.6572, -13.0335], [-38.666, -13.0374]], [[-38.5479, -12.6268], [-38.56012829792201, -12.629507027784262], [-38.5607, -12.6302], [-38.5479, -12.6268]], [[-38.5575, -12.6264], [-38.55745140186915, -12.626262305295944], [-38.557792604501614, -12.626675884244385], [-38.5575, -12.6264]], [[-38.453564754098366, -12.601833713471134], [-38.4536, -12.6018], [-38.4603, -12.6073], [-38.453564754098366, -12.601833713471134]], [[-38.40421509433963, -12.59708370497427], [-38.4046, -12.5969], [-38.4074, -12.5994], [-38.40421509433963, -12.59708370497427]], [[-38.39584871794872, -12.604633194733196], [-38.3969, -12.6029], [-38.3991, -12.6027], [-38.39584871794872, -12.604633194733196]], [[-38.39227157534247, -12.61321267123287], [-38.392726315789474, -12.608210526315792], [-38.3932, -12.609], [-38.39493101071976, -12.606146171516075], [-38.39227157534247, -12.61321267123287]], [[-38.3971, -12.628], [-38.39711588235294, -12.629842352941186], [-38.392, -12.6162], [-38.39212704225352, -12.614802535211274], [-38.3971, -12.628]], [[-38.39987719869706, -12.660128664495115], [-38.378, -12.6713], [-38.3989, -12.6605], [-38.39987719869706, -12.660128664495115]], [[-38.4039, -12.6586], [-38.4131, -12.6602], [-38.40196330067822, -12.659335945742276], [-38.4039, -12.6586]], [[-38.4185, -12.6652], [-38.4422, -12.7343], [-38.41746906051694, -12.664245426404577], [-38.4185, -12.6652]], [[-38.455913181976136, -12.784336406811068], [-38.4549, -12.7832], [-38.448, -12.7646], [-38.455913181976136, -12.784336406811068]], [[-38.4555, -12.8411], [-38.45430000000001, -12.842579999999991], [-38.45545857988166, -12.84095798816568], [-38.4555, -12.8411]], [[-38.4525, -12.8448], [-38.4504, -12.8458], [-38.45268819188192, -12.84456789667897], [-38.4525, -12.8448]], [[-38.435, -12.8457], [-38.4407, -12.8397], [-38.44095147058823, -12.839748529411764], [-38.435, -12.8457]], [[-38.428330571665285, -12.84902270091135], [-38.4283, -12.8487], [-38.42861358447489, -12.848559589041095], [-38.428330571665285, -12.84902270091135]], [[-38.352938461538464, -12.844407692307675], [-38.3534, -12.8391], [-38.35423505154639, -12.837924742268042], [-38.352938461538464, -12.844407692307675]], [[-38.5801, -12.7336], [-38.58344334958218, -12.733938753481894], [-38.578287898686675, -12.733983583489682], [-38.5801, -12.7336]], [[-38.5485, -12.7359], [-38.56337839297772, -12.736398717083052], [-38.5612, -12.7368], [-38.5485, -12.7359]], [[-38.56099764705883, -12.936009411764703], [-38.56066859395532, -12.94664879544458], [-38.56, -12.94], [-38.56099764705883, -12.936009411764703]], [[-38.561523264890546, -12.955148023078234], [-38.56405794392523, -12.962698130841119], [-38.5618, -12.9579], [-38.561523264890546, -12.955148023078234]], [[-38.566877735849054, -12.968690188679249], [-38.5823, -12.9925], [-38.5682, -12.9715], [-38.566877735849054, -12.968690188679249]], [[-38.5642, -12.9232], [-38.56590582617001, -12.920147468958932], [-38.563189247311826, -12.9272430107527], [-38.5642, -12.9232]], [[-38.5718, -12.9096], [-38.576376, -12.905024000000001], [-38.570383973941375, -12.912133941368069], [-38.5718, -12.9096]], [[-38.535, -12.7387], [-38.5333, -12.7315], [-38.53353519087319, -12.730065335673544], [-38.535, -12.7387]], [[-38.5343, -12.7254], [-38.5379, -12.7203], [-38.5342347826087, -12.725797826086948], [-38.5343, -12.7254]], [[-38.5549, -12.6692], [-38.5585, -12.6755], [-38.558465550239234, -12.675637799043063], [-38.5549, -12.6692]], [[-38.38235263157895, -12.540010526315786], [-38.382036895963616, -12.539584650369529], [-38.3821, -12.5396], [-38.38235263157895, -12.540010526315786]], [[-38.3862, -12.5452], [-38.38607605321508, -12.545032815964525], [-38.386493548387094, -12.545158064516128], [-38.3862, -12.5452]], [[-38.40860578034682, -12.550379190751446], [-38.40848656716418, -12.550120895522388], [-38.4088, -12.5501], [-38.40860578034682, -12.550379190751446]], [[-38.40696192560175, -12.552463019693656], [-38.40748603351956, -12.551988826815636], [-38.4072, -12.5524], [-38.40696192560175, -12.552463019693656]], [[-38.4027969879518, -12.553054819277108], [-38.40573538461539, -12.552787692307692], [-38.4038, -12.5533], [-38.4027969879518, -12.553054819277108]], [[-38.3952, -12.551], [-38.39607923387098, -12.551412701612906], [-38.39502748004561, -12.551155606233372], [-38.3952, -12.551]], [[-38.3703, -12.5813], [-38.370375354330704, -12.58129220472441], [-38.370193444227006, -12.581568003913892], [-38.3703, -12.5813]], [[-38.367, -12.5896], [-38.36714155495979, -12.589243967828414], [-38.36707833827893, -12.589760237388726], [-38.367, -12.5896]], [[-38.3719, -12.5996], [-38.37190933165195, -12.599475577973939], [-38.374699999999976, -12.599150000000003], [-38.3719, -12.5996]], [[-38.3811, -12.6008], [-38.377676190476194, -12.598802777777777], [-38.3777, -12.5988], [-38.3811, -12.6008]], [[-38.3262, -12.8191], [-38.32649855351977, -12.819029508196722], [-38.32624777777778, -12.819417070707072], [-38.3262, -12.8191]], [[-38.3208, -12.8363], [-38.32679602272727, -12.835611931818182], [-38.3267, -12.8359], [-38.3208, -12.8363]], [[-38.2893, -12.8643], [-38.290006888168556, -12.86266871961102], [-38.290791111111105, -12.868694853801143], [-38.2893, -12.8643]], [[-38.28970315789474, -12.870454385964912], [-38.290959535333975, -12.869989060987416], [-38.291, -12.8703], [-38.28970315789474, -12.870454385964912]], [[-38.28484, -12.869679999999999], [-38.28783157894736, -12.870677192982455], [-38.2868, -12.8708], [-38.28484, -12.869679999999999]], [[-38.2834, -12.8692], [-38.28365979381443, -12.869286597938144], [-38.27889690721647, -12.870498969072171], [-38.2834, -12.8692]], [[-38.2782, -12.8707], [-38.27849587965991, -12.870614650098101], [-38.2776, -12.8738], [-38.2782, -12.8707]], [[-38.2752, -12.8753], [-38.27544727272727, -12.875145454545454], [-38.278924719101106, -12.877191011235947], [-38.2752, -12.8753]], [[-38.28178092105263, -12.879206907894734], [-38.281732340425535, -12.878842553191491], [-38.282, -12.879], [-38.28178092105263, -12.879206907894734]], [[-38.3282, -12.8069], [-38.327, -12.8034], [-38.32926557059961, -12.807204448742745], [-38.3282, -12.8069]], [[-38.33260316901408, -12.814855281690134], [-38.33125192926045, -12.810540032154353], [-38.3323, -12.8123], [-38.33260316901408, -12.814855281690134]], [[-38.33021190697674, -12.818152744186046], [-38.33291857110144, -12.817513670712158], [-38.333, -12.8182], [-38.33021190697674, -12.818152744186046]], [[-38.37353662573412, -12.537012706887348], [-38.373448691099476, -12.53701954624782], [-38.3735, -12.537], [-38.37353662573412, -12.537012706887348]], [[-38.37105341009743, -12.537205845881312], [-38.3647, -12.5377], [-38.3707, -12.5366], [-38.37105341009743, -12.537205845881312]], [[-38.36336225165563, -12.536005518763796], [-38.36186211604095, -12.535783276450513], [-38.3632, -12.5358], [-38.36336225165563, -12.536005518763796]], [[-38.36065251396648, -12.53576815642458], [-38.353426856240134, -12.536528751974723], [-38.3552, -12.5357], [-38.36065251396648, -12.53576815642458]], [[-38.346, -12.54], [-38.34971538461538, -12.538263461538463], [-38.342287394957985, -12.54383445378151], [-38.3423, -12.5437], [-38.346, -12.54]], [[-38.342250649350646, -12.544226406926418], [-38.34281819157499, -12.54788390126107], [-38.342, -12.5469], [-38.342250649350646, -12.544226406926418]], [[-38.344589120214906, -12.550013498992612], [-38.345, -12.5501], [-38.3499, -12.5564], [-38.344589120214906, -12.550013498992612]], [[-38.2821, -12.6085], [-38.2804, -12.6103], [-38.27971597051597, -12.610499508599508], [-38.2821, -12.6085]], [[-38.276304895104886, -12.611494405594408], [-38.2756, -12.6117], [-38.27536813048933, -12.611631493099123], [-38.276304895104886, -12.611494405594408]], [[-38.23115767790262, -12.566499625468165], [-38.2298, -12.567450000000001], [-38.2311, -12.5664], [-38.23115767790262, -12.566499625468165]], [[-38.228346875, -12.5684671875], [-38.2283, -12.5685], [-38.2201, -12.5667], [-38.228346875, -12.5684671875]], [[-38.2153855010661, -12.567739658848614], [-38.215, -12.5668], [-38.21563914027149, -12.565879638009052], [-38.2153855010661, -12.567739658848614]], [[-38.2261, -12.53], [-38.2237, -12.5248], [-38.22406522767593, -12.522745594322892], [-38.2261, -12.53]], [[-38.22443725490196, -12.520652941176472], [-38.2245, -12.5203], [-38.22467368421053, -12.520227368421052], [-38.22443725490196, -12.520652941176472]], [[-38.225050798258344, -12.520069666182874], [-38.23, -12.518], [-38.2266, -12.5205], [-38.225050798258344, -12.520069666182874]], [[-38.23496649292628, -12.518099329858526], [-38.2348, -12.5182], [-38.23, -12.518], [-38.23496649292628, -12.518099329858526]], [[-38.09434524043179, -12.480347497546617], [-38.0942, -12.4805], [-38.0926, -12.4775], [-38.09434524043179, -12.480347497546617]], [[-38.08826891495601, -12.477884985337244], [-38.0881, -12.4779], [-38.0873, -12.4743], [-38.08826891495601, -12.477884985337244]], [[-38.08425204419889, -12.472109281767954], [-38.0843, -12.4721], [-38.0873, -12.4743], [-38.08425204419889, -12.472109281767954]], [[-38.070175324675326, -12.46645194805195], [-38.06896153846154, -12.466957692307695], [-38.07, -12.4663], [-38.070175324675326, -12.46645194805195]], [[-38.06773170731707, -12.467736585365852], [-38.06733613445378, -12.468527731092436], [-38.067, -12.4682], [-38.06773170731707, -12.467736585365852]], [[-38.070841232528586, -12.472342820838625], [-38.0709, -12.4724], [-38.0693, -12.4747], [-38.070841232528586, -12.472342820838625]], [[-38.18714713375796, -12.410191082802546], [-38.1871, -12.4084], [-38.187294736842105, -12.408075438596493], [-38.18714713375796, -12.410191082802546]], [[-38.187, -12.4123], [-38.18671216216216, -12.412251351351351], [-38.1870055487053, -12.412220468557337], [-38.187, -12.4123]], [[-38.1799, -12.4111], [-38.17816034063261, -12.408958880778592], [-38.18167258284158, -12.411399591466182], [-38.1799, -12.4111]], [[-38.1773, -12.4079], [-38.17729029126214, -12.407766019417485], [-38.17734406779661, -12.407954237288132], [-38.1773, -12.4079]], [[-38.17681773049645, -12.401244680851068], [-38.1779, -12.4031], [-38.17708079331942, -12.404874947807926], [-38.17681773049645, -12.401244680851068]], [[-38.1712, -12.4001], [-38.1765, -12.4007], [-38.17666206896551, -12.400977832512314], [-38.1712, -12.4001]]]}}, {"type": "Feature", "properties": {"metro_id": "BRM04", "metro_name": "Fortaleza RM", "n_members": 15, "n_missing": 0, "n_states": 1, "states": "Ceará"}, "geometry": {"type": "Polygon", "coordinates": [[[-38.6282, -4.1644], [-38.6373, -4.1615], [-38.6411, -4.1581], [-38.6511, -4.16], [-38.6535, -4.1577], [-38.6585, -4.158], [-38.6644, -4.1618], [-38.6655, -4.1597], [-38.6694, -4.1617], [-38.6725, -4.1607], [-38.6778, -4.1674], [-38.6826, -4.1679], [-38.6851, -4.1698], [-38.6882, -4.1678], [-38.6974, -4.1717], [-38.6998, -4.1775], [-38.7043, -4.1806], [-38.7061, -4.1843], [-38.709, -4.1861], [-38.7124, -4.1856], [-38.7126, -4.188], [-38.7162, -4.189], [-38.7175, -4.1872], [-38.7152, -4.1731], [-38.7192, -4.1683], [-38.7567, -4.1572], [-38.7756, -4.1625], [-38.7905, -4.1407], [-38.7911, -4.1364], [-38.7896, -4.1345], [-38.7844, -4.1349], [-38.7818, -4.1305], [-38.7767, -4.1298], [-38.7729, -4.132], [-38.7691, -4.1283], [-38.755, -4.1283], [-38.7454, -4.0779], [-38.745536332574034, -4.075446013667409], [-38.7486, -4.093], [-38.7507, -4.0906], [-38.7492, -4.0896], [-38.7513, -4.0874], [-38.751, -4.0851], [-38.7539, -4.0848], [-38.7571, -4.0812], [-38.7562, -4.0769], [-38.759, -4.0761], [-38.758, -4.0749], [-38.7607, -4.0724], [-38.7632, -4.0813], [-38.7671, -4.0849], [-38.7691, -4.0894], [-38.7702, -4.0957], [-38.7749, -4.0972], [-38.781, -4.0937], [-38.7847, -4.0943], [-38.8099, -4.0804], [-38.814, -4.0807], [-38.8174, -4.0847], [-38.8345, -4.0726], [-38.8376, -4.0768], [-38.8376, -4.0814], [-38.8407, -4.0863], [-38.8407, -4.1041], [-38.846, -4.1061], [-38.8504, -4.1051], [-38.8526, -4.1075], [-38.8557, -4.1051], [-38.8634, -4.1049], [-38.8571, -4.1076], [-38.8562, -4.1095], [-38.8621, -4.1122], [-38.8642, -4.1205], [-38.8673, -4.1164], [-38.8708, -4.1148], [-38.8724, -4.111], [-38.8797, -4.1141], [-38.8838, -4.1138], [-38.8803, -4.107], [-38.886, -4.1063], [-38.8866, -4.102], [-38.8918, -4.1076], [-38.9082, -4.1036], [-38.9075, -4.1093], [-38.91, -4.1156], [-38.9155, -4.12], [-38.919, -4.1193], [-38.9251, -4.1134], [-38.926, -4.106], [-38.9278, -4.1043], [-38.9436, -4.1036], [-38.9429, -4.1006], [-38.9447, -4.0999], [-38.9451, -4.0969], [-38.9487, -4.1032], [-38.9518, -4.102], [-38.9533, -4.0984], [-38.9577, -4.0994], [-38.9587, -4.0963], [-38.9561, -4.0966], [-38.9566, -4.095], [-38.953, -4.0929], [-38.955, -4.0893], [-38.954, -4.0864], [-38.9557, -4.0841], [-38.9555, -4.0805], [-38.9605, -4.0789], [-38.9608, -4.0745], [-38.9566, -4.0728], [-38.9842, -4.0444], [-39.0035, -3.9918], [-38.943821097295036, -3.9449520613766005], [-38.9455, -3.9444], [-38.9474, -3.9369], [-38.9547, -3.9338], [-38.954, -3.9301], [-38.9625, -3.9232], [-38.961, -3.9174], [-38.9582, -3.9144], [-38.9619, -3.9078], [-38.9611, -3.9059], [-38.9635, -3.9055], [-38.9687, -3.8967], [-38.9702, -3.8983], [-38.9719, -3.897], [-38.9743, -3.8978], [-38.9804, -3.8941], [-38.9774, -3.889], [-38.9789, -3.8876], [-38.9782, -3.8843], [-38.9817, -3.8825], [-38.9815, -3.878], [-38.985, -3.8776], [-38.9839, -3.8754], [-38.9868, -3.8733], [-38.9851, -3.8721], [-38.9882, -3.8693], [-38.9863, -3.8637], [-38.9844, -3.8645], [-38.9845, -3.8618], [-38.9859, -3.8595], [-38.9879, -3.8603], [-38.9884, -3.8569], [-38.9913, -3.8545], [-38.9927, -3.8565], [-38.9996, -3.8453], [-38.9981, -3.8397], [-38.9993, -3.8354], [-38.9965, -3.8308], [-38.9945, -3.8308], [-38.9881, -3.8248], [-38.9834, -3.8161], [-38.9828, -3.7903], [-38.9785, -3.7787], [-38.9577, -3.7693], [-38.956, -3.7651], [-38.9558, -3.7606], [-38.9579, -3.7586], [-38.9553, -3.7491], [-38.9568, -3.7387], [-38.9546, -3.7324], [-38.9556, -3.7306], [-38.9515, -3.727], [-38.9516, -3.7237], [-38.9549, -3.7195], [-38.9577, -3.7217], [-38.9609, -3.7203], [-38.9596, -3.7136], [-38.9615, -3.712], [-39.0015, -3.685], [-39.1433, -3.7039], [-39.2166, -3.6928], [-39.221, -3.6883], [-39.2206, -3.6858], [-39.2224, -3.6847], [-39.2226, -3.6825], [-39.2261, -3.6825], [-39.2242, -3.6696], [-39.2277, -3.6637], [-39.2244, -3.661], [-39.2242, -3.6516], [-39.2188, -3.648], [-39.2208, -3.6437], [-39.2203, -3.6389], [-39.2244, -3.6344], [-39.2252, -3.6301], [-39.2203, -3.6272], [-39.2185, -3.6227], [-39.2188, -3.6182], [-39.2206, -3.6158], [-39.2157, -3.6086], [-39.2533, -3.5886], [-39.2582, -3.5892], [-39.2622, -3.5851], [-39.2929, -3.5834], [-39.3036, -3.5799], [-39.3097, -3.5813], [-39.3149, -3.5799], [-39.3153, -3.5768], [-39.3137, -3.5725], [-39.3066, -3.5654], [-39.3122, -3.5576], [-39.3092, -3.5519], [-39.3099, -3.5464], [-39.3082, -3.5418], [-39.3099, -3.5375], [-39.3099, -3.5282], [-39.3031, -3.5342], [-39.2937, -3.5315], [-39.2869, -3.5247], [-39.2843, -3.5146], [-39.2842, -3.5033], [-39.2637, -3.4924], [-39.2625, -3.4905], [-39.2575, -3.4929], [-39.2214, -3.5002], [-39.2225, -3.5019], [-39.221, -3.507], [-39.2105, -3.5096], [-39.2115, -3.5128], [-39.1665, -3.523], [-39.1175, -3.5283], [-39.1005, -3.5322], [-39.1012, -3.5494], [-39.0816, -3.5534], [-39.0816, -3.5508], [-39.07, -3.5426], [-39.0657, -3.545], [-39.0576, -3.544], [-39.0496, -3.5541], [-39.0473, -3.5511], [-39.041, -3.549], [-39.0267, -3.5554], [-39.02, -3.5525], [-39.0121, -3.5538], [-39.0065, -3.5523], [-39.0022, -3.5542], [-38.996, -3.5543], [-38.9955, -3.5571], [-38.9866, -3.5612], [-38.982, -3.5573], [-38.9756, -3.5552], [-38.974, -3.5522], [-38.9693, -3.5497], [-38.9646, -3.5505], [-38.9591, -3.5463], [-38.9578, -3.5419], [-38.9642, -3.5306], [-38.9625, -3.524], [-38.9679, -3.5203], [-38.9684, -3.5116], [-38.9604, -3.5098], [-38.9595, -3.5045], [-38.9573, -3.5038], [-38.9554, -3.4999], [-38.951, -3.4967], [-38.9479, -3.4963], [-38.9471, -3.4896], [-38.941, -3.486], [-38.9375, -3.4818], [-38.9385, -3.4777], [-38.9354, -3.4711], [-38.9311, -3.4718], [-38.9288, -3.4741], [-38.9321, -3.4654], [-38.9179, -3.4943], [-38.9073, -3.5054], [-38.8916, -3.5059], [-38.8606, -3.5346], [-38.8478, -3.5428], [-38.8377, -3.5455], [-38.8234, -3.5465], [-38.8137, -3.5442], [-38.8123, -3.5421], [-38.8066, -3.5485], [-38.7977, -3.563], [-38.7624, -3.6059], [-38.7456, -3.6184], [-38.7248, -3.6254], [-38.7018, -3.6384], [-38.6766, -3.6647], [-38.66, -3.6774], [-38.6411, -3.6869], [-38.6346, -3.686], [-38.6192, -3.6899], [-38.6111, -3.6888], [-38.6074, -3.6915], [-38.5882863084922, -3.6962301559792037], [-38.5867, -3.692], [-38.5818, -3.6939], [-38.5811, -3.6921], [-38.5783, -3.6957], [-38.5763, -3.6945], [-38.5772, -3.6959], [-38.575, -3.6986], [-38.571, -3.7006], [-38.5704, -3.6996], [-38.5681, -3.7023], [-38.5631, -3.7031], [-38.562, -3.7006], [-38.5633, -3.6985], [-38.5619, -3.7005], [-38.5623, -3.7043], [-38.5597, -3.7052], [-38.5591, -3.7039], [-38.5558, -3.7067], [-38.5547, -3.7048], [-38.5542, -3.7074], [-38.5525, -3.7085], [-38.5513, -3.7073], [-38.5519, -3.7088], [-38.5493, -3.7106], [-38.5475, -3.7087], [-38.5484, -3.7107], [-38.5462, -3.7121], [-38.5453, -3.7112], [-38.5435, -3.7137], [-38.5413, -3.711], [-38.5424, -3.7143], [-38.5394, -3.7164], [-38.5256, -3.7199], [-38.5243, -3.7174], [-38.5222, -3.7175], [-38.5276, -3.7161], [-38.5265, -3.7154], [-38.5207, -3.7179], [-38.5198, -3.7158], [-38.5199, -3.7178], [-38.5169, -3.7183], [-38.5164, -3.7161], [-38.5168, -3.7184], [-38.5127, -3.719], [-38.5108, -3.7134], [-38.5112, -3.7193], [-38.5046, -3.722], [-38.5041, -3.7205], [-38.5045, -3.723], [-38.4959, -3.725], [-38.4907, -3.7243], [-38.4881, -3.7221], [-38.4823, -3.7222], [-38.4762, -3.7193], [-38.4773, -3.7153], [-38.4826, -3.7123], [-38.4832, -3.7099], [-38.4824, -3.7122], [-38.4774, -3.7151], [-38.4729, -3.7062], [-38.4761, -3.7011], [-38.4795, -3.7002], [-38.4825, -3.6987], [-38.4736, -3.7016], [-38.4705, -3.7068], [-38.4672, -3.7086], [-38.4603, -3.7051], [-38.464, -3.7075], [-38.4635, -3.7128], [-38.4562, -3.7311], [-38.4358, -3.7706], [-38.4353, -3.7695], [-38.4337, -3.7716], [-38.4209, -3.794], [-38.4022, -3.8209], [-38.4018, -3.8238], [-38.4003, -3.8248], [-38.3756, -3.8638], [-38.3603, -3.8849], [-38.3347, -3.9124], [-38.3186, -3.9262], [-38.3035, -3.936], [-38.2913, -3.9416], [-38.2858, -3.9426], [-38.284, -3.9407], [-38.2789, -3.9412], [-38.2734, -3.9442], [-38.2233, -4.0072], [-38.2278, -4.0084], [-38.2228, -4.0076], [-38.2073, -4.0295], [-38.2003, -4.0367], [-38.1915, -4.0414], [-38.1812, -4.0553], [-38.1822, -4.0588], [-38.181, -4.0595], [-38.1802, -4.058], [-38.1785, -4.0594], [-38.1587, -4.0877], [-38.1485, -4.0981], [-38.1499, -4.102], [-38.1477, -4.1021], [-38.157, -4.1108], [-38.161, -4.1168], [-38.1622, -4.1298], [-38.1613, -4.1398], [-38.1632, -4.1449], [-38.1611, -4.1483], [-38.1729, -4.1627], [-38.1713, -4.1633], [-38.1725, -4.165], [-38.17, -4.1682], [-38.171, -4.1715], [-38.1684, -4.1747], [-38.1694, -4.1757], [-38.1736, -4.1746], [-38.1734, -4.1779], [-38.1768, -4.1817], [-38.1776, -4.1864], [-38.1805, -4.1877], [-38.1814, -4.1948], [-38.1842, -4.1946], [-38.1886, -4.1978], [-38.1914, -4.1941], [-38.1932, -4.1966], [-38.1995, -4.1949], [-38.2019, -4.1968], [-38.2048, -4.1942], [-38.2074, -4.1972], [-38.2116, -4.1969], [-38.2123, -4.2], [-38.2157, -4.2022], [-38.2173, -4.2026], [-38.217, -4.2004], [-38.2189, -4.2002], [-38.2274, -4.2056], [-38.2262, -4.3147], [-38.2305, -4.3231], [-38.2283, -4.3395], [-38.2291, -4.345], [-38.2273, -4.3503], [-38.2228, -4.3498], [-38.2195, -4.3598], [-38.2294, -4.3573], [-38.231, -4.3541], [-38.2357, -4.3504], [-38.2496, -4.3571], [-38.2511, -4.3611], [-38.25, -4.3657], [-38.2565, -4.3692], [-38.2551, -4.3761], [-38.2575, -4.3764], [-38.2627, -4.3808], [-38.2611, -4.39], [-38.2628, -4.394], [-38.2648, -4.3964], [-38.2718, -4.3965], [-38.2689, -4.4053], [-38.2717, -4.4067], [-38.2785, -4.4064], [-38.2807, -4.4164], [-38.2909, -4.4165], [-38.2937, -4.4188], [-38.2947, -4.4232], [-38.2898, -4.4291], [-38.2931, -4.432], [-38.2936, -4.4389], [-38.3037, -4.4413], [-38.3071, -4.4455], [-38.3141, -4.4386], [-38.3177, -4.4399], [-38.3185, -4.434], [-38.3199, -4.433], [-38.3289, -4.4362], [-38.327, -4.4427], [-38.3308, -4.4475], [-38.3266, -4.4502], [-38.3285, -4.452], [-38.3356, -4.4522], [-38.3385, -4.4571], [-38.3384, -4.461], [-38.3334, -4.4672], [-38.3403, -4.4703], [-38.3422, -4.4774], [-38.3407, -4.4822], [-38.3371, -4.4856], [-38.3372, -4.4892], [-38.342, -4.492], [-38.3513, -4.4904], [-38.3547, -4.4937], [-38.3561, -4.4998], [-38.3599, -4.5016], [-38.3617, -4.4918], [-38.3588, -4.4798], [-38.3625, -4.4689], [-38.4475, -4.3715], [-38.4368, -4.3839], [-38.4391, -4.4066], [-38.4434, -4.4091], [-38.4622, -4.3959], [-38.4687, -4.3955], [-38.4717, -4.3905], [-38.4862, -4.3877], [-38.4874, -4.3902], [-38.4941, -4.3888], [-38.5047, -4.3792], [-38.52, -4.377], [-38.5339, -4.3689], [-38.5484, -4.3231], [-38.5539, -4.2833], [-38.5478, -4.2715], [-38.5672, -4.25], [-38.5705, -4.2355], [-38.6144, -4.1829], [-38.6193, -4.1702], [-38.61875671641791, -4.163370149253735], [-38.6188, -4.1635], [-38.6235, -4.1657], [-38.6263, -4.1635], [-38.6282, -4.1644]], [[-38.4018, -3.826575], [-38.4014, -3.8266], [-38.4018, -3.8238], [-38.4018, -3.826575]], [[-38.4059, -3.824], [-38.403, -3.8265], [-38.40230401891253, -3.8265434988179665], [-38.4059, -3.824]], [[-38.4084, -3.8196], [-38.4429, -3.8015], [-38.4094, -3.8191], [-38.4059, -3.8215], [-38.4084, -3.8196]], [[-38.446, -3.8052], [-38.44500112254443, -3.806908606173989], [-38.445783470047225, -3.8049415610241115], [-38.446, -3.8052]], [[-38.442417202072534, -3.8139263212435144], [-38.4423, -3.8137], [-38.442376385002795, -3.8135079462786865], [-38.442417202072534, -3.8139263212435144]], [[-38.49814331087585, -3.8873753609239663], [-38.4978, -3.8873], [-38.4939, -3.884], [-38.49814331087585, -3.8873753609239663]], [[-38.5046, -3.8882], [-38.5019, -3.8882], [-38.499132499999995, -3.8875925], [-38.5046, -3.8882]], [[-38.5362, -4.0397], [-38.536237190082645, -4.040319834710749], [-38.53543492822966, -4.0394645933014335], [-38.5362, -4.0397]], [[-38.536372435897434, -4.042573931623932], [-38.5359, -4.0414], [-38.501, -4.0612], [-38.53626227678571, -4.04073794642857], [-38.536372435897434, -4.042573931623932]], [[-38.5344, -4.0617], [-38.5334, -4.0588], [-38.53355579868709, -4.058416994894244], [-38.5344, -4.0617]], [[-38.6175, -4.1596], [-38.61793333333333, -4.1609], [-38.6154, -4.159], [-38.6175, -4.1596]], [[-38.7153, -3.8807], [-38.715818188048246, -3.8816825383771913], [-38.7073, -3.8746], [-38.7153, -3.8807]], [[-38.699790645322665, -3.8718931465732913], [-38.703, -3.8753], [-38.7015, -3.8741], [-38.699790645322665, -3.8718931465732913]], [[-38.682808908202055, -3.847634329168918], [-38.693153620159805, -3.863324449907804], [-38.6881, -3.8568], [-38.682808908202055, -3.847634329168918]], [[-38.6556, -3.8597], [-38.6691, -3.8624], [-38.65571067318304, -3.8598213148352514], [-38.6556, -3.8597]], [[-38.6347, -3.9583], [-38.6401, -3.9685], [-38.6431, -3.9747], [-38.6347, -3.9583]], [[-38.6665, -4.0131], [-38.66783109243697, -4.0113655462184905], [-38.666776923076924, -4.014323076923075], [-38.6665, -4.0131]], [[-38.6548, -4.0131], [-38.6677, -4.0184], [-38.66731462140993, -4.016697911227166], [-38.66831810218978, -4.0186662773722635], [-38.6548, -4.0131]], [[-38.6056, -4.0108], [-38.607, -4.0101], [-38.605614213197974, -4.011070050761418], [-38.6056, -4.0108]], [[-38.74500718014105, -4.072414113240626], [-38.7336, -4.071], [-38.7449, -4.0718], [-38.74500718014105, -4.072414113240626]], [[-38.668, -4.0235], [-38.66839090909091, -4.018809090909088], [-38.6691, -4.0202], [-38.668, -4.0235]], [[-38.6126, -3.9156], [-38.6179, -3.8993], [-38.6116, -3.9218], [-38.6126, -3.9156]], [[-38.6344, -3.7977], [-38.6353, -3.792], [-38.63441333051206, -3.797714092255607], [-38.6344, -3.7977]], [[-38.6223798084597, -3.703200957701516], [-38.6225, -3.7032], [-38.6211, -3.7096], [-38.6223798084597, -3.703200957701516]], [[-38.5956, -3.703], [-38.59220213523131, -3.7009174377224183], [-38.59657007874016, -3.7030036196967915], [-38.5956, -3.703]], [[-38.5894, -3.6992], [-38.58898805970149, -3.698101492537309], [-38.59036842105263, -3.6997935483870976], [-38.5894, -3.6992]], [[-38.392864290291485, -4.222851138093339], [-38.3703, -4.0656], [-38.3725, -4.0785], [-38.3819, -4.1451], [-38.39286492968224, -4.222851319564985], [-38.392864290291485, -4.222851138093339]], [[-38.56733833718245, -4.23276558891455], [-38.565851612903224, -4.232503225806452], [-38.5668, -4.2323], [-38.56733833718245, -4.23276558891455]], [[-38.391090239493884, -4.222347627654763], [-38.38, -4.2192], [-38.384, -4.2194], [-38.391090239493884, -4.222347627654763]], [[-38.3425, -4.0384], [-38.3361426481346, -4.030868983174836], [-38.3362, -4.0309], [-38.3425, -4.0384]], [[-38.2756, -4.0264], [-38.2697, -4.0274], [-38.269570967741934, -4.027356989247312], [-38.2756, -4.0264]], [[-38.2658, -4.0261], [-38.2599, -4.028], [-38.256077272727275, -4.028122327272727], [-38.2658, -4.0261]], [[-38.25083959731544, -4.028289932885906], [-38.2474, -4.0284], [-38.2395, -4.0264], [-38.25083959731544, -4.028289932885906]], [[-38.238619047619046, -4.023169841269842], [-38.23825853658536, -4.023109756097561], [-38.2386, -4.0231], [-38.238619047619046, -4.023169841269842]]]}}, {"type": "Feature", "properties": {"metro_id": "BRM05", "metro_name": "Brasília", "n_members": 1, "n_missing": 0, "n_states": 1, "states": "DistritoFederal"}, "geometry": {"type": "Polygon", "coordinates": [[[-47.3085, -16.05], [-48.2778, -16.0496], [-48.2786, -16.0415], [-48.2734, -16.0356], [-48.2742, -16.0345], [-48.2719, -16.0317], [-48.273, -16.0306], [-48.2714, -16.0272], [-48.2726, -16.0242], [-48.2699, -16.0222], [-48.2724, -16.009], [-48.2688, -16.0023], [-48.2663, -16.0013], [-48.2654, -15.9966], [-48.2626, -15.9949], [-48.2639, -15.9925], [-48.2616, -15.9897], [-48.2629, -15.9889], [-48.2618, -15.9855], [-48.2581, -15.9833], [-48.2587, -15.9803], [-48.2607, -15.9791], [-48.2579, -15.9763], [-48.2597, -15.9743], [-48.258, -15.9728], [-48.2606, -15.9689], [-48.2603, -15.9669], [-48.256, -15.9632], [-48.2577, -15.9614], [-48.2552, -15.9621], [-48.2564, -15.9599], [-48.2544, -15.9589], [-48.2546, -15.9572], [-48.2514, -15.9557], [-48.2535, -15.9466], [-48.2502, -15.9476], [-48.2509, -15.9438], [-48.2529, -15.9443], [-48.2513, -15.9378], [-48.2522, -15.9359], [-48.2546, -15.9368], [-48.2558, -15.9322], [-48.2584, -15.9319], [-48.2609, -15.928], [-48.2642, -15.9285], [-48.2649, -15.9314], [-48.2682, -15.9332], [-48.2698, -15.9317], [-48.2764, -15.9312], [-48.2746, -15.9277], [-48.2769, -15.9267], [-48.2753, -15.9245], [-48.2769, -15.924], [-48.2753, -15.9219], [-48.2743, -15.9231], [-48.2721, -15.9222], [-48.2731, -15.92], [-48.2701, -15.9195], [-48.271, -15.9176], [-48.2695, -15.917], [-48.2708, -15.916], [-48.2693, -15.9131], [-48.2701, -15.9105], [-48.2723, -15.9108], [-48.275, -15.9076], [-48.2771, -15.9074], [-48.2742, -15.9035], [-48.2763, -15.903], [-48.2766, -15.8999], [-48.2737, -15.8991], [-48.2759, -15.8968], [-48.2729, -15.8955], [-48.2764, -15.8925], [-48.2737, -15.8902], [-48.2716, -15.8837], [-48.274, -15.879], [-48.2756, -15.8803], [-48.2749, -15.8764], [-48.2771, -15.8759], [-48.2784, -15.8717], [-48.2759, -15.87], [-48.2803, -15.8691], [-48.2792, -15.8601], [-48.2807, -15.8614], [-48.2805, -15.857], [-48.2834, -15.8561], [-48.2824, -15.8549], [-48.2843, -15.8539], [-48.2824, -15.8532], [-48.2858, -15.8445], [-48.2833, -15.8421], [-48.2851, -15.8405], [-48.2851, -15.8368], [-48.2823, -15.8331], [-48.2807, -15.8239], [-48.2753, -15.817], [-48.2717, -15.8155], [-48.2711, -15.8128], [-48.2681, -15.8129], [-48.268, -15.8086], [-48.2662, -15.809], [-48.2667, -15.8069], [-48.2646, -15.809], [-48.264, -15.8066], [-48.2612, -15.8065], [-48.2566, -15.8018], [-48.2503, -15.8021], [-48.249, -15.8007], [-48.2486, -15.8024], [-48.2488, -15.7987], [-48.2462, -15.8002], [-48.2462, -15.797], [-48.2429, -15.7973], [-48.2423, -15.7995], [-48.241, -15.7993], [-48.2409, -15.7927], [-48.2404, -15.794], [-48.239, -15.7933], [-48.2368, -15.7892], [-48.2376, -15.7856], [-48.2329, -15.7845], [-48.2319, -15.7784], [-48.216, -15.7663], [-48.2097, -15.754], [-48.208, -15.7409], [-48.2089, -15.7154], [-48.2188, -15.709], [-48.2227, -15.7081], [-48.2253, -15.7097], [-48.2275, -15.7083], [-48.2315, -15.7097], [-48.2377, -15.7085], [-48.2406, -15.7064], [-48.2414, -15.7046], [-48.2391, -15.697], [-48.2415, -15.6938], [-48.2413, -15.6867], [-48.2346, -15.6669], [-48.2341, -15.6572], [-48.2365, -15.6509], [-48.2342, -15.6419], [-48.2295, -15.6375], [-48.2259, -15.6304], [-48.2209, -15.6277], [-48.2182, -15.6233], [-48.2113, -15.6225], [-48.2036, -15.6243], [-48.1997, -15.6229], [-48.2, -15.5023], [-47.4184, -15.5018], [-47.4178, -15.5463], [-47.414, -15.5485], [-47.4112, -15.5473], [-47.4092, -15.5484], [-47.4066, -15.547], [-47.4028, -15.5475], [-47.4021, -15.5503], [-47.399, -15.5515], [-47.3995, -15.5572], [-47.3942, -15.5581], [-47.394, -15.561], [-47.3914, -15.5626], [-47.3898, -15.5672], [-47.3806, -15.5669], [-47.3793, -15.5736], [-47.3765, -15.5767], [-47.3683, -15.5793], [-47.3621, -15.5779], [-47.3615, -15.5801], [-47.3593, -15.5804], [-47.3551, -15.5791], [-47.3497, -15.5807], [-47.3472, -15.5794], [-47.3345, -15.5878], [-47.3298, -15.5864], [-47.3275, -15.5897], [-47.3247, -15.5893], [-47.3234, -15.5865], [-47.3208, -15.5866], [-47.317, -15.5907], [-47.3172, -15.5936], [-47.3156, -15.5949], [-47.316, -15.5971], [-47.3222, -15.598], [-47.3234, -15.6055], [-47.3289, -15.6154], [-47.3284, -15.6195], [-47.3311, -15.6224], [-47.3301, -15.6236], [-47.332, -15.6285], [-47.3339, -15.6296], [-47.3307, -15.6358], [-47.3313, -15.6381], [-47.3295, -15.6397], [-47.3294, -15.6443], [-47.331, -15.6452], [-47.3273, -15.6472], [-47.327, -15.6492], [-47.3292, -15.6507], [-47.3266, -15.6526], [-47.3296, -15.6557], [-47.3281, -15.6578], [-47.3298, -15.6579], [-47.3278, -15.6591], [-47.3286, -15.6613], [-47.3268, -15.6614], [-47.327, -15.6634], [-47.3287, -15.6636], [-47.3265, -15.6656], [-47.3287, -15.6668], [-47.3261, -15.6694], [-47.3277, -15.6709], [-47.3279, -15.6776], [-47.3291, -15.6771], [-47.3279, -15.6786], [-47.3318, -15.6804], [-47.3315, -15.6835], [-47.3292, -15.6848], [-47.3281, -15.6834], [-47.3276, -15.6873], [-47.3298, -15.6879], [-47.3281, -15.6889], [-47.3217, -15.6892], [-47.3213, -15.6869], [-47.3203, -15.6872], [-47.3178, -15.6903], [-47.3184, -15.6923], [-47.3167, -15.692], [-47.3175, -15.6933], [-47.3161, -15.6951], [-47.3135, -15.6949], [-47.3125, -15.6973], [-47.3143, -15.7006], [-47.3135, -15.7035], [-47.3148, -15.7049], [-47.3133, -15.7063], [-47.3146, -15.7061], [-47.313, -15.707], [-47.3155, -15.71], [-47.3138, -15.711], [-47.3159, -15.713], [-47.3152, -15.7154], [-47.3197, -15.7178], [-47.3195, -15.7192], [-47.3208, -15.7186], [-47.321, -15.7213], [-47.3181, -15.725], [-47.3195, -15.7266], [-47.317, -15.7313], [-47.3181, -15.7329], [-47.3192, -15.7322], [-47.3192, -15.7355], [-47.3178, -15.7342], [-47.3173, -15.7367], [-47.3156, -15.7363], [-47.3137, -15.7381], [-47.315, -15.74], [-47.313, -15.7421], [-47.3153, -15.7428], [-47.3137, -15.7449], [-47.3145, -15.7479], [-47.3162, -15.7477], [-47.3165, -15.746], [-47.319, -15.7497], [-47.3179, -15.7505], [-47.32, -15.7531], [-47.3194, -15.7547], [-47.3226, -15.7545], [-47.3211, -15.7567], [-47.3237, -15.758], [-47.3243, -15.7619], [-47.3259, -15.761], [-47.3265, -15.7663], [-47.3286, -15.7658], [-47.3278, -15.7678], [-47.3293, -15.7669], [-47.3298, -15.7691], [-47.3274, -15.7721], [-47.3288, -15.7735], [-47.3295, -15.7725], [-47.3291, -15.7741], [-47.3315, -15.7737], [-47.3309, -15.78], [-47.3363, -15.7815], [-47.3353, -15.7854], [-47.3367, -15.7848], [-47.3369, -15.7862], [-47.3376, -15.785], [-47.3388, -15.7907], [-47.34, -15.7906], [-47.3389, -15.7912], [-47.3395, -15.795], [-47.3424, -15.7949], [-47.342, -15.7981], [-47.3441, -15.796], [-47.3449, -15.7987], [-47.346, -15.798], [-47.3447, -15.8001], [-47.3456, -15.803], [-47.3497, -15.8039], [-47.3481, -15.8059], [-47.3494, -15.8062], [-47.3485, -15.8082], [-47.3503, -15.8078], [-47.3501, -15.8102], [-47.353, -15.8137], [-47.3522, -15.8146], [-47.3544, -15.8141], [-47.3552, -15.816], [-47.353, -15.8182], [-47.3551, -15.8171], [-47.3561, -15.8188], [-47.3549, -15.8204], [-47.357, -15.8197], [-47.3546, -15.8215], [-47.3554, -15.8234], [-47.358, -15.8221], [-47.357, -15.8235], [-47.3585, -15.824], [-47.3608, -15.8215], [-47.3604, -15.8237], [-47.363, -15.8248], [-47.3623, -15.8274], [-47.3674, -15.8285], [-47.3659, -15.8305], [-47.3665, -15.8335], [-47.3649, -15.834], [-47.3663, -15.8346], [-47.366, -15.8375], [-47.3681, -15.8356], [-47.367, -15.8387], [-47.368, -15.838], [-47.368, -15.8401], [-47.3703, -15.8414], [-47.3683, -15.8424], [-47.3708, -15.8458], [-47.3689, -15.8473], [-47.3713, -15.848], [-47.3687, -15.8489], [-47.3681, -15.8532], [-47.3708, -15.8548], [-47.3696, -15.8554], [-47.3698, -15.8614], [-47.3744, -15.8643], [-47.3708, -15.865], [-47.3713, -15.8683], [-47.3733, -15.8693], [-47.3719, -15.8725], [-47.374, -15.873], [-47.372, -15.8741], [-47.3768, -15.8815], [-47.3807, -15.8812], [-47.377, -15.883], [-47.3788, -15.8842], [-47.379, -15.8865], [-47.377, -15.8881], [-47.378, -15.8915], [-47.3758, -15.8927], [-47.3757, -15.8952], [-47.3775, -15.8962], [-47.3747, -15.897], [-47.3755, -15.8998], [-47.3724, -15.9], [-47.3749, -15.9069], [-47.3723, -15.9065], [-47.3655, -15.9095], [-47.367, -15.9116], [-47.3683, -15.9108], [-47.3663, -15.9126], [-47.3693, -15.9176], [-47.3674, -15.9201], [-47.3688, -15.92], [-47.3691, -15.9206], [-47.3664, -15.9211], [-47.364, -15.9197], [-47.3612, -15.9257], [-47.3627, -15.9259], [-47.3621, -15.9292], [-47.3645, -15.93], [-47.3625, -15.9318], [-47.3659, -15.9307], [-47.3651, -15.9335], [-47.3681, -15.9331], [-47.369, -15.9352], [-47.372, -15.9353], [-47.3736, -15.9371], [-47.373, -15.9387], [-47.37, -15.9363], [-47.3726, -15.9406], [-47.3692, -15.941], [-47.3707, -15.943], [-47.3685, -15.9469], [-47.3714, -15.9467], [-47.3705, -15.9509], [-47.3724, -15.9536], [-47.3719, -15.9559], [-47.3751, -15.9566], [-47.3732, -15.9602], [-47.3786, -15.9622], [-47.3753, -15.9666], [-47.3762, -15.9689], [-47.3791, -15.9686], [-47.3768, -15.9712], [-47.379, -15.9733], [-47.3777, -15.9751], [-47.3791, -15.9778], [-47.3761, -15.9785], [-47.3754, -15.9806], [-47.3735, -15.9801], [-47.3765, -15.9821], [-47.3756, -15.9844], [-47.3772, -15.9866], [-47.3752, -15.986], [-47.373, -15.9946], [-47.3703, -15.9948], [-47.3691, -16.0033], [-47.3651, -16.0012], [-47.3654, -16.0043], [-47.3616, -16.0068], [-47.3592, -16.0057], [-47.3604, -16.008], [-47.3584, -16.0086], [-47.3486, -16.0062], [-47.3456, -16.0116], [-47.3384, -16.0134], [-47.3387, -16.015], [-47.3412, -16.0153], [-47.3397, -16.0169], [-47.3406, -16.0194], [-47.3374, -16.0174], [-47.3257, -16.0296], [-47.3254, -16.0271], [-47.3225, -16.0265], [-47.3169, -16.0362], [-47.31, -16.0363], [-47.3127, -16.0421], [-47.3085, -16.0421], [-47.3102, -16.0445], [-47.3085, -16.0457], [-47.31, -16.0485], [-47.3085, -16.05]]]}}, {"type": "Feature", "properties": {"metro_id": "BRM06", "metro_name": "Goiânia RM", "n_members": 20, "n_missing": 0, "n_states": 1, "states": "Goiás"}, "geometry": {"type": "Polygon", "coordinates": [[[-49.4847, -17.0211], [-49.4802, -17.0142], [-49.4761, -17.0004], [-49.4711, -16.9979], [-49.4685, -16.9935], [-49.4735, -16.9829], [-49.4792, -16.9812], [-49.485, -16.9793], [-49.4909, -16.9809], [-49.4908, -16.9835], [-49.5024, -16.998], [-49.5097, -17.0002], [-49.5125, -16.9994], [-49.5143, -16.9969], [-49.5184, -16.999], [-49.5223, -17.0035], [-49.5245, -17.0108], [-49.5238, -17.0141], [-49.5258, -17.0154], [-49.5253, -17.019], [-49.5227, -17.0191], [-49.522, -17.0208], [-49.5279, -17.0268], [-49.53, -17.0254], [-49.5319, -17.0264], [-49.5324, -17.025], [-49.5362, -17.0255], [-49.5365, -17.0296], [-49.5397, -17.033], [-49.5365, -17.0343], [-49.5418, -17.0369], [-49.5413, -17.0398], [-49.5397, -17.0406], [-49.5413, -17.0439], [-49.5464, -17.0464], [-49.548, -17.0437], [-49.5511, -17.0437], [-49.5488, -17.0416], [-49.5511, -17.0413], [-49.5504, -17.04], [-49.5543, -17.0369], [-49.5555, -17.0369], [-49.5561, -17.0398], [-49.5573, -17.039], [-49.561, -17.0415], [-49.5627, -17.0341], [-49.5669, -17.0342], [-49.5715, -17.0388], [-49.5758, -17.0399], [-49.5766, -17.0411], [-49.575, -17.0412], [-49.5746, -17.0457], [-49.5821, -17.053], [-49.5857, -17.054], [-49.5907, -17.0525], [-49.5923, -17.0554], [-49.5964, -17.057], [-49.5956, -17.0594], [-49.597, -17.0613], [-49.5993, -17.063], [-49.6, -17.0611], [-49.6017, -17.0614], [-49.6014, -17.0635], [-49.6048, -17.0661], [-49.6064, -17.0544], [-49.6108, -17.0562], [-49.6107, -17.0548], [-49.6146, -17.0545], [-49.6169, -17.0498], [-49.6186, -17.0494], [-49.6189, -17.0453], [-49.6213, -17.0393], [-49.624, -17.0377], [-49.6241, -17.0321], [-49.629, -17.0241], [-49.6293, -17.0187], [-49.6326, -17.0107], [-49.5937, -16.9523], [-49.5951, -16.9514], [-49.6019, -16.95], [-49.6086, -16.9542], [-49.6148, -16.953], [-49.625, -16.9555], [-49.6297, -16.9528], [-49.6347, -16.9564], [-49.641, -16.9557], [-49.6419, -16.9569], [-49.6445, -16.9563], [-49.6448, -16.9581], [-49.6553, -16.9545], [-49.6577, -16.9567], [-49.6614, -16.9549], [-49.672, -16.9578], [-49.6728, -16.955], [-49.678, -16.9551], [-49.6796, -16.9521], [-49.6843, -16.9515], [-49.6871, -16.9528], [-49.6897, -16.9514], [-49.692, -16.9525], [-49.6961, -16.9437], [-49.6997, -16.9414], [-49.7033, -16.9432], [-49.7048, -16.9464], [-49.7135, -16.949], [-49.7164, -16.9534], [-49.726, -16.9565], [-49.7294, -16.9552], [-49.7322, -16.9516], [-49.7386, -16.9533], [-49.742, -16.9568], [-49.745, -16.9543], [-49.7424, -16.9522], [-49.7425, -16.9492], [-49.748, -16.947], [-49.7487, -16.9452], [-49.7472, -16.9422], [-49.7437, -16.9424], [-49.7412, -16.9453], [-49.7375, -16.946], [-49.7345, -16.9437], [-49.7337, -16.9401], [-49.7358, -16.9375], [-49.7312, -16.9388], [-49.7287, -16.9379], [-49.7252, -16.9331], [-49.7253, -16.9294], [-49.7285, -16.9271], [-49.7266, -16.9244], [-49.7284, -16.9249], [-49.7276, -16.9235], [-49.7297, -16.9212], [-49.7315, -16.9216], [-49.7325, -16.9189], [-49.735, -16.9185], [-49.7326, -16.9163], [-49.7366, -16.9121], [-49.7309, -16.9071], [-49.7326, -16.9007], [-49.7239, -16.8954], [-49.7237, -16.8923], [-49.7207, -16.892], [-49.72, -16.8901], [-49.7158, -16.8898], [-49.7159, -16.8857], [-49.7132, -16.8804], [-49.7012, -16.8792], [-49.6995, -16.8828], [-49.6979, -16.882], [-49.6972, -16.8831], [-49.693, -16.8812], [-49.6931, -16.8792], [-49.6907, -16.8787], [-49.6901, -16.8762], [-49.6841, -16.8737], [-49.6814, -16.8753], [-49.6776, -16.8751], [-49.6739, -16.8729], [-49.6712, -16.8752], [-49.6645, -16.8759], [-49.6609, -16.8706], [-49.6588, -16.8709], [-49.6545, -16.8674], [-49.6531, -16.8639], [-49.6484, -16.8622], [-49.6483, -16.8607], [-49.6431, -16.8585], [-49.6423, -16.86], [-49.6383, -16.8603], [-49.6347, -16.8548], [-49.6307, -16.8543], [-49.6274, -16.8459], [-49.6245, -16.8466], [-49.621, -16.8431], [-49.6118, -16.8434], [-49.6095, -16.8419], [-49.6073, -16.8381], [-49.6087, -16.8362], [-49.6072, -16.8318], [-49.6045, -16.8267], [-49.6026, -16.8259], [-49.6039, -16.8225], [-49.5992, -16.8202], [-49.5996, -16.8175], [-49.5968, -16.8154], [-49.5986, -16.8022], [-49.5983976744186, -16.801997674418605], [-49.6037, -16.8033], [-49.6075, -16.8019], [-49.6118, -16.8037], [-49.6191, -16.8025], [-49.6202, -16.8049], [-49.6232, -16.804], [-49.6306, -16.806], [-49.6335, -16.8119], [-49.6349, -16.8118], [-49.6352, -16.8057], [-49.6384, -16.8004], [-49.6423, -16.7992], [-49.6399, -16.7862], [-49.6315, -16.7844], [-49.628, -16.7853], [-49.6175, -16.7793], [-49.6398, -16.7711], [-49.6363, -16.7658], [-49.6406, -16.7629], [-49.6503, -16.7625], [-49.6529, -16.7599], [-49.6553, -16.755], [-49.653, -16.7427], [-49.6591, -16.7318], [-49.6582, -16.7289], [-49.6629, -16.7299], [-49.6698, -16.7261], [-49.676, -16.7258], [-49.6717, -16.7182], [-49.6722, -16.7122], [-49.6747, -16.7087], [-49.6808, -16.7073], [-49.6821, -16.7023], [-49.6837, -16.7023], [-49.6837, -16.7004], [-49.6866, -16.6982], [-49.6877, -16.6938], [-49.6899, -16.6921], [-49.6917, -16.6809], [-49.6906, -16.6748], [-49.6878, -16.6736], [-49.6868, -16.6706], [-49.6838, -16.6718], [-49.6814, -16.67], [-49.6791, -16.6716], [-49.6754, -16.6693], [-49.6677, -16.6727], [-49.6658, -16.6693], [-49.6643, -16.6695], [-49.6656, -16.6667], [-49.663, -16.6663], [-49.6637, -16.6644], [-49.6563, -16.6626], [-49.6574, -16.6592], [-49.6564, -16.6579], [-49.6581, -16.6551], [-49.6573, -16.6505], [-49.6536, -16.6492], [-49.6542, -16.6467], [-49.653, -16.6464], [-49.6546, -16.6456], [-49.6557, -16.6397], [-49.6536, -16.6379], [-49.654, -16.6301], [-49.6512, -16.6296], [-49.6512, -16.625], [-49.6461, -16.6239], [-49.645, -16.6219], [-49.6461, -16.62], [-49.6427, -16.6186], [-49.6419, -16.6114], [-49.6345, -16.6042], [-49.6338, -16.6011], [-49.6364, -16.5972], [-49.6342, -16.5962], [-49.6335, -16.593], [-49.6294, -16.5907], [-49.6269, -16.5857], [-49.6219, -16.5843], [-49.6196, -16.5784], [-49.6124, -16.5763], [-49.6023, -16.5686], [-49.6018, -16.5591], [-49.5978, -16.559], [-49.5926, -16.5444], [-49.5951, -16.5437], [-49.5965, -16.5467], [-49.6026, -16.5504], [-49.6077, -16.5515], [-49.612, -16.5503], [-49.6184, -16.5539], [-49.6224, -16.5538], [-49.6378, -16.5425], [-49.6497, -16.5497], [-49.6511, -16.5493], [-49.6515, -16.5451], [-49.6551, -16.5437], [-49.6568, -16.5389], [-49.6597, -16.5371], [-49.6652, -16.5391], [-49.668, -16.5386], [-49.6707, -16.5348], [-49.6746, -16.5335], [-49.6807, -16.5362], [-49.6815, -16.5313], [-49.6868, -16.5292], [-49.6904, -16.5227], [-49.6958, -16.5211], [-49.6932, -16.5201], [-49.694, -16.5177], [-49.6888, -16.5092], [-49.69009081632653, -16.507392857142857], [-49.6911, -16.5077], [-49.6936, -16.5058], [-49.696, -16.5003], [-49.6929, -16.4953], [-49.6949, -16.4925], [-49.6917, -16.4917], [-49.6916, -16.4892], [-49.6942, -16.484], [-49.6943, -16.476], [-49.6968, -16.4741], [-49.6951, -16.4722], [-49.697, -16.4725], [-49.6969, -16.4709], [-49.695, -16.4699], [-49.6958, -16.4685], [-49.6925, -16.4682], [-49.6928, -16.466], [-49.69, -16.4629], [-49.6919, -16.4599], [-49.6897, -16.4593], [-49.6892, -16.4575], [-49.6961, -16.4526], [-49.6941, -16.4507], [-49.695, -16.4468], [-49.6901, -16.4455], [-49.6895, -16.4425], [-49.6872, -16.4423], [-49.6846, -16.4394], [-49.6857, -16.4386], [-49.6832, -16.4344], [-49.6846, -16.4334], [-49.6813, -16.4273], [-49.6833, -16.4248], [-49.6775, -16.4233], [-49.6744, -16.4294], [-49.6694, -16.4305], [-49.6666, -16.4276], [-49.6644, -16.4286], [-49.6599, -16.4273], [-49.65913246606335, -16.42770045248869], [-49.6551, -16.4262], [-49.6547, -16.4238], [-49.6588, -16.4196], [-49.6581, -16.4178], [-49.661, -16.4128], [-49.6604, -16.4108], [-49.6659, -16.4067], [-49.6634, -16.4044], [-49.6623, -16.3966], [-49.6593, -16.3955], [-49.6579, -16.3923], [-49.6603, -16.3916], [-49.6586, -16.3888], [-49.6616, -16.3875], [-49.6599, -16.3831], [-49.6581, -16.3824], [-49.6597, -16.3785], [-49.6575, -16.378], [-49.6579, -16.3751], [-49.6563, -16.3734], [-49.6583, -16.3716], [-49.6586, -16.3688], [-49.6532, -16.3589], [-49.6542, -16.3564], [-49.6531, -16.3549], [-49.6548, -16.3529], [-49.6529, -16.3506], [-49.6547, -16.3452], [-49.653, -16.3424], [-49.6545, -16.3387], [-49.6523, -16.3332], [-49.6529, -16.331], [-49.6495, -16.3304], [-49.6493, -16.3233], [-49.6424, -16.3206], [-49.6415, -16.3175], [-49.6391, -16.3163], [-49.6364, -16.3167], [-49.6355, -16.3137], [-49.6283, -16.3161], [-49.6273, -16.3077], [-49.6291, -16.3043], [-49.6244, -16.3024], [-49.6214, -16.2896], [-49.6246, -16.2863], [-49.6244, -16.2815], [-49.6391, -16.2441], [-49.6427, -16.2394], [-49.6416, -16.2354], [-49.6433, -16.2321], [-49.6504, -16.2275], [-49.6552, -16.2216], [-49.6516, -16.2209], [-49.6435, -16.2261], [-49.6371, -16.2278], [-49.6327, -16.2271], [-49.6278, -16.2304], [-49.624, -16.2274], [-49.619, -16.2322], [-49.6139, -16.2299], [-49.6111, -16.2305], [-49.61, -16.2284], [-49.604, -16.2284], [-49.5996, -16.225], [-49.5937, -16.2263], [-49.5878, -16.2216], [-49.5863, -16.2151], [-49.5477, -16.1811], [-49.4567, -16.2129], [-49.455, -16.2175], [-49.4568, -16.2186], [-49.4567, -16.2213], [-49.4551, -16.2216], [-49.4547, -16.2257], [-49.4516, -16.2232], [-49.4485, -16.223], [-49.4432, -16.2174], [-49.4374, -16.2163], [-49.4363, -16.2146], [-49.4343, -16.2154], [-49.4324, -16.2132], [-49.4276, -16.2136], [-49.4231, -16.211], [-49.4215, -16.2083], [-49.4162, -16.206], [-49.4118, -16.2015], [-49.4046, -16.1986], [-49.403, -16.1944], [-49.3973, -16.204], [-49.3907, -16.1996], [-49.3826, -16.1979], [-49.3803, -16.2017], [-49.3755, -16.2045], [-49.3702, -16.205], [-49.3697, -16.2117], [-49.3681, -16.2141], [-49.37, -16.2188], [-49.3716, -16.2194], [-49.3684, -16.223], [-49.3704, -16.2331], [-49.3683, -16.237], [-49.3727, -16.2412], [-49.3703, -16.2436], [-49.3695, -16.248], [-49.3734, -16.2505], [-49.3712, -16.2534], [-49.3728, -16.2578], [-49.3715, -16.2593], [-49.3737, -16.2628], [-49.3721, -16.2661], [-49.3755, -16.269], [-49.373, -16.2728], [-49.3742, -16.2747], [-49.372, -16.2794], [-49.3793, -16.2837], [-49.3769, -16.287], [-49.3785, -16.2917], [-49.3757, -16.2952], [-49.3784, -16.2984], [-49.3779, -16.3008], [-49.3761, -16.3014], [-49.3765, -16.3047], [-49.3798, -16.306], [-49.3766, -16.3056], [-49.3752, -16.3071], [-49.3719, -16.3033], [-49.3687, -16.3025], [-49.3604, -16.3053], [-49.3524, -16.3053], [-49.3501, -16.2976], [-49.3473, -16.294], [-49.3334, -16.2871], [-49.3444, -16.2696], [-49.3402, -16.2716], [-49.3312, -16.2722], [-49.3246, -16.2802], [-49.3165, -16.2818], [-49.3172, -16.2856], [-49.3155, -16.2884], [-49.3198, -16.2986], [-49.3196, -16.3035], [-49.3178, -16.3048], [-49.3202, -16.3101], [-49.3122, -16.3142], [-49.3084, -16.3126], [-49.3062, -16.3092], [-49.2941, -16.3223], [-49.228, -16.3197], [-49.225, -16.3265], [-49.2208, -16.3277], [-49.2197, -16.333], [-49.2157, -16.3342], [-49.2144, -16.3395], [-49.2115, -16.3413], [-49.2015, -16.3402], [-49.1986, -16.3445], [-49.1934, -16.3464], [-49.1897, -16.3485], [-49.1821, -16.3457], [-49.1779, -16.3476], [-49.1779, -16.3528], [-49.1796, -16.356], [-49.1775, -16.3606], [-49.1612, -16.3784], [-49.1535, -16.3884], [-49.1536, -16.3903], [-49.1329, -16.4065], [-49.13, -16.4163], [-49.1241, -16.4186], [-49.1208, -16.4242], [-49.1167, -16.4231], [-49.1146, -16.4269], [-49.1119, -16.4266], [-49.11318051948051, -16.429838961038943], [-49.1117, -16.4271], [-49.104, -16.4233], [-49.1056, -16.4215], [-49.1033, -16.418], [-49.0966, -16.4158], [-49.0986, -16.4143], [-49.0988, -16.4104], [-49.0974, -16.4097], [-49.0988, -16.4052], [-49.0954, -16.404], [-49.0951, -16.4002], [-49.0973, -16.3966], [-49.0962, -16.3944], [-49.0995, -16.3932], [-49.1014, -16.3868], [-49.0985, -16.3843], [-49.0962, -16.3864], [-49.0926, -16.3808], [-49.0912, -16.3809], [-49.0916, -16.3841], [-49.0899, -16.3856], [-49.085, -16.3841], [-49.0792, -16.388], [-49.0787, -16.3866], [-49.0749, -16.387], [-49.0748, -16.3835], [-49.0714, -16.3832], [-49.0692, -16.3777], [-49.067, -16.3763], [-49.06, -16.3779], [-49.0574, -16.3742], [-49.0542, -16.3768], [-49.0496, -16.3747], [-49.0479, -16.3771], [-49.0487, -16.3807], [-49.0405, -16.3898], [-49.0414, -16.3978], [-49.034, -16.4025], [-49.0317, -16.4015], [-49.0277, -16.403], [-49.0246, -16.4121], [-49.021, -16.4141], [-49.0166, -16.4033], [-49.0098, -16.3976], [-49.0015, -16.4008], [-48.9984, -16.3996], [-48.9927, -16.4028], [-48.9811, -16.3997], [-48.9821, -16.4054], [-48.9982, -16.4876], [-48.9967, -16.4881], [-48.9967, -16.4915], [-49.0018, -16.4965], [-49.0014, -16.4989], [-49.0032, -16.501], [-49.0023, -16.507], [-49.0004, -16.508], [-48.9997, -16.5108], [-49.0011, -16.5173], [-48.9956, -16.5213], [-48.9968, -16.5255], [-48.9945, -16.527], [-48.9942, -16.5296], [-48.999516788856305, -16.528977822580643], [-48.9963, -16.5321], [-48.9964, -16.5362], [-49.0004, -16.5415], [-49.0031, -16.5422], [-49.0035, -16.5462], [-49.006, -16.5456], [-49.008, -16.5478], [-49.0075, -16.5536], [-49.0089, -16.5558], [-49.0046, -16.5564], [-49.0061, -16.5577], [-49.0039, -16.5602], [-49.0047, -16.5631], [-49.0019, -16.5647], [-49.0001, -16.5703], [-48.9927, -16.5791], [-48.9953, -16.5849], [-48.9946, -16.5882], [-48.9901, -16.5868], [-48.9881, -16.5823], [-48.9822, -16.5786], [-48.9819, -16.576], [-48.9774, -16.5722], [-48.9738, -16.5662], [-48.9711, -16.5664], [-48.9692, -16.5648], [-48.9675, -16.5673], [-48.9646, -16.5664], [-48.9618, -16.5699], [-48.9467, -16.6058], [-48.9438, -16.6097], [-48.9347, -16.6179], [-48.9252, -16.6207], [-48.9215, -16.6244], [-48.9179, -16.6229], [-48.9253, -16.6349], [-48.9331, -16.628], [-48.9418, -16.6301], [-48.9502, -16.6287], [-48.9588, -16.6336], [-48.96, -16.6367], [-48.9643, -16.6387], [-48.9657, -16.6427], [-48.9797, -16.6512], [-48.9896, -16.6447], [-48.9948, -16.6384], [-49.0017, -16.6378], [-49.0043, -16.6358], [-49.0041, -16.6388], [-49.0028, -16.6392], [-49.0052, -16.6478], [-49.0045, -16.65], [-49.008, -16.6524], [-49.0082, -16.6549], [-49.01223493756504, -16.6600174817898], [-49.01213487261146, -16.660061146496815], [-49.0106, -16.6597], [-49.0096, -16.6635], [-49.0066, -16.6639], [-48.9955, -16.6708], [-48.9935, -16.6744], [-48.9848, -16.6804], [-48.9794, -16.6896], [-48.9754, -16.6929], [-48.92, -16.6924], [-48.915, -16.6828], [-48.905, -16.6723], [-48.9029, -16.6649], [-48.8878, -16.653], [-48.8764, -16.6394], [-48.8584, -16.6309], [-48.8491, -16.6353], [-48.8485, -16.6404], [-48.8524, -16.6457], [-48.8549, -16.6524], [-48.8522, -16.6568], [-48.8529, -16.6581], [-48.8569, -16.6556], [-48.8629, -16.6582], [-48.868, -16.6577], [-48.8689, -16.659], [-48.8722, -16.6568], [-48.8763, -16.665], [-48.8791, -16.6645], [-48.8808, -16.6723], [-48.8831, -16.673], [-48.8838, -16.6756], [-48.8875, -16.6784], [-48.8887, -16.6856], [-48.8911, -16.6887], [-48.8903, -16.6902], [-48.8973, -16.6943], [-48.8986, -16.6983], [-48.8967, -16.7005], [-48.8986, -16.6994], [-48.9016, -16.7002], [-48.9, -16.7038], [-48.9046, -16.7115], [-48.9045, -16.7143], [-48.9058, -16.714], [-48.9076, -16.7172], [-48.91, -16.7165], [-48.9094, -16.7198], [-48.9136, -16.7186], [-48.9158, -16.7198], [-48.9168, -16.7246], [-48.9137, -16.7283], [-48.9136, -16.7327], [-48.9106, -16.731], [-48.9081, -16.7361], [-48.9052, -16.7379], [-48.8958, -16.7347], [-48.8925, -16.7359], [-48.8912, -16.7341], [-48.8902, -16.7384], [-48.8865, -16.7384], [-48.8833, -16.7419], [-48.8792, -16.7414], [-48.8788, -16.7442], [-48.8801, -16.7449], [-48.8766, -16.7457], [-48.8776, -16.7477], [-48.8721, -16.7495], [-48.8693, -16.7531], [-48.8677, -16.7525], [-48.8673, -16.7561], [-48.864, -16.7577], [-48.8681, -16.7676], [-48.8895, -16.7962], [-48.8561, -16.7516], [-48.854, -16.7513], [-48.8516, -16.7559], [-48.8492, -16.7551], [-48.8451, -16.7567], [-48.8442, -16.759], [-48.8413, -16.7599], [-48.8403, -16.7628], [-48.8345, -16.7629], [-48.8296, -16.7662], [-48.8301, -16.7731], [-48.8247, -16.7789], [-48.8273, -16.7853], [-48.8349, -16.784], [-48.837, -16.7847], [-48.8375, -16.7873], [-48.8332, -16.7878], [-48.8334, -16.7894], [-48.8303, -16.7914], [-48.8274, -16.7972], [-48.8123, -16.794], [-48.8018, -16.7968], [-48.7979, -16.802], [-48.7979, -16.8059], [-48.7895, -16.8103], [-48.7937, -16.8152], [-48.7902, -16.8171], [-48.7874, -16.8223], [-48.7927, -16.8298], [-48.7879, -16.8368], [-48.7951, -16.8536], [-48.7936, -16.8576], [-48.7939, -16.8639], [-48.7994, -16.8704], [-48.7991, -16.8736], [-48.8007, -16.8753], [-48.7976, -16.8819], [-48.7975, -16.8856], [-48.8009, -16.9114], [-48.8046, -16.9158], [-48.7963, -16.9137], [-48.7868, -16.9163], [-48.7857, -16.9211], [-48.7793, -16.9221], [-48.7803, -16.9305], [-48.779, -16.93], [-48.7761, -16.9331], [-48.7732, -16.939], [-48.769, -16.939], [-48.7666, -16.9419], [-48.7681, -16.9503], [-48.7718, -16.9542], [-48.772, -16.962], [-48.7752, -16.9646], [-48.777, -16.9642], [-48.7801, -16.9734], [-48.7733, -16.988], [-48.7698, -16.9889], [-48.7662, -16.9927], [-48.7688, -16.9989], [-48.7765, -17.0071], [-48.7703, -17.0123], [-48.7503, -17.0203], [-48.7387, -17.0303], [-48.7266, -17.0328], [-48.7136, -17.042], [-48.7136, -17.0442], [-48.708, -17.0489], [-48.7061, -17.0634], [-48.7092, -17.0777], [-48.7027, -17.0892], [-48.6988, -17.0925], [-48.6846, -17.0956], [-48.6792, -17.1028], [-48.6813, -17.1113], [-48.6818, -17.1179], [-48.6807, -17.1178], [-48.6805, -17.1205], [-48.6735, -17.1185], [-48.6739, -17.1207], [-48.6642, -17.1243], [-48.6608, -17.1219], [-48.6555, -17.1252], [-48.6547, -17.1237], [-48.651, -17.1238], [-48.6504, -17.1265], [-48.6454, -17.1247], [-48.6452, -17.1262], [-48.6433, -17.1262], [-48.6427, -17.1292], [-48.64, -17.1299], [-48.6375, -17.1346], [-48.6395, -17.1361], [-48.6383, -17.137], [-48.6404, -17.1397], [-48.6393, -17.1405], [-48.6444, -17.1449], [-48.644, -17.1476], [-48.6487, -17.1486], [-48.6468, -17.152], [-48.6408, -17.1559], [-48.6429, -17.1584], [-48.6426, -17.1617], [-48.6405, -17.1653], [-48.6395, -17.1642], [-48.6378, -17.1652], [-48.6425, -17.1733], [-48.6403, -17.1767], [-48.6414, -17.1787], [-48.6432, -17.1784], [-48.6424, -17.1816], [-48.6471, -17.1856], [-48.6498, -17.181], [-48.6546, -17.178], [-48.6629, -17.1771], [-48.6674, -17.1738], [-48.6672, -17.1696], [-48.6745, -17.1664], [-48.6746, -17.164], [-48.6794, -17.1641], [-48.6798, -17.1664], [-48.6897, -17.1646], [-48.6931, -17.1619], [-48.699, -17.1623], [-48.7047, -17.1598], [-48.7233, -17.1585], [-48.7305, -17.1612], [-48.735, -17.1691], [-48.7645, -17.17], [-48.77, -17.1771], [-48.7848, -17.1866], [-48.7889, -17.194], [-48.7944, -17.1954], [-48.8168, -17.1363], [-48.8245, -17.1227], [-48.8253, -17.1168], [-48.8276, -17.1145], [-48.8285, -17.1065], [-48.8414, -17.0862], [-48.8404, -17.0803], [-48.8438, -17.0729], [-48.8426, -17.0673], [-48.844, -17.0618], [-48.8487, -17.0561], [-48.8568, -17.0536], [-48.8611, -17.0485], [-48.867, -17.0496], [-48.8772, -17.0474], [-48.8869, -17.0479], [-48.8962, -17.0528], [-48.9019, -17.0607], [-48.9092, -17.0644], [-48.9184, -17.0587], [-48.9235, -17.059], [-48.9342, -17.067], [-48.9346, -17.0693], [-48.938, -17.07], [-48.9373, -17.074], [-48.9388, -17.0742], [-48.9406, -17.0784], [-48.9558, -17.0736], [-48.9605, -17.0745], [-48.9625, -17.0861], [-48.9824, -17.0924], [-48.9865, -17.0882], [-49.004, -17.0782], [-49.0116, -17.0719], [-49.0139, -17.0676], [-49.0267, -17.0696], [-49.0354, -17.0667], [-49.0372, -17.0641], [-49.0374, -17.0568], [-49.0426, -17.0531], [-49.0543, -17.0527], [-49.062, -17.0579], [-49.0747, -17.0623], [-49.0843, -17.0606], [-49.0858, -17.0579], [-49.086347811256395, -17.05757731665719], [-49.0837, -17.0615], [-49.0839, -17.0644], [-49.0877, -17.0655], [-49.0861, -17.0678], [-49.0897, -17.0779], [-49.0908, -17.0782], [-49.0925, -17.0723], [-49.0948, -17.0744], [-49.0967, -17.0738], [-49.1078, -17.0778], [-49.1088, -17.0816], [-49.1068, -17.0913], [-49.1081, -17.0945], [-49.1125, -17.0962], [-49.1191, -17.0962], [-49.1211, -17.1063], [-49.1187, -17.1072], [-49.1173, -17.1046], [-49.1163, -17.1058], [-49.1193, -17.1117], [-49.118, -17.1141], [-49.1196, -17.1181], [-49.1173, -17.1186], [-49.1165, -17.1219], [-49.1123, -17.1211], [-49.1078, -17.1246], [-49.1096, -17.1355], [-49.1274, -17.1319], [-49.1322, -17.1268], [-49.1391, -17.1277], [-49.1447, -17.1312], [-49.1467, -17.1276], [-49.1559, -17.122], [-49.1676, -17.1222], [-49.175, -17.1195], [-49.1785, -17.1219], [-49.1785, -17.1278], [-49.1805, -17.131], [-49.185, -17.1347], [-49.1924, -17.1366], [-49.1985, -17.1216], [-49.2048, -17.1205], [-49.2044, -17.1171], [-49.2066, -17.1171], [-49.2087, -17.1107], [-49.2107, -17.111], [-49.2117, -17.1026], [-49.2142, -17.1001], [-49.2156, -17.1018], [-49.2171, -17.0997], [-49.2146, -17.097], [-49.218, -17.0882], [-49.222, -17.0859], [-49.2239, -17.0825], [-49.2352, -17.0827], [-49.2395, -17.0857], [-49.2445, -17.0862], [-49.2491, -17.0898], [-49.2675, -17.0945], [-49.2679, -17.0969], [-49.2716, -17.0977], [-49.2741, -17.101], [-49.2806, -17.1028], [-49.2838, -17.1075], [-49.2917, -17.1098], [-49.2952, -17.109], [-49.3045, -17.1172], [-49.3046, -17.1189], [-49.3158, -17.1251], [-49.3175, -17.1287], [-49.3276, -17.1291], [-49.3354, -17.134], [-49.3403, -17.1335], [-49.3602, -17.1411], [-49.3686, -17.142], [-49.3783, -17.1477], [-49.3784, -17.1506], [-49.3833, -17.1516], [-49.3838, -17.1532], [-49.3907, -17.1565], [-49.4073, -17.161], [-49.4133, -17.1567], [-49.4306, -17.1603], [-49.4352, -17.1436], [-49.441, -17.1399], [-49.4559, -17.1469], [-49.457, -17.1502], [-49.4549, -17.1534], [-49.4562, -17.1604], [-49.462, -17.1667], [-49.4667, -17.1639], [-49.4758, -17.1626], [-49.4842, -17.1586], [-49.4896, -17.161], [-49.4895, -17.1546], [-49.48, -17.1441], [-49.4821, -17.1365], [-49.4807, -17.133], [-49.4902, -17.1251], [-49.497, -17.1225], [-49.4903, -17.119], [-49.48, -17.1095], [-49.4751, -17.109], [-49.4756, -17.1022], [-49.4733, -17.0946], [-49.4798, -17.0885], [-49.4839, -17.0814], [-49.4825, -17.0804], [-49.4856, -17.0784], [-49.4855, -17.0744], [-49.4906, -17.0672], [-49.4906, -17.063], [-49.4929, -17.0622], [-49.4939, -17.0596], [-49.4914, -17.0527], [-49.4866, -17.0515], [-49.4823, -17.0472], [-49.4818, -17.0385], [-49.4786, -17.0333], [-49.4836, -17.0227], [-49.4812, -17.0231], [-49.4847, -17.0211]], [[-49.3817, -16.3094], [-49.381638383838386, -16.309584848484853], [-49.3798, -16.306], [-49.3817, -16.3094]], [[-49.3836, -16.8619], [-49.3811, -16.8649], [-49.383571830985915, -16.86185774647887], [-49.3836, -16.8619]], [[-49.373703799496454, -16.873411558709087], [-49.3737, -16.8731], [-49.3788, -16.8712], [-49.373703799496454, -16.873411558709087]], [[-49.3675, -16.8913], [-49.367443357539514, -16.891314523707816], [-49.3709, -16.8845], [-49.3675, -16.8913]], [[-49.3636, -16.8923], [-49.36451951731374, -16.89110062959077], [-49.364266621803495, -16.892129071332437], [-49.3636, -16.8923]], [[-49.3624, -16.8998], [-49.3597, -16.898], [-49.359718336162985, -16.897912903225805], [-49.3624, -16.8998]], [[-49.3632, -16.9212], [-49.3625, -16.9191], [-49.36261344827586, -16.91904931034483], [-49.3632, -16.9212]], [[-49.3664, -16.9241], [-49.366303165735566, -16.92419441340782], [-49.3612, -16.9239], [-49.361335009927195, -16.923717736598277], [-49.3664, -16.9241]], [[-49.3676, -16.9664], [-49.36762809917356, -16.966671625344354], [-49.3654, -16.9676], [-49.3676, -16.9664]], [[-49.371, -16.9715], [-49.37095135135135, -16.97173243243244], [-49.3696, -16.9693], [-49.371, -16.9715]], [[-49.3684, -17.004464864864865], [-49.3684, -17.0041], [-49.372, -17.0032], [-49.3684, -17.004464864864865]], [[-49.369323340961095, -17.007038672768875], [-49.3684, -17.0063], [-49.3684, -17.004748076923086], [-49.369323340961095, -17.007038672768875]], [[-49.3735, -17.0174], [-49.37394307692308, -17.021092307692307], [-49.3695, -17.0094], [-49.37008873002523, -17.008937426408746], [-49.3735, -17.0174]], [[-49.375, -17.0299], [-49.37491983731304, -17.029909866176858], [-49.374944047619046, -17.029433730158715], [-49.375, -17.0299]], [[-49.366279536679535, -17.037015057915053], [-49.3658, -17.0365], [-49.365925978090765, -17.036456807511737], [-49.366279536679535, -17.037015057915053]], [[-49.3753, -17.0395], [-49.3685, -17.0394], [-49.368252235294115, -17.039133882352942], [-49.3753, -17.0395]], [[-49.24805652173913, -16.333173913043478], [-49.2473, -16.3326], [-49.2477, -16.3305], [-49.24805652173913, -16.333173913043478]], [[-49.2504972972973, -16.33469864864865], [-49.2502, -16.3348], [-49.249233333333336, -16.33406666666667], [-49.2504972972973, -16.33469864864865]], [[-49.2549, -16.3334], [-49.25506393210749, -16.333526308345117], [-49.254843564356435, -16.333418811881188], [-49.2549, -16.3334]], [[-49.2582, -16.3451], [-49.25, -16.3513], [-49.25827108013937, -16.344922299651564], [-49.2582, -16.3451]], [[-49.21769356984479, -16.447052106430153], [-49.2179, -16.4469], [-49.2272, -16.4447], [-49.21769356984479, -16.447052106430153]], [[-49.21392876434842, -16.45145516542876], [-49.2141, -16.4497], [-49.21730372340426, -16.447339361702127], [-49.21392876434842, -16.45145516542876]], [[-49.2178, -16.4603], [-49.2137, -16.4538], [-49.21379418386492, -16.45283461538462], [-49.2178, -16.4603]], [[-49.2512, -16.49], [-49.2525, -16.4989], [-49.25113825363825, -16.490048648648646], [-49.2512, -16.49]], [[-49.26342478540772, -16.515895278969957], [-49.2634, -16.5159], [-49.2613, -16.5122], [-49.26342478540772, -16.515895278969957]], [[-49.2736, -16.5191], [-49.2677, -16.5185], [-49.26757934655776, -16.518335472578762], [-49.2736, -16.5191]], [[-49.282525288562425, -16.530579853095485], [-49.2796, -16.5292], [-49.278812967581054, -16.52787516209477], [-49.282525288562425, -16.530579853095485]], [[-49.2876, -16.5252], [-49.2849, -16.5317], [-49.284378288868446, -16.531453909843606], [-49.2876, -16.5252]], [[-49.3104, -16.5299], [-49.310936678781104, -16.530509561084706], [-49.3037, -16.5307], [-49.3104, -16.5299]], [[-49.3185, -16.5391], [-49.3145, -16.5361], [-49.311987437185934, -16.531703015075387], [-49.3185, -16.5391]], [[-49.3264, -16.5487], [-49.32648455958549, -16.549112227979272], [-49.3213, -16.547], [-49.3264, -16.5487]], [[-49.32799420289855, -16.556471739130437], [-49.32781997439181, -16.557125096030727], [-49.3278, -16.5571], [-49.32711724137932, -16.552196551724183], [-49.32799420289855, -16.556471739130437]], [[-49.376, -16.5793], [-49.37602862490641, -16.57934339905166], [-49.3653, -16.5758], [-49.376, -16.5793]], [[-49.3947, -16.5954], [-49.3917891891892, -16.597825675675672], [-49.3918, -16.5978], [-49.3947, -16.5954]], [[-49.38942874251497, -16.610644311377246], [-49.3894, -16.6106], [-49.391, -16.6076], [-49.38942874251497, -16.610644311377246]], [[-49.38863652173914, -16.64707913043479], [-49.3878, -16.6465], [-49.38782314911366, -16.64613733055266], [-49.38863652173914, -16.64707913043479]], [[-49.3889, -16.6427], [-49.3891, -16.6474], [-49.38899642276423, -16.647328292682932], [-49.3889, -16.6427]], [[-49.4446, -16.7177], [-49.4465, -16.7229], [-49.4443, -16.7175], [-49.4361, -16.7206], [-49.4299, -16.7193], [-49.4362, -16.7205], [-49.4469, -16.7164], [-49.4446, -16.7177]], [[-49.41564999999999, -16.735525000000006], [-49.416, -16.735], [-49.4237, -16.7315], [-49.41564999999999, -16.735525000000006]], [[-49.41233378378378, -16.74058918918919], [-49.4124, -16.7404], [-49.41352000000004, -16.738719999999933], [-49.41233378378378, -16.74058918918919]], [[-49.38446622340425, -16.832610904255315], [-49.3793, -16.8302], [-49.3841, -16.8319], [-49.38446622340425, -16.832610904255315]], [[-49.3858, -16.8352], [-49.38569395770393, -16.835265256797584], [-49.38562277992278, -16.83485598455598], [-49.3858, -16.8352]], [[-49.68631097560976, -16.504319512195124], [-49.68652966507177, -16.504555023923437], [-49.6863, -16.5044], [-49.68631097560976, -16.504319512195124]], [[-49.6805, -16.5011], [-49.6808, -16.5022], [-49.674864170506915, -16.500782488479263], [-49.6805, -16.5011]], [[-49.6734, -16.5007], [-49.67387940580689, -16.50072700877785], [-49.6708, -16.5025], [-49.6734, -16.5007]], [[-49.6654, -16.4987], [-49.6657, -16.5008], [-49.6649788249694, -16.49908720930232], [-49.6654, -16.4987]], [[-49.619, -16.4881], [-49.62027278106509, -16.48948591715976], [-49.61980397553517, -16.489415596330275], [-49.619, -16.4881]], [[-49.60880726643599, -16.492579238754324], [-49.60895063829788, -16.492551489361702], [-49.6088, -16.4926], [-49.60880726643599, -16.492579238754324]], [[-49.5972, -16.4919], [-49.59974494382023, -16.493257303370786], [-49.5997, -16.4935], [-49.5972, -16.4919]], [[-49.596558139534885, -16.489458139534886], [-49.596063905325444, -16.492505917159765], [-49.5957, -16.4927], [-49.596558139534885, -16.489458139534886]], [[-49.5966, -16.4892], [-49.5965836858006, -16.48930060422961], [-49.5939, -16.4894], [-49.5966, -16.4892]], [[-49.5925, -16.486], [-49.592549677419356, -16.48612064516129], [-49.5887, -16.4877], [-49.5925, -16.486]], [[-49.576085185185185, -16.497593518518517], [-49.5792, -16.4937], [-49.5773, -16.4971], [-49.576085185185185, -16.497593518518517]], [[-49.57328187863674, -16.497495760598504], [-49.575023454039, -16.498024846796657], [-49.5741, -16.4984], [-49.57328187863674, -16.497495760598504]], [[-49.519751219512194, -16.498714634146342], [-49.5212, -16.4963], [-49.5198, -16.4988], [-49.519751219512194, -16.498714634146342]], [[-49.5141, -16.4939], [-49.5153, -16.4974], [-49.519, -16.4974], [-49.5153, -16.4975], [-49.5141, -16.4939]], [[-49.511, -16.4906], [-49.511282648401824, -16.494651293759514], [-49.5111, -16.4947], [-49.511, -16.4906]], [[-49.44457813333334, -16.453210133333332], [-49.4592, -16.459], [-49.4444, -16.4537], [-49.44457813333334, -16.453210133333332]], [[-49.4475, -16.4457], [-49.44630000000002, -16.44847499999994], [-49.447514285714284, -16.445135714285726], [-49.4475, -16.4457]], [[-49.4585234375, -16.43457195723684], [-49.4578, -16.4356], [-49.447874539170506, -16.43776198156682], [-49.447875085324235, -16.437747781569964], [-49.4585234375, -16.43457195723684]], [[-49.4459, -16.429], [-49.445927972972974, -16.429136756756762], [-49.4378, -16.422], [-49.4459, -16.429]], [[-49.421731387808045, -16.405540077821012], [-49.4217, -16.4056], [-49.421419463087254, -16.40545234899329], [-49.421731387808045, -16.405540077821012]], [[-49.41836702269693, -16.406551001335114], [-49.4191, -16.4048], [-49.419690201729104, -16.404965994236314], [-49.4192, -16.4066], [-49.41836702269693, -16.406551001335114]], [[-49.40297211981567, -16.426361981566824], [-49.4008, -16.4234], [-49.4031, -16.4262], [-49.40297211981567, -16.426361981566824]], [[-49.401590909090906, -16.42809090909091], [-49.40190000000007, -16.42771999999992], [-49.4016, -16.4281], [-49.401590909090906, -16.42809090909091]], [[-49.3919, -16.4359], [-49.39251395348838, -16.43492790697673], [-49.391960721868365, -16.435984076433122], [-49.3919, -16.4359]], [[-49.3912, -16.4401], [-49.39124991087344, -16.439907486631018], [-49.3932, -16.4402], [-49.3912, -16.4401]], [[-49.3234, -16.4378], [-49.3446, -16.4476], [-49.3227409504025, -16.437743910672552], [-49.3234, -16.4378]], [[-49.3451092131809, -16.517955682582382], [-49.3478, -16.5144], [-49.3454, -16.5179], [-49.3451092131809, -16.517955682582382]], [[-49.3396, -16.5209], [-49.33964230769231, -16.520823076923076], [-49.33976618705036, -16.520930215827338], [-49.3396, -16.5209]], [[-49.343160910031024, -16.52392461220269], [-49.34310598911071, -16.523818693284937], [-49.3432, -16.5239], [-49.343160910031024, -16.52392461220269]], [[-49.3405, -16.5255], [-49.34185, -16.52475], [-49.340600934579435, -16.52553644859813], [-49.3405, -16.5255]], [[-49.344090243902436, -16.526941463414634], [-49.344093271028036, -16.52689757009346], [-49.3441, -16.5269], [-49.344090243902436, -16.526941463414634]], [[-49.34316056338028, -16.530122535211266], [-49.34336990291262, -16.53000291262136], [-49.3433, -16.5303], [-49.34316056338028, -16.530122535211266]], [[-49.34100918499353, -16.54734191461837], [-49.3384, -16.5428], [-49.3411, -16.5473], [-49.34100918499353, -16.54734191461837]], [[-49.3359, -16.5505], [-49.33598160237389, -16.550552225519287], [-49.3326, -16.5549], [-49.3359, -16.5505]], [[-49.411, -16.852], [-49.387856134523574, -16.833090969483088], [-49.3882, -16.8332], [-49.411, -16.852]], [[-49.593095285584766, -16.785069537624658], [-49.5877, -16.7835], [-49.5931, -16.785], [-49.593095285584766, -16.785069537624658]], [[-49.5834, -16.7756], [-49.58183908045977, -16.772868390804597], [-49.582, -16.7729], [-49.5834, -16.7756]], [[-49.5784, -16.77219285714286], [-49.5763696969697, -16.771830303030303], [-49.5764, -16.7718], [-49.5784, -16.77219285714286]], [[-49.57598108108108, -16.772218918918917], [-49.5681, -16.7873], [-49.5736, -16.7746], [-49.57598108108108, -16.772218918918917]], [[-49.5089, -16.8034], [-49.5059, -16.8042], [-49.505796969696966, -16.804078787878787], [-49.5089, -16.8034]], [[-49.4645, -16.8462], [-49.46026111111111, -16.850525396825397], [-49.4617, -16.848], [-49.4645, -16.8462]], [[-49.459174475955614, -16.852432552404437], [-49.4567, -16.8596], [-49.4568, -16.8566], [-49.459174475955614, -16.852432552404437]], [[-49.45320648523451, -16.861570700636943], [-49.4528, -16.8618], [-49.4421, -16.8595], [-49.45320648523451, -16.861570700636943]], [[-49.4707947970174, -16.898437050538522], [-49.471, -16.8984], [-49.47079162995595, -16.89870308370044], [-49.4707947970174, -16.898437050538522]], [[-49.53759183059477, -16.778569636658183], [-49.54753839512442, -16.77528085322499], [-49.5428, -16.7778], [-49.5377, -16.7786], [-49.53759183059477, -16.778569636658183]], [[-49.5514, -16.7723], [-49.5507, -16.7736], [-49.55040767148015, -16.77375541516245], [-49.5514, -16.7723]], [[-49.5371, -16.7687], [-49.5461, -16.7677], [-49.54633670778392, -16.767905444491706], [-49.5371, -16.7687]], [[-49.54156727447217, -16.75374558541265], [-49.5416, -16.7562], [-49.54049604316546, -16.75926654676262], [-49.54156727447217, -16.75374558541265]], [[-49.5379, -16.7448], [-49.5415, -16.7487], [-49.541519235751295, -16.750142681347153], [-49.5379, -16.7448]], [[-49.515, -16.7443], [-49.5113, -16.7416], [-49.51503843888071, -16.744256259204715], [-49.515, -16.7443]], [[-49.50653043478261, -16.74468695652174], [-49.5065, -16.7446], [-49.5104, -16.7443], [-49.50653043478261, -16.74468695652174]], [[-49.4546358490566, -16.536005660377363], [-49.4553, -16.5287], [-49.4549, -16.5359], [-49.4546358490566, -16.536005660377363]], [[-49.29433052109181, -16.42980521091811], [-49.2904, -16.4265], [-49.2943, -16.4295], [-49.29433052109181, -16.42980521091811]], [[-49.321638997451146, -16.43765012744265], [-49.3151, -16.4394], [-49.3187, -16.4374], [-49.321638997451146, -16.43765012744265]], [[-49.658941666666664, -16.4278], [-49.6576, -16.4285], [-49.65635, -16.4278], [-49.658941666666664, -16.4278]], [[-49.643980000000006, -16.420260000000003], [-49.6438717948718, -16.420223931623934], [-49.6439, -16.4202], [-49.643980000000006, -16.420260000000003]], [[-49.639777814029365, -16.42273572593801], [-49.6392, -16.4231], [-49.638955555555555, -16.422471428571427], [-49.639777814029365, -16.42273572593801]], [[-49.634880021715524, -16.42075700325733], [-49.6345, -16.4207], [-49.63398093220339, -16.417437288135623], [-49.634880021715524, -16.42075700325733]], [[-49.6193, -16.403], [-49.6137, -16.4053], [-49.613655339805824, -16.40527766990291], [-49.6193, -16.403]], [[-49.46354483324221, -16.427084545288864], [-49.4635, -16.4275], [-49.461980000000004, -16.42966], [-49.46354483324221, -16.427084545288864]], [[-49.4229, -16.4035], [-49.425, -16.4057], [-49.42287857142857, -16.403578571428568], [-49.4229, -16.4035]], [[-49.4325, -16.3993], [-49.432543741007194, -16.399309208633095], [-49.4309, -16.4025], [-49.4325, -16.3993]], [[-49.4363, -16.3977], [-49.4364, -16.4], [-49.4363, -16.39997894736842], [-49.4363, -16.3977]], [[-49.4406, -16.3933], [-49.4454, -16.393], [-49.44176756756757, -16.393518918918918], [-49.4406, -16.3933]], [[-49.34581674641148, -16.32633636363636], [-49.3453, -16.3262], [-49.3446762993763, -16.32506174636175], [-49.34581674641148, -16.32633636363636]], [[-49.3382, -16.7537], [-49.3496, -16.7642], [-49.3320912037037, -16.749658796296295], [-49.3382, -16.7537]], [[-49.3317, -16.7494], [-49.331855675853014, -16.749502985564305], [-49.3126, -16.7508], [-49.3317, -16.7494]], [[-49.278, -16.7429], [-49.288108987161195, -16.74829800285307], [-49.2881, -16.7483], [-49.278, -16.7429]], [[-49.2199, -16.738], [-49.22003964189049, -16.737974286904016], [-49.2162, -16.7427], [-49.2199, -16.738]], [[-49.2055, -16.7476], [-49.1869628458498, -16.76508063241107], [-49.1874, -16.7643], [-49.2056, -16.7474], [-49.2162, -16.7427], [-49.2055, -16.7476]], [[-49.1846, -16.7693], [-49.18594860335195, -16.766891779728656], [-49.1827, -16.781], [-49.1846, -16.7693]], [[-49.1589, -16.7658], [-49.1547, -16.7701], [-49.15873741935484, -16.765678064516127], [-49.1589, -16.7658]], [[-49.1577, -16.7649], [-49.15856597938144, -16.76554948453608], [-49.1562, -16.7659], [-49.1577, -16.7649]], [[-49.1541, -16.7487], [-49.1524, -16.7555], [-49.1539687966805, -16.748636514522822], [-49.1541, -16.7487]], [[-49.13944487804878, -16.749278048780486], [-49.1447, -16.7502], [-49.1406, -16.75], [-49.13944487804878, -16.749278048780486]], [[-49.13909782178218, -16.748932277227723], [-49.13905949119374, -16.749037181996083], [-49.139, -16.749], [-49.13909782178218, -16.748932277227723]], [[-49.140698392282964, -16.74455176848874], [-49.14022491961415, -16.74584758842444], [-49.1402, -16.7451], [-49.140698392282964, -16.74455176848874]], [[-49.1443, -16.7458], [-49.14110252707581, -16.744107220216605], [-49.1412, -16.744], [-49.1443, -16.7458]], [[-49.1492, -16.7447], [-49.14899, -16.744682], [-49.1489075, -16.7443685], [-49.1492, -16.7447]], [[-49.1477, -16.743], [-49.14798981723238, -16.743328459530026], [-49.1448, -16.744], [-49.1477, -16.743]], [[-49.1423, -16.7394], [-49.142450000000004, -16.7393], [-49.1448, -16.744], [-49.1423, -16.7394]], [[-49.1452, -16.7404], [-49.14252173913044, -16.739252173913044], [-49.1435, -16.7386], [-49.1452, -16.7404]], [[-49.15662, -16.7169], [-49.15520833333333, -16.7169], [-49.1551, -16.7165], [-49.15662, -16.7169]], [[-49.1571, -16.7169], [-49.15702857142857, -16.7169], [-49.15717894736842, -16.71637368421051], [-49.1571, -16.7169]], [[-49.15972912040991, -16.71712169086251], [-49.1596, -16.7173], [-49.15755247524753, -16.71506633663366], [-49.1576, -16.7149], [-49.15972912040991, -16.71712169086251]], [[-49.16632222222219, -16.71632592592591], [-49.16200393013101, -16.714526637554584], [-49.1621, -16.7144], [-49.16632222222219, -16.71632592592591]], [[-49.1689, -16.7217], [-49.167715346534656, -16.716961386138614], [-49.1678, -16.717], [-49.1689, -16.7217]], [[-49.1677, -16.7243], [-49.16776615969582, -16.724156653992395], [-49.1699, -16.7236], [-49.1677, -16.7243]], [[-49.1771, -16.7247], [-49.176959701492535, -16.724732835820895], [-49.1746, -16.7208], [-49.1771, -16.7247]], [[-49.146483546417876, -16.646638879290485], [-49.1666, -16.6509], [-49.1466, -16.6468], [-49.146483546417876, -16.646638879290485]], [[-49.1229, -16.6233], [-49.1325, -16.6326], [-49.122451054852334, -16.623034177215196], [-49.1229, -16.6233]], [[-49.07522613981763, -16.613469098277612], [-49.0704, -16.6094], [-49.0751, -16.6132], [-49.07522613981763, -16.613469098277612]], [[-49.07631627433228, -16.616602308736983], [-49.075748437499996, -16.614583333333325], [-49.0766, -16.6164], [-49.07631627433228, -16.616602308736983]], [[-49.36568905109489, -16.886344525547443], [-49.3588, -16.8829], [-49.3657, -16.8863], [-49.36568905109489, -16.886344525547443]], [[-49.3543, -16.8775], [-49.35385375446961, -16.8763672228844], [-49.3588, -16.8829], [-49.3543, -16.8775]], [[-49.3535, -16.875469230769216], [-49.353, -16.8742], [-49.3535, -16.8655], [-49.3535, -16.875469230769216]], [[-49.26580704225352, -16.848215492957745], [-49.2635, -16.8486], [-49.2658, -16.8482], [-49.26580704225352, -16.848215492957745]], [[-49.25922542372881, -16.845969491525423], [-49.2618, -16.8466], [-49.2635, -16.8486], [-49.25922542372881, -16.845969491525423]], [[-49.25738106591865, -16.84551781206171], [-49.25576046511628, -16.84572558139535], [-49.2569, -16.8454], [-49.25738106591865, -16.84551781206171]], [[-49.25437674418605, -16.84612093023256], [-49.2542, -16.8478], [-49.2541, -16.8462], [-49.25437674418605, -16.84612093023256]], [[-49.2511123309467, -16.84710278440732], [-49.2483, -16.8504], [-49.2511, -16.8471], [-49.2511123309467, -16.84710278440732]], [[-49.1676, -16.8898], [-49.1647, -16.8863], [-49.1667, -16.8874], [-49.1676, -16.8898]], [[-49.1629, -16.8876], [-49.16073731343284, -16.885437313432835], [-49.1608, -16.8854], [-49.1629, -16.8876]], [[-49.15655855197609, -16.887862869478578], [-49.1565, -16.8879], [-49.1518, -16.8836], [-49.15655855197609, -16.887862869478578]], [[-49.148077664233575, -16.885265255474454], [-49.148, -16.8853], [-49.14615789473681, -16.882278947368373], [-49.148077664233575, -16.885265255474454]], [[-49.14547590361446, -16.881218072289155], [-49.144700000000014, -16.881799999999988], [-49.1454, -16.8811], [-49.14547590361446, -16.881218072289155]], [[-49.14238, -16.884119999999996], [-49.1416, -16.88533333333334], [-49.1416, -16.8849], [-49.14238, -16.884119999999996]], [[-49.15737138869505, -16.839317236566647], [-49.1556, -16.8368], [-49.1576, -16.8392], [-49.15737138869505, -16.839317236566647]], [[-49.1534, -16.8314], [-49.15664968421052, -16.827385684210526], [-49.1568, -16.8274], [-49.1534, -16.8314]], [[-49.14861156840933, -16.825089618094182], [-49.1382, -16.8291], [-49.1446, -16.8258], [-49.14861156840933, -16.825089618094182]], [[-49.08588766066838, -16.772387403598973], [-49.0757, -16.7785], [-49.0849, -16.7723], [-49.08588766066838, -16.772387403598973]], [[-49.06112749445676, -16.787644789356985], [-49.0615, -16.7878], [-49.06195408593092, -16.787420219039596], [-49.0643, -16.7913], [-49.06425676060348, -16.791348818673498], [-49.06112749445676, -16.787644789356985]], [[-49.063525, -16.792175], [-49.0612, -16.7948], [-49.06091463414634, -16.794785365853656], [-49.063525, -16.792175]], [[-49.0607, -16.814], [-49.0646, -16.8109], [-49.06468699397071, -16.8110826873385], [-49.0607, -16.814]], [[-49.064777829099306, -16.811273441108543], [-49.0656, -16.813], [-49.0645, -16.8147], [-49.064777829099306, -16.811273441108543]], [[-49.067, -16.8148], [-49.066975141242935, -16.814890395480226], [-49.0645, -16.8147], [-49.067, -16.8148]], [[-49.06594565217391, -16.81884402173913], [-49.0687, -16.8215], [-49.0659, -16.819], [-49.06594565217391, -16.81884402173913]], [[-49.0658, -16.8263], [-49.065582506762844, -16.82622347460174], [-49.0687, -16.8215], [-49.0658, -16.8263]], [[-49.0604, -16.8244], [-49.05639024390244, -16.82707317073171], [-49.0578, -16.825], [-49.0604, -16.8244]], [[-49.05606188118812, -16.827292079207922], [-49.0559, -16.8274], [-49.055, -16.8215], [-49.05606188118812, -16.827292079207922]], [[-49.0919, -17.026], [-49.0899, -17.0304], [-49.0917783269962, -17.025951330798478], [-49.0919, -17.026]], [[-49.0906, -17.0486], [-49.0811, -17.047], [-49.08132090104373, -17.046841854934602], [-49.0906, -17.0486]], [[-49.0978, -17.049], [-49.097903541076484, -17.049182719546742], [-49.0943, -17.0507], [-49.0978, -17.049]], [[-49.0995, -17.052], [-49.09936220472441, -17.052165354330707], [-49.098746835443045, -17.05067088607596], [-49.0995, -17.052]], [[-49.15863769633508, -16.792898429319376], [-49.1583, -16.7926], [-49.15880000000001, -16.79159999999999], [-49.15863769633508, -16.792898429319376]], [[-49.05942839506172, -16.785556790123454], [-49.0595225, -16.785745], [-49.0594, -16.7856], [-49.05942839506172, -16.785556790123454]], [[-49.0685, -16.7414], [-49.06848014184397, -16.741777304964536], [-49.0647, -16.7356], [-49.0685, -16.7414]], [[-49.022941594454075, -16.683022357019066], [-49.0266, -16.6836], [-49.0229, -16.6831], [-49.022941594454075, -16.683022357019066]], [[-49.0244, -16.6771], [-49.02411396648045, -16.678154748603347], [-49.02374850299402, -16.675413772455094], [-49.0244, -16.6771]], [[-49.0227, -16.6727], [-49.02286190476191, -16.673119047619053], [-49.0226010845987, -16.672701735357915], [-49.0227, -16.6727]], [[-49.017330967741934, -16.672794193548388], [-49.02258406779661, -16.672702033898304], [-49.0179, -16.6733], [-49.017330967741934, -16.672794193548388]], [[-49.0164, -16.6698], [-49.01692702702703, -16.67243513513514], [-49.0161, -16.6717], [-49.0164, -16.6698]], [[-49.0109, -16.6637], [-49.011611111111115, -16.66343333333333], [-49.011, -16.6638], [-49.0148, -16.6703], [-49.0109, -16.6637]], [[-49.0107, -16.661], [-49.01104375, -16.660806640625], [-49.0125, -16.6629], [-49.01238679245283, -16.662967924528303], [-49.0107, -16.661]], [[-49.1934, -16.4886], [-49.196, -16.4937], [-49.19589362945646, -16.494162711864405], [-49.1934, -16.4886]], [[-49.17525864123957, -16.539196066746126], [-49.174965182186234, -16.53996639676113], [-49.1728, -16.5361], [-49.17525864123957, -16.539196066746126]], [[-49.175272965879266, -16.540516010498692], [-49.177344602272726, -16.541024147727274], [-49.1756, -16.5411], [-49.175272965879266, -16.540516010498692]], [[-49.0653, -16.5749], [-49.05684260687528, -16.561722201410312], [-49.0572, -16.5619], [-49.0653, -16.5749]], [[-49.013, -16.5274], [-49.0188, -16.5212], [-49.0131, -16.5274], [-49.01216708860756, -16.527497468354433], [-49.013, -16.5274]], [[-49.1614, -16.5342], [-49.1665, -16.5353], [-49.16654186717998, -16.535364196342638], [-49.1614, -16.5342]], [[-49.15892610837439, -16.531267980295564], [-49.1593, -16.5312], [-49.1614, -16.5342], [-49.15892610837439, -16.531267980295564]], [[-49.1574, -16.5325], [-49.1527, -16.5324], [-49.15721578947368, -16.53157894736842], [-49.1574, -16.5325]], [[-49.14974929577465, -16.52133521126761], [-49.1501, -16.5204], [-49.15040060362173, -16.52078410462777], [-49.14974929577465, -16.52133521126761]], [[-49.1225, -16.5174], [-49.12694594594595, -16.51384324324324], [-49.12694219409283, -16.51388326300984], [-49.1225, -16.5174]], [[-49.0217, -16.4472], [-49.021546763085404, -16.446991597796142], [-49.0371, -16.4511], [-49.0217, -16.4472]], [[-49.0192, -16.4435], [-49.020082352941174, -16.444999999999993], [-49.0192, -16.4438], [-49.01771034386357, -16.43029378436306], [-49.0179, -16.4306], [-49.0192, -16.4435]], [[-49.0082138532412, -16.415041724251402], [-49.0083, -16.4151], [-49.0130690322579, -16.42279999999974], [-49.0082138532412, -16.415041724251402]], [[-49.007478856897286, -16.414544520842284], [-48.9899, -16.4093], [-48.989788888888874, -16.40924444444444], [-49.0049, -16.4128], [-49.007478856897286, -16.414544520842284]], [[-49.1271, -16.5122], [-49.12708793969849, -16.512328643216076], [-49.12706164383562, -16.5122602739726], [-49.1271, -16.5122]], [[-49.10791009879253, -16.431290669593853], [-49.1112, -16.434], [-49.1078, -16.4313], [-49.10791009879253, -16.431290669593853]], [[-49.1136, -16.4309], [-49.110828318584076, -16.431043362831858], [-49.11356498855835, -16.4308114416476], [-49.1136, -16.4309]]]}}, {"type": "Feature", "properties": {"metro_id": "BRM07", "metro_name": "Grande São Luís RM", "n_members": 5, "n_missing": 0, "n_states": 1, "states": "Maranhão"}, "geometry": {"type": "MultiPolygon", "coordinates": [[[[-44.4117, -2.7973], [-44.4129, -2.7982], [-44.4136, -2.7967], [-44.4126, -2.7957], [-44.4117, -2.7973]]], [[[-44.3737, -2.5789], [-44.3747, -2.5782], [-44.3749, -2.5776], [-44.3738, -2.5775], [-44.3737, -2.5789]]], [[[-44.3663, -2.5395], [-44.3657, -2.5386], [-44.3651, -2.5398], [-44.3655, -2.54], [-44.3663, -2.5395]]], [[[-44.3726, -2.5216], [-44.3682, -2.5189], [-44.3645, -2.519], [-44.3614, -2.5229], [-44.3632, -2.5284], [-44.3679, -2.5262], [-44.3707, -2.528], [-44.3726, -2.5216]]], [[[-44.4242, -2.4285], [-44.4282, -2.4201], [-44.4268, -2.4213], [-44.4255, -2.4149], [-44.4227, -2.4155], [-44.42, -2.4166], [-44.4202, -2.4246], [-44.4215, -2.4273], [-44.4242, -2.4285]]], [[[-44.7193, -2.5084], [-44.7205, -2.4898], [-44.7071, -2.4773], [-44.7018, -2.4608], [-44.6956, -2.4616], [-44.6873, -2.4575], [-44.6847, -2.453], [-44.6704, -2.4454], [-44.6666, -2.4399], [-44.6589, -2.436], [-44.6601, -2.4327], [-44.6664, -2.4266], [-44.667, -2.4209], [-44.6543, -2.4035], [-44.6501, -2.3912], [-44.6478, -2.3751], [-44.6504, -2.3673], [-44.6635, -2.3506], [-44.6665, -2.3437], [-44.6667, -2.3292], [-44.6639, -2.3205], [-44.6444, -2.2963], [-44.6346, -2.2947], [-44.6276, -2.2909], [-44.6248, -2.2805], [-44.6262, -2.2757], [-44.6232, -2.2673], [-44.6161, -2.258], [-44.6131, -2.2574], [-44.6085, -2.2534], [-44.599, -2.2512], [-44.5961, -2.2454], [-44.5896, -2.2431], [-44.5868, -2.2351], [-44.5882, -2.2286], [-44.5826, -2.2289], [-44.5793, -2.227], [-44.5607, -2.2099], [-44.5605, -2.205], [-44.5585, -2.2012], [-44.5526, -2.2019], [-44.5506, -2.1979], [-44.5476, -2.1978], [-44.5464, -2.1948], [-44.543, -2.1956], [-44.5388, -2.1889], [-44.5415, -2.1824], [-44.5353, -2.1793], [-44.5348, -2.1763], [-44.531, -2.1743], [-44.5323, -2.1723], [-44.5306, -2.1687], [-44.5273, -2.1665], [-44.5306, -2.1635], [-44.5289, -2.1614], [-44.5298, -2.1596], [-44.5199, -2.1547], [-44.5036, -2.1522], [-44.4988, -2.1487], [-44.4855, -2.146], [-44.4793, -2.1502], [-44.4726, -2.1521], [-44.4687, -2.1511], [-44.4693, -2.1485], [-44.4645, -2.1469], [-44.4635, -2.1444], [-44.4576, -2.1509], [-44.4511, -2.1531], [-44.4354, -2.1659], [-44.4329, -2.1663], [-44.4277, -2.1755], [-44.4212, -2.1826], [-44.42, -2.1877], [-44.4129, -2.1986], [-44.3985, -2.2144], [-44.4043, -2.2188], [-44.4033, -2.2218], [-44.3958, -2.2231], [-44.3898, -2.2513], [-44.3845, -2.2677], [-44.3854, -2.2734], [-44.3912, -2.2757], [-44.3838, -2.2767], [-44.377, -2.2815], [-44.3638, -2.3122], [-44.3607, -2.3251], [-44.3615, -2.33], [-44.3594, -2.3311], [-44.3579, -2.3369], [-44.358, -2.3405], [-44.3613, -2.3418], [-44.3648, -2.3472], [-44.3704, -2.35], [-44.3742, -2.356], [-44.379, -2.3553], [-44.3801, -2.3573], [-44.3738, -2.3675], [-44.3723, -2.3805], [-44.3752, -2.3903], [-44.3791, -2.3928], [-44.3866, -2.4078], [-44.393, -2.4101], [-44.4061, -2.4182], [-44.4085, -2.4176], [-44.405, -2.4156], [-44.4035, -2.4116], [-44.4063, -2.4124], [-44.4075, -2.4091], [-44.4119, -2.4103], [-44.4132, -2.413], [-44.4242, -2.4081], [-44.4267, -2.4081], [-44.4269, -2.4093], [-44.4326, -2.4078], [-44.4378, -2.4083], [-44.4407, -2.4157], [-44.4476, -2.4115], [-44.4548, -2.413], [-44.4608, -2.4102], [-44.4664, -2.4106], [-44.4683, -2.4133], [-44.4779, -2.4112], [-44.4884, -2.4167], [-44.4959, -2.4227], [-44.5, -2.4287], [-44.499, -2.4333], [-44.4968, -2.4353], [-44.4727, -2.4281], [-44.449, -2.4394], [-44.4438, -2.4469], [-44.4426, -2.4507], [-44.4452, -2.4544], [-44.4429, -2.4575], [-44.4604, -2.4807], [-44.461, -2.4768], [-44.4649, -2.4763], [-44.4718, -2.4799], [-44.476, -2.485], [-44.4902, -2.5217], [-44.4967, -2.522], [-44.5045, -2.5304], [-44.5122, -2.5352], [-44.5235, -2.5257], [-44.5312, -2.5255], [-44.5346, -2.5277], [-44.5372, -2.5373], [-44.5377, -2.5478], [-44.5467, -2.5707], [-44.5508, -2.5869], [-44.5553, -2.5965], [-44.5562, -2.5933], [-44.5594, -2.5907], [-44.5684, -2.5885], [-44.5845, -2.5786], [-44.5874, -2.5781], [-44.5937, -2.581], [-44.6086, -2.5806], [-44.6146, -2.5844], [-44.6202, -2.5948], [-44.6232, -2.5974], [-44.6372, -2.5976], [-44.6501, -2.6042], [-44.6512, -2.6085], [-44.648, -2.621], [-44.6496, -2.6236], [-44.6571, -2.6224], [-44.664, -2.6186], [-44.6693, -2.6269], [-44.6737, -2.6288], [-44.6762, -2.6248], [-44.6763, -2.6187], [-44.678, -2.6176], [-44.6808, -2.6193], [-44.6838, -2.6256], [-44.6907, -2.6221], [-44.6931, -2.623], [-44.6946, -2.6358], [-44.6966, -2.6376], [-44.7066, -2.6375], [-44.7072, -2.6286], [-44.7106, -2.6273], [-44.6845, -2.5463], [-44.6958, -2.5145], [-44.7105, -2.5062], [-44.7193, -2.5084]]], [[[-44.3443, -2.7656], [-44.3499, -2.7625], [-44.3583, -2.7634], [-44.3623, -2.7576], [-44.3693, -2.7566], [-44.386, -2.7636], [-44.3883, -2.766], [-44.3876, -2.7783], [-44.3889, -2.7849], [-44.3876, -2.7932], [-44.389, -2.7971], [-44.4013, -2.796], [-44.41, -2.7992], [-44.409, -2.7919], [-44.4059, -2.7869], [-44.4031, -2.7695], [-44.4006, -2.7693], [-44.3978, -2.7664], [-44.3976, -2.7638], [-44.3887, -2.7538], [-44.3863, -2.7487], [-44.3856, -2.735], [-44.3875, -2.7278], [-44.3917, -2.7205], [-44.3879, -2.7125], [-44.3853, -2.6969], [-44.3792, -2.6842], [-44.3804, -2.6682], [-44.3722, -2.6613], [-44.3682, -2.6541], [-44.3677, -2.6423], [-44.3603, -2.6207], [-44.3602, -2.6165], [-44.3578, -2.6127], [-44.3569, -2.6055], [-44.3541, -2.6032], [-44.3641, -2.5809], [-44.369, -2.582], [-44.3707, -2.5715], [-44.3777, -2.5685], [-44.3777, -2.5658], [-44.3731, -2.5614], [-44.3713, -2.5623], [-44.3657, -2.5606], [-44.366, -2.5592], [-44.3636, -2.559], [-44.3579, -2.5543], [-44.3549, -2.5485], [-44.357, -2.5409], [-44.3547, -2.5376], [-44.356, -2.5328], [-44.3494, -2.5307], [-44.3489, -2.5269], [-44.3406, -2.5305], [-44.335, -2.5298], [-44.3329, -2.5279], [-44.3208, -2.5272], [-44.3176, -2.5404], [-44.312, -2.5405], [-44.3093, -2.5389], [-44.3076, -2.5352], [-44.307, -2.5174], [-44.3116, -2.5053], [-44.3168, -2.5071], [-44.3197, -2.5061], [-44.3188, -2.5044], [-44.3203, -2.5029], [-44.3077, -2.4953], [-44.3046, -2.4875], [-44.2998, -2.4862], [-44.272, -2.4864], [-44.2625, -2.4814], [-44.2468, -2.4812], [-44.2146, -2.4733], [-44.2208, -2.4739], [-44.218, -2.4712], [-44.2059, -2.4678], [-44.2032, -2.4645], [-44.1837, -2.461], [-44.1738, -2.458], [-44.1571, -2.444], [-44.1556, -2.4375], [-44.152, -2.4343], [-44.1367, -2.4298], [-44.0946, -2.4066], [-44.0683, -2.4033], [-44.0318, -2.4063], [-44.0232, -2.4321], [-44.0238, -2.4487], [-44.0265, -2.4513], [-44.0376, -2.4507], [-44.0458, -2.4535], [-44.0523, -2.4661], [-44.0525, -2.4703], [-44.0273, -2.5006], [-44.0238, -2.509], [-44.0242, -2.5131], [-44.0277, -2.5188], [-44.0272, -2.5296], [-44.0341, -2.534], [-44.034, -2.5499], [-44.0362, -2.5567], [-44.0403, -2.5575], [-44.0435, -2.5544], [-44.049, -2.5546], [-44.0527, -2.5566], [-44.0538, -2.5647], [-44.0623, -2.5598], [-44.0679, -2.5592], [-44.0801, -2.5635], [-44.0817, -2.5627], [-44.0853, -2.5707], [-44.0932, -2.5756], [-44.093, -2.5901], [-44.1011, -2.5955], [-44.1057, -2.6034], [-44.1046, -2.6084], [-44.1066, -2.6089], [-44.1063, -2.6136], [-44.1079, -2.6165], [-44.1057, -2.6292], [-44.1135, -2.6337], [-44.116, -2.642], [-44.1181, -2.6428], [-44.1197, -2.6463], [-44.1256, -2.6477], [-44.123, -2.6504], [-44.1241, -2.6542], [-44.1318, -2.6563], [-44.134, -2.6632], [-44.1324, -2.6669], [-44.1351, -2.668], [-44.1372, -2.6813], [-44.1466, -2.6827], [-44.147, -2.6851], [-44.1533, -2.6848], [-44.1592, -2.69], [-44.1647, -2.6996], [-44.1699, -2.6999], [-44.1734, -2.7021], [-44.1757, -2.7021], [-44.1833, -2.7048], [-44.1946, -2.7051], [-44.1998, -2.7092], [-44.2005, -2.7126], [-44.2033, -2.7143], [-44.2045, -2.7173], [-44.2134, -2.7203], [-44.2146, -2.7228], [-44.2195, -2.7237], [-44.2223, -2.7263], [-44.2353, -2.7249], [-44.2496, -2.7303], [-44.26, -2.7444], [-44.2647, -2.7542], [-44.2658, -2.7604], [-44.2872, -2.7685], [-44.307, -2.7791], [-44.3285, -2.7819], [-44.3443, -2.7656]], [[-44.18231631016043, -2.69189197860962], [-44.1822, -2.6929], [-44.1757, -2.7021], [-44.18231631016043, -2.69189197860962]], [[-44.083552380952376, -2.5455761904761913], [-44.0868, -2.5441], [-44.0836, -2.5456], [-44.083552380952376, -2.5455761904761913]], [[-44.0606, -2.5198], [-44.05952402183804, -2.5233213830755234], [-44.0594, -2.5233], [-44.0606, -2.5198]], [[-44.05846585365854, -2.500319512195112], [-44.0591, -2.5046], [-44.0584, -2.5007], [-44.05846585365854, -2.500319512195112]], [[-44.0611, -2.4863], [-44.0648, -2.4745], [-44.05935056179775, -2.495207865168556], [-44.06100181818182, -2.4856672727272726], [-44.0611, -2.4863]], [[-44.0563, -2.4657], [-44.0584, -2.4689], [-44.0584606741573, -2.4692910112359563], [-44.05608125, -2.4657218750000003], [-44.0563, -2.4657]], [[-44.21324347826087, -2.47465652173913], [-44.211450000000006, -2.4764499999999927], [-44.2122, -2.4745], [-44.21324347826087, -2.47465652173913]], [[-44.1704, -2.6581], [-44.1785, -2.647], [-44.1705, -2.658], [-44.1725, -2.6601], [-44.1704, -2.6581]], [[-44.1709, -2.6649], [-44.1736, -2.6672], [-44.17423473684211, -2.669809473684209], [-44.1709, -2.6649]], [[-44.1696, -2.6774], [-44.1743745631857, -2.670384315318976], [-44.1745, -2.6709], [-44.16979053417125, -2.6782044776119416], [-44.1696, -2.6774]], [[-44.17017699386503, -2.6798361963190014], [-44.17087998762759, -2.681464181874425], [-44.1705, -2.6812], [-44.17017699386503, -2.6798361963190014]], [[-44.18181174533479, -2.6898369923161356], [-44.1825, -2.6903], [-44.18243498098859, -2.690863498098861], [-44.18181174533479, -2.6898369923161356]], [[-44.06237076566126, -2.460638051044084], [-44.0626, -2.4604], [-44.0768, -2.4616], [-44.06237076566126, -2.460638051044084]], [[-44.06886735499545, -2.4683188278165806], [-44.069, -2.4682], [-44.0757, -2.4688], [-44.06886735499545, -2.4683188278165806]], [[-44.06422420168067, -2.472580672268908], [-44.0642, -2.4725], [-44.06546593406594, -2.4713659340659273], [-44.06422420168067, -2.472580672268908]]], [[[-44.3657, -2.545], [-44.3665, -2.5432], [-44.3657, -2.5425], [-44.3638, -2.5442], [-44.3657, -2.545]]], [[[-44.3598, -2.5229], [-44.3594, -2.5232], [-44.3595, -2.5237], [-44.3603, -2.5233], [-44.3598, -2.5229]]]]}}, {"type": "Feature", "properties": {"metro_id": "BRM09", "metro_name": "Campo Grande", "n_members": 1, "n_missing": 0, "n_states": 1, "states": "MatoGrossodoSul"}, "geometry": {"type": "Polygon", "coordinates": [[[-54.1858, -20.4652], [-54.1829, -20.4682], [-54.184, -20.4764], [-54.1828, -20.4902], [-54.1859, -20.5003], [-54.1865, -20.5097], [-54.191, -20.5177], [-54.1908, -20.5235], [-54.1955, -20.5371], [-54.1926, -20.5475], [-54.1925, -20.5588], [-54.1833, -20.577], [-54.182, -20.5843], [-54.1827, -20.5904], [-54.1775, -20.5974], [-54.1827, -20.6205], [-54.189, -20.6321], [-54.1939, -20.6378], [-54.196, -20.6574], [-54.2023, -20.6625], [-54.2066, -20.673], [-54.2024, -20.711], [-54.1991, -20.7086], [-54.1961, -20.7093], [-54.185, -20.7165], [-54.1754, -20.7252], [-54.1766, -20.7304], [-54.1727, -20.7404], [-54.1727, -20.7509], [-54.1691, -20.7541], [-54.1638, -20.7557], [-54.1619, -20.7635], [-54.1559, -20.7741], [-54.1499, -20.7758], [-54.1459, -20.7803], [-54.1369, -20.7829], [-54.1286, -20.7884], [-54.1113, -20.7853], [-54.1033, -20.7937], [-54.0971, -20.795], [-54.0921, -20.798], [-54.0875, -20.8088], [-54.0792, -20.8159], [-54.0772, -20.8214], [-54.0718, -20.8262], [-54.0726, -20.8293], [-54.0645, -20.8365], [-54.0536, -20.8399], [-54.051, -20.8434], [-54.0478, -20.8426], [-54.0443, -20.846], [-54.0418, -20.8458], [-54.0419, -20.8475], [-54.0393, -20.8467], [-54.0346, -20.8481], [-54.0341, -20.85], [-54.023, -20.8549], [-54.0195, -20.8638], [-54.0208, -20.8703], [-54.0169, -20.8813], [-54.0103, -20.8901], [-54.0059, -20.8918], [-54.0046, -20.8954], [-54.0069, -20.902], [-54.0049, -20.9155], [-54.0055, -20.9228], [-53.9974, -20.9282], [-53.9911, -20.9295], [-53.9861, -20.9339], [-53.9851, -20.9386], [-53.9825, -20.9424], [-53.9795, -20.9432], [-53.9757, -20.9478], [-53.9754, -20.9503], [-53.9736, -20.9499], [-53.9731, -20.9531], [-53.971, -20.9533], [-53.969, -20.9564], [-53.9626, -20.9567], [-53.9599, -20.9592], [-53.958, -20.9583], [-53.9524, -20.9603], [-53.949, -20.958], [-53.9453, -20.9602], [-53.9434, -20.9572], [-53.9409, -20.9565], [-53.9357, -20.9583], [-53.9328, -20.9573], [-53.9297, -20.9593], [-53.916, -20.9581], [-53.9131, -20.9614], [-53.9118, -20.9586], [-53.9084, -20.9579], [-53.9071, -20.9612], [-53.9084, -20.9626], [-53.8997, -20.9675], [-53.8996, -20.9694], [-53.8967, -20.97], [-53.8964, -20.9725], [-53.8936, -20.9746], [-53.8926, -20.9739], [-53.892, -20.9761], [-53.8887, -20.9762], [-53.888, -20.979], [-53.884, -20.9786], [-53.8822, -20.9794], [-53.8828, -20.9806], [-53.8761, -20.9831], [-53.866, -20.981], [-53.8563, -20.9896], [-53.8556, -20.9995], [-53.8524, -20.9996], [-53.8516, -21.002], [-53.8528, -21.0032], [-53.8507, -21.0036], [-53.8505, -21.006], [-53.8472, -21.0075], [-53.8486, -21.0131], [-53.8439, -21.017], [-53.8466, -21.0169], [-53.8506, -21.0193], [-53.8492, -21.023], [-53.85, -21.0264], [-53.8459, -21.0312], [-53.846, -21.0355], [-53.8497, -21.0394], [-53.8495, -21.0413], [-53.8463, -21.0418], [-53.848, -21.044], [-53.8358, -21.0501], [-53.8365, -21.0526], [-53.8282, -21.0507], [-53.8265, -21.0553], [-53.8243, -21.0542], [-53.8246, -21.0558], [-53.8217, -21.0575], [-53.823, -21.0628], [-53.8216, -21.0616], [-53.8181, -21.0626], [-53.8196, -21.0657], [-53.8166, -21.0649], [-53.8159, -21.067], [-53.8138, -21.0642], [-53.8129, -21.0679], [-53.8097, -21.0707], [-53.8084, -21.0697], [-53.8058, -21.0714], [-53.8045, -21.0738], [-53.8015, -21.0743], [-53.7972, -21.0706], [-53.7882, -21.0708], [-53.7871, -21.0696], [-53.7866, -21.0709], [-53.7761, -21.0731], [-53.777, -21.0753], [-53.77, -21.0749], [-53.7705, -21.0767], [-53.7676, -21.0763], [-53.7647, -21.0814], [-53.7611, -21.0792], [-53.7587, -21.0805], [-53.7571, -21.0836], [-53.7591, -21.09], [-53.7565, -21.0896], [-53.7565, -21.0926], [-53.7545, -21.0922], [-53.7529, -21.0939], [-53.7513, -21.1005], [-53.7529, -21.103], [-53.7468, -21.1003], [-53.7412, -21.1053], [-53.7355, -21.1075], [-53.7392, -21.109], [-53.7379, -21.1163], [-53.7389, -21.1177], [-53.733, -21.124], [-53.7343, -21.1272], [-53.731, -21.1281], [-53.7269, -21.1323], [-53.7283, -21.1334], [-53.726, -21.1376], [-53.7274, -21.1412], [-53.7262, -21.1423], [-53.7269, -21.1459], [-53.723, -21.1462], [-53.7232, -21.1475], [-53.7169, -21.1506], [-53.7172, -21.1527], [-53.7083, -21.1545], [-53.7089, -21.1562], [-53.706, -21.1564], [-53.7017, -21.1675], [-53.6967, -21.1704], [-53.697, -21.1735], [-53.6923, -21.1731], [-53.6932, -21.1753], [-53.6905, -21.1768], [-53.6873, -21.176], [-53.6867, -21.1797], [-53.6847, -21.1806], [-53.6857, -21.1828], [-53.6845, -21.187], [-53.6818, -21.1902], [-53.6841, -21.1916], [-53.6824, -21.1945], [-53.6843, -21.1936], [-53.6858, -21.2002], [-53.6858, -21.2033], [-53.6833, -21.2053], [-53.6834, -21.2156], [-53.6816, -21.2175], [-53.6837, -21.2187], [-53.6808, -21.2189], [-53.6829, -21.22], [-53.6819, -21.222], [-53.683, -21.2224], [-53.6815, -21.2233], [-53.6838, -21.2243], [-53.682, -21.2267], [-53.6827, -21.2276], [-53.6767, -21.2293], [-53.6756, -21.2314], [-53.6796, -21.2373], [-53.6773, -21.2387], [-53.6778, -21.2411], [-53.6741, -21.2421], [-53.6748, -21.2477], [-53.6734, -21.2468], [-53.6718, -21.2483], [-53.6697, -21.2533], [-53.6716, -21.2556], [-53.6705, -21.2599], [-53.6669, -21.2594], [-53.6633, -21.2641], [-53.6659, -21.2681], [-53.6613, -21.2691], [-53.6631, -21.2717], [-53.6599, -21.2732], [-53.6612, -21.2749], [-53.6598, -21.2757], [-53.6604, -21.2782], [-53.6542, -21.2819], [-53.654, -21.2868], [-53.6477, -21.2894], [-53.6484, -21.2968], [-53.6454, -21.2978], [-53.646, -21.3004], [-53.6423, -21.3019], [-53.6421, -21.3043], [-53.6437, -21.305], [-53.6424, -21.3064], [-53.6439, -21.3079], [-53.6404, -21.3081], [-53.6416, -21.315], [-53.6374, -21.317], [-53.6379, -21.3224], [-53.6402, -21.3224], [-53.6401, -21.3289], [-53.6385, -21.3303], [-53.6331, -21.3308], [-53.6344, -21.3317], [-53.6337, -21.3326], [-53.6362, -21.3319], [-53.6357, -21.3336], [-53.638, -21.3365], [-53.6375, -21.3404], [-53.6331, -21.34], [-53.6336, -21.3432], [-53.6299, -21.3446], [-53.6287, -21.347], [-53.6301, -21.3479], [-53.628, -21.3491], [-53.628, -21.3536], [-53.6257, -21.3553], [-53.6248, -21.3606], [-53.6208, -21.3611], [-53.6214, -21.3628], [-53.6172, -21.3631], [-53.6173, -21.3699], [-53.6194, -21.3743], [-53.6166, -21.3758], [-53.6212, -21.3822], [-53.6187, -21.3843], [-53.6155, -21.3813], [-53.6149, -21.3839], [-53.6127, -21.3847], [-53.6151, -21.3865], [-53.6147, -21.3882], [-53.6171, -21.3878], [-53.6152, -21.3897], [-53.6164, -21.3902], [-53.616, -21.3925], [-53.6181, -21.3931], [-53.6153, -21.3956], [-53.6183, -21.3984], [-53.6164, -21.4], [-53.62, -21.4], [-53.6178, -21.4017], [-53.6196, -21.4032], [-53.6176, -21.407], [-53.6207, -21.4091], [-53.6221, -21.4084], [-53.6232, -21.4105], [-53.619, -21.4116], [-53.6205, -21.4131], [-53.6196, -21.4148], [-53.6176, -21.4146], [-53.6174, -21.4175], [-53.619, -21.4207], [-53.621, -21.4201], [-53.6276, -21.4231], [-53.6258, -21.4271], [-53.628, -21.4275], [-53.625, -21.4299], [-53.625, -21.4317], [-53.6275, -21.4313], [-53.631, -21.4342], [-53.6289, -21.437], [-53.6278, -21.4341], [-53.625, -21.435], [-53.6263, -21.4396], [-53.6286, -21.439], [-53.6299, -21.4403], [-53.6263, -21.4412], [-53.6271, -21.4444], [-53.6283, -21.4448], [-53.6282, -21.4434], [-53.6295, -21.4462], [-53.6362, -21.4465], [-53.6357, -21.4531], [-53.6373, -21.4561], [-53.6397, -21.4571], [-53.6363, -21.4595], [-53.6327, -21.4599], [-53.6354, -21.4627], [-53.6396, -21.4613], [-53.6375, -21.4684], [-53.6223, -21.4703], [-53.6203, -21.4748], [-53.6187, -21.4716], [-53.6144, -21.4766], [-53.613, -21.4792], [-53.6153, -21.479], [-53.6153, -21.4816], [-53.6188, -21.4814], [-53.6158, -21.484], [-53.6138, -21.4839], [-53.6131, -21.4914], [-53.6143, -21.493], [-53.6085, -21.4964], [-53.6109, -21.4993], [-53.6065, -21.5021], [-53.6096, -21.5084], [-53.609, -21.5129], [-53.6112, -21.5179], [-53.6182, -21.5201], [-53.6133, -21.521], [-53.6169, -21.5269], [-53.6127, -21.5247], [-53.6125, -21.5273], [-53.6106, -21.5279], [-53.6119, -21.5298], [-53.6079, -21.5303], [-53.6039, -21.5356], [-53.6096, -21.5397], [-53.607, -21.5402], [-53.6053, -21.5452], [-53.6111, -21.5486], [-53.608, -21.5529], [-53.6016, -21.5525], [-53.6004, -21.5545], [-53.6034, -21.5557], [-53.6015, -21.5572], [-53.6024, -21.5601], [-53.6059, -21.5609], [-53.6038, -21.563], [-53.6048, -21.5643], [-53.6077, -21.5606], [-53.6094, -21.5657], [-53.6148, -21.5618], [-53.6137, -21.5659], [-53.6158, -21.5682], [-53.6196, -21.5672], [-53.6171, -21.5701], [-53.6203, -21.5736], [-53.6251, -21.5726], [-53.6283, -21.569], [-53.6289, -21.5759], [-53.6392, -21.5796], [-53.6436, -21.5753], [-53.643, -21.5682], [-53.6445, -21.5654], [-53.6412, -21.5639], [-53.6439, -21.561], [-53.6547, -21.5659], [-53.655, -21.5632], [-53.6588, -21.5582], [-53.6649, -21.5584], [-53.6691, -21.5607], [-53.6736, -21.5583], [-53.6744, -21.5547], [-53.6709, -21.5564], [-53.668, -21.5544], [-53.6696, -21.5521], [-53.6739, -21.5523], [-53.6962, -21.5573], [-53.7002, -21.5654], [-53.6953, -21.5755], [-53.6988, -21.5745], [-53.6992, -21.5803], [-53.7022, -21.5788], [-53.7003, -21.5728], [-53.7019, -21.5674], [-53.7063, -21.5661], [-53.7171, -21.5706], [-53.7256, -21.5703], [-53.7258, -21.5743], [-53.7196, -21.5739], [-53.7181, -21.5774], [-53.719, -21.581], [-53.7234, -21.5782], [-53.7284, -21.5785], [-53.7357, -21.5807], [-53.7357, -21.5847], [-53.7385, -21.5851], [-53.7417, -21.5839], [-53.745, -21.5789], [-53.7377, -21.5747], [-53.7407, -21.5681], [-53.7434, -21.5677], [-53.7462, -21.5703], [-53.7581, -21.5711], [-53.7575, -21.5781], [-53.7619, -21.5801], [-53.7636, -21.5778], [-53.7631, -21.5734], [-53.7699, -21.569], [-53.7697, -21.5667], [-53.767, -21.5667], [-53.7697, -21.563], [-53.7661, -21.561], [-53.7692, -21.558], [-53.7732, -21.5604], [-53.7713, -21.5662], [-53.7724, -21.568], [-53.7788, -21.5675], [-53.7832, -21.5645], [-53.7834, -21.5685], [-53.785, -21.5697], [-53.793, -21.5666], [-53.796, -21.568], [-53.7998, -21.5634], [-53.8054, -21.5625], [-53.8071, -21.56], [-53.8137, -21.5585], [-53.8145, -21.5515], [-53.8189, -21.5476], [-53.823, -21.5471], [-53.8202, -21.5463], [-53.8207, -21.5452], [-53.8243, -21.5447], [-53.8266, -21.5465], [-53.8238, -21.5486], [-53.8268, -21.5569], [-53.8325, -21.558], [-53.8345, -21.5565], [-53.8349, -21.553], [-53.8371, -21.5527], [-53.8396, -21.5559], [-53.8399, -21.5611], [-53.8457, -21.5623], [-53.8461, -21.5659], [-53.8483, -21.5669], [-53.8514, -21.5643], [-53.8599, -21.5637], [-53.8664, -21.5608], [-53.8691, -21.5635], [-53.8755, -21.5644], [-53.8742, -21.5594], [-53.8822, -21.561], [-53.8826, -21.5584], [-53.8863, -21.5548], [-53.8927, -21.5561], [-53.9015, -21.5488], [-53.9087, -21.5497], [-53.9154, -21.5455], [-53.92, -21.545], [-53.9228, -21.5405], [-53.9267, -21.5422], [-53.9359, -21.5412], [-53.941, -21.546], [-53.9462, -21.5436], [-53.95, -21.5443], [-53.9508, -21.541], [-53.954, -21.5388], [-53.9605, -21.5422], [-53.965, -21.5327], [-53.9725, -21.5337], [-53.9736, -21.5383], [-53.9811, -21.5373], [-53.9834, -21.5326], [-53.9826, -21.5293], [-53.984, -21.5252], [-53.99, -21.5199], [-53.9934, -21.5192], [-53.994, -21.5144], [-53.9988, -21.5115], [-54.0058, -21.5132], [-54.0107, -21.5093], [-54.0102, -21.5057], [-54.0068, -21.5024], [-54.0087, -21.4955], [-54.01, -21.496], [-54.0105, -21.5018], [-54.0134, -21.502], [-54.019, -21.4954], [-54.0247, -21.4916], [-54.0239, -21.4892], [-54.0359, -21.4861], [-54.0381, -21.4811], [-54.0376, -21.4757], [-54.0397, -21.4735], [-54.0415, -21.4756], [-54.0442, -21.4753], [-54.0446, -21.4699], [-54.0463, -21.468], [-54.0518, -21.4689], [-54.0565, -21.4657], [-54.0617, -21.4698], [-54.0662, -21.4688], [-54.0627, -21.4592], [-54.0669, -21.4544], [-54.0714, -21.4541], [-54.0766, -21.4501], [-54.0817, -21.4538], [-54.086, -21.4509], [-54.0828, -21.4447], [-54.0854, -21.4418], [-54.0942, -21.4383], [-54.1011, -21.4391], [-54.101, -21.4335], [-54.1051, -21.4297], [-54.1057, -21.426], [-54.1025, -21.4235], [-54.1019, -21.4188], [-54.1086, -21.4181], [-54.1109, -21.4157], [-54.1075, -21.4109], [-54.1074, -21.408], [-54.1168, -21.4036], [-54.1209, -21.4073], [-54.1216, -21.4051], [-54.1306, -21.4021], [-54.1313, -21.4003], [-54.1288, -21.3975], [-54.1457, -21.382], [-54.1474, -21.3741], [-54.1507, -21.3722], [-54.1561, -21.3653], [-54.1625, -21.3625], [-54.1694, -21.3561], [-54.172, -21.3559], [-54.1698, -21.3527], [-54.1725, -21.3489], [-54.1796, -21.3481], [-54.1815, -21.3443], [-54.188, -21.3458], [-54.1886, -21.3445], [-54.1856, -21.3423], [-54.1871, -21.3392], [-54.1929, -21.3406], [-54.1954, -21.3396], [-54.199, -21.3351], [-54.2023, -21.326], [-54.2039, -21.319], [-54.202, -21.3158], [-54.2079, -21.3158], [-54.209, -21.3144], [-54.2065, -21.3104], [-54.206, -21.3056], [-54.201, -21.2993], [-54.2057, -21.2976], [-54.2094, -21.3003], [-54.2124, -21.2983], [-54.2215, -21.2979], [-54.2214, -21.2956], [-54.2148, -21.2903], [-54.2156, -21.2858], [-54.2204, -21.286], [-54.2296, -21.2911], [-54.2347, -21.2914], [-54.2353, -21.2902], [-54.2326, -21.2853], [-54.2372, -21.2811], [-54.2388, -21.2719], [-54.237, -21.2678], [-54.234, -21.2667], [-54.2334, -21.2718], [-54.2245, -21.2729], [-54.2231, -21.2596], [-54.2291, -21.2553], [-54.2345, -21.263], [-54.2435, -21.257], [-54.2518, -21.2568], [-54.2541, -21.2532], [-54.2504, -21.2495], [-54.2502, -21.2473], [-54.2526, -21.2438], [-54.2567, -21.2425], [-54.2585, -21.2363], [-54.2621, -21.2362], [-54.2621, -21.2412], [-54.2643, -21.2435], [-54.2728, -21.2376], [-54.2731, -21.236], [-54.2654, -21.2347], [-54.2674, -21.232], [-54.2668, -21.2277], [-54.2605, -21.2211], [-54.2623, -21.2144], [-54.2597, -21.2095], [-54.2603, -21.2048], [-54.2638, -21.2021], [-54.2678, -21.2027], [-54.271, -21.1978], [-54.2745, -21.196], [-54.2718, -21.1928], [-54.2721, -21.1877], [-54.2668, -21.1832], [-54.2718, -21.1833], [-54.2793, -21.1752], [-54.2839, -21.1774], [-54.2876, -21.1734], [-54.296, -21.174], [-54.3066, -21.1652], [-54.3035, -21.1606], [-54.3007, -21.1605], [-54.2979, -21.1637], [-54.2916, -21.1586], [-54.2916, -21.1573], [-54.2983, -21.1544], [-54.2932, -21.1484], [-54.2922, -21.1398], [-54.2952, -21.141], [-54.2947, -21.1385], [-54.2963, -21.1376], [-54.2991, -21.1394], [-54.2998, -21.1351], [-54.3053, -21.1351], [-54.306, -21.1324], [-54.3088, -21.1323], [-54.3104, -21.1289], [-54.3152, -21.1318], [-54.3172, -21.1315], [-54.3248, -21.1254], [-54.3297, -21.1151], [-54.3363, -21.1209], [-54.3385, -21.1211], [-54.3407, -21.1162], [-54.3447, -21.1145], [-54.346, -21.1118], [-54.3452, -21.1094], [-54.3408, -21.1084], [-54.3459, -21.1031], [-54.35, -21.1077], [-54.3532, -21.1064], [-54.3551, -21.1018], [-54.3615, -21.1042], [-54.369, -21.1012], [-54.3717, -21.1062], [-54.3767, -21.1059], [-54.3826, -21.0989], [-54.3813, -21.0973], [-54.3828, -21.0953], [-54.3822, -21.0896], [-54.3877, -21.0895], [-54.3882, -21.0852], [-54.3916, -21.0821], [-54.3919, -21.0748], [-54.3892, -21.0711], [-54.3932, -21.0705], [-54.396, -21.0666], [-54.3926, -21.0613], [-54.3961, -21.0599], [-54.4015, -21.0609], [-54.41, -21.0507], [-54.4164, -21.0533], [-54.418, -21.0499], [-54.4082, -21.0422], [-54.4182, -21.0379], [-54.4206, -21.0397], [-54.4218, -21.0357], [-54.4251, -21.0347], [-54.426, -21.0362], [-54.4302, -21.0344], [-54.4288, -21.0305], [-54.4253, -21.0278], [-54.426, -21.0251], [-54.4275, -21.0258], [-54.4285, -21.0231], [-54.4301, -21.0243], [-54.4332, -21.0217], [-54.4366, -21.0242], [-54.4353, -21.0267], [-54.4392, -21.024], [-54.4427, -21.0245], [-54.4454, -21.0226], [-54.4495, -21.0244], [-54.4501, -21.0225], [-54.4523, -21.0232], [-54.453, -21.0185], [-54.4573, -21.0155], [-54.462, -21.0168], [-54.4636, -21.0085], [-54.4654, -21.0078], [-54.4696, -21.0106], [-54.4732, -21.0092], [-54.4749, -21.0108], [-54.4762, -21.006], [-54.4774, -21.0078], [-54.4804, -21.0055], [-54.4854, -21.0053], [-54.4872, -21.0029], [-54.4916, -21.0041], [-54.4911, -21.0023], [-54.4948, -20.9998], [-54.4985, -20.9939], [-54.5081, -20.9938], [-54.5136, -20.9975], [-54.5172, -20.9981], [-54.5196, -20.9953], [-54.5201, -20.9861], [-54.5157, -20.9831], [-54.5153, -20.9812], [-54.529, -20.9731], [-54.5287, -20.9681], [-54.5258, -20.9649], [-54.5288, -20.9607], [-54.5279, -20.9575], [-54.5347, -20.9589], [-54.537, -20.9623], [-54.5364, -20.9658], [-54.538, -20.9667], [-54.5416, -20.9615], [-54.5505, -20.9598], [-54.5518, -20.9544], [-54.5601, -20.9495], [-54.5662, -20.95], [-54.5682, -20.9468], [-54.5676, -20.9445], [-54.5723, -20.9428], [-54.577, -20.9372], [-54.5812, -20.9269], [-54.5903, -20.9261], [-54.5887, -20.9214], [-54.5904, -20.9184], [-54.5975, -20.9171], [-54.6, -20.9187], [-54.6052, -20.9166], [-54.6013, -20.9136], [-54.6028, -20.9079], [-54.6017, -20.9051], [-54.6062, -20.9026], [-54.6137, -20.9028], [-54.6198, -20.9112], [-54.6278, -20.909], [-54.6297, -20.9098], [-54.637, -20.9051], [-54.6344, -20.9012], [-54.6388, -20.8956], [-54.636, -20.8929], [-54.6375, -20.8889], [-54.6425, -20.8905], [-54.6444, -20.8941], [-54.6567, -20.8909], [-54.6607, -20.8919], [-54.6624, -20.8895], [-54.6729, -20.8868], [-54.6736, -20.8884], [-54.6705, -20.8909], [-54.6716, -20.8925], [-54.6833, -20.8896], [-54.6833, -20.8788], [-54.6761, -20.8767], [-54.6742, -20.8701], [-54.6768, -20.8678], [-54.6794, -20.8743], [-54.684, -20.8733], [-54.6826, -20.8687], [-54.6845, -20.8646], [-54.6864, -20.8663], [-54.6875, -20.8655], [-54.6867, -20.8602], [-54.695, -20.8597], [-54.6951, -20.8572], [-54.6914, -20.8561], [-54.6984, -20.8483], [-54.693, -20.8451], [-54.6978, -20.8426], [-54.7, -20.8395], [-54.7023, -20.8404], [-54.7029, -20.8354], [-54.7058, -20.8335], [-54.7014, -20.8332], [-54.6949, -20.8266], [-54.7034, -20.8293], [-54.7087, -20.8283], [-54.7091, -20.8306], [-54.7105, -20.8297], [-54.7095, -20.8238], [-54.7051, -20.82], [-54.7013, -20.8215], [-54.7014, -20.8193], [-54.6983, -20.8173], [-54.6956, -20.8175], [-54.6995, -20.8141], [-54.6968, -20.8131], [-54.6959, -20.8105], [-54.6935, -20.8109], [-54.7015, -20.8067], [-54.6996, -20.8042], [-54.7013, -20.8002], [-54.6997, -20.7982], [-54.6958, -20.7983], [-54.6973, -20.7955], [-54.7042, -20.7958], [-54.7085, -20.7925], [-54.7053, -20.7853], [-54.7007, -20.7849], [-54.7005, -20.7821], [-54.6977, -20.7802], [-54.6994, -20.7752], [-54.6956, -20.7716], [-54.6984, -20.7684], [-54.7062, -20.7666], [-54.7054, -20.7622], [-54.7082, -20.7607], [-54.7097, -20.7573], [-54.7069, -20.7574], [-54.7072, -20.7545], [-54.7091, -20.7536], [-54.7125, -20.7566], [-54.7102, -20.7513], [-54.7151, -20.7485], [-54.7142, -20.7463], [-54.7207, -20.7441], [-54.7171, -20.7408], [-54.7192, -20.7319], [-54.7126, -20.7315], [-54.7126, -20.7275], [-54.7164, -20.7267], [-54.7239, -20.7209], [-54.7212, -20.7179], [-54.7218, -20.7148], [-54.7272, -20.7113], [-54.7311, -20.7057], [-54.7516, -20.6917], [-54.7694, -20.694], [-54.7847, -20.7121], [-54.7928, -20.7169], [-54.7947, -20.7254], [-54.8058, -20.7355], [-54.8163, -20.7408], [-54.8268, -20.7408], [-54.8425, -20.6877], [-54.8366, -20.6811], [-54.836, -20.6783], [-54.8145, -20.6612], [-54.8071, -20.658], [-54.7968, -20.6624], [-54.7848, -20.6306], [-54.7773, -20.6207], [-54.771, -20.6189], [-54.7674, -20.6148], [-54.768, -20.6097], [-54.7729, -20.6039], [-54.7813, -20.5984], [-54.7906, -20.5728], [-54.7965, -20.5716], [-54.7977, -20.5575], [-54.794, -20.549], [-54.8002, -20.5204], [-54.798, -20.5097], [-54.7916, -20.5025], [-54.7757, -20.4868], [-54.7628, -20.4814], [-54.7627, -20.3259], [-54.7671, -20.3219], [-54.7696, -20.3153], [-54.7719, -20.3173], [-54.777, -20.314], [-54.7798, -20.3144], [-54.778, -20.3056], [-54.7819, -20.3064], [-54.7829, -20.3085], [-54.7883, -20.3086], [-54.7925, -20.3107], [-54.8027, -20.3086], [-54.8093, -20.3024], [-54.8162, -20.3027], [-54.8212, -20.2982], [-54.8191, -20.2978], [-54.8161, -20.2938], [-54.8211, -20.2907], [-54.8205, -20.2827], [-54.8308, -20.2858], [-54.8322, -20.2826], [-54.8441, -20.2816], [-54.8453, -20.2779], [-54.8491, -20.277], [-54.8526, -20.2776], [-54.8547, -20.2808], [-54.8569, -20.2747], [-54.8653, -20.2746], [-54.867, -20.2718], [-54.8684, -20.2724], [-54.8716, -20.2695], [-54.8773, -20.2695], [-54.8795, -20.2658], [-54.881, -20.2678], [-54.8836, -20.2659], [-54.8871, -20.268], [-54.8898, -20.2676], [-54.8912, -20.2623], [-54.8945, -20.2615], [-54.8928, -20.2587], [-54.8943, -20.2564], [-54.8972, -20.2534], [-54.898, -20.2549], [-54.9005, -20.2533], [-54.905, -20.2479], [-54.9075, -20.2468], [-54.9115, -20.248], [-54.9157, -20.2453], [-54.9232, -20.248], [-54.9236, -20.2447], [-54.9176, -20.2429], [-54.9201, -20.2384], [-54.9176, -20.2358], [-54.9174, -20.2311], [-54.9216, -20.2314], [-54.9225, -20.2286], [-54.918, -20.2237], [-54.9191, -20.2178], [-54.9141, -20.2131], [-54.9127, -20.2066], [-54.9103, -20.2073], [-54.9113, -20.2043], [-54.9024, -20.2091], [-54.8952, -20.2041], [-54.8873, -20.2084], [-54.8799, -20.2066], [-54.8794, -20.2086], [-54.8767, -20.2056], [-54.872, -20.2042], [-54.8737, -20.2033], [-54.873, -20.2014], [-54.8668, -20.2], [-54.8677, -20.1983], [-54.864, -20.1981], [-54.8623, -20.1997], [-54.8596, -20.1898], [-54.8609, -20.1891], [-54.8586, -20.1881], [-54.8596, -20.1864], [-54.8579, -20.1844], [-54.8597, -20.1823], [-54.8571, -20.1784], [-54.8597, -20.1771], [-54.8583, -20.1751], [-54.8594, -20.174], [-54.8574, -20.1714], [-54.8482, -20.1672], [-54.8428, -20.1687], [-54.8379, -20.1729], [-54.8232, -20.1661], [-54.8197, -20.1672], [-54.8164, -20.1704], [-54.8152, -20.1742], [-54.8123, -20.1752], [-54.8084, -20.1732], [-54.8041, -20.1732], [-54.8029, -20.1749], [-54.798, -20.1701], [-54.7886, -20.1718], [-54.7841, -20.1741], [-54.7804, -20.1726], [-54.7793, -20.181], [-54.7747, -20.1822], [-54.7704, -20.1913], [-54.7656, -20.1901], [-54.7591, -20.1912], [-54.7545, -20.1939], [-54.7523, -20.1925], [-54.7488, -20.1937], [-54.7469, -20.1957], [-54.7483, -20.1979], [-54.7418, -20.1985], [-54.7414, -20.2016], [-54.7388, -20.199], [-54.735, -20.1985], [-54.7323, -20.1986], [-54.7319, -20.2005], [-54.7284, -20.1947], [-54.7252, -20.1942], [-54.7229, -20.1999], [-54.7188, -20.2039], [-54.7138, -20.2025], [-54.7063, -20.2032], [-54.703, -20.2059], [-54.7008, -20.2053], [-54.6896, -20.2135], [-54.6805, -20.2164], [-54.6767, -20.2157], [-54.6712, -20.2231], [-54.6677, -20.2217], [-54.6649, -20.2248], [-54.6609, -20.2256], [-54.655, -20.2329], [-54.6506, -20.2356], [-54.6509, -20.2432], [-54.6485, -20.2493], [-54.6451, -20.2524], [-54.6289, -20.2525], [-54.6256, -20.2552], [-54.6159, -20.2582], [-54.613, -20.2572], [-54.6073, -20.2512], [-54.5349, -20.2746], [-54.5292, -20.2815], [-54.5174, -20.2851], [-54.5133, -20.2979], [-54.5139, -20.3057], [-54.4979, -20.3336], [-54.4959, -20.35], [-54.4924, -20.3576], [-54.4932, -20.3682], [-54.4905, -20.3915], [-54.4866, -20.3912], [-54.4798, -20.3937], [-54.4771, -20.3924], [-54.4756, -20.3939], [-54.4725, -20.3934], [-54.4712, -20.3955], [-54.4604, -20.3972], [-54.4501, -20.3956], [-54.4492, -20.3971], [-54.4463, -20.3967], [-54.4446, -20.3995], [-54.4407, -20.401], [-54.4388, -20.4053], [-54.4319, -20.4068], [-54.4298, -20.4099], [-54.4261, -20.4109], [-54.4183, -20.4222], [-54.4168, -20.4207], [-54.4155, -20.4233], [-54.4112, -20.4214], [-54.4073, -20.4244], [-54.4023, -20.4237], [-54.397, -20.426], [-54.3945, -20.4246], [-54.3893, -20.4266], [-54.3867, -20.4304], [-54.3837, -20.4303], [-54.3833, -20.4332], [-54.3761, -20.4381], [-54.3747, -20.4473], [-54.3694, -20.4477], [-54.3698, -20.453], [-54.3637, -20.4568], [-54.3654, -20.4601], [-54.3624, -20.4597], [-54.3599, -20.4629], [-54.3556, -20.4631], [-54.3563, -20.4662], [-54.3533, -20.4647], [-54.3514, -20.4657], [-54.3532, -20.4661], [-54.3523, -20.4674], [-54.3479, -20.4671], [-54.3497, -20.4696], [-54.3457, -20.4703], [-54.3444, -20.472], [-54.3457, -20.4731], [-54.3368, -20.4777], [-54.3341, -20.4785], [-54.3323, -20.4768], [-54.3243, -20.4764], [-54.3165, -20.4781], [-54.3143, -20.4811], [-54.3087, -20.4793], [-54.3029, -20.4802], [-54.2958, -20.4881], [-54.2969, -20.4907], [-54.2953, -20.4929], [-54.2916, -20.491], [-54.2892, -20.492], [-54.2902, -20.4936], [-54.2875, -20.492], [-54.285, -20.4934], [-54.2856, -20.4916], [-54.2821, -20.4929], [-54.279, -20.4899], [-54.277, -20.49], [-54.2706, -20.4931], [-54.266, -20.4919], [-54.2673, -20.4949], [-54.259, -20.4947], [-54.2578, -20.4958], [-54.2554, -20.493], [-54.251, -20.4928], [-54.2475, -20.4907], [-54.245, -20.4922], [-54.2455, -20.4937], [-54.2426, -20.4941], [-54.2391, -20.4891], [-54.2407, -20.4863], [-54.2338, -20.4872], [-54.2329, -20.4836], [-54.2307, -20.4832], [-54.2286, -20.4852], [-54.2253, -20.4843], [-54.2251, -20.4869], [-54.2221, -20.4873], [-54.2221, -20.4832], [-54.2208, -20.4827], [-54.2219, -20.4798], [-54.2191, -20.4769], [-54.218, -20.4817], [-54.2144, -20.4819], [-54.2125, -20.4799], [-54.2112, -20.4819], [-54.2098, -20.4767], [-54.2078, -20.4791], [-54.2061, -20.4776], [-54.2029, -20.4795], [-54.2021, -20.4759], [-54.2001, -20.4778], [-54.1961, -20.4722], [-54.1928, -20.4699], [-54.1914, -20.4713], [-54.191, -20.4691], [-54.1883, -20.4687], [-54.1906, -20.4676], [-54.1895, -20.4647], [-54.1858, -20.4652]]]}}, {"type": "Feature", "properties": {"metro_id": "BRM10", "metro_name": "Belo Horizonte RM", "n_members": 48, "n_missing": 0, "n_states": 1, "states": "MinasGerais"}, "geometry": {"type": "Polygon", "coordinates": [[[-44.6317, -20.3216], [-44.631, -20.3165], [-44.6281, -20.3138], [-44.6304, -20.3102], [-44.6223, -20.2993], [-44.6164, -20.2996], [-44.6115, -20.2975], [-44.6096, -20.298], [-44.6071, -20.302], [-44.5948, -20.2986], [-44.5908, -20.2962], [-44.5909, -20.2867], [-44.5812, -20.2792], [-44.5764, -20.2816], [-44.566, -20.2789], [-44.5646804109589, -20.28137000000001], [-44.5659, -20.2783], [-44.565, -20.2749], [-44.561, -20.2724], [-44.5686, -20.2697], [-44.5686, -20.2662], [-44.5728, -20.2595], [-44.5742, -20.2455], [-44.5672, -20.2385], [-44.5678, -20.2364], [-44.5709, -20.2349], [-44.57, -20.2309], [-44.5726, -20.2285], [-44.569789145403, -20.22435398946942], [-44.5728, -20.2228], [-44.5764, -20.2149], [-44.5814, -20.2125], [-44.5818, -20.206], [-44.5842, -20.2027], [-44.5921, -20.1989], [-44.5969, -20.2037], [-44.6035, -20.2034], [-44.611, -20.2007], [-44.6161, -20.1965], [-44.6159, -20.1925], [-44.6125, -20.1895], [-44.613, -20.1844], [-44.6194, -20.1789], [-44.6206, -20.1731], [-44.6178, -20.1693], [-44.619, -20.1637], [-44.6219, -20.1598], [-44.6299, -20.1599], [-44.6339, -20.1581], [-44.6405, -20.1504], [-44.6445, -20.1495], [-44.6454, -20.1452], [-44.653, -20.1442], [-44.6534, -20.141], [-44.6601, -20.1416], [-44.6635, -20.1403], [-44.6631, -20.1357], [-44.6673, -20.132], [-44.6659, -20.1287], [-44.6719, -20.1242], [-44.6781, -20.1246], [-44.685, -20.1176], [-44.6928, -20.1166], [-44.7007, -20.1116], [-44.7084, -20.112], [-44.7119, -20.1088], [-44.7168, -20.1076], [-44.7124, -20.0906], [-44.7139, -20.0875], [-44.718, -20.0854], [-44.7172, -20.0796], [-44.7136, -20.0716], [-44.7137, -20.0669], [-44.717, -20.062], [-44.7129, -20.0571], [-44.7104, -20.0507], [-44.7145, -20.0445], [-44.7148, -20.0391], [-44.7125, -20.0358], [-44.712, -20.0314], [-44.7077, -20.0265], [-44.7029, -20.0287], [-44.6999, -20.0274], [-44.6985, -20.0208], [-44.6957, -20.0176], [-44.6964, -20.0002], [-44.6917, -19.9956], [-44.6823, -19.9924], [-44.6761, -19.9859], [-44.6709, -19.9882], [-44.6591, -19.9869], [-44.6564, -19.9856], [-44.6557, -19.982], [-44.6523, -19.9792], [-44.6414, -19.9777], [-44.6352, -19.9736], [-44.6354, -19.9675], [-44.6328, -19.9637], [-44.6264, -19.9611], [-44.6212, -19.96], [-44.6196, -19.9612], [-44.614, -19.9594], [-44.6121, -19.9538], [-44.6181, -19.9427], [-44.61991328711727, -19.93601946851531], [-44.6204, -19.936], [-44.6224, -19.9421], [-44.6245, -19.9435], [-44.6276, -19.9401], [-44.6348, -19.9392], [-44.639, -19.9365], [-44.6418, -19.932], [-44.6383, -19.9248], [-44.645, -19.9224], [-44.6453, -19.9176], [-44.6491, -19.9126], [-44.654, -19.9122], [-44.6541, -19.9071], [-44.6582, -19.9019], [-44.66, -19.8955], [-44.6587, -19.8915], [-44.663, -19.8936], [-44.6734, -19.8926], [-44.6751, -19.8876], [-44.6826, -19.8812], [-44.6809, -19.8776], [-44.6866, -19.8766], [-44.6865, -19.87], [-44.7093, -19.8864], [-44.7161, -19.8845], [-44.7209, -19.8864], [-44.7311, -19.8848], [-44.7326, -19.8944], [-44.7421, -19.8978], [-44.7484, -19.8922], [-44.7578, -19.8897], [-44.7593, -19.8795], [-44.7671, -19.8763], [-44.7716, -19.8705], [-44.7777, -19.8693], [-44.7807, -19.8672], [-44.7824, -19.8629], [-44.785, -19.8625], [-44.7863, -19.8528], [-44.784, -19.8469], [-44.786, -19.846], [-44.7878, -19.8416], [-44.7855, -19.8392], [-44.7822, -19.8388], [-44.7837, -19.8339], [-44.7825, -19.8321], [-44.7843, -19.8302], [-44.7818, -19.8271], [-44.785, -19.8213], [-44.7834, -19.8152], [-44.7864, -19.8121], [-44.7844, -19.804], [-44.779, -19.8006], [-44.7763, -19.8007], [-44.7769, -19.7968], [-44.7731, -19.7926], [-44.7737, -19.7906], [-44.7786, -19.79], [-44.7793, -19.7877], [-44.7857, -19.7822], [-44.7838, -19.7762], [-44.7801, -19.7761], [-44.7805, -19.7716], [-44.7732, -19.7739], [-44.7713, -19.7755], [-44.7718, -19.7775], [-44.7675, -19.7774], [-44.7667, -19.7787], [-44.7685, -19.7798], [-44.7674, -19.7812], [-44.7651, -19.7813], [-44.7617, -19.7755], [-44.7603, -19.7772], [-44.7569, -19.7769], [-44.7577, -19.7803], [-44.7533, -19.7808], [-44.7534, -19.7822], [-44.7518, -19.7816], [-44.7491, -19.7848], [-44.7464, -19.7844], [-44.7437, -19.7864], [-44.7391, -19.7837], [-44.7243, -19.7896], [-44.7203, -19.7869], [-44.7163, -19.7868], [-44.7147, -19.7901], [-44.7097, -19.7925], [-44.7072, -19.7881], [-44.7079, -19.7864], [-44.7008, -19.7828], [-44.6988, -19.7836], [-44.6948, -19.7796], [-44.6933, -19.7737], [-44.6879, -19.7735], [-44.6875, -19.7682], [-44.6852, -19.7684], [-44.6815, -19.7628], [-44.6762, -19.7461], [-44.6665, -19.7404], [-44.6528, -19.7391], [-44.6431, -19.7402], [-44.6396, -19.738], [-44.6373, -19.7289], [-44.63337741935485, -19.7311064516129], [-44.6384, -19.7272], [-44.641, -19.7116], [-44.6376, -19.7106], [-44.6348, -19.7072], [-44.6365, -19.6971], [-44.6192, -19.6839], [-44.6176, -19.6736], [-44.6028, -19.6695], [-44.6035, -19.6662], [-44.601, -19.6609], [-44.6031, -19.6576], [-44.6016, -19.6541], [-44.5974, -19.6487], [-44.5927, -19.6497], [-44.5902, -19.6484], [-44.5896, -19.642], [-44.5848, -19.6391], [-44.5829, -19.6308], [-44.5792, -19.6286], [-44.5765, -19.6232], [-44.5765, -19.6162], [-44.5712, -19.6152], [-44.5694, -19.6096], [-44.5671, -19.6094], [-44.5673, -19.6069], [-44.5652, -19.6061], [-44.5652, -19.6042], [-44.5565, -19.6083], [-44.5677, -19.6025], [-44.5669, -19.6], [-44.5545, -19.5966], [-44.546, -19.5858], [-44.5509, -19.5818], [-44.5495, -19.5783], [-44.5551, -19.5739], [-44.5615, -19.5752], [-44.5665, -19.572], [-44.5683, -19.5628], [-44.5823, -19.558], [-44.5835, -19.5562], [-44.5682, -19.5473], [-44.5686, -19.5439], [-44.5668, -19.5402], [-44.5564, -19.5358], [-44.5508, -19.5367], [-44.5457, -19.5313], [-44.5434, -19.5253], [-44.5504, -19.5234], [-44.5556, -19.5176], [-44.567, -19.5205], [-44.5746, -19.517], [-44.5758, -19.5114], [-44.5791, -19.5075], [-44.5746, -19.495], [-44.5733, -19.4843], [-44.5744, -19.4831], [-44.5851, -19.4845], [-44.5868, -19.4823], [-44.5798, -19.4715], [-44.5839, -19.4655], [-44.5834, -19.4565], [-44.5815, -19.4541], [-44.5759, -19.4521], [-44.5636, -19.452], [-44.5605, -19.4431], [-44.5537, -19.4385], [-44.5537, -19.4288], [-44.5501, -19.4264], [-44.5423, -19.4274], [-44.539680198019795, -19.432833663366356], [-44.5416, -19.4268], [-44.5323, -19.4233], [-44.5292, -19.4279], [-44.5252, -19.4284], [-44.5222, -19.4254], [-44.5164, -19.4235], [-44.5163, -19.4264], [-44.514, -19.4264], [-44.5135, -19.4294], [-44.5094, -19.4276], [-44.5083, -19.4253], [-44.5057, -19.4281], [-44.504, -19.4275], [-44.5017, -19.4291], [-44.4989, -19.4268], [-44.4969, -19.4284], [-44.4944, -19.426], [-44.4954, -19.4225], [-44.4933, -19.4215], [-44.4938, -19.4206], [-44.492, -19.4219], [-44.4868, -19.421], [-44.4853, -19.4188], [-44.4868, -19.418], [-44.4788, -19.4159], [-44.4787, -19.4144], [-44.4754, -19.4144], [-44.4698, -19.4109], [-44.4689, -19.408], [-44.4643, -19.4064], [-44.4601, -19.4096], [-44.45878519637462, -19.408903927492446], [-44.4599, -19.4087], [-44.4575, -19.4057], [-44.4533, -19.4066], [-44.4442, -19.3982], [-44.4415, -19.4009], [-44.4376, -19.4001], [-44.4346, -19.4033], [-44.4249, -19.401], [-44.4124, -19.4022], [-44.4025, -19.4127], [-44.3991, -19.4139], [-44.3892, -19.4077], [-44.3816, -19.4081], [-44.378, -19.4044], [-44.3745, -19.4055], [-44.3686, -19.4039], [-44.36, -19.3964], [-44.3578, -19.3916], [-44.3525, -19.3895], [-44.3531, -19.3862], [-44.3516, -19.3857], [-44.3409, -19.3925], [-44.3389, -19.3967], [-44.3394, -19.4002], [-44.3377, -19.4018], [-44.3319, -19.399], [-44.3255, -19.4004], [-44.3194, -19.3998], [-44.2997, -19.4039], [-44.2978, -19.4011], [-44.2971, -19.3935], [-44.3023, -19.3782], [-44.2992, -19.3727], [-44.2999, -19.354], [-44.3011, -19.3492], [-44.3055, -19.3454], [-44.3044, -19.3385], [-44.3091, -19.3303], [-44.2925, -19.3181], [-44.2833, -19.3177], [-44.2764, -19.3374], [-44.2729, -19.3397], [-44.2703, -19.3395], [-44.2602, -19.3308], [-44.2493, -19.314], [-44.2314, -19.3068], [-44.2099, -19.3024], [-44.2008, -19.3037], [-44.1889, -19.3016], [-44.164, -19.2927], [-44.1604, -19.2927], [-44.1571, -19.2984], [-44.147454021958325, -19.30382012099485], [-44.1479, -19.3012], [-44.1395, -19.2995], [-44.1402, -19.2985], [-44.138, -19.2977], [-44.1395, -19.2967], [-44.1345, -19.2949], [-44.1354, -19.2935], [-44.1338, -19.2923], [-44.127, -19.2909], [-44.1226, -19.2921], [-44.1201, -19.2908], [-44.1178, -19.2918], [-44.1162, -19.2951], [-44.1164, -19.2996], [-44.1189, -19.3011], [-44.1166, -19.3017], [-44.1132, -19.2998], [-44.1132, -19.2979], [-44.1107, -19.2974], [-44.1105, -19.295], [-44.1051, -19.2906], [-44.106, -19.2899], [-44.1041, -19.2873], [-44.1052, -19.2848], [-44.103, -19.2844], [-44.1035, -19.281], [-44.1003, -19.2777], [-44.1, -19.2748], [-44.0982, -19.2745], [-44.0989, -19.2733], [-44.0969, -19.2736], [-44.0952, -19.2719], [-44.0926, -19.2742], [-44.0891, -19.2742], [-44.0892, -19.2719], [-44.0852, -19.2733], [-44.0855, -19.2742], [-44.0831, -19.2739], [-44.0806, -19.2767], [-44.0757, -19.276], [-44.0681, -19.2842], [-44.0681, -19.2902], [-44.0724, -19.2943], [-44.0728, -19.2988], [-44.0687, -19.3082], [-44.0651, -19.3111], [-44.0653, -19.3166], [-44.0578, -19.3309], [-44.0526, -19.3341], [-44.0469, -19.3336], [-44.0414, -19.3358], [-44.0329, -19.3329], [-44.0243, -19.334], [-44.0207, -19.3365], [-44.0169, -19.3344], [-44.0086, -19.3356], [-44.0063, -19.3334], [-44.0076, -19.3363], [-44.0052, -19.332], [-43.999, -19.3353], [-43.9886, -19.3363], [-43.9877, -19.3341], [-43.9889, -19.3318], [-43.9983, -19.3268], [-43.9924, -19.3246], [-43.9903, -19.32], [-43.9898, -19.3172], [-43.9925, -19.3103], [-43.9915, -19.3071], [-43.9873, -19.3043], [-43.9836, -19.31], [-43.9759, -19.3109], [-43.9728, -19.309], [-43.9728, -19.305], [-43.9751, -19.3007], [-43.9796, -19.2997], [-43.9846, -19.302], [-43.988, -19.2968], [-43.9947, -19.2971], [-43.9923, -19.288], [-44.0033, -19.2857], [-44.0032, -19.2807], [-44.0083, -19.2765], [-44.0081, -19.2751], [-44.0035, -19.2738], [-43.9971, -19.2753], [-43.9923, -19.2647], [-43.9887, -19.2646], [-43.9855, -19.2666], [-43.9774, -19.2614], [-43.9767, -19.2595], [-43.9783, -19.2561], [-43.9759, -19.2574], [-43.9737, -19.2563], [-43.9705, -19.2584], [-43.9616, -19.2547], [-43.957, -19.2563], [-43.9512, -19.253], [-43.9407, -19.25], [-43.9387, -19.2477], [-43.9377, -19.2401], [-43.9203, -19.2309], [-43.9044, -19.2256], [-43.8982, -19.2134], [-43.8931, -19.2146], [-43.8889, -19.2185], [-43.8846, -19.2169], [-43.8793, -19.2197], [-43.8762, -19.2188], [-43.8721, -19.2202], [-43.862, -19.2166], [-43.856, -19.2127], [-43.8515, -19.2126], [-43.8447, -19.2161], [-43.843, -19.2152], [-43.8426, -19.2118], [-43.8373, -19.2067], [-43.8352, -19.2014], [-43.8356, -19.194], [-43.8402, -19.1871], [-43.8364, -19.1815], [-43.8383, -19.1718], [-43.8367, -19.1684], [-43.8387, -19.1641], [-43.8387, -19.1596], [-43.8487, -19.1506], [-43.8496, -19.145], [-43.8537, -19.1379], [-43.854, -19.1147], [-43.8516, -19.1111], [-43.8553, -19.1085], [-43.8597, -19.1107], [-43.8624, -19.1088], [-43.8632, -19.106], [-43.8603, -19.1021], [-43.8602, -19.0975], [-43.8632, -19.0909], [-43.8624, -19.0884], [-43.8561, -19.0889], [-43.8469, -19.0821], [-43.8393, -19.0709], [-43.8326, -19.071], [-43.8285, -19.0755], [-43.8266, -19.0757], [-43.8231, -19.0731], [-43.8179, -19.0731], [-43.8168, -19.0706], [-43.8147, -19.0711], [-43.8112, -19.0682], [-43.8039, -19.0676], [-43.7965, -19.071], [-43.7925, -19.0682], [-43.7943, -19.0659], [-43.7924, -19.065], [-43.7908, -19.0611], [-43.7874, -19.0619], [-43.7852, -19.0594], [-43.7826, -19.0605], [-43.7778, -19.059], [-43.7692, -19.0642], [-43.769, -19.0662], [-43.7732, -19.0654], [-43.7781, -19.0673], [-43.7799, -19.0645], [-43.7814, -19.0684], [-43.7736, -19.0718], [-43.7823, -19.0754], [-43.7867, -19.0736], [-43.7888, -19.0775], [-43.7871, -19.079], [-43.7834, -19.0781], [-43.7758, -19.0802], [-43.772, -19.0767], [-43.7659, -19.0806], [-43.7646, -19.0846], [-43.7721, -19.0849], [-43.7704, -19.0872], [-43.772, -19.0924], [-43.7791, -19.0922], [-43.7775, -19.0995], [-43.7761, -19.0994], [-43.7745, -19.0962], [-43.7584, -19.094], [-43.7566, -19.0974], [-43.7593, -19.1019], [-43.7538, -19.1027], [-43.7527, -19.1049], [-43.7543, -19.1072], [-43.7597, -19.1087], [-43.7607, -19.111], [-43.7587, -19.1131], [-43.7479, -19.1094], [-43.7463, -19.1045], [-43.7427, -19.1057], [-43.7399, -19.104], [-43.7388, -19.1049], [-43.7364, -19.1118], [-43.7415, -19.1132], [-43.7455, -19.1208], [-43.7429, -19.1287], [-43.7509, -19.1264], [-43.7576, -19.1291], [-43.7602, -19.1264], [-43.7619, -19.1298], [-43.767, -19.1314], [-43.7706, -19.1344], [-43.7695, -19.1369], [-43.7495, -19.136], [-43.7489, -19.1393], [-43.757, -19.1408], [-43.7592, -19.1433], [-43.757, -19.1449], [-43.7497, -19.1448], [-43.7559, -19.1491], [-43.7557, -19.1528], [-43.7515, -19.1553], [-43.756, -19.1625], [-43.7528, -19.1655], [-43.7483, -19.164], [-43.747, -19.1653], [-43.7495, -19.168], [-43.7588, -19.1694], [-43.7611, -19.1713], [-43.7607, -19.1759], [-43.7574, -19.174], [-43.7537, -19.1741], [-43.7524, -19.1765], [-43.7539, -19.1799], [-43.7593, -19.1809], [-43.7652, -19.1853], [-43.7712, -19.1841], [-43.7706, -19.1877], [-43.7757, -19.191], [-43.7738, -19.1936], [-43.7688, -19.1937], [-43.7669, -19.1965], [-43.7634, -19.1959], [-43.7631, -19.1997], [-43.7597, -19.1987], [-43.7608, -19.2031], [-43.7582, -19.2067], [-43.7506, -19.2052], [-43.7517, -19.2083], [-43.7487, -19.2102], [-43.7507, -19.2149], [-43.7469, -19.2157], [-43.7442, -19.2185], [-43.7444, -19.2234], [-43.7495, -19.2264], [-43.7506, -19.2288], [-43.7473, -19.2312], [-43.7486, -19.2364], [-43.749021276595755, -19.236534042553195], [-43.7432, -19.2352], [-43.7411, -19.2317], [-43.7376, -19.2367], [-43.7443, -19.2381], [-43.7437, -19.2441], [-43.7424, -19.2456], [-43.7414, -19.2433], [-43.7401, -19.2438], [-43.7392, -19.2499], [-43.7365, -19.2504], [-43.734, -19.2545], [-43.7354, -19.257], [-43.7369, -19.2536], [-43.7392, -19.2592], [-43.7343, -19.2625], [-43.7363, -19.2688], [-43.7318, -19.2784], [-43.7332, -19.2804], [-43.7251, -19.2821], [-43.7238, -19.2774], [-43.7213, -19.2768], [-43.7226, -19.2734], [-43.7209, -19.2729], [-43.7211, -19.2708], [-43.7127, -19.2747], [-43.7105, -19.2701], [-43.7061, -19.2673], [-43.7039, -19.2713], [-43.6992, -19.2715], [-43.6973, -19.2737], [-43.6975, -19.2774], [-43.6958, -19.2803], [-43.6972, -19.2826], [-43.6939, -19.2851], [-43.6933, -19.29], [-43.6909, -19.2873], [-43.6925, -19.2801], [-43.6888, -19.2748], [-43.6883, -19.2822], [-43.6856, -19.2812], [-43.6798, -19.2827], [-43.6756, -19.2903], [-43.6733, -19.2913], [-43.6726, -19.2978], [-43.6756, -19.2989], [-43.6753, -19.3052], [-43.677, -19.3068], [-43.6774, -19.3055], [-43.6824, -19.3044], [-43.6808, -19.3072], [-43.6831, -19.311], [-43.6705, -19.3135], [-43.6698, -19.3171], [-43.672, -19.3189], [-43.6725, -19.3234], [-43.6697, -19.3313], [-43.6659, -19.3318], [-43.6651, -19.3301], [-43.6633, -19.3321], [-43.6624, -19.3295], [-43.6581, -19.3326], [-43.6568, -19.3358], [-43.6542, -19.3331], [-43.6509, -19.3329], [-43.6487, -19.3363], [-43.6498, -19.3417], [-43.6433, -19.3428], [-43.6404, -19.3474], [-43.6317, -19.3444], [-43.6289, -19.3449], [-43.6292, -19.3407], [-43.6245, -19.3402], [-43.6184, -19.3454], [-43.615, -19.3439], [-43.612, -19.3453], [-43.6072, -19.3426], [-43.6066, -19.3471], [-43.6051, -19.3446], [-43.6027, -19.3463], [-43.5982, -19.3457], [-43.5944, -19.3481], [-43.5895, -19.3448], [-43.58, -19.3444], [-43.573, -19.3409], [-43.5672, -19.3412], [-43.5624, -19.3386], [-43.5468, -19.3348], [-43.5276, -19.3345], [-43.5187, -19.3303], [-43.5181, -19.3342], [-43.5212, -19.3398], [-43.5188, -19.3491], [-43.5105, -19.3547], [-43.5082, -19.3595], [-43.5046, -19.3615], [-43.4968, -19.3631], [-43.4957, -19.3571], [-43.4919, -19.3595], [-43.4916, -19.3665], [-43.4879, -19.3699], [-43.4871, -19.3726], [-43.4915, -19.3797], [-43.4937, -19.387], [-43.4899, -19.3924], [-43.4807, -19.4004], [-43.4849, -19.4059], [-43.478, -19.4153], [-43.4828, -19.4201], [-43.4816, -19.4276], [-43.4853, -19.4317], [-43.4817, -19.4387], [-43.4802, -19.454], [-43.4848, -19.4538], [-43.4884, -19.4584], [-43.4907, -19.4563], [-43.4925, -19.4568], [-43.4935, -19.4667], [-43.4979, -19.4715], [-43.4976, -19.4772], [-43.5117, -19.4981], [-43.5135, -19.5077], [-43.5217, -19.5104], [-43.5282, -19.5258], [-43.5314, -19.5287], [-43.5356, -19.5285], [-43.5423, -19.5407], [-43.5487, -19.5311], [-43.5456, -19.5374], [-43.5413, -19.5444], [-43.5303, -19.5507], [-43.5271, -19.5574], [-43.5299, -19.5681], [-43.5368, -19.5666], [-43.5399, -19.5712], [-43.5385, -19.5739], [-43.5401, -19.5776], [-43.5382, -19.5897], [-43.5423, -19.6033], [-43.5385, -19.6156], [-43.5417, -19.6239], [-43.5427, -19.6327], [-43.5463, -19.6425], [-43.5456, -19.6518], [-43.5488, -19.6633], [-43.5451, -19.6673], [-43.543, -19.6827], [-43.5438, -19.6896], [-43.5407, -19.6906], [-43.5379, -19.6949], [-43.5377, -19.7051], [-43.5339, -19.7201], [-43.5327, -19.723], [-43.5275, -19.7274], [-43.5272, -19.7297], [-43.531, -19.7335], [-43.5355, -19.7335], [-43.536, -19.7412], [-43.5342, -19.7436], [-43.5382, -19.7543], [-43.54171856540084, -19.75129219409283], [-43.5365, -19.757], [-43.5369, -19.7608], [-43.5309, -19.7619], [-43.5285, -19.7656], [-43.5179, -19.7692], [-43.5084, -19.7658], [-43.5062, -19.7699], [-43.4996, -19.7702], [-43.4947, -19.7752], [-43.4915, -19.773], [-43.4881, -19.7732], [-43.4849, -19.784], [-43.4795, -19.786], [-43.4789, -19.7828], [-43.475, -19.7836], [-43.4685, -19.7803], [-43.4622, -19.7807], [-43.4512, -19.788], [-43.4478, -19.7839], [-43.444, -19.7833], [-43.4332, -19.7878], [-43.4284, -19.7871], [-43.4283, -19.7839], [-43.4198, -19.7758], [-43.4153, -19.7776], [-43.41, -19.7725], [-43.4047, -19.7765], [-43.3949, -19.7745], [-43.3925, -19.7755], [-43.3906, -19.7724], [-43.3888, -19.7728], [-43.3873, -19.7781], [-43.3889, -19.788], [-43.3826, -19.7911], [-43.3882, -19.7938], [-43.3911, -19.7999], [-43.3907, -19.8026], [-43.3967, -19.8046], [-43.3974, -19.8066], [-43.3952, -19.808], [-43.3943, -19.8115], [-43.3973, -19.8232], [-43.3971, -19.827], [-43.3947, -19.8289], [-43.3973, -19.8395], [-43.3932, -19.8423], [-43.3919, -19.8466], [-43.3876, -19.8509], [-43.3884, -19.8569], [-43.3942, -19.8622], [-43.395, -19.8659], [-43.3992, -19.8667], [-43.4086, -19.8723], [-43.423, -19.8763], [-43.4332, -19.8761], [-43.4349, -19.8779], [-43.4335, -19.8873], [-43.4266, -19.8896], [-43.421, -19.8936], [-43.4194, -19.9094], [-43.4312, -19.9074], [-43.43147286931818, -19.907587263257575], [-43.4133, -19.9113], [-43.4096, -19.9139], [-43.4088, -19.9168], [-43.3947, -19.915], [-43.3891, -19.9106], [-43.3814, -19.9083], [-43.3749, -19.9083], [-43.3713, -19.9217], [-43.3689, -19.9233], [-43.3563, -19.9215], [-43.3501, -19.9185], [-43.3457, -19.9189], [-43.3454, -19.9155], [-43.3411, -19.9128], [-43.3383, -19.9027], [-43.3266, -19.899], [-43.3247, -19.8948], [-43.3165, -19.8914], [-43.3016, -19.8943], [-43.2845, -19.9019], [-43.2746, -19.9026], [-43.2717, -19.901], [-43.271, -19.8961], [-43.2609, -19.893], [-43.2587, -19.8894], [-43.2568, -19.8898], [-43.2563, -19.8927], [-43.252, -19.8967], [-43.2457, -19.8984], [-43.2415, -19.8973], [-43.2386, -19.893], [-43.2338, -19.8927], [-43.2304, -19.8895], [-43.2258, -19.8898], [-43.2205, -19.8928], [-43.2235, -19.9004], [-43.2274, -19.9046], [-43.2243, -19.9149], [-43.2284, -19.9187], [-43.2335, -19.9207], [-43.2334, -19.9288], [-43.2321, -19.9327], [-43.2283, -19.9353], [-43.2266, -19.9388], [-43.219, -19.9398], [-43.2167, -19.9418], [-43.2189, -19.953], [-43.2108, -19.9707], [-43.2179, -19.9779], [-43.2251, -19.9757], [-43.2295, -19.9768], [-43.2291, -19.9794], [-43.2307, -19.9789], [-43.232, -19.9807], [-43.2416, -19.9811], [-43.2411, -19.9825], [-43.244, -19.9845], [-43.2435, -19.9871], [-43.2476, -19.9871], [-43.2503, -19.9905], [-43.248, -19.9976], [-43.25, -20.0012], [-43.2524, -20.0006], [-43.2546, -20.0024], [-43.2558, -19.9985], [-43.2611, -19.9982], [-43.2671, -20.0047], [-43.2718, -20.0044], [-43.2741, -20.0125], [-43.2776, -20.0146], [-43.2769, -20.0186], [-43.2789, -20.0216], [-43.2771, -20.027], [-43.2805, -20.0296], [-43.2784, -20.0352], [-43.2799, -20.0393], [-43.2827, -20.0392], [-43.2852, -20.0439], [-43.2888, -20.0438], [-43.2902, -20.0496], [-43.288, -20.0536], [-43.2902, -20.056], [-43.2901, -20.0608], [-43.2951, -20.06], [-43.2974, -20.0622], [-43.3013, -20.0602], [-43.3017, -20.0643], [-43.3125, -20.071], [-43.3158, -20.0779], [-43.3179, -20.0741], [-43.3183, -20.0686], [-43.3149, -20.0428], [-43.3188, -20.0411], [-43.3201, -20.0361], [-43.3272, -20.0292], [-43.3284, -20.0206], [-43.334, -20.0199], [-43.3373, -20.0173], [-43.3426, -20.0159], [-43.3429, -20.0111], [-43.3496, -20.007], [-43.3519, -20.0033], [-43.3514, -19.9988], [-43.3547, -19.9945], [-43.3599, -19.995], [-43.3641, -19.9988], [-43.3694, -19.999], [-43.3712, -20.0028], [-43.3733, -20.0037], [-43.3796, -20.003], [-43.3834, -19.9996], [-43.3874, -20.0041], [-43.39, -20.0014], [-43.3967, -20.0009], [-43.3982, -19.9985], [-43.4043, -20.0], [-43.4048, -20.0029], [-43.4085, -20.0036], [-43.4112, -20.0087], [-43.4094, -20.0135], [-43.4144, -20.0165], [-43.4183, -20.0165], [-43.4218, -20.0222], [-43.4267, -20.0215], [-43.4289, -20.029], [-43.4419, -20.0335], [-43.4457, -20.0321], [-43.4485, -20.022], [-43.4506, -20.0198], [-43.4586, -20.0297], [-43.4639, -20.0306], [-43.4686, -20.0342], [-43.471, -20.0325], [-43.4714, -20.0275], [-43.4786, -20.0247], [-43.4801, -20.0281], [-43.4784, -20.0295], [-43.4798, -20.0317], [-43.4789, -20.0368], [-43.4817, -20.0398], [-43.4816, -20.0457], [-43.4799, -20.0469], [-43.4825, -20.0504], [-43.4814, -20.058], [-43.4841, -20.0618], [-43.4837, -20.0667], [-43.4901, -20.0708], [-43.4921, -20.074], [-43.5049, -20.0816], [-43.5065, -20.082], [-43.5085, -20.0799], [-43.5111, -20.0824], [-43.5131, -20.0822], [-43.5125, -20.0878], [-43.514, -20.0923], [-43.5196, -20.0966], [-43.5158, -20.1032], [-43.5192, -20.1073], [-43.5185, -20.1157], [-43.5141, -20.1149], [-43.5119, -20.1163], [-43.5138, -20.122], [-43.511, -20.1284], [-43.511, -20.1341], [-43.521, -20.1372], [-43.5285, -20.143], [-43.5354, -20.1536], [-43.5325, -20.1571], [-43.5341, -20.164], [-43.5394, -20.1704], [-43.5399, -20.1741], [-43.544, -20.176], [-43.5415, -20.1822], [-43.5489, -20.185], [-43.5425, -20.1899], [-43.5428, -20.1944], [-43.5382, -20.202], [-43.5477, -20.2073], [-43.5564, -20.2081], [-43.5684, -20.2063], [-43.581, -20.2178], [-43.5834, -20.2174], [-43.5996, -20.2056], [-43.604, -20.2043], [-43.6106, -20.1969], [-43.61832673063742, -20.19367237834133], [-43.6183, -20.1937], [-43.6203, -20.1986], [-43.6152, -20.2028], [-43.6177, -20.2041], [-43.6209, -20.2109], [-43.6295, -20.2091], [-43.6311, -20.2137], [-43.6366, -20.2196], [-43.6448, -20.2205], [-43.6498, -20.2243], [-43.6532, -20.2361], [-43.6523, -20.2402], [-43.6552, -20.2402], [-43.6578, -20.2367], [-43.6579, -20.2334], [-43.6642, -20.2295], [-43.6652, -20.2315], [-43.6666, -20.2301], [-43.6679, -20.2334], [-43.6705, -20.2318], [-43.6731, -20.2333], [-43.672, -20.2388], [-43.6846, -20.2418], [-43.6907, -20.2363], [-43.6901, -20.2315], [-43.6938, -20.2306], [-43.6959, -20.2326], [-43.7013, -20.229], [-43.7018, -20.2313], [-43.7059, -20.2333], [-43.707, -20.2434], [-43.7047, -20.2458], [-43.6974, -20.2477], [-43.6985, -20.2524], [-43.6962, -20.2545], [-43.6991, -20.2561], [-43.7017, -20.2538], [-43.7035, -20.2588], [-43.7099, -20.2611], [-43.7129, -20.2647], [-43.7199, -20.2639], [-43.7289, -20.2673], [-43.7331, -20.2651], [-43.7352, -20.2686], [-43.7441, -20.2711], [-43.7445, -20.2684], [-43.7514, -20.2681], [-43.7585, -20.2787], [-43.7536, -20.2839], [-43.7571, -20.2901], [-43.7565, -20.2957], [-43.7594, -20.298], [-43.7561, -20.3043], [-43.7614, -20.3063], [-43.7709, -20.3034], [-43.7722, -20.3133], [-43.7805, -20.3102], [-43.7855, -20.3178], [-43.7903, -20.3178], [-43.7972, -20.3212], [-43.7977, -20.3286], [-43.8012, -20.3313], [-43.7986, -20.3419], [-43.8025, -20.3431], [-43.8031, -20.352], [-43.8066, -20.3535], [-43.8081, -20.3517], [-43.8137, -20.3525], [-43.8156, -20.3547], [-43.8112, -20.362], [-43.8147, -20.3677], [-43.8202, -20.368], [-43.8188, -20.3777], [-43.8279, -20.3789], [-43.83, -20.3822], [-43.8379, -20.3838], [-43.8381, -20.386], [-43.8509, -20.3876], [-43.8549, -20.3835], [-43.8634, -20.3936], [-43.8695, -20.3911], [-43.8716, -20.3883], [-43.8741, -20.388], [-43.8775, -20.3901], [-43.8856, -20.3897], [-43.8849, -20.387], [-43.8874, -20.3873], [-43.8938, -20.3829], [-43.8974, -20.3834], [-43.8975, -20.382], [-43.903, -20.3821], [-43.9052, -20.3805], [-43.9134, -20.3813], [-43.9207, -20.3849], [-43.92953892944039, -20.38257396593674], [-43.9285, -20.3867], [-43.9271, -20.4049], [-43.9295, -20.4163], [-43.9319, -20.4192], [-43.9288, -20.4215], [-43.9204, -20.4222], [-43.9148, -20.4279], [-43.9204, -20.4315], [-43.9222, -20.4357], [-43.9221, -20.4425], [-43.9254, -20.4464], [-43.9242, -20.4559], [-43.9315, -20.4586], [-43.9338, -20.4568], [-43.9386, -20.4594], [-43.9467, -20.4576], [-43.9493, -20.4668], [-43.9579, -20.4778], [-43.9622, -20.4878], [-43.9687, -20.4956], [-43.9701, -20.5032], [-43.9744, -20.5075], [-43.9777, -20.5036], [-43.9813, -20.5024], [-43.9864, -20.5068], [-43.9878, -20.5035], [-43.9859, -20.4985], [-43.9928, -20.4995], [-43.9921, -20.4969], [-43.9991, -20.4968], [-44.0037, -20.5013], [-44.0113, -20.5018], [-44.0182, -20.5062], [-44.0283, -20.5079], [-44.0395, -20.4998], [-44.0424, -20.4908], [-44.0491, -20.4927], [-44.0573, -20.486], [-44.0633, -20.4839], [-44.0653, -20.4879], [-44.0648, -20.4935], [-44.0687, -20.4983], [-44.0716, -20.497], [-44.0804, -20.5007], [-44.0825, -20.4994], [-44.085, -20.5013], [-44.0869, -20.501], [-44.0868, -20.4985], [-44.0913, -20.5019], [-44.0959, -20.5005], [-44.1025, -20.5022], [-44.1051, -20.5074], [-44.1089, -20.5056], [-44.1119, -20.5086], [-44.1234, -20.5105], [-44.134, -20.5094], [-44.1418, -20.505], [-44.1478, -20.5043], [-44.1514, -20.5091], [-44.1587, -20.5112], [-44.1645, -20.5066], [-44.1655, -20.5028], [-44.1716, -20.5001], [-44.1736, -20.4957], [-44.1738, -20.4927], [-44.1707, -20.4866], [-44.1655, -20.4871], [-44.1642, -20.4858], [-44.1652, -20.4773], [-44.1641, -20.4752], [-44.1622, -20.4738], [-44.1571, -20.4765], [-44.1531, -20.4752], [-44.1517, -20.4681], [-44.1469, -20.4654], [-44.1449, -20.4623], [-44.1466, -20.4558], [-44.1541, -20.4538], [-44.1615, -20.4431], [-44.1536, -20.4344], [-44.1506, -20.4259], [-44.1516, -20.422], [-44.14853112582781, -20.421634657836645], [-44.1533, -20.4213], [-44.1628, -20.4141], [-44.1676, -20.4169], [-44.1729, -20.4148], [-44.1731, -20.4093], [-44.1759, -20.4069], [-44.1739, -20.4023], [-44.1789, -20.3975], [-44.1814, -20.3871], [-44.1879, -20.3867], [-44.1921, -20.3943], [-44.1953, -20.3926], [-44.1981, -20.3883], [-44.2068, -20.387], [-44.2163, -20.3905], [-44.2227, -20.3883], [-44.2275, -20.3844], [-44.2315, -20.3858], [-44.2346, -20.3906], [-44.2391, -20.3892], [-44.2434, -20.392], [-44.2555, -20.3937], [-44.2595, -20.399], [-44.2576, -20.4041], [-44.2621, -20.4053], [-44.266, -20.4094], [-44.2652, -20.4153], [-44.2675, -20.4189], [-44.2733, -20.4203], [-44.2775, -20.4239], [-44.2798, -20.4183], [-44.2791, -20.4149], [-44.2851, -20.413], [-44.2882, -20.4067], [-44.2919, -20.4038], [-44.2889, -20.3964], [-44.294, -20.3951], [-44.2958, -20.3919], [-44.3009, -20.392], [-44.3075, -20.3896], [-44.3139, -20.3928], [-44.3203, -20.3863], [-44.3241, -20.3739], [-44.3202, -20.3622], [-44.3309, -20.3554], [-44.3294, -20.3484], [-44.3268, -20.3484], [-44.3249, -20.3435], [-44.3247, -20.3365], [-44.32809545598983, -20.330582205274865], [-44.3282, -20.3306], [-44.335, -20.3218], [-44.3491, -20.323], [-44.3553, -20.3275], [-44.3588, -20.3348], [-44.3663, -20.3359], [-44.3735, -20.3424], [-44.3797, -20.3437], [-44.3811, -20.3486], [-44.3859, -20.3487], [-44.3931, -20.3516], [-44.4082, -20.3455], [-44.4134, -20.3454], [-44.421, -20.3483], [-44.4236, -20.3475], [-44.4257, -20.3441], [-44.4287, -20.3435], [-44.4328, -20.3462], [-44.4375, -20.3461], [-44.4374, -20.3505], [-44.4439, -20.3534], [-44.4431, -20.3594], [-44.4375, -20.3613], [-44.4349, -20.3596], [-44.4278, -20.367], [-44.428, -20.375], [-44.4257, -20.3787], [-44.4223, -20.3802], [-44.419, -20.3768], [-44.4154, -20.3764], [-44.4121, -20.3816], [-44.4162, -20.3863], [-44.4169, -20.3903], [-44.4238, -20.3941], [-44.423, -20.4006], [-44.4276, -20.4043], [-44.4284, -20.4084], [-44.4273, -20.4116], [-44.4214, -20.4122], [-44.4157, -20.4196], [-44.407, -20.4266], [-44.4093, -20.4282], [-44.4102, -20.4338], [-44.4169, -20.4405], [-44.4242, -20.4393], [-44.4328, -20.4417], [-44.4354, -20.444], [-44.4465, -20.4452], [-44.4519, -20.4419], [-44.4631, -20.4409], [-44.4649, -20.4471], [-44.4716, -20.447], [-44.4729, -20.4501], [-44.478, -20.4532], [-44.4818, -20.4526], [-44.4873, -20.449], [-44.4892, -20.4515], [-44.4906, -20.459], [-44.4967, -20.458], [-44.5074, -20.4657], [-44.5139, -20.4666], [-44.5167, -20.4736], [-44.5211, -20.4756], [-44.5304, -20.4846], [-44.5346, -20.4865], [-44.5393, -20.4865], [-44.5418, -20.4827], [-44.5472, -20.4818], [-44.551, -20.4791], [-44.5515, -20.4771], [-44.5535, -20.478], [-44.5533, -20.4761], [-44.5556, -20.4746], [-44.5571, -20.4757], [-44.5597, -20.4748], [-44.5596, -20.4768], [-44.5615, -20.4765], [-44.5643, -20.4725], [-44.5701, -20.4716], [-44.5751, -20.4667], [-44.5753, -20.4687], [-44.5776, -20.4679], [-44.578, -20.4649], [-44.5822, -20.4653], [-44.585, -20.4618], [-44.5886, -20.4605], [-44.5884, -20.4587], [-44.5906, -20.4597], [-44.5908, -20.4573], [-44.5941, -20.4573], [-44.5942, -20.4539], [-44.5928, -20.4528], [-44.5951, -20.4484], [-44.599, -20.4478], [-44.6002, -20.4442], [-44.5984, -20.444], [-44.6029, -20.4368], [-44.6088, -20.4338], [-44.6103, -20.4305], [-44.6118, -20.4311], [-44.6168, -20.4276], [-44.6146, -20.4259], [-44.6131, -20.4208], [-44.6161, -20.4144], [-44.6177, -20.4126], [-44.6214, -20.4125], [-44.6228, -20.4082], [-44.6274, -20.4079], [-44.6273, -20.4053], [-44.6306, -20.405], [-44.6307, -20.3981], [-44.6345, -20.3937], [-44.6317, -20.3932], [-44.6322, -20.3911], [-44.6296, -20.3907], [-44.6316, -20.3894], [-44.6296, -20.3869], [-44.6316, -20.3855], [-44.6336, -20.379], [-44.6417, -20.3783], [-44.6395, -20.3736], [-44.6424, -20.3687], [-44.6473, -20.3694], [-44.6494, -20.3661], [-44.6543, -20.364], [-44.6541, -20.3617], [-44.6513, -20.361], [-44.6503, -20.3589], [-44.6549, -20.3518], [-44.654, -20.3465], [-44.6556, -20.3443], [-44.6502, -20.3411], [-44.6515, -20.3396], [-44.6544, -20.3408], [-44.6589, -20.3378], [-44.6523, -20.3272], [-44.651, -20.3211], [-44.6459, -20.3216], [-44.6418, -20.3247], [-44.6317, -20.3216]], [[-44.0192, -19.3427], [-44.01958756972112, -19.343911155378485], [-44.0076, -19.3363], [-44.0192, -19.3427]], [[-44.1557, -19.3114], [-44.155875932611316, -19.3117725631769], [-44.1463, -19.3106], [-44.1557, -19.3114]], [[-44.162006222865415, -19.335567438494937], [-44.1618, -19.3351], [-44.164, -19.3321], [-44.162006222865415, -19.335567438494937]], [[-44.13130516129033, -19.434503225806452], [-44.1304, -19.4347], [-44.1251, -19.4305], [-44.12503714525962, -19.430029955854533], [-44.1281, -19.4325], [-44.13130516129033, -19.434503225806452]], [[-44.1463, -19.427], [-44.135, -19.4337], [-44.13403522123893, -19.433909734513275], [-44.1463, -19.427]], [[-44.1698, -19.4696], [-44.16965260029718, -19.47068707280832], [-44.169189356632245, -19.468536298649713], [-44.1698, -19.4696]], [[-44.1683, -19.488], [-44.16819082568808, -19.488304128440365], [-44.16741589895989, -19.486913818722144], [-44.1683, -19.488]], [[-44.165775396085735, -19.500757129543334], [-44.165, -19.4998], [-44.165606789250354, -19.497722206506364], [-44.165775396085735, -19.500757129543334]], [[-44.1825, -19.5186], [-44.18102870036101, -19.52223953068591], [-44.18244821967411, -19.517072480386254], [-44.1825, -19.5186]], [[-44.18127378048781, -19.524370121951222], [-44.1806, -19.5238], [-44.180695634563456, -19.52345189018902], [-44.18127378048781, -19.524370121951222]], [[-44.1922, -19.5291], [-44.1845, -19.5271], [-44.18372871720116, -19.526447376093294], [-44.1922, -19.5291]], [[-44.1984, -19.5265], [-44.198440000000005, -19.526508], [-44.1922, -19.5291], [-44.1984, -19.5265]], [[-44.2029, -19.5274], [-44.204817129629625, -19.528662499999996], [-44.199641935483875, -19.526748387096774], [-44.2029, -19.5274]], [[-44.207, -19.5301], [-44.2079, -19.5365], [-44.20610551368505, -19.529510948036496], [-44.207, -19.5301]], [[-44.2219, -19.5808], [-44.21954835485214, -19.58502498958768], [-44.22166075, -19.58024175], [-44.2219, -19.5808]], [[-44.213464306170266, -19.59939718823223], [-44.2132, -19.5994], [-44.214133996023854, -19.59728508946322], [-44.213464306170266, -19.59939718823223]], [[-44.223423018292685, -19.59900457317073], [-44.22223137114142, -19.599985929648238], [-44.2226, -19.5993], [-44.21754470842332, -19.599353779697623], [-44.223423018292685, -19.59900457317073]], [[-44.2151, -19.6136], [-44.214885011709605, -19.61365573770492], [-44.21635277127243, -19.61092459016395], [-44.2151, -19.6136]], [[-44.2002, -19.648], [-44.19914876033057, -19.65575289256201], [-44.1997306724846, -19.646571611909646], [-44.2002, -19.648]], [[-44.1986, -19.6598], [-44.19748672566372, -19.660672566371677], [-44.19877973568282, -19.658474449339206], [-44.1986, -19.6598]], [[-44.1964, -19.6688], [-44.19590281124498, -19.67054016064257], [-44.1949, -19.6627], [-44.1964, -19.6688]], [[-44.1954, -19.6723], [-44.186, -19.6812], [-44.19556175298805, -19.671733864541828], [-44.1954, -19.6723]], [[-44.13319068219634, -19.7094071547421], [-44.13309349593496, -19.710524796747976], [-44.132745305514156, -19.709175558867365], [-44.13319068219634, -19.7094071547421]], [[-44.142, -19.7265], [-44.1415, -19.7346], [-44.14169193154034, -19.725963080684593], [-44.142, -19.7265]], [[-44.1624, -19.7628], [-44.16224610389611, -19.76290259740259], [-44.1646, -19.7565], [-44.1624, -19.7628]], [[-44.16, -19.7644], [-44.1569, -19.7637], [-44.161591304347816, -19.763339130434783], [-44.16, -19.7644]], [[-44.1353, -19.7971], [-44.1350797752809, -19.798751685393263], [-44.1333, -19.7945], [-44.1353, -19.7971]], [[-44.1021, -19.8207], [-44.10179842519685, -19.821061889763783], [-44.1013, -19.809], [-44.1021, -19.8207]], [[-44.0789, -19.8446], [-44.07875857092573, -19.84442062653995], [-44.0819, -19.8348], [-44.0789, -19.8446]], [[-44.0171, -19.8337], [-44.01674808013355, -19.831060601001667], [-44.016825520833336, -19.831046701388885], [-44.0171, -19.8337]], [[-44.0203, -19.838], [-44.0163, -19.847], [-44.02012924226254, -19.83777054429029], [-44.0203, -19.838]], [[-44.014, -19.9562], [-44.013913612565446, -19.95647643979058], [-44.013818309859154, -19.956174647887323], [-44.014, -19.9562]], [[-44.014131561461795, -19.968975415282394], [-44.0136, -19.9688], [-44.01339016393442, -19.967986885245892], [-44.014131561461795, -19.968975415282394]], [[-44.0253, -19.973], [-44.02946250000004, -19.97577500000002], [-44.02481043256997, -19.97285877862595], [-44.0253, -19.973]], [[-44.0307, -19.9766], [-44.031315696887695, -19.97767307171856], [-44.03034864864864, -19.976365765765763], [-44.0307, -19.9766]], [[-44.036078260869566, -19.983560869565217], [-44.0357, -19.9836], [-44.0354621761658, -19.983278497409326], [-44.036078260869566, -19.983560869565217]], [[-44.06297282479142, -19.976782955899882], [-44.0629, -19.9768], [-44.062957142857144, -19.976599999999987], [-44.06297282479142, -19.976782955899882]], [[-44.01122666666667, -20.045278095238096], [-44.011, -20.0451], [-44.0093, -20.0418], [-44.00931911262799, -20.041735494880545], [-44.01122666666667, -20.045278095238096]], [[-44.0175, -20.0497], [-44.017604797047966, -20.05028948339483], [-44.013035051546396, -20.04669896907217], [-44.0175, -20.0497]], [[-44.0133, -20.0597], [-44.0011, -20.0567], [-44.013532770270274, -20.059462837837838], [-44.0133, -20.0597]], [[-43.995164102564104, -20.066807692307687], [-43.9966, -20.0609], [-43.99737419354838, -20.060177419354844], [-43.995164102564104, -20.066807692307687]], [[-43.9896, -20.0835], [-43.9829, -20.0938], [-43.9911611570248, -20.078816528925604], [-43.9896, -20.0835]], [[-43.9762, -20.1452], [-43.9761554770318, -20.145428975265016], [-43.972, -20.1388], [-43.9762, -20.1452]], [[-43.9796, -20.1861], [-43.979537974683545, -20.186551898734173], [-43.979373737373734, -20.18589494949495], [-43.9796, -20.1861]], [[-43.977520606601246, -20.2012498661909], [-43.9775, -20.2011], [-43.97766416938111, -20.200203908794794], [-43.977520606601246, -20.2012498661909]], [[-43.9786, -20.2095], [-43.9769, -20.221], [-43.97857215189873, -20.20929493670886], [-43.9786, -20.2095]], [[-43.97574672990514, -20.222651273090364], [-43.975689126853375, -20.222643327841844], [-43.9769, -20.221], [-43.97574672990514, -20.222651273090364]], [[-43.9501, -20.2793], [-43.9454685202639, -20.294886710650324], [-43.9478, -20.2854], [-43.9502, -20.279], [-43.95109677419352, -20.278020191158927], [-43.9501, -20.2793]], [[-43.9456, -20.3027], [-43.9449, -20.2972], [-43.94493200630666, -20.29706976744186], [-43.9456, -20.3027]], [[-43.9394, -20.3281], [-43.93930628637951, -20.32825483119906], [-43.939589189189185, -20.317221621621638], [-43.9394, -20.3281]], [[-44.624659184896615, -19.731685226251123], [-44.6259, -19.731], [-44.63286870554765, -19.731392603129446], [-44.6325, -19.7316], [-44.624659184896615, -19.731685226251123]], [[-44.5726, -19.786], [-44.59788031547814, -19.795282615839632], [-44.5978, -19.7954], [-44.5726, -19.786]], [[-44.51273960066556, -19.74041713810316], [-44.517, -19.7425], [-44.5127, -19.7407], [-44.51273960066556, -19.74041713810316]], [[-44.5135, -19.7222], [-44.5151, -19.726], [-44.51337109658678, -19.722178213507625], [-44.5135, -19.7222]], [[-44.5024, -19.7044], [-44.5024144200627, -19.704800156739815], [-44.50210970873786, -19.704444660194174], [-44.5024, -19.7044]], [[-44.5011, -19.7046], [-44.501798233215546, -19.7044925795053], [-44.5011, -19.7065], [-44.5011, -19.7046]], [[-44.4986, -19.705], [-44.4974, -19.7098], [-44.4983, -19.7043], [-44.492, -19.7033], [-44.498, -19.704], [-44.5011, -19.7065], [-44.4986, -19.705]], [[-44.493, -19.713], [-44.49249604960142, -19.712876988485387], [-44.4974, -19.7098], [-44.493, -19.713]], [[-44.4946, -19.6937], [-44.49043171171171, -19.701454954954954], [-44.4903, -19.7013], [-44.4946, -19.6937]], [[-44.4783, -19.6663], [-44.477664892703864, -19.667842403433475], [-44.4776, -19.6677], [-44.4783, -19.6663]], [[-44.497512457142854, -19.659439085714286], [-44.4935, -19.6585], [-44.4969, -19.6588], [-44.497512457142854, -19.659439085714286]], [[-44.5051, -19.6668], [-44.50441456953642, -19.66608476821192], [-44.50581240105541, -19.666277572559366], [-44.5051, -19.6668]], [[-44.5096, -19.6635], [-44.50840275229359, -19.664377981651366], [-44.50948353991076, -19.66309454635598], [-44.5096, -19.6635]], [[-44.4895, -19.6383], [-44.49599745699327, -19.640183320867614], [-44.4958, -19.6403], [-44.4895, -19.6383]], [[-44.4841, -19.641], [-44.48401416184971, -19.640898554913296], [-44.4895, -19.6383], [-44.4841, -19.641]], [[-44.4707, -19.6379], [-44.4748, -19.6396], [-44.47038518518519, -19.638036419753085], [-44.4707, -19.6379]], [[-44.4119, -19.6004], [-44.4083, -19.618], [-44.41173321299639, -19.600147292418768], [-44.4119, -19.6004]], [[-44.4086, -19.5954], [-44.41102105263158, -19.599068261562998], [-44.40435384615385, -19.592805128205132], [-44.4086, -19.5954]], [[-44.3984, -19.5873], [-44.398523042505595, -19.58741073825503], [-44.39780064102565, -19.587511538461538], [-44.3984, -19.5873]], [[-44.39422701829925, -19.5873674919268], [-44.39462753623189, -19.58795429726997], [-44.3943, -19.588], [-44.39422701829925, -19.5873674919268]], [[-44.3906, -19.581099999999974], [-44.39069, -19.582090000000004], [-44.3906, -19.582], [-44.3906, -19.581099999999974]], [[-44.3904, -19.5789], [-44.390413829787235, -19.579052127659576], [-44.3856, -19.5804], [-44.3904, -19.5789]], [[-44.3128, -19.5921], [-44.31260416666667, -19.591904166666666], [-44.315, -19.592], [-44.3164, -19.5925], [-44.3239, -19.5899], [-44.3176, -19.5927], [-44.3128, -19.5921]], [[-44.3059, -19.5851], [-44.30919999999994, -19.58849999999994], [-44.30578181818182, -19.58508181818182], [-44.3059, -19.5851]], [[-44.2444, -19.577], [-44.2509, -19.579], [-44.243616228467815, -19.57741251133273], [-44.2444, -19.577]], [[-44.2425, -19.578], [-44.24292361339923, -19.577777045579353], [-44.2387, -19.5892], [-44.2425, -19.578]], [[-44.223551565377534, -19.59889871086556], [-44.2263, -19.5935], [-44.2244, -19.5982], [-44.223551565377534, -19.59889871086556]], [[-44.1346, -19.8033], [-44.13460891089109, -19.803219801980195], [-44.1365, -19.8053], [-44.1346, -19.8033]], [[-44.16358662420383, -19.843577070063702], [-44.1615, -19.8424], [-44.16138202666667, -19.842463199999997], [-44.1618488474619, -19.841966973170425], [-44.162, -19.8422], [-44.16358662420383, -19.843577070063702]], [[-44.2367, -19.8795], [-44.236673333333336, -19.8793], [-44.2408, -19.8793], [-44.2367, -19.8795]], [[-44.31553, -19.906888333333335], [-44.3126, -19.9064], [-44.3155, -19.9067], [-44.31553, -19.906888333333335]], [[-44.3159, -19.9155], [-44.31561910669976, -19.90744772539291], [-44.3173, -19.918], [-44.3159, -19.9155]], [[-44.30680310021629, -19.925701874549386], [-44.3069, -19.9255], [-44.312331582584655, -19.925598756046995], [-44.3122, -19.9258], [-44.30680310021629, -19.925701874549386]], [[-44.3045, -19.9305], [-44.30654705882353, -19.926235294117642], [-44.305032972972974, -19.931534594594602], [-44.3045, -19.9305]], [[-44.3062, -19.9338], [-44.30566874999999, -19.932768749999987], [-44.30668958333333, -19.933789583333336], [-44.3062, -19.9338]], [[-44.31206055684456, -19.934577494199548], [-44.311184409340655, -19.93391504120879], [-44.3114, -19.9339], [-44.31206055684456, -19.934577494199548]], [[-44.31361918604651, -19.941741860465125], [-44.31482793083236, -19.93741582649472], [-44.3153, -19.9379], [-44.31361918604651, -19.941741860465125]], [[-44.3209, -19.9397], [-44.320996702482404, -19.939831085587258], [-44.3153, -19.9379], [-44.3209, -19.9397]], [[-44.31168870967742, -19.9443], [-44.312724840357596, -19.94378607918263], [-44.3125, -19.9443], [-44.31168870967742, -19.9443]], [[-44.2581, -20.0031], [-44.258389655172415, -20.00297528735632], [-44.258121030042915, -20.0031991416309], [-44.2581, -20.0031]], [[-44.257854634146355, -20.007677073170715], [-44.25847727620505, -20.006835960214232], [-44.2585, -20.0069], [-44.257854634146355, -20.007677073170715]], [[-44.2531, -20.0141], [-44.25351384317521, -20.013540948693134], [-44.253173891625615, -20.016464532019718], [-44.2531, -20.0141]], [[-44.2532, -20.0173], [-44.253195323741004, -20.01715035971223], [-44.2584, -20.0199], [-44.2532, -20.0173]], [[-44.2547, -20.0258], [-44.2547, -20.0241], [-44.2584, -20.0199], [-44.2547, -20.0258]], [[-44.262, -20.0285], [-44.2547, -20.0259], [-44.2547, -20.0258], [-44.262, -20.0285]], [[-44.2638, -20.0331], [-44.263584375, -20.033253125], [-44.262, -20.0285], [-44.2638, -20.0331]], [[-44.24260809095717, -20.049487308302485], [-44.2477, -20.0415], [-44.2429, -20.0495], [-44.24260809095717, -20.049487308302485]], [[-44.23818051601424, -20.048969661921706], [-44.24242954545455, -20.049479545454545], [-44.2383, -20.0493], [-44.23818051601424, -20.048969661921706]], [[-44.2367, -20.0383], [-44.237429659173316, -20.0468937635968], [-44.2366, -20.0446], [-44.2367, -20.0383]], [[-44.22716890547264, -20.036826119402985], [-44.2272, -20.0368], [-44.2367, -20.0383], [-44.22716890547264, -20.036826119402985]], [[-44.21849187192118, -20.048683990147783], [-44.2152, -20.0422], [-44.2187, -20.0487], [-44.21849187192118, -20.048683990147783]], [[-44.21072222222222, -20.04792222222222], [-44.217833333333346, -20.048633333333335], [-44.2109, -20.0481], [-44.21072222222222, -20.04792222222222]], [[-44.2049, -20.0425], [-44.20508967741936, -20.042682903225806], [-44.204284, -20.042649333333333], [-44.2049, -20.0425]], [[-44.2016, -20.0433], [-44.20243731343284, -20.043097014925372], [-44.201441333333335, -20.043844], [-44.2016, -20.0433]], [[-44.19630492227979, -20.051216062176167], [-44.19632915601023, -20.051196675191818], [-44.1982, -20.0574], [-44.19630492227979, -20.051216062176167]], [[-44.20900703363914, -20.10034128440367], [-44.2102, -20.1006], [-44.2127034454015, -20.102174937482637], [-44.20900703363914, -20.10034128440367]], [[-44.2331, -20.1148], [-44.233001276595765, -20.11473395744682], [-44.23322762645912, -20.114844617380015], [-44.2331, -20.1148]], [[-44.2631, -20.1199], [-44.2519, -20.1252], [-44.26791312483979, -20.116229992309666], [-44.2631, -20.1199]], [[-44.27821886792452, -20.111488679245284], [-44.273838169336386, -20.112910983981692], [-44.276, -20.1117], [-44.27821886792452, -20.111488679245284]], [[-44.28889, -20.1138675], [-44.2887, -20.1139], [-44.27917258064516, -20.111397849462367], [-44.2802, -20.1113], [-44.28889, -20.1138675]], [[-44.296058912386705, -20.112641238670697], [-44.2925, -20.11325], [-44.296, -20.1126], [-44.296058912386705, -20.112641238670697]], [[-44.3303, -20.1188], [-44.3176, -20.114], [-44.33039493670886, -20.11881012658228], [-44.3303, -20.1188]], [[-44.33677164750958, -20.133054278416328], [-44.3365, -20.1307], [-44.33776539351852, -20.119895486111112], [-44.33777729640801, -20.119897038661914], [-44.33677164750958, -20.133054278416328]], [[-44.3374, -20.1385], [-44.337322580645164, -20.137829032258082], [-44.33756205787781, -20.138667202572346], [-44.3374, -20.1385]], [[-44.3428, -20.1513], [-44.3437, -20.145], [-44.34293823845328, -20.151570193340497], [-44.3428, -20.1513]], [[-44.345, -20.1556], [-44.3440176744186, -20.153679999999994], [-44.345401441961066, -20.155883777937994], [-44.345, -20.1556]], [[-44.35070743479954, -20.159634565978983], [-44.34737542662115, -20.157279180887365], [-44.3507, -20.1593], [-44.35070743479954, -20.159634565978983]], [[-44.26106086956521, -20.25051304347826], [-44.2668, -20.2506], [-44.267502640642945, -20.251614925373133], [-44.26106086956521, -20.25051304347826]], [[-44.2602, -20.2505], [-44.26027951807229, -20.250501204819276], [-44.2529, -20.2567], [-44.2602, -20.2505]], [[-44.2345, -20.2357], [-44.23403734939759, -20.23807634173056], [-44.23328416886543, -20.233420316622684], [-44.2345, -20.2357]], [[-44.224727166882275, -20.230670504527815], [-44.2329, -20.2327], [-44.23299262202043, -20.23287366628831], [-44.2269, -20.2321], [-44.224727166882275, -20.230670504527815]], [[-44.218, -20.229], [-44.21882051077415, -20.229203750997605], [-44.217963150867824, -20.229124365821093], [-44.218, -20.229]], [[-44.164, -20.217], [-44.16417238982783, -20.217061222555678], [-44.1619, -20.2221], [-44.164, -20.217]], [[-44.1467, -20.2269], [-44.1468, -20.226940983606557], [-44.1468, -20.2311], [-44.1467, -20.2269]], [[-44.12426, -20.2958], [-44.1219, -20.2958], [-44.1241, -20.2953], [-44.12426, -20.2958]], [[-44.124440856440856, -20.298107581607578], [-44.12453971631206, -20.296674113475188], [-44.1249, -20.2978], [-44.124440856440856, -20.298107581607578]], [[-44.1146, -20.3045], [-44.117161928933996, -20.30298375634519], [-44.114771961120645, -20.304584802744426], [-44.1146, -20.3045]], [[-44.1221383027523, -20.308001261467894], [-44.12194413793103, -20.308603172413804], [-44.1219, -20.3081], [-44.118137883959044, -20.306244709897612], [-44.1217, -20.3078], [-44.1221383027523, -20.308001261467894]], [[-44.14028256880734, -20.339841284403672], [-44.1267, -20.3383], [-44.139, -20.3392], [-44.14028256880734, -20.339841284403672]], [[-44.1438, -20.344], [-44.14103076923077, -20.34021538461538], [-44.142, -20.3407], [-44.1438, -20.344]], [[-44.15691315240083, -20.352806471816287], [-44.1492, -20.3445], [-44.1566, -20.3517], [-44.15691315240083, -20.352806471816287]], [[-44.1581, -20.359224999999984], [-44.1570962406015, -20.35345338345864], [-44.1581, -20.357], [-44.1581, -20.359224999999984]], [[-44.1546, -20.3622], [-44.1581, -20.35986666666667], [-44.1581, -20.3603], [-44.1546, -20.3622]], [[-44.1526, -20.3699], [-44.15267105223543, -20.369626448893573], [-44.1585, -20.38], [-44.1526, -20.3699]], [[-44.1551726255887, -20.402233555729985], [-44.1537, -20.3879], [-44.1552, -20.4022], [-44.1551726255887, -20.402233555729985]], [[-44.1454, -20.4132], [-44.14580502901354, -20.41191740812379], [-44.14635398633257, -20.414909225512528], [-44.1454, -20.4132]], [[-44.1474, -20.4215], [-44.14745760517799, -20.420923948220064], [-44.14756694953104, -20.421519874944174], [-44.1474, -20.4215]], [[-44.61917760252366, -19.936048895899052], [-44.61737538860103, -19.936813471502592], [-44.6179, -19.9361], [-44.61917760252366, -19.936048895899052]], [[-44.612612425089885, -19.943036715940877], [-44.6125, -19.9432], [-44.6068, -19.9458], [-44.612612425089885, -19.943036715940877]], [[-44.5723, -19.9722], [-44.5694, -19.9751], [-44.569343075245364, -19.975067320974194], [-44.5723, -19.9722]], [[-44.553036697247705, -19.985138532110096], [-44.5522, -19.9873], [-44.55184379716669, -19.987016245200586], [-44.553036697247705, -19.985138532110096]], [[-44.542513464235626, -19.96756661991585], [-44.5357, -19.97], [-44.5419, -19.9674], [-44.542513464235626, -19.96756661991585]], [[-44.51529173047473, -19.9960471669219], [-44.5156, -19.997], [-44.51516119554204, -19.997580952380954], [-44.51529173047473, -19.9960471669219]], [[-44.49911794543124, -20.012493499359092], [-44.49939666666666, -20.020158333333253], [-44.4988, -20.0127], [-44.49911794543124, -20.012493499359092]], [[-44.499494827586204, -20.022857758620695], [-44.4995, -20.023], [-44.49870000000003, -20.024049999999963], [-44.499494827586204, -20.022857758620695]], [[-44.4964, -20.0275], [-44.49651355932203, -20.02732966101695], [-44.5075, -20.034], [-44.50746713189114, -20.034120516399163], [-44.4964, -20.0275]], [[-44.507347656250005, -20.03455859374999], [-44.50603636363636, -20.039366666666663], [-44.5057, -20.0369], [-44.507347656250005, -20.03455859374999]], [[-44.4603, -20.1144], [-44.4661, -20.1077], [-44.4605, -20.1142], [-44.4608, -20.1235], [-44.4603, -20.1144]], [[-44.445410303377216, -20.14727504293074], [-44.44755708245243, -20.14848604651163], [-44.44530210745028, -20.147387102997925], [-44.445410303377216, -20.14727504293074]], [[-44.3674, -20.1238], [-44.352196069869, -20.12164268558952], [-44.35485333333333, -20.12138717948718], [-44.3674, -20.1238]], [[-44.5621, -20.2862], [-44.5498, -20.2858], [-44.56241581920904, -20.285608851224104], [-44.5621, -20.2862]], [[-44.53168831667948, -20.26059830899308], [-44.5319, -20.2607], [-44.53190846394985, -20.260920062695924], [-44.53168831667948, -20.26059830899308]], [[-44.52126028880867, -20.256056498194948], [-44.5217, -20.2558], [-44.52459189944135, -20.257189245810057], [-44.52126028880867, -20.256056498194948]], [[-44.3907, -20.2574], [-44.387821192052996, -20.256257615894047], [-44.39088268839104, -20.257357841140532], [-44.3907, -20.2574]], [[-44.3844, -20.2549], [-44.3818, -20.2522], [-44.384411180124225, -20.25490443655723], [-44.3844, -20.2549]], [[-44.3547, -20.2409], [-44.355063881003744, -20.240725536505053], [-44.3612, -20.249], [-44.3547, -20.2409]], [[-44.3568, -20.1676], [-44.3638, -20.1752], [-44.363765, -20.175361], [-44.3568, -20.1676]], [[-44.3505, -20.1634], [-44.35072848837209, -20.160581976744155], [-44.35079548872181, -20.163596992481203], [-44.3505, -20.1634]], [[-44.4443, -20.3124], [-44.4468, -20.3219], [-44.4458, -20.3237], [-44.44559252336449, -20.323665420560747], [-44.4466, -20.3222], [-44.4443, -20.3124]], [[-44.4381, -20.327], [-44.43820420833333, -20.326900875000003], [-44.43783621621622, -20.32920918918915], [-44.4381, -20.327]], [[-44.4373, -20.3337], [-44.43734697802198, -20.33330655906594], [-44.4412, -20.3361], [-44.4373, -20.3337]], [[-44.3233, -20.3298], [-44.3175, -20.326], [-44.314260784313724, -20.322870588235293], [-44.3235, -20.3298], [-44.32401272727273, -20.329887272727273], [-44.3233, -20.3298]], [[-44.309190243902435, -20.31529512195122], [-44.3104, -20.3159], [-44.31248318332544, -20.321153244907627], [-44.3116, -20.3203], [-44.309190243902435, -20.31529512195122]], [[-44.30865142857143, -20.315025714285714], [-44.3029, -20.3171], [-44.3084, -20.3149], [-44.30865142857143, -20.315025714285714]], [[-44.269428649535264, -20.25465254237288], [-44.269017857142856, -20.25380357142857], [-44.2695, -20.2545], [-44.269428649535264, -20.25465254237288]], [[-44.5644, -20.2165], [-44.564475310834816, -20.216612255772645], [-44.5592, -20.2129], [-44.5644, -20.2165]], [[-44.4748675, -20.169061785714288], [-44.4769, -20.1649], [-44.476, -20.1689], [-44.4748675, -20.169061785714288]], [[-44.47435274725275, -20.168897802197804], [-44.474642924528304, -20.169093867924527], [-44.4746, -20.1691], [-44.47435274725275, -20.168897802197804]], [[-44.4568, -20.1537], [-44.46168201892743, -20.1585359621451], [-44.45347466307278, -20.15182416891285], [-44.4568, -20.1537]], [[-44.2899, -20.0592], [-44.2878, -20.0574], [-44.28795483870967, -20.057254838709678], [-44.2899, -20.0592]], [[-44.28816288659793, -20.05705979381444], [-44.290446153846155, -20.05491923076923], [-44.2909, -20.0556], [-44.28816288659793, -20.05705979381444]], [[-44.287312265331664, -20.054736545682104], [-44.2872, -20.0548], [-44.2865142857143, -20.05372857142859], [-44.287312265331664, -20.054736545682104]], [[-44.2857225433526, -20.052491473988432], [-44.2856, -20.0523], [-44.2861, -20.049], [-44.2857225433526, -20.052491473988432]], [[-44.2866, -20.0364], [-44.2775, -20.0309], [-44.27746405733187, -20.030702315325254], [-44.2866, -20.0364]], [[-44.27524705882353, -20.003087058823528], [-44.27205842217484, -20.006403240938166], [-44.27215119047619, -20.00456642857143], [-44.2728, -20.0048], [-44.27524705882353, -20.003087058823528]], [[-44.5271, -19.9531], [-44.5271, -19.953], [-44.5333, -19.9542], [-44.5271, -19.9531]], [[-44.5253, -19.9546], [-44.5189, -19.9415], [-44.52561187335092, -19.954340105540897], [-44.5253, -19.9546]], [[-44.462223331755816, -19.91638168480833], [-44.4671, -19.9157], [-44.47335282167043, -19.916200225733633], [-44.462223331755816, -19.91638168480833]], [[-44.457547285464095, -19.91733047285464], [-44.4578, -19.917], [-44.459964150943385, -19.91669748427673], [-44.457547285464095, -19.91733047285464]], [[-44.45757862969005, -19.920005709624796], [-44.4565, -19.9187], [-44.45703538461538, -19.917999881656808], [-44.45757862969005, -19.920005709624796]], [[-44.4582, -19.9223], [-44.4576164644714, -19.922851993067592], [-44.458063394919165, -19.921795612009237], [-44.4582, -19.9223]], [[-44.4545, -19.9258], [-44.442668181818185, -19.93015909090909], [-44.45639850187266, -19.924004119850185], [-44.4545, -19.9258]], [[-44.43957536231884, -19.931298550724637], [-44.43815631067962, -19.9318213592233], [-44.4387, -19.9312], [-44.438639614074916, -19.931006129398412], [-44.43957536231884, -19.931298550724637]], [[-44.4266, -19.9208], [-44.4361, -19.9245], [-44.43622257255465, -19.92485657470441], [-44.4266, -19.9208]], [[-44.414764850615114, -19.918836028119507], [-44.4148, -19.9188], [-44.4174, -19.9203], [-44.414764850615114, -19.918836028119507]], [[-44.3856, -19.9244], [-44.3995, -19.9175], [-44.39968206785137, -19.917652342487884], [-44.3856, -19.9244]], [[-44.3568, -19.9109], [-44.3546, -19.9052], [-44.35371260504202, -19.905542857142855], [-44.354807476635514, -19.90492242990654], [-44.3568, -19.9109]], [[-44.349133130699094, -19.908464741641332], [-44.3492, -19.9081], [-44.349496296296294, -19.907932098765436], [-44.349133130699094, -19.908464741641332]], [[-44.3482152297367, -19.914141610738255], [-44.3481, -19.9141], [-44.34835073529411, -19.912732352941216], [-44.3482152297367, -19.914141610738255]], [[-44.3518, -19.9156], [-44.351655263157895, -19.915981578947363], [-44.351687733887736, -19.915559459459462], [-44.3518, -19.9156]], [[-44.3507, -19.9185], [-44.34978732394366, -19.919007042253522], [-44.35118000000001, -19.917234545454537], [-44.3507, -19.9185]], [[-44.3489, -19.9195], [-44.347135294117656, -19.918575630252104], [-44.34911176470588, -19.919382352941177], [-44.3489, -19.9195]], [[-44.3438, -19.9217], [-44.3445, -19.9175], [-44.344646832191785, -19.91755993150685], [-44.3438, -19.9217]], [[-44.3406, -19.932], [-44.341, -19.9232], [-44.341173747016704, -19.92310692124105], [-44.3406, -19.932]], [[-44.3364, -19.9404], [-44.33348648648659, -19.942599999999917], [-44.33640374787053, -19.940351277683135], [-44.3364, -19.9404]], [[-44.331742101600554, -19.943917188587335], [-44.3315, -19.9441], [-44.3257, -19.9458], [-44.32564461239473, -19.945727380695313], [-44.331742101600554, -19.943917188587335]], [[-44.3495, -20.0202], [-44.349502837624804, -20.020209879138203], [-44.3469, -20.0177], [-44.3495, -20.0202]], [[-44.34265578817733, -20.002797413793093], [-44.3436, -20.0046], [-44.343618316195375, -20.004601221079692], [-44.3455, -20.015], [-44.34265578817733, -20.002797413793093]], [[-44.3414, -20.0004], [-44.341906445672194, -20.00136685082873], [-44.33757437722419, -19.998442704626328], [-44.3414, -20.0004]], [[-44.3328, -19.996], [-44.33334333662389, -19.996277986179667], [-44.33101075268816, -19.996229390681005], [-44.3328, -19.996]], [[-44.3289, -19.9965], [-44.329314581373474, -19.99644684854186], [-44.3259, -19.9994], [-44.3289, -19.9965]], [[-44.321, -19.9959], [-44.32118170212766, -19.99602978723404], [-44.3176, -19.9998], [-44.321, -19.9959]], [[-44.28897962682804, -19.99601134644478], [-44.292575570032575, -19.996102768729642], [-44.2913, -19.9969], [-44.28897962682804, -19.99601134644478]], [[-44.2802, -19.9931], [-44.2846, -19.9959], [-44.28011292962357, -19.993168739770866], [-44.2802, -19.9931]], [[-44.275818875502004, -20.002492369477913], [-44.2764, -19.9961], [-44.2761, -20.0022], [-44.275818875502004, -20.002492369477913]], [[-44.437530851063826, -19.932536170212767], [-44.437893043478255, -19.933743478260862], [-44.4373, -19.9328], [-44.437530851063826, -19.932536170212767]], [[-44.43890374414977, -19.937112480499223], [-44.4392, -19.9381], [-44.431360091743095, -19.947391743119294], [-44.43890374414977, -19.937112480499223]], [[-44.43107307692308, -19.94778284023668], [-44.430514503816795, -19.94950152671756], [-44.4304, -19.9487], [-44.43107307692308, -19.94778284023668]], [[-44.4024, -19.9665], [-44.4017, -19.9706], [-44.40094512860483, -19.971378098207325], [-44.4024, -19.9665]], [[-44.398352985074624, -19.974050000000002], [-44.3952, -19.9773], [-44.3922, -19.9789], [-44.398352985074624, -19.974050000000002]], [[-44.3898, -19.9783], [-44.39003866171004, -19.97734535315985], [-44.3922, -19.9789], [-44.3898, -19.9783]], [[-44.3862, -19.971600000000006], [-44.3869, -19.9723], [-44.38650699029126, -19.97475631067961], [-44.3864, -19.9747], [-44.3862, -19.971600000000006]], [[-44.3819, -19.9704], [-44.3855, -19.9709], [-44.3862, -19.971600000000006], [-44.3819, -19.9704]], [[-44.348291825613074, -19.981306267029975], [-44.34615738255034, -19.982042281879195], [-44.3463, -19.9817], [-44.348291825613074, -19.981306267029975]], [[-44.34393496332518, -19.990076283618578], [-44.3461, -19.9913], [-44.3439, -19.9902], [-44.34393496332518, -19.990076283618578]], [[-44.349279627329196, -19.99205838509317], [-44.3494, -19.9922], [-44.3475, -19.9944], [-44.349279627329196, -19.99205838509317]], [[-44.3446, -20.0015], [-44.3468, -20.0044], [-44.34636579925651, -20.004413568773234], [-44.3446, -20.0015]], [[-44.4387, -19.7636], [-44.445, -19.7652], [-44.4391, -19.7683], [-44.4441, -19.7655], [-44.4387, -19.7636]], [[-44.3662, -19.8841], [-44.37022540431266, -19.882627291105123], [-44.3702, -19.8827], [-44.3662, -19.8841]], [[-44.35804123627491, -19.879097356649048], [-44.3602, -19.876], [-44.3582, -19.8794], [-44.35804123627491, -19.879097356649048]], [[-44.346262784621125, -19.876146957820083], [-44.355, -19.8733], [-44.3465, -19.8763], [-44.346262784621125, -19.876146957820083]], [[-44.5235, -19.9242], [-44.520980822261215, -19.93146685886187], [-44.5209, -19.9313], [-44.5235, -19.9242]], [[-44.5233, -19.9166], [-44.5235, -19.916296296296295], [-44.5235, -19.9242], [-44.5233, -19.9166]], [[-44.4906037735849, -19.712415094339622], [-44.4803, -19.7099], [-44.4749, -19.707], [-44.4906037735849, -19.712415094339622]], [[-44.4404, -19.7332], [-44.4397, -19.7362], [-44.43951205626256, -19.73635713328868], [-44.4404, -19.7332]], [[-44.439224675324674, -19.736597402597404], [-44.43397538461538, -19.740986153846155], [-44.4342, -19.7402], [-44.439224675324674, -19.736597402597404]], [[-44.43370752688172, -19.741923655913975], [-44.4346, -19.7471], [-44.4332, -19.7437], [-44.43370752688172, -19.741923655913975]], [[-44.44337258464079, -19.75285091659785], [-44.4436, -19.753], [-44.4429, -19.7589], [-44.44337258464079, -19.75285091659785]], [[-44.44969154676259, -19.41444865107914], [-44.4498, -19.4119], [-44.4517, -19.4102], [-44.44969154676259, -19.41444865107914]], [[-44.411, -19.4332], [-44.41064210526316, -19.433326315789472], [-44.4126, -19.4299], [-44.411, -19.4332]], [[-44.3866, -19.4394], [-44.393, -19.4322], [-44.393218201458275, -19.432197839589524], [-44.3866, -19.4394]], [[-44.3841, -19.4545], [-44.382536482084696, -19.455770358306182], [-44.3856, -19.4515], [-44.3841, -19.4545]], [[-44.3582, -19.4783], [-44.357885365853654, -19.47840487804878], [-44.3599, -19.4738], [-44.3582, -19.4783]], [[-44.3276375, -19.4938], [-44.3307, -19.4933], [-44.33197027027027, -19.4938], [-44.3276375, -19.4938]], [[-44.3267, -19.4966], [-44.3258, -19.4941], [-44.32615197183098, -19.494042535211268], [-44.3267, -19.4966]], [[-44.31423745387454, -19.511080073800738], [-44.3146, -19.5105], [-44.3223, -19.508], [-44.31423745387454, -19.511080073800738]], [[-44.31185167958656, -19.520542463393657], [-44.3121, -19.5145], [-44.31316305309735, -19.512799115044245], [-44.31185167958656, -19.520542463393657]], [[-44.3113, -19.5238], [-44.3096, -19.5255], [-44.3115744746284, -19.522179292670415], [-44.3113, -19.5238]], [[-44.5221, -19.5115], [-44.5154, -19.519], [-44.5115, -19.5323], [-44.5086, -19.5323], [-44.4996, -19.5403], [-44.4949, -19.5361], [-44.4941, -19.5432], [-44.4899, -19.5476], [-44.4903, -19.5507], [-44.487, -19.5516], [-44.4864, -19.5542], [-44.4813, -19.5526], [-44.4757, -19.5563], [-44.469, -19.5533], [-44.4642, -19.5464], [-44.4568, -19.5459], [-44.4506, -19.5486], [-44.4466, -19.5442], [-44.441, -19.5465], [-44.4354, -19.5453], [-44.428, -19.5466], [-44.426, -19.5398], [-44.4193, -19.5367], [-44.4168, -19.5315], [-44.4059, -19.5329], [-44.4055, -19.5299], [-44.4085, -19.5265], [-44.4163, -19.5234], [-44.4254, -19.5235], [-44.4263, -19.5182], [-44.4287, -19.5206], [-44.4338, -19.5125], [-44.4351, -19.5066], [-44.431, -19.4999], [-44.4342, -19.4941], [-44.4437, -19.4968], [-44.4521, -19.4916], [-44.4579, -19.4922], [-44.4635, -19.4902], [-44.4704, -19.4936], [-44.4767, -19.4887], [-44.4854, -19.489], [-44.4847, -19.4816], [-44.4882, -19.4777], [-44.4873, -19.4725], [-44.4888, -19.4708], [-44.5017, -19.4743], [-44.5053, -19.4787], [-44.5142, -19.4839], [-44.5139, -19.4885], [-44.5115, -19.4908], [-44.5126, -19.4956], [-44.5192, -19.5049], [-44.5253, -19.5052], [-44.5221, -19.5115]], [[-44.4078, -19.585], [-44.4078, -19.589], [-44.40760621118012, -19.588875776397515], [-44.4078, -19.585]], [[-44.5396192926045, -19.43302508038585], [-44.5406, -19.4343], [-44.5395, -19.4334], [-44.5396192926045, -19.43302508038585]], [[-44.122261333333334, -20.313964666666664], [-44.1223, -20.3141], [-44.12196279069767, -20.314319186046514], [-44.122261333333334, -20.313964666666664]], [[-44.11889782608695, -20.316311413043483], [-44.1183, -20.3167], [-44.118145794392525, -20.316553137516692], [-44.11889782608695, -20.316311413043483]], [[-44.11156301639345, -20.310748196721313], [-44.0984, -20.3122], [-44.1114, -20.3106], [-44.11156301639345, -20.310748196721313]], [[-44.09573661119516, -20.299275642965206], [-44.0919, -20.3034], [-44.0956, -20.2991], [-44.09573661119516, -20.299275642965206]], [[-44.0784, -20.3128], [-44.078944329896906, -20.312123711340206], [-44.0798, -20.3176], [-44.07897475728156, -20.318260194174755], [-44.0784, -20.3128]], [[-44.07865542168675, -20.318515662650604], [-44.0783, -20.3188], [-44.077931615460855, -20.318548562933596], [-44.07865542168675, -20.318515662650604]], [[-44.081034895052476, -20.312310569715144], [-44.08188776266996, -20.31300964153275], [-44.081, -20.3125], [-44.081034895052476, -20.312310569715144]], [[-44.086748453608244, -20.316993814432983], [-44.087, -20.3172], [-44.0868695035461, -20.317478014184402], [-44.086748453608244, -20.316993814432983]], [[-44.0847, -20.3221], [-44.0855, -20.3258], [-44.08479291581109, -20.32590954825462], [-44.0847, -20.3221]], [[-44.0784, -20.3269], [-44.07107341516731, -20.320266470489322], [-44.0713, -20.3201], [-44.0784, -20.3269]], [[-44.066704784688994, -20.323476076555025], [-44.06643023255814, -20.3248488372093], [-44.0664, -20.3237], [-44.066704784688994, -20.323476076555025]], [[-44.066484036939315, -20.32689340369393], [-44.0702, -20.3307], [-44.0665, -20.3275], [-44.066484036939315, -20.32689340369393]], [[-44.06379022969913, -20.331849401488192], [-44.0685, -20.3405], [-44.0636, -20.332], [-44.06379022969913, -20.331849401488192]], [[-44.0524, -20.3509], [-44.048704380542866, -20.346573421123356], [-44.0498, -20.3469], [-44.0524, -20.3509]], [[-44.04401693363843, -20.345176201372997], [-44.038981063122925, -20.344090033222592], [-44.0394, -20.3438], [-44.04401693363843, -20.345176201372997]], [[-44.03466198347108, -20.34708016528925], [-44.03422404677173, -20.34748525673615], [-44.0342, -20.3474], [-44.03466198347108, -20.34708016528925]], [[-44.03389429147079, -20.360596910678307], [-44.041, -20.3679], [-44.0338, -20.3608], [-44.03389429147079, -20.360596910678307]], [[-44.1953, -20.0518], [-44.1908, -20.0485], [-44.19558827361564, -20.05162703583062], [-44.1953, -20.0518]], [[-44.1849, -20.0476], [-44.18391310438319, -20.047180569362855], [-44.1897, -20.045], [-44.1849, -20.0476]], [[-44.182180924855494, -20.046444393063584], [-44.18105166204986, -20.04596445637119], [-44.1812, -20.0459], [-44.1798, -20.042], [-44.182180924855494, -20.046444393063584]], [[-44.12361546894032, -20.021970158343482], [-44.1239, -20.0219], [-44.1242, -20.0284], [-44.12361546894032, -20.021970158343482]], [[-44.11650657084189, -20.023083572895278], [-44.1169, -20.0221], [-44.11672292051756, -20.02304442390635], [-44.11650657084189, -20.023083572895278]], [[-44.1123, -20.0225], [-44.112025761772856, -20.021732132963987], [-44.1169, -20.0221], [-44.1123, -20.0225]], [[-44.09458243902439, -20.027729268292685], [-44.0946, -20.0274], [-44.09477485714286, -20.027408571428573], [-44.09458243902439, -20.027729268292685]], [[-44.0682, -20.0836], [-44.04786483326102, -20.068091468167943], [-44.0643, -20.08], [-44.0682, -20.0836]], [[-44.04206442801397, -20.063888632162666], [-44.0249, -20.0595], [-44.02428378378379, -20.05899137709138], [-44.0407, -20.0629], [-44.04206442801397, -20.063888632162666]], [[-44.18652912653604, -20.098669511790103], [-44.1936, -20.097], [-44.187, -20.0987], [-44.18652912653604, -20.098669511790103]], [[-44.1642, -20.096], [-44.185716923076924, -20.098616923076925], [-44.1731, -20.0978], [-44.1642, -20.096]], [[-44.1471, -20.1001], [-44.155, -20.0999], [-44.14563270868825, -20.101132538330496], [-44.1471, -20.1001]], [[-44.131586531986535, -20.10209562289562], [-44.13871772151899, -20.10204240506329], [-44.136, -20.1024], [-44.131586531986535, -20.10209562289562]], [[-44.1302, -20.102], [-44.126907163323786, -20.098610315186246], [-44.127, -20.0986], [-44.13094438502674, -20.102051336898395], [-44.1302, -20.102]], [[-44.1056, -20.0984], [-44.1036263157895, -20.096821052631597], [-44.1059, -20.0984], [-44.10596301369863, -20.09840171232877], [-44.1056, -20.0984]], [[-44.1023, -20.0959], [-44.102391999999995, -20.09596388888889], [-44.10150672451194, -20.095810195227767], [-44.1023, -20.0959]], [[-44.08780528700907, -20.093175981873113], [-44.088978918169204, -20.093635228848818], [-44.0882, -20.0935], [-44.08780528700907, -20.093175981873113]], [[-44.15223441396509, -20.056589775561097], [-44.148, -20.064], [-44.1518, -20.0567], [-44.15223441396509, -20.056589775561097]], [[-44.11913846153843, -20.01946923076924], [-44.11197468688201, -20.02158912326961], [-44.1118, -20.0211], [-44.11913846153843, -20.01946923076924]], [[-44.1214, -20.0188], [-44.12086931407943, -20.01895703971119], [-44.1224, -20.0158], [-44.1214, -20.0188]], [[-44.1304, -20.0093], [-44.130388563049856, -20.009917595307925], [-44.13015890909091, -20.009266909090908], [-44.1304, -20.0093]], [[-44.11127598499062, -20.001105816135077], [-44.1112926412615, -20.00130985545335], [-44.1112, -20.0013], [-44.11127598499062, -20.001105816135077]], [[-44.110465874524714, -19.99167842205323], [-44.1125, -19.9941], [-44.1104, -19.9919], [-44.110465874524714, -19.99167842205323]], [[-44.0981, -19.9872], [-44.09808925318762, -19.98718724954463], [-44.1078, -19.9858], [-44.10892457085156, -19.98652945136318], [-44.0981, -19.9872]], [[-44.08576998100063, -19.97911184293857], [-44.0922, -19.9802], [-44.086, -19.9795], [-44.08576998100063, -19.97911184293857]], [[-44.0809, -19.9652], [-44.083, -19.9693], [-44.0808509715994, -19.965294992526154], [-44.0809, -19.9652]], [[-44.07936408404465, -19.968175837163493], [-44.08027662337664, -19.966407792207765], [-44.0795, -19.9682], [-44.07936408404465, -19.968175837163493]], [[-44.0756, -19.9672], [-44.07816582914574, -19.967962814070354], [-44.07529968536969, -19.967453277399056], [-44.0756, -19.9672]], [[-44.06665451895044, -19.975921282798833], [-44.0673, -19.9742], [-44.0676, -19.9757], [-44.06665451895044, -19.975921282798833]], [[-44.15719075630252, -19.846918487394962], [-44.1566, -19.8481], [-44.15574734420745, -19.84845282308657], [-44.15719075630252, -19.846918487394962]], [[-44.15298297345133, -19.851391327433625], [-44.1525, -19.8528], [-44.1494, -19.8552], [-44.15298297345133, -19.851391327433625]], [[-44.077087046632116, -19.94076632124353], [-44.07606858638744, -19.94248638743454], [-44.0765, -19.9413], [-44.077087046632116, -19.94076632124353]], [[-44.06940211132437, -19.948278502879077], [-44.0695, -19.9481], [-44.073903571428566, -19.946142857142856], [-44.0731, -19.9475], [-44.06940211132437, -19.948278502879077]], [[-44.068581081081085, -19.949775675675664], [-44.06779662027833, -19.951385884691852], [-44.0678, -19.9512], [-44.068581081081085, -19.949775675675664]], [[-43.98933097785519, -19.78473956208012], [-43.9896, -19.7847], [-43.9908, -19.7961], [-43.98933097785519, -19.78473956208012]], [[-44.0151, -19.8318], [-44.01460368852459, -19.83144549180328], [-44.01597318611988, -19.831199684542586], [-44.0151, -19.8318]], [[-44.0152, -19.3469], [-44.01978161865569, -19.34451755829904], [-44.02, -19.3452], [-44.0152, -19.3469]], [[-43.9778, -19.3597], [-43.9906, -19.358], [-43.97772913385827, -19.359755118110236], [-43.9778, -19.3597]], [[-43.976, -19.3611], [-43.97731049250535, -19.36008072805139], [-43.9756928635953, -19.365154200542023], [-43.976, -19.3611]], [[-43.9755, -19.3677], [-43.97554636871508, -19.367087932960892], [-43.97921315789475, -19.371194736842114], [-43.9755, -19.3677]], [[-43.9806, -19.3725], [-43.98044, -19.372349411764706], [-43.987, -19.3737], [-43.9806, -19.3725]], [[-43.98984339933993, -19.377709405940596], [-43.98987378640776, -19.377435922330093], [-43.99, -19.3776], [-43.98984339933993, -19.377709405940596]], [[-43.98881764705882, -19.39474117647059], [-43.9807, -19.3873], [-43.9885, -19.3942], [-43.98881764705882, -19.39474117647059]], [[-43.99110059347181, -19.403173887240353], [-43.9912, -19.3988], [-43.9913, -19.4028], [-43.99110059347181, -19.403173887240353]], [[-43.9896, -19.4043], [-43.98941955555556, -19.40426133333333], [-43.9910798941799, -19.4032126984127], [-43.9857, -19.4133], [-43.9896, -19.4043]], [[-43.963, -19.4093], [-43.96332824704814, -19.409312624886468], [-43.95988174904942, -19.411572623574152], [-43.963, -19.4093]], [[-43.9571, -19.4136], [-43.95726685520362, -19.413478393665155], [-43.9563, -19.4155], [-43.9571, -19.4136]], [[-43.956398598130846, -19.431200934579437], [-43.9587, -19.4231], [-43.957, -19.4308], [-43.956398598130846, -19.431200934579437]], [[-43.9494, -19.4282], [-43.95573198380567, -19.431645344129553], [-43.9552, -19.432], [-43.9494, -19.4282]], [[-43.94698860759494, -19.431575949367087], [-43.9469, -19.4315], [-43.94573076923077, -19.43186923076923], [-43.9494, -19.4282], [-43.94698860759494, -19.431575949367087]], [[-43.95703142857143, -19.44390857142857], [-43.95748358733881, -19.44385205158265], [-43.9575, -19.4442], [-43.95703142857143, -19.44390857142857]], [[-43.934112280701775, -19.442180701754392], [-43.94387358947733, -19.444812011076497], [-43.9436, -19.4451], [-43.934112280701775, -19.442180701754392]], [[-43.9327, -19.4418], [-43.93316434189827, -19.441925170424753], [-43.931867567567565, -19.44284054054054], [-43.9327, -19.4418]], [[-43.9299, -19.4453], [-43.93030373134329, -19.444795335820896], [-43.9358, -19.4502], [-43.9299, -19.4453]], [[-43.943059999999996, -19.452659999999998], [-43.94177551020408, -19.45137551020408], [-43.9419, -19.4514], [-43.943059999999996, -19.452659999999998]], [[-43.9486, -19.4582], [-43.94824285714285, -19.457842857142857], [-43.9534, -19.4592], [-43.9486, -19.4582]], [[-43.957362068965516, -19.45743103448276], [-43.956775, -19.4571375], [-43.957, -19.457], [-43.957362068965516, -19.45743103448276]], [[-43.95937040816326, -19.46220408163264], [-43.95832384937239, -19.458576011157604], [-43.9591, -19.4595], [-43.95937040816326, -19.46220408163264]], [[-43.9574379310345, -19.464934482758608], [-43.95946231884058, -19.4631231884058], [-43.9595, -19.4635], [-43.9574379310345, -19.464934482758608]], [[-43.9546425925926, -19.466631481481482], [-43.95514210526316, -19.466531578947368], [-43.9549, -19.4667], [-43.9546425925926, -19.466631481481482]], [[-43.94614951456311, -19.471249514563105], [-43.9378, -19.4729], [-43.9459, -19.471], [-43.94614951456311, -19.471249514563105]], [[-43.95490119284295, -19.47505805168986], [-43.9519, -19.477], [-43.9543, -19.4746], [-43.95490119284295, -19.47505805168986]], [[-43.956139813374804, -19.47738942457232], [-43.95554205128205, -19.475546324786322], [-43.9564, -19.4762], [-43.956139813374804, -19.47738942457232]], [[-43.94885978260868, -19.48081521739131], [-43.95585405679513, -19.47869574036511], [-43.9557, -19.4794], [-43.94885978260868, -19.48081521739131]], [[-43.9466, -19.4815], [-43.94688920187794, -19.481412363067292], [-43.946542268041235, -19.48207731958764], [-43.9466, -19.4815]], [[-43.952490909090905, -19.489090909090905], [-43.9501, -19.4867], [-43.9498, -19.489], [-43.949365135453476, -19.48908362779741], [-43.95, -19.486], [-43.9463, -19.4845], [-43.946370071258904, -19.483799287410925], [-43.9498, -19.4856], [-43.952490909090905, -19.489090909090905]], [[-43.946874878444085, -19.489213452188007], [-43.94817142857143, -19.489313186813188], [-43.9472, -19.4895], [-43.946874878444085, -19.489213452188007]], [[-43.92153259668508, -19.511892375690607], [-43.9239, -19.5064], [-43.9218, -19.5118], [-43.92153259668508, -19.511892375690607]], [[-43.9157, -19.5143], [-43.916117464788734, -19.5141461971831], [-43.9157, -19.51516666666666], [-43.9157, -19.5143]], [[-43.9157, -19.5162], [-43.9157, -19.51602705882353], [-43.9239, -19.5195], [-43.9157, -19.5162]], [[-43.92361948476052, -19.526138860667636], [-43.9235, -19.526], [-43.9239, -19.5195], [-43.92361948476052, -19.526138860667636]], [[-43.92685701634877, -19.5324264986376], [-43.9272, -19.5303], [-43.9272, -19.5322], [-43.92685701634877, -19.5324264986376]], [[-43.9525, -19.5354], [-43.94916768994628, -19.53578449731389], [-43.9498, -19.5353], [-43.9525, -19.5354]], [[-43.962, -19.5475], [-43.960420578778134, -19.539800321543407], [-43.9606, -19.5399], [-43.962, -19.5475]], [[-43.9648, -19.5535], [-43.9648, -19.54972068965517], [-43.9649, -19.5498], [-43.9648, -19.5535]], [[-43.9631, -19.5635], [-43.96333175324675, -19.563359870129872], [-43.96343583815029, -19.56453949903661], [-43.9631, -19.5635]], [[-43.9652, -19.57], [-43.96478333333334, -19.568710317460333], [-43.96546058631922, -19.5700325732899], [-43.9652, -19.57]], [[-43.97340198019802, -19.57330198019802], [-43.9708, -19.5707], [-43.9737, -19.5729], [-43.97340198019802, -19.57330198019802]], [[-43.9684, -19.5786], [-43.97197348484848, -19.57522878787879], [-43.9651, -19.5845], [-43.9684, -19.5786]], [[-43.9714691461837, -19.59809210866753], [-43.9699, -19.5944], [-43.9718, -19.5979], [-43.9714691461837, -19.59809210866753]], [[-43.9578, -19.6029], [-43.958064406779656, -19.602852542372883], [-43.95774226804124, -19.602998969072164], [-43.9578, -19.6029]], [[-43.9508, -19.6149], [-43.95146818181818, -19.613754545454547], [-43.9522, -19.624], [-43.9508, -19.6149]], [[-43.958923506366304, -19.639219784524975], [-43.9598, -19.6325], [-43.9591, -19.639], [-43.958923506366304, -19.639219784524975]], [[-43.953348164075415, -19.645844095269606], [-43.95711513944225, -19.641471713147386], [-43.9538, -19.6456], [-43.953348164075415, -19.645844095269606]], [[-43.9348, -19.6617], [-43.9404, -19.6591], [-43.93506046511628, -19.661960465116277], [-43.9348, -19.6617]], [[-43.9365, -19.6634], [-43.935314285714284, -19.662214285714285], [-43.9411, -19.6635], [-43.9365, -19.6634]], [[-43.942824137931034, -19.67237844827586], [-43.9449, -19.6716], [-43.9571, -19.6699], [-43.942824137931034, -19.67237844827586]], [[-43.9853, -19.7366], [-43.9769, -19.7311], [-43.98550444945086, -19.73653959448043], [-43.9853, -19.7366]], [[-44.007, -19.7219], [-44.00701243523316, -19.722036787564768], [-44.00670532544379, -19.72195147928994], [-44.007307570977915, -19.721604731861206], [-44.007, -19.7219]], [[-44.0065, -19.726], [-44.006633627481875, -19.725923164197923], [-44.0077, -19.733], [-44.0065, -19.726]], [[-44.0052773993808, -19.735616408668736], [-44.0053, -19.7353], [-44.0077, -19.733], [-44.0052773993808, -19.735616408668736]], [[-44.0057, -19.7371], [-44.00514645669291, -19.737449606299215], [-44.00526451612903, -19.735796774193545], [-44.0144, -19.7495], [-44.0057, -19.7371]], [[-44.0003, -19.7388], [-44.00382144469526, -19.738286455981942], [-44.0019, -19.7395], [-44.0003, -19.7388]], [[-43.992, -19.7464], [-43.99266164383562, -19.745758405977583], [-43.9969, -19.7604], [-43.992, -19.7464]], [[-43.9753, -19.7822], [-43.97523613004719, -19.782269008914522], [-43.9755, -19.7762], [-43.975401558130244, -19.782204954055132], [-43.9753, -19.7822]], [[-43.983300286532945, -19.782590257879654], [-43.97951081081081, -19.782405405405406], [-43.9832, -19.7825], [-43.983300286532945, -19.782590257879654]], [[-43.9833, -19.7837], [-43.9834734375, -19.782746093750003], [-43.9862, -19.7852], [-43.9833, -19.7837]], [[-44.16024858052534, -19.538174794375166], [-44.1601, -19.5382], [-44.157599999999995, -19.536876470588233], [-44.16024858052534, -19.538174794375166]], [[-44.15514830371567, -19.535578513731824], [-44.155, -19.5355], [-44.1532, -19.531], [-44.15514830371567, -19.535578513731824]], [[-44.107498591549295, -19.51769718309859], [-44.1091, -19.5209], [-44.110978971255676, -19.526467322239046], [-44.1074, -19.518], [-44.107498591549295, -19.51769718309859]], [[-44.11, -19.5081], [-44.10932446236559, -19.50095860215054], [-44.1097, -19.5013], [-44.11, -19.5081]], [[-44.0842, -19.474], [-44.081105097815225, -19.481640539768673], [-44.0809, -19.4813], [-44.08374638472033, -19.473116643929057], [-44.0842, -19.474]], [[-44.0825434163701, -19.470774021352305], [-44.08177362924283, -19.47011827676241], [-44.0823, -19.4703], [-44.0825434163701, -19.470774021352305]], [[-44.066588888888894, -19.46217777777778], [-44.06604210526316, -19.46206842105263], [-44.0662, -19.4619], [-44.066588888888894, -19.46217777777778]], [[-44.0492, -19.4708], [-44.0455, -19.4699], [-44.0453887337986, -19.469204586241275], [-44.0492, -19.4708]], [[-44.0469, -19.4382], [-44.0391, -19.4244], [-44.0367, -19.42], [-44.0469, -19.4382]], [[-44.03136924161263, -19.430402706512545], [-44.0321, -19.4292], [-44.0391, -19.4244], [-44.03136924161263, -19.430402706512545]], [[-44.0377, -19.4168], [-44.03805483870968, -19.416516129032257], [-44.0367, -19.42], [-44.0377, -19.4168]], [[-44.03043367875648, -19.43194248704663], [-44.03, -19.4344], [-44.0273, -19.4371], [-44.03043367875648, -19.43194248704663]], [[-44.00687814879906, -19.44583942589338], [-44.0057, -19.4457], [-44.00428962962963, -19.444465925925925], [-44.00687814879906, -19.44583942589338]], [[-44.003556105610556, -19.443824092409237], [-44.0033, -19.4436], [-44.0022, -19.4353], [-44.003556105610556, -19.443824092409237]], [[-44.1328, -19.7139], [-44.1299, -19.7169], [-44.13288524590164, -19.71291967213114], [-44.1328, -19.7139]], [[-44.05112173913043, -19.747489130434783], [-44.0511, -19.7474], [-44.0567, -19.7447], [-44.05112173913043, -19.747489130434783]], [[-44.00920573248408, -19.718884713375786], [-44.0095, -19.7195], [-44.00930821917808, -19.719684109589043], [-44.00920573248408, -19.718884713375786]], [[-44.041004731148064, -19.682949031164217], [-44.0411, -19.683], [-44.0412, -19.6891], [-44.041004731148064, -19.682949031164217]], [[-44.0125, -19.6733], [-44.012484578313256, -19.672874361445782], [-44.0211, -19.6723], [-44.0125, -19.6733]], [[-44.0053, -19.6557], [-44.0052482832618, -19.65533798283262], [-44.012, -19.6595], [-44.0053, -19.6557]], [[-44.0048, -19.6522], [-44.0056744813278, -19.652608091286307], [-44.00507019230769, -19.654091346153844], [-44.0048, -19.6522]], [[-43.9899, -19.6185], [-43.98988707753479, -19.61813817097415], [-43.9934, -19.6235], [-43.9899, -19.6185]], [[-43.9898, -19.6157], [-43.98986814159292, -19.615644247787614], [-43.98981308411215, -19.616066355140173], [-43.9898, -19.6157]], [[-43.993175956284155, -19.612139162112907], [-43.9932, -19.6126], [-43.99313005780347, -19.61265934489403], [-43.993175956284155, -19.612139162112907]], [[-43.99242005141389, -19.60098174807198], [-43.9926, -19.6011], [-43.99264078164826, -19.60188164825829], [-43.99242005141389, -19.60098174807198]], [[-43.9815, -19.5999], [-43.9891, -19.5988], [-43.98927604983849, -19.598915689893865], [-43.9815, -19.5999]], [[-44.00338, -19.66018], [-44.0032, -19.6606], [-43.9993, -19.6612], [-44.00338, -19.66018]], [[-43.9996, -19.663], [-43.998614360770574, -19.663211208406306], [-43.9993, -19.6612], [-43.9996, -19.663]], [[-43.99825382165605, -19.66426878980892], [-43.9985, -19.6687], [-43.9978, -19.6656], [-43.99825382165605, -19.66426878980892]], [[-44.1842, -19.6611], [-44.1896, -19.6604], [-44.184139467455616, -19.661166390532546], [-44.1842, -19.6611]], [[-44.1705, -19.6537], [-44.1634, -19.6511], [-44.1701, -19.6533], [-44.1768, -19.6597], [-44.1705, -19.6537]], [[-44.1472, -19.6327], [-44.1479, -19.6413], [-44.146929209058094, -19.632465802428623], [-44.1472, -19.6327]], [[-44.1279, -19.6202], [-44.12854620608207, -19.620816149985238], [-44.12381997371879, -19.620400657030224], [-44.1279, -19.6202]], [[-44.1202631111111, -19.620027111111106], [-44.120540000000005, -19.62011230769231], [-44.1204, -19.6201], [-44.1202631111111, -19.620027111111106]], [[-43.95805801449674, -19.50800724837141], [-43.9688, -19.5085], [-43.9581, -19.5082], [-43.95805801449674, -19.50800724837141]], [[-43.9535, -19.4904], [-43.9531, -19.4937], [-43.95328814913449, -19.49012516644474], [-43.9535, -19.4904]], [[-44.111560716530484, -19.528191011942162], [-44.1118, -19.5289], [-44.1138, -19.5463], [-44.111560716530484, -19.528191011942162]], [[-44.1109, -19.561], [-44.10796541786743, -19.568509077809807], [-44.1078, -19.5664], [-44.1109, -19.561]], [[-44.10811486880466, -19.57041457725947], [-44.1149, -19.5783], [-44.1082, -19.5715], [-44.10811486880466, -19.57041457725947]], [[-44.16533260869565, -19.59793260869565], [-44.1654, -19.5979], [-44.1686, -19.6012], [-44.16533260869565, -19.59793260869565]], [[-44.18741987435751, -19.618845745288404], [-44.1876, -19.6189], [-44.188, -19.6231], [-44.18741987435751, -19.618845745288404]], [[-44.1243, -19.4192], [-44.124968828125, -19.429519062499953], [-44.12286811294766, -19.413809366391185], [-44.1243, -19.4192]], [[-44.11884471684236, -19.410356533464082], [-44.12, -19.4105], [-44.1226, -19.4128], [-44.12271625905797, -19.41323768115942], [-44.11884471684236, -19.410356533464082]], [[-44.1047, -19.4086], [-44.11589134831461, -19.4099897752809], [-44.0972, -19.4092], [-44.1047, -19.4086]], [[-44.0498, -19.4009], [-44.051005555555555, -19.401263580246916], [-44.046177528089885, -19.402014606741574], [-44.0498, -19.4009]], [[-44.0433, -19.4029], [-44.04362175648703, -19.40280099800399], [-44.043404788732396, -19.40391295774648], [-44.0433, -19.4029]], [[-43.98712857142856, -20.025265714285705], [-43.98746837416481, -20.025714253897554], [-43.9873, -20.0256], [-43.98712857142856, -20.025265714285705]], [[-43.9835, -20.0163], [-43.9835, -20.018190000000004], [-43.981631909701036, -20.01454722391702], [-43.9835, -20.0163]], [[-43.94995138956606, -19.987761433447094], [-43.9569, -19.9931], [-43.9503, -19.9887], [-43.94995138956606, -19.987761433447094]], [[-43.9477, -19.9825], [-43.94831799410029, -19.985157374631267], [-43.9474, -19.9851], [-43.9477, -19.9825]], [[-43.870068, -19.927768000000007], [-43.8797, -19.9374], [-43.8701, -19.9279], [-43.870068, -19.927768000000007]], [[-43.8352, -19.9268], [-43.8427, -19.9268], [-43.83472016689848, -19.92736328233658], [-43.8352, -19.9268]], [[-43.8363, -19.9497], [-43.8407990214229, -19.93982171383231], [-43.8408, -19.9399], [-43.8363, -19.9497]], [[-43.8015, -20.0194], [-43.80266533864542, -20.019141035856574], [-43.79767069486405, -20.024603927492446], [-43.8015, -20.0194]], [[-43.794, -20.0266], [-43.79756687116565, -20.024717484662578], [-43.7974, -20.0249], [-43.794, -20.0266]], [[-43.777518659076534, -20.023812302340296], [-43.78053939393937, -20.02667121212119], [-43.7775, -20.0239], [-43.777518659076534, -20.023812302340296]], [[-43.7745, -20.0177], [-43.7785, -20.0192], [-43.7744862012987, -20.017706493506495], [-43.7745, -20.0177]], [[-43.765656363636374, -20.018809090909095], [-43.76842754491018, -20.019764670658684], [-43.7678, -20.02], [-43.765656363636374, -20.018809090909095]], [[-43.7636, -20.0181], [-43.7638080653142, -20.01817174666007], [-43.76266225868725, -20.01867384169885], [-43.7636, -20.0181]], [[-43.753707692307685, -20.02064096601073], [-43.755819543147204, -20.02167233502538], [-43.7553, -20.0219], [-43.753707692307685, -20.02064096601073]], [[-43.7478, -20.0124], [-43.752188326384754, -20.01943960690888], [-43.751, -20.0185], [-43.7478, -20.0124]], [[-43.73436267523365, -20.001349707943927], [-43.743, -20.0082], [-43.73436267523365, -20.00134970794393], [-43.73436267523365, -20.001349707943927]], [[-43.6991, -20.0773], [-43.711849875311714, -20.074631421446387], [-43.7118, -20.0747], [-43.6991, -20.0773]], [[-43.69065882352941, -20.075620588235296], [-43.6964, -20.0758], [-43.69048484848485, -20.075707575757576], [-43.69065882352941, -20.075620588235296]], [[-43.6922, -20.0747], [-43.69219481743228, -20.074702120141342], [-43.6944, -20.0701], [-43.6922, -20.0747]], [[-43.6462, -19.974], [-43.63867631122381, -19.967485586547447], [-43.6392, -19.9675], [-43.63204912280702, -19.95856140350877], [-43.6486, -19.9766], [-43.65313022191717, -19.98417940974604], [-43.651, -19.9822], [-43.6462, -19.974]], [[-43.6178, -19.9735], [-43.61792533333333, -19.973509641025643], [-43.6154, -19.9806], [-43.6178, -19.9735]], [[-43.4408, -19.9292], [-43.44079912280702, -19.92921842105264], [-43.4389, -19.9258], [-43.4408, -19.9292]], [[-43.8543, -20.1978], [-43.85434905660377, -20.197677358490566], [-43.8937, -20.2099], [-43.8543, -20.1978]], [[-43.85392538071067, -20.19322487309647], [-43.855, -20.1953], [-43.85493458781362, -20.195437365591392], [-43.85392538071067, -20.19322487309647]], [[-43.84360117647062, -20.187229411764715], [-43.8521, -20.1897], [-43.852268464730294, -20.19002531120332], [-43.84360117647062, -20.187229411764715]], [[-43.8432, -20.1871], [-43.84, -20.1835], [-43.843495608531995, -20.187195357590966], [-43.8432, -20.1871]], [[-43.795, -20.1806], [-43.794720454545455, -20.180223688811186], [-43.7971, -20.1794], [-43.795, -20.1806]], [[-43.7898, -20.15390666666667], [-43.7898, -20.154], [-43.7869, -20.157], [-43.7898, -20.15390666666667]], [[-43.789612182741116, -20.151881218274113], [-43.7898, -20.1519], [-43.7898, -20.15313333333332], [-43.789612182741116, -20.151881218274113]], [[-43.67373804347825, -20.125236956521736], [-43.6742, -20.1254], [-43.67421662971175, -20.125605099778273], [-43.67373804347825, -20.125236956521736]], [[-43.6605, -20.1185], [-43.66041081081082, -20.11907567567559], [-43.6606, -20.1176], [-43.663, -20.1134], [-43.6605, -20.1185]], [[-43.6594, -20.1256], [-43.6497, -20.1304], [-43.65941663837012, -20.12549260688378], [-43.6594, -20.1256]], [[-43.6455, -20.143], [-43.6454644343549, -20.14299545970488], [-43.6494, -20.1381], [-43.6455, -20.143]], [[-43.6337, -20.1546], [-43.6337141453831, -20.15469194499018], [-43.6296, -20.1523], [-43.6337, -20.1546]], [[-43.63619722222226, -20.16138888888892], [-43.6346, -20.16], [-43.634583614232206, -20.159878277153556], [-43.63619722222226, -20.16138888888892]], [[-43.6392, -20.1642], [-43.6347, -20.1728], [-43.639130837148464, -20.164135251798562], [-43.6392, -20.1642]], [[-43.6273, -20.1844], [-43.62716021505376, -20.184544444444445], [-43.62731258470474, -20.18415082284608], [-43.6273, -20.1844]], [[-43.6895, -20.0762], [-43.69005844155844, -20.07592077922078], [-43.6909, -20.0791], [-43.6895, -20.0762]], [[-43.68720659217877, -20.085554972067044], [-43.6874, -20.0813], [-43.6873, -20.0854], [-43.68720659217877, -20.085554972067044]], [[-43.682610102489015, -20.09292664714495], [-43.68561542857147, -20.08819485714279], [-43.6829, -20.0927], [-43.682610102489015, -20.09292664714495]], [[-43.6767, -20.0999], [-43.676446875, -20.100073437499997], [-43.677, -20.0974], [-43.67737403400309, -20.097107573415766], [-43.6767, -20.0999]], [[-43.66633959183672, -20.108619183673483], [-43.670646575342474, -20.105057639620647], [-43.67, -20.1065], [-43.66633959183672, -20.108619183673483]], [[-43.666, -20.1089], [-43.666195631067964, -20.10873822815533], [-43.6658, -20.1122], [-43.666, -20.1089]], [[-43.8565, -20.1955], [-43.85555619433199, -20.19632582995951], [-43.8635, -20.1746], [-43.8565, -20.1955]], [[-43.8484, -20.0975], [-43.8499, -20.1018], [-43.84809539450196, -20.09724551945734], [-43.8484, -20.0975]], [[-43.94269310344828, -19.672427586206897], [-43.9416, -19.6768], [-43.9425, -19.6725], [-43.94269310344828, -19.672427586206897]], [[-43.9142, -19.6949], [-43.9149, -19.698], [-43.91468739495799, -19.698019327731092], [-43.9142, -19.6949]], [[-43.897480240447564, -19.698926425425544], [-43.8892, -19.71], [-43.89742735659373, -19.698898024837373], [-43.897480240447564, -19.698926425425544]], [[-43.88556697300402, -19.721462320505456], [-43.88574634525661, -19.721705754276826], [-43.8854, -19.7216], [-43.88556697300402, -19.721462320505456]], [[-43.9047, -19.733], [-43.90352328994083, -19.74055055621302], [-43.9033, -19.7405], [-43.9047, -19.733]], [[-43.9239, -19.7479], [-43.933011909904344, -19.759865134217833], [-43.9322, -19.7597], [-43.9239, -19.7479]], [[-43.93849660194174, -19.76189150485437], [-43.9420358490566, -19.76263867924528], [-43.9389, -19.7629], [-43.93849660194174, -19.76189150485437]], [[-43.942636234177215, -19.76276542721519], [-43.9428, -19.7628], [-43.9453, -19.766], [-43.942636234177215, -19.76276542721519]], [[-43.945704331210194, -19.777957197452228], [-43.947, -19.7737], [-43.9461, -19.7772], [-43.94737080126754, -19.7772735174287], [-43.945704331210194, -19.777957197452228]], [[-43.94564717138103, -19.778145008319466], [-43.9483, -19.7863], [-43.9456, -19.7783], [-43.94564717138103, -19.778145008319466]], [[-43.94282470830474, -19.798137131091277], [-43.9423, -19.7987], [-43.9404, -19.7994], [-43.94282470830474, -19.798137131091277]], [[-43.921171201561194, -19.802051686646223], [-43.9209, -19.8022], [-43.918, -19.7984], [-43.921171201561194, -19.802051686646223]], [[-43.77677409144197, -19.8457305978898], [-43.76976605504588, -19.843357798165137], [-43.7751, -19.8442], [-43.77677409144197, -19.8457305978898]], [[-43.76695313351499, -19.84077220708447], [-43.7664, -19.8402], [-43.76931011235954, -19.84067191011236], [-43.76695313351499, -19.84077220708447]], [[-43.771, -19.8406], [-43.77029731423456, -19.840629901521933], [-43.773, -19.8383], [-43.774954491017965, -19.83824251497006], [-43.771, -19.8406]], [[-43.7798, -19.8381], [-43.7817, -19.8282], [-43.7809, -19.8366], [-43.7798, -19.8381]], [[-43.8025, -19.7686], [-43.80509681415929, -19.763499115044247], [-43.8055, -19.7638], [-43.8025, -19.7686]], [[-43.799216486486486, -19.759110810810814], [-43.7992, -19.7591], [-43.799197653554174, -19.759096756383713], [-43.799216486486486, -19.759110810810814]], [[-43.78030209424084, -19.75479738219895], [-43.7802, -19.7548], [-43.78004499205087, -19.7546640699523], [-43.78030209424084, -19.75479738219895]], [[-43.7737, -19.7491], [-43.77313956043956, -19.746764835164836], [-43.7735, -19.7469], [-43.7737, -19.7491]], [[-43.76949999999998, -19.745399999999993], [-43.768, -19.7449], [-43.768, -19.744837500000003], [-43.76949999999998, -19.745399999999993]], [[-43.76622448979592, -19.738514285714288], [-43.766, -19.7382], [-43.76712981455065, -19.73816861626248], [-43.76622448979592, -19.738514285714288]], [[-43.7715, -19.7365], [-43.7696, -19.737225454545456], [-43.7696, -19.7363], [-43.77130625, -19.73605625], [-43.7715, -19.7365]], [[-43.76896991643455, -19.730705292479126], [-43.7684, -19.7296], [-43.768475223499365, -19.729572286079183], [-43.76896991643455, -19.730705292479126]], [[-43.77104374023655, -19.72500787770587], [-43.770226311263976, -19.726247205503004], [-43.7702, -19.7253], [-43.7622, -19.7251], [-43.77104374023655, -19.72500787770587]], [[-43.75684834558823, -19.730356089154412], [-43.7566, -19.7306], [-43.7501, -19.7297], [-43.75684834558823, -19.730356089154412]], [[-43.737447651006704, -19.734659731543626], [-43.7369, -19.7351], [-43.735948366013076, -19.73506862745098], [-43.737447651006704, -19.734659731543626]], [[-43.72774715835141, -19.734945770065075], [-43.72635, -19.738799999999998], [-43.7275, -19.7349], [-43.72774715835141, -19.734945770065075]], [[-43.72493914469534, -19.74269201463353], [-43.7249, -19.7428], [-43.72398285714286, -19.742662740524782], [-43.72493914469534, -19.74269201463353]], [[-43.7084, -19.7466], [-43.70829972011195, -19.74691667333067], [-43.7065, -19.7423], [-43.7084, -19.7466]], [[-43.71152093023256, -19.737180620155037], [-43.7117, -19.7373], [-43.7065, -19.7423], [-43.71152093023256, -19.737180620155037]], [[-43.6633, -19.7321], [-43.6525, -19.7328], [-43.65240727835464, -19.732581978833867], [-43.6633, -19.7321]], [[-43.6289, -19.6946], [-43.6237, -19.6996], [-43.6296456928839, -19.692227340823962], [-43.6289, -19.6946]], [[-43.6138, -19.7043], [-43.61374540727903, -19.704300779896013], [-43.6237, -19.6996], [-43.6138, -19.7043]], [[-43.577, -19.733], [-43.5709, -19.7304], [-43.5728, -19.731], [-43.577, -19.733]], [[-43.568815845539284, -19.731539014647137], [-43.56311578014183, -19.734654166666672], [-43.5682, -19.7308], [-43.568815845539284, -19.731539014647137]], [[-43.5623197053407, -19.735257642725596], [-43.5628, -19.7391], [-43.562, -19.7355], [-43.5623197053407, -19.735257642725596]], [[-43.55765926605504, -19.740623180428138], [-43.5579, -19.7404], [-43.5628, -19.7391], [-43.55765926605504, -19.740623180428138]], [[-43.5483, -19.7493], [-43.543289209225705, -19.749949546952223], [-43.5444, -19.749], [-43.5483, -19.7493]], [[-43.7321, -19.9693], [-43.728541288782814, -19.96699164677804], [-43.7287, -19.967], [-43.7321, -19.9693]], [[-43.7377, -19.9834], [-43.73851399082567, -19.986342889908222], [-43.7321, -19.9693], [-43.7377, -19.9834]], [[-43.7361, -19.9953], [-43.736026153846154, -19.995546153846153], [-43.73599090909091, -19.99528181818182], [-43.7361, -19.9953]], [[-43.734346443514646, -20.001145188284514], [-43.7342, -19.9993], [-43.73561489361702, -19.996917021276598], [-43.734346443514646, -20.001145188284514]], [[-43.83297300574346, -19.93013714103382], [-43.8329, -19.9295], [-43.833656962025316, -19.928611392405063], [-43.83297300574346, -19.93013714103382]], [[-43.723249584372404, -19.96565174563591], [-43.723, -19.9667], [-43.72731965811966, -19.966927350427348], [-43.7205, -19.9671], [-43.723249584372404, -19.96565174563591]], [[-43.7231125158831, -19.960907369758576], [-43.7232, -19.961], [-43.7205, -19.9671], [-43.7231125158831, -19.960907369758576]], [[-43.86975714285713, -19.926485714285665], [-43.8693, -19.9246], [-43.869346875000005, -19.924434375], [-43.86975714285713, -19.926485714285665]], [[-43.629205154639195, -19.956201030927847], [-43.6308, -19.9572], [-43.6308901131626, -19.957298213222156], [-43.629205154639195, -19.956201030927847]], [[-43.6001, -19.9501], [-43.6217, -19.9515], [-43.622300321802086, -19.951876025744166], [-43.6001, -19.9501]], [[-43.7219, -19.951100000000004], [-43.719967605633805, -19.956897183098594], [-43.7198, -19.9567], [-43.7219, -19.951100000000004]], [[-43.7304, -19.9425], [-43.72237605633803, -19.949830516431923], [-43.7225, -19.9495], [-43.7304, -19.9425]], [[-43.7488, -19.8975], [-43.74871670117322, -19.897656797791583], [-43.748248705882354, -19.89729117647059], [-43.7488, -19.8975]], [[-43.9044, -19.5432], [-43.903830547550434, -19.543052161383283], [-43.905065, -19.542915], [-43.9044, -19.5432]], [[-43.89450380622837, -19.54063079584775], [-43.895, -19.5403], [-43.898617558022224, -19.541698789101922], [-43.89450380622837, -19.54063079584775]], [[-43.8915, -19.5526], [-43.8932, -19.5415], [-43.893888178913734, -19.541041214057508], [-43.8915, -19.5526]], [[-43.9076, -19.5549], [-43.90963339882123, -19.5557811394892], [-43.905424324324315, -19.554589189189187], [-43.9076, -19.5549]], [[-43.9106, -19.5562], [-43.91086666666667, -19.557355555555556], [-43.90971111111111, -19.555814814814813], [-43.9106, -19.5562]], [[-43.9112, -19.5588], [-43.9106, -19.5612], [-43.9111, -19.558366666666668], [-43.9112, -19.5588]], [[-43.9069, -19.5613], [-43.9044, -19.561], [-43.9106, -19.5612], [-43.9069, -19.5613]], [[-43.8874, -19.5801], [-43.8817, -19.5821], [-43.88842336911644, -19.578494715111475], [-43.8874, -19.5801]], [[-43.8787, -19.5808], [-43.878806174698795, -19.580198343373496], [-43.8817, -19.5821], [-43.8787, -19.5808]], [[-43.8711, -19.5718], [-43.87109194844579, -19.571212236542838], [-43.8796, -19.5757], [-43.8711, -19.5718]], [[-43.86727901639345, -19.559443278688526], [-43.8683, -19.5595], [-43.871, -19.5645], [-43.86727901639345, -19.559443278688526]], [[-43.8648, -19.5624], [-43.8665, -19.5594], [-43.866938731218696, -19.559424373956595], [-43.8648, -19.5624]], [[-43.813303921568625, -19.596454901960783], [-43.8135, -19.5962], [-43.813885838150284, -19.596507803468207], [-43.813303921568625, -19.596454901960783]], [[-43.8144, -19.6121], [-43.8142273381295, -19.612135971223022], [-43.8148, -19.6087], [-43.8144, -19.6121]], [[-43.802357724329326, -19.61053311748381], [-43.79867069922308, -19.611285571587125], [-43.7987, -19.6111], [-43.8017, -19.6103], [-43.802357724329326, -19.61053311748381]], [[-43.7991221238938, -19.61869675516219], [-43.7984, -19.613], [-43.79862113821138, -19.61159945799457], [-43.7991221238938, -19.61869675516219]], [[-43.7844, -19.6132], [-43.78426231884058, -19.61305507246377], [-43.784496590909086, -19.612961363636366], [-43.7844, -19.6132]], [[-43.781497799511, -19.608203422982886], [-43.78338770491804, -19.612134426229517], [-43.7825, -19.6112], [-43.780166666666666, -19.6111], [-43.7822, -19.6111], [-43.781497799511, -19.608203422982886]], [[-43.7814, -19.6078], [-43.7846, -19.6057], [-43.781441290322576, -19.607970322580645], [-43.7814, -19.6078]], [[-43.638, -19.5617], [-43.63795415162455, -19.561562454873645], [-43.6465, -19.5603], [-43.638, -19.5617]], [[-43.582457142857145, -19.513828571428572], [-43.582289230769234, -19.513744615384617], [-43.58505886524822, -19.505817730496453], [-43.5851, -19.5059], [-43.582457142857145, -19.513828571428572]], [[-43.58221674418605, -19.514182790697674], [-43.5822, -19.514], [-43.5822094650952, -19.513972910244785], [-43.58221674418605, -19.514182790697674]], [[-43.5828, -19.531], [-43.580398503740646, -19.537163840399007], [-43.582741334145595, -19.529308467864755], [-43.5828, -19.531]], [[-43.5798, -19.5387], [-43.5763, -19.5385], [-43.57987792207792, -19.5385], [-43.5798, -19.5387]], [[-43.5844, -19.5499], [-43.58473666940115, -19.550502461033638], [-43.5748, -19.5451], [-43.5844, -19.5499]], [[-43.5863, -19.5533], [-43.5884, -19.5599], [-43.58555335463258, -19.55196389776356], [-43.5863, -19.5533]], [[-43.6282, -19.6774], [-43.628766019417476, -19.677888834951457], [-43.6241, -19.6775], [-43.6282, -19.6774]], [[-43.6304, -19.6793], [-43.6308207253886, -19.681043005181344], [-43.62903529411765, -19.678121390374333], [-43.6304, -19.6793]], [[-43.6311, -19.6822], [-43.6296, -19.6855], [-43.630997202797204, -19.681774125874128], [-43.6311, -19.6822]], [[-43.6337, -19.6875], [-43.63257651821862, -19.68859311740891], [-43.63352636928289, -19.687415302089214], [-43.6337, -19.6875]], [[-43.8965, -19.6984], [-43.89732380952381, -19.698842416225748], [-43.89308873239437, -19.699861971830984], [-43.8965, -19.6984]], [[-43.8883, -19.6969], [-43.892160990443095, -19.70008531711555], [-43.8921, -19.7001], [-43.8883, -19.6969]], [[-43.8398, -19.7055], [-43.842, -19.7115], [-43.838663354037266, -19.70512111801242], [-43.8398, -19.7055]], [[-43.8383, -19.705], [-43.83848, -19.70506], [-43.8332, -19.7077], [-43.8383, -19.705]], [[-43.814486503067485, -19.715043098159512], [-43.81506, -19.7158675], [-43.8144, -19.7158], [-43.814486503067485, -19.715043098159512]], [[-43.8155, -19.7048], [-43.81544622852876, -19.705115907393573], [-43.8085, -19.6968], [-43.8155, -19.7048]], [[-43.8012, -19.6589], [-43.7964, -19.6577], [-43.80137117384844, -19.658869687964337], [-43.8012, -19.6589]], [[-43.8108, -19.6572], [-43.80298881987576, -19.65858322981367], [-43.81085271629779, -19.656910060362172], [-43.8108, -19.6572]], [[-43.8114, -19.6539], [-43.81099999999999, -19.65610000000003], [-43.81129743589744, -19.65372051282052], [-43.8114, -19.6539]], [[-43.8095978021978, -19.650746153846153], [-43.811248648648636, -19.65363513513512], [-43.8094, -19.6513], [-43.8095978021978, -19.650746153846153]], [[-43.8114, -19.638], [-43.808931786941585, -19.639423969072165], [-43.8089, -19.6393], [-43.8114, -19.638]], [[-43.81514640657084, -19.64138090349076], [-43.815, -19.6414], [-43.8114, -19.638], [-43.81514640657084, -19.64138090349076]], [[-43.8173, -19.6411], [-43.81656399999999, -19.641196], [-43.817211205073995, -19.640889429175473], [-43.8173, -19.6411]], [[-43.8165, -19.6217], [-43.816358666666666, -19.62228103703703], [-43.81602359550562, -19.62086629213484], [-43.8165, -19.6217]], [[-43.8145, -19.6182], [-43.81476461538462, -19.618663076923077], [-43.81423522167488, -19.618189408866996], [-43.8145, -19.6182]], [[-43.812, -19.6181], [-43.812471428571435, -19.618118857142857], [-43.81175366795366, -19.618291119691122], [-43.812, -19.6181]], [[-43.8062, -19.6226], [-43.80682514970067, -19.62211497005982], [-43.806201101591185, -19.62263304773562], [-43.8062, -19.6226]], [[-43.80345023201856, -19.625264733178653], [-43.8063, -19.6256], [-43.8038, -19.6257], [-43.80345023201856, -19.625264733178653]], [[-43.79927603923401, -19.619910976179362], [-43.80001648044691, -19.620991620111703], [-43.7993, -19.6201], [-43.79927603923401, -19.619910976179362]], [[-43.7768, -19.6163], [-43.776698412698416, -19.61669365079365], [-43.7753, -19.6111], [-43.77554814814815, -19.6111], [-43.7768, -19.6163]], [[-43.77546662420382, -19.61947044585987], [-43.77641854304636, -19.61777814569536], [-43.776, -19.6194], [-43.77546662420382, -19.61947044585987]], [[-43.77053501094092, -19.61966214442013], [-43.7722068627451, -19.619900980392156], [-43.7707, -19.6201], [-43.77053501094092, -19.61966214442013]], [[-43.76826783216783, -19.613004195804194], [-43.76894552845528, -19.61544390243903], [-43.7681, -19.6132], [-43.76826783216783, -19.613004195804194]], [[-43.7686, -19.6063], [-43.768877777777774, -19.606677777777776], [-43.7667, -19.6059], [-43.7686, -19.6063]], [[-43.7594, -19.6123], [-43.7595276154172, -19.612258386277002], [-43.75846428571428, -19.61508587662339], [-43.7594, -19.6123]], [[-43.755, -19.6254], [-43.7553, -19.62450681818183], [-43.7553, -19.628174999999967], [-43.755, -19.6254]], [[-43.7554, -19.6291], [-43.75538942731278, -19.62900220264318], [-43.75599999999997, -19.62969999999997], [-43.7554, -19.6291]], [[-43.7569, -19.6361], [-43.757851898734174, -19.631816455696203], [-43.7581, -19.6321], [-43.7569, -19.6361]], [[-43.758418569903945, -19.661948772678763], [-43.755, -19.6556], [-43.7586, -19.6618], [-43.758418569903945, -19.661948772678763]], [[-43.783026666666665, -19.714874285714288], [-43.7775, -19.7054], [-43.7832, -19.7148], [-43.783026666666665, -19.714874285714288]], [[-43.776, -19.715], [-43.7797, -19.7163], [-43.77585746606335, -19.71533936651584], [-43.776, -19.715]], [[-43.77311669626999, -19.72186500888098], [-43.77568382899628, -19.715752788104098], [-43.7756, -19.7181], [-43.77311669626999, -19.72186500888098]], [[-43.5825, -19.4938], [-43.58255156950673, -19.49461479820628], [-43.5718, -19.4889], [-43.5825, -19.4938]], [[-43.568132414910856, -19.483784683954617], [-43.5685, -19.4838], [-43.5718, -19.4889], [-43.568132414910856, -19.483784683954617]], [[-43.5661, -19.4837], [-43.56773826086956, -19.483768260869564], [-43.5596, -19.489], [-43.5661, -19.4837]], [[-43.945332989690726, -19.431994845360823], [-43.945, -19.4321], [-43.9428, -19.4304], [-43.945332989690726, -19.431994845360823]], [[-43.9412, -19.4328], [-43.9364, -19.4335], [-43.93631495680346, -19.433445194384447], [-43.9412, -19.4328]], [[-43.8373, -19.3881], [-43.8248, -19.3884], [-43.82265875409836, -19.387661639344262], [-43.8373, -19.3881]], [[-43.81953297297297, -19.38658378378378], [-43.819, -19.3864], [-43.81900526927548, -19.386081208833787], [-43.81953297297297, -19.38658378378378]], [[-43.77742142857143, -19.28446142857143], [-43.7766, -19.2841], [-43.7747, -19.2792], [-43.77742142857143, -19.28446142857143]], [[-43.7707, -19.2738], [-43.7686, -19.2714], [-43.7675, -19.2666], [-43.7707, -19.2738]], [[-43.7659, -19.2543], [-43.765719144602855, -19.25059246435845], [-43.7659, -19.2506], [-43.7659, -19.2543]], [[-43.765089610389616, -19.250566233766232], [-43.7617, -19.2526], [-43.7635, -19.2505], [-43.765089610389616, -19.250566233766232]], [[-43.7544, -19.2434], [-43.75289801324503, -19.237767549668874], [-43.753, -19.2378], [-43.7544, -19.2434]]]}}, {"type": "Feature", "properties": {"metro_id": "BRM11", "metro_name": "Belém RM", "n_members": 6, "n_missing": 0, "n_states": 1, "states": "Pará"}, "geometry": {"type": "Polygon", "coordinates": [[[-48.317, -1.4676], [-48.3318, -1.4669], [-48.3318, -1.4692], [-48.3345, -1.471], [-48.3481, -1.4694], [-48.3578, -1.4721], [-48.3631, -1.4762], [-48.3729, -1.49], [-48.3882, -1.494], [-48.3994, -1.5032], [-48.4104, -1.5094], [-48.4176, -1.5102], [-48.4276, -1.5088], [-48.4354, -1.5102], [-48.4574, -1.5218], [-48.4645, -1.5226], [-48.4724, -1.5211], [-48.4819, -1.5152], [-48.4925, -1.5049], [-48.4966, -1.5032], [-48.4998, -1.5048], [-48.5004, -1.5182], [-48.5033, -1.5239], [-48.5063, -1.5266], [-48.5095, -1.5261], [-48.5111, -1.5185], [-48.5092, -1.4937], [-48.5182, -1.4686], [-48.5187, -1.4562], [-48.5113, -1.4205], [-48.5152, -1.3943], [-48.5258, -1.3778], [-48.5452, -1.3544], [-48.5542, -1.3139], [-48.5607, -1.3004], [-48.5728, -1.288], [-48.5882, -1.2662], [-48.6005, -1.2463], [-48.6217, -1.2035], [-48.6244, -1.1922], [-48.6075, -1.1721], [-48.548, -1.1113], [-48.5245, -1.0839], [-48.5135, -1.0661], [-48.4969, -1.0453], [-48.4931, -1.0384], [-48.4695, -1.0194], [-48.3238, -1.0597], [-48.3159, -1.0823], [-48.3013232336127, -1.108164872065276], [-48.3018, -1.1064], [-48.2932, -1.1051], [-48.2767, -1.109], [-48.2613, -1.0995], [-48.2504, -1.096], [-48.2417, -1.0891], [-48.2343, -1.0914], [-48.2338, -1.104], [-48.2254, -1.108], [-48.224, -1.1107], [-48.2284, -1.1201], [-48.2207, -1.1273], [-48.2268, -1.1344], [-48.2245, -1.1365], [-48.2182, -1.1365], [-48.2173, -1.1394], [-48.2186, -1.1422], [-48.2166, -1.1445], [-48.209, -1.143], [-48.2021, -1.1464], [-48.1953, -1.1461], [-48.1876, -1.1534], [-48.184, -1.152], [-48.177, -1.1531], [-48.1744, -1.1552], [-48.1686, -1.1539], [-48.164, -1.1594], [-48.155, -1.1634], [-48.1557, -1.1663], [-48.1525, -1.1666], [-48.1493, -1.1792], [-48.147, -1.1811], [-48.1453, -1.1877], [-48.1466, -1.1906], [-48.1375, -1.1999], [-48.1291, -1.2002], [-48.1132, -1.1954], [-48.1067, -1.1953], [-48.0995, -1.1888], [-48.0964, -1.1898], [-48.0915, -1.1947], [-48.0857, -1.2066], [-48.0795, -1.2066], [-48.077, -1.2048], [-48.0681, -1.2095], [-48.0583, -1.2104], [-48.036, -1.2084], [-48.0291, -1.3656], [-48.0301, -1.3894], [-48.0269, -1.4021], [-48.027, -1.4092], [-48.0255, -1.4129], [-48.0159, -1.4229], [-48.0063, -1.4249], [-48.0004, -1.4239], [-47.9976, -1.4253], [-47.9904, -1.4221], [-47.9861, -1.4222], [-48.0004, -1.436], [-48.1343, -1.5152], [-48.1122, -1.5261], [-48.1015, -1.5397], [-48.124, -1.547], [-48.1471, -1.5445], [-48.1645, -1.5383], [-48.18, -1.5299], [-48.1877, -1.5198], [-48.1995, -1.4973], [-48.2046, -1.4919], [-48.2367, -1.4734], [-48.2558, -1.4695], [-48.2603, -1.4667], [-48.25993806970509, -1.465198659517434], [-48.2622, -1.4689], [-48.283, -1.4689], [-48.293, -1.4705], [-48.307, -1.4712], [-48.317, -1.4676]], [[-48.343787982832616, -1.4555800429184564], [-48.3437, -1.4558], [-48.332, -1.4629], [-48.343787982832616, -1.4555800429184564]], [[-48.344615999999995, -1.4504320000000008], [-48.34546208530806, -1.4513947867298613], [-48.3453, -1.451800000000002], [-48.344615999999995, -1.4504320000000008]], [[-48.3445, -1.4502], [-48.3488649484536, -1.44365257731959], [-48.3488, -1.4448], [-48.3445304964539, -1.4502609929078012], [-48.3445, -1.4502]], [[-48.3488437905468, -1.4394415662650595], [-48.3491, -1.4395], [-48.349023821989526, -1.4408458115183305], [-48.3488437905468, -1.4394415662650595]], [[-48.3398, -1.4391], [-48.3434, -1.4382], [-48.34734615384615, -1.4391], [-48.3398, -1.4391]], [[-48.3324, -1.4214], [-48.33287173913044, -1.4206695652173893], [-48.3315, -1.4289], [-48.3324, -1.4214]], [[-48.3409, -1.4083], [-48.3521, -1.4063], [-48.33989063004846, -1.4089423263327963], [-48.3409, -1.4083]], [[-48.26784199104375, -1.2695173613503261], [-48.2701, -1.2683], [-48.2773, -1.2662], [-48.26784199104375, -1.2695173613503261]], [[-48.25858841870824, -1.2746939866369689], [-48.2586, -1.2745], [-48.259660283687936, -1.2739283687943317], [-48.25858841870824, -1.2746939866369689]], [[-48.2593, -1.2796], [-48.2582, -1.2812], [-48.25851561771562, -1.2759134032634107], [-48.2593, -1.2796]], [[-48.2388, -1.2956], [-48.2306, -1.2954], [-48.244, -1.2945], [-48.2388, -1.2956]], [[-48.228, -1.2919], [-48.227032487804884, -1.2888945365853797], [-48.2306, -1.2954], [-48.228, -1.2919]], [[-48.22275652173913, -1.2609956521739076], [-48.225, -1.2638], [-48.22489699389385, -1.2646179896665153], [-48.22275652173913, -1.2609956521739076]], [[-48.21772118226601, -1.2553842364532022], [-48.2182, -1.2553], [-48.21837142857143, -1.255514285714286], [-48.21772118226601, -1.2553842364532022]], [[-48.3051, -1.3339], [-48.3085, -1.3337], [-48.30305789473684, -1.33543157894737], [-48.3051, -1.3339]], [[-48.3011, -1.3369], [-48.30172410423453, -1.3364319218241003], [-48.2992, -1.3455], [-48.3011, -1.3369]], [[-48.2772, -1.3915], [-48.2774454845089, -1.3909993408042163], [-48.2773, -1.3942], [-48.2772, -1.3915]], [[-48.420836718332446, -1.2717812399786286], [-48.4289, -1.2857], [-48.4209, -1.2733], [-48.420836718332446, -1.2717812399786286]], [[-48.42146340956341, -1.2675528066528012], [-48.420769922879174, -1.2701781491002535], [-48.4207, -1.2685], [-48.42146340956341, -1.2675528066528012]], [[-48.4276, -1.2595], [-48.42641678700361, -1.2608285198555969], [-48.42727094644167, -1.2582090975788705], [-48.4276, -1.2595]], [[-48.4263, -1.2544], [-48.42677640718563, -1.2562689820359267], [-48.42420317548747, -1.253360111420615], [-48.4263, -1.2544]], [[-48.3786, -1.2421], [-48.3911, -1.2257], [-48.3813, -1.2392], [-48.3786, -1.2421]]]}}, {"type": "Feature", "properties": {"metro_id": "BRM12", "metro_name": "João Pessoa RM", "n_members": 13, "n_missing": 0, "n_states": 1, "states": "Paraíba"}, "geometry": {"type": "MultiPolygon", "coordinates": [[[[-34.858, -7.538], [-34.8674, -7.548], [-34.8707, -7.5492], [-34.8736, -7.5432], [-34.8842, -7.5395], [-34.8887, -7.5359], [-34.8914, -7.5372], [-34.8955, -7.5451], [-34.902, -7.5436], [-34.8995, -7.5387], [-34.9015, -7.5371], [-34.9103, -7.538], [-34.9099, -7.5426], [-34.914, -7.5438], [-34.9173, -7.5418], [-34.9244, -7.5326], [-34.9327, -7.5285], [-34.9395, -7.53], [-34.9506, -7.5376], [-34.9593, -7.5391], [-34.9628, -7.5356], [-34.9694, -7.5211], [-34.9791, -7.5097], [-34.9842, -7.5079], [-34.98487183702645, -7.499166118656184], [-34.9851, -7.5], [-34.9862, -7.4934], [-34.9902, -7.4889], [-34.9883, -7.4762], [-34.9842, -7.4693], [-34.9854, -7.462], [-35.0027, -7.4535], [-35.0068, -7.4486], [-35.0161, -7.4419], [-35.0296, -7.4258], [-35.0481, -7.4178], [-35.063, -7.4067], [-35.0655, -7.402], [-35.0705, -7.3988], [-35.079, -7.4012], [-35.0916, -7.4014], [-35.108, -7.4055], [-35.1196, -7.404], [-35.1233, -7.4014], [-35.1276, -7.4017], [-35.1349, -7.3968], [-35.1442, -7.3959], [-35.1537, -7.3927], [-35.1556, -7.3781], [-35.1496, -7.3719], [-35.1528, -7.366], [-35.1608, -7.3627], [-35.168, -7.3555], [-35.1696, -7.3518], [-35.1813, -7.3518], [-35.1846, -7.3385], [-35.1976, -7.3188], [-35.1933, -7.3103], [-35.1936, -7.3066], [-35.1902, -7.3033], [-35.1917, -7.2992], [-35.1812, -7.2961], [-35.1724, -7.2785], [-35.1724, -7.2674], [-35.1694, -7.2519], [-35.148, -7.2055], [-35.1708, -7.1965], [-35.1872, -7.1802], [-35.1871, -7.1776], [-35.1806, -7.1758], [-35.1713, -7.1634], [-35.1523, -7.1524], [-35.1471, -7.1424], [-35.1442, -7.1404], [-35.1428, -7.1332], [-35.1181, -7.0704], [-35.1579, -7.0275], [-35.1299, -7.0084], [-35.1352, -7.003], [-35.135, -6.9947], [-35.1385, -6.9817], [-35.1455, -6.9743], [-35.1366, -6.9573], [-35.1376, -6.9512], [-35.1345, -6.9477], [-35.1356, -6.9449], [-35.1345, -6.943], [-35.1206, -6.9431], [-35.1089, -6.9377], [-35.099037760934394, -6.938801366799204], [-35.1233, -6.8958], [-35.129, -6.8991], [-35.1579, -6.894], [-35.1566, -6.8865], [-35.1633, -6.8625], [-35.1654, -6.8596], [-35.1657, -6.8543], [-35.1633, -6.8506], [-35.2013, -6.8064], [-35.2027, -6.8028], [-35.2045, -6.8023], [-35.2039, -6.797], [-35.2073, -6.7958], [-35.2076, -6.7929], [-35.2122, -6.7881], [-35.2104, -6.7868], [-35.2109, -6.7852], [-35.2137, -6.7818], [-35.2161, -6.7822], [-35.2192, -6.7775], [-35.2225, -6.7775], [-35.2256, -6.7755], [-35.225, -6.7734], [-35.2285, -6.7702], [-35.2292, -6.7642], [-35.2316, -6.7622], [-35.229, -6.7582], [-35.2262, -6.7578], [-35.2231, -6.7549], [-35.2233, -6.7533], [-35.2199, -6.7516], [-35.2215, -6.7434], [-35.2209, -6.7352], [-35.2159, -6.7255], [-35.2153, -6.7128], [-35.2221, -6.7029], [-35.2221, -6.6987], [-35.2269, -6.6962], [-35.2291, -6.6909], [-35.2283, -6.689], [-35.2155, -6.6806], [-35.2116, -6.6728], [-35.2026, -6.6753], [-35.196, -6.6702], [-35.1905, -6.6699], [-35.186, -6.6673], [-35.1858, -6.6643], [-35.1835, -6.6649], [-35.1824, -6.6618], [-35.1792, -6.6635], [-35.1768, -6.6613], [-35.1729, -6.664], [-35.1677, -6.6596], [-35.1625, -6.6582], [-35.1599, -6.6619], [-35.1576, -6.66], [-35.156, -6.6624], [-35.1519, -6.6624], [-35.1501, -6.6615], [-35.1502, -6.6596], [-35.145, -6.6589], [-35.1427, -6.6556], [-35.1397, -6.6564], [-35.2019, -6.5975], [-35.194, -6.5503], [-35.1892, -6.5503], [-35.184, -6.5546], [-35.1703, -6.5584], [-35.1634, -6.5561], [-35.1575, -6.5517], [-35.1517, -6.5536], [-35.1454, -6.5527], [-35.1433, -6.5478], [-35.1395, -6.5457], [-35.1326, -6.5358], [-35.1235, -6.5299], [-35.1176, -6.5162], [-35.1133, -6.5104], [-35.1125, -6.5051], [-35.1107, -6.5113], [-35.1175, -6.5417], [-35.1193, -6.5449], [-35.1338, -6.5579], [-35.1307, -6.5609], [-35.1309, -6.5661], [-35.1326, -6.5719], [-35.136, -6.575], [-35.136, -6.5795], [-35.1291, -6.5873], [-35.1034, -6.5874], [-35.1025, -6.5981], [-35.1055, -6.6061], [-35.0941, -6.6146], [-35.0939, -6.6183], [-35.088175646589136, -6.624883006422495], [-35.0708, -6.6181], [-35.0643, -6.6129], [-35.0625, -6.6096], [-35.056, -6.609], [-35.0483, -6.602], [-35.016, -6.5956], [-35.0057, -6.596], [-35.0049, -6.5983], [-35.0082, -6.6011], [-35.0164, -6.6157], [-35.0204, -6.6187], [-35.0395, -6.6754], [-35.027, -6.7082], [-35.0328, -6.7091], [-35.0346, -6.7119], [-35.0369, -6.7116], [-35.049, -6.7187], [-35.0571, -6.7199], [-35.0628, -6.7189], [-35.0827, -6.7219], [-35.0886, -6.7274], [-35.0923, -6.7383], [-35.0579, -6.7747], [-35.0442, -6.7752], [-35.0242, -6.7888], [-35.0183, -6.7901], [-35.0181, -6.7922], [-35.0154, -6.7892], [-35.0138, -6.7923], [-35.0148, -6.7943], [-35.0105, -6.7961], [-35.007, -6.7948], [-35.0027, -6.7969], [-34.9979, -6.7968], [-34.9957, -6.7939], [-34.9958, -6.7858], [-34.9882, -6.7867], [-34.9834, -6.784], [-34.98, -6.7852], [-34.9776, -6.7905], [-34.9744, -6.7932], [-34.9699, -6.7931], [-34.9635, -6.7874], [-34.9535, -6.7817], [-34.9534, -6.7696], [-34.9527, -6.7667], [-34.9499, -6.7654], [-34.9478, -6.7649], [-34.9333, -6.7699], [-34.9286, -6.77], [-34.9248, -6.7676], [-34.9212, -6.7682], [-34.9189, -6.7707], [-34.915, -6.7874], [-34.9112, -6.8262], [-34.8987, -6.8659], [-34.8876, -6.8832], [-34.8799, -6.8907], [-34.8671, -6.898], [-34.8539, -6.9006], [-34.8542, -6.9037], [-34.8634, -6.9205], [-34.8662, -6.9334], [-34.8645, -6.9429], [-34.8556, -6.9606], [-34.8549, -6.9693], [-34.8691, -6.9781], [-34.874, -6.9871], [-34.8706, -7.0113], [-34.8665, -7.0196], [-34.8653, -7.0296], [-34.859, -7.0297], [-34.855, -7.0288], [-34.8401, -7.0138], [-34.8349, -7.0049], [-34.8359, -7.0003], [-34.834, -6.9911], [-34.8357, -6.9783], [-34.8425, -6.9668], [-34.8431, -6.9624], [-34.8316, -6.9652], [-34.8294, -6.9673], [-34.8281, -6.9724], [-34.8254, -7.0055], [-34.8292, -7.0185], [-34.8298, -7.0312], [-34.8382, -7.0407], [-34.8417, -7.0487], [-34.8424, -7.056], [-34.8399, -7.0642], [-34.8297, -7.0745], [-34.8329, -7.0887], [-34.833, -7.0962], [-34.8297, -7.1036], [-34.8213, -7.1115], [-34.8229, -7.1239], [-34.8187, -7.1362], [-34.8105, -7.145], [-34.797, -7.1468], [-34.7932, -7.1546], [-34.796, -7.1719], [-34.7947, -7.1942], [-34.8006, -7.2042], [-34.8035, -7.2138], [-34.8049, -7.2314], [-34.8036, -7.2333], [-34.8058, -7.2445], [-34.8049, -7.2621], [-34.8014, -7.2743], [-34.7989, -7.2779], [-34.8013, -7.296], [-34.7983, -7.3031], [-34.8024, -7.3124], [-34.8021, -7.317], [-34.8001, -7.3217], [-34.7976, -7.3217], [-34.7978, -7.3268], [-34.7949, -7.3282], [-34.7945, -7.333], [-34.7978, -7.3435], [-34.7998, -7.3584], [-34.7997, -7.362], [-34.7974, -7.3649], [-34.7976, -7.3693], [-34.7992, -7.3711], [-34.8027, -7.3879], [-34.8094, -7.433], [-34.811, -7.4549], [-34.8095, -7.4626], [-34.8039, -7.4711], [-34.8111, -7.4803], [-34.8142, -7.4909], [-34.8091, -7.5112], [-34.8196, -7.5291], [-34.8239, -7.5468], [-34.827, -7.5512], [-34.8339, -7.5486], [-34.8386, -7.5443], [-34.8538, -7.5396], [-34.858, -7.538]], [[-35.0974, -6.8587], [-35.09705518134715, -6.853269106217617], [-35.0972, -6.8534], [-35.0991221719457, -6.862770588235288], [-35.0974, -6.8587]], [[-35.0924, -6.8494], [-35.09236855270994, -6.849033114949374], [-35.09374485049834, -6.850277076411962], [-35.0924, -6.8494]], [[-35.0877, -6.8287], [-35.0883, -6.8277], [-35.0883, -6.8323], [-35.0877, -6.8287]], [[-35.1044, -6.6399], [-35.101, -6.6327], [-35.10029076433121, -6.632199363057326], [-35.101, -6.6326], [-35.1047, -6.64], [-35.1212, -6.6481], [-35.1044, -6.6399]], [[-34.8466, -7.0569], [-34.8494, -7.0613], [-34.849393223401854, -7.061330630223631], [-34.8466, -7.0569]], [[-34.8076, -7.2361], [-34.808438215102974, -7.236337070938215], [-34.80764743589744, -7.236811538461539], [-34.8076, -7.2361]], [[-34.8171, -7.2353], [-34.818, -7.2387], [-34.817456462585035, -7.238508163265307], [-34.8171, -7.2353]], [[-34.824598245614034, -7.235250877192982], [-34.8233, -7.2359], [-34.82209931682323, -7.235046883005977], [-34.824598245614034, -7.235250877192982]], [[-34.8251, -7.2314], [-34.8255, -7.2348], [-34.82519113924051, -7.234954430379745], [-34.8251, -7.2314]], [[-34.8224, -7.2321], [-34.8226, -7.231333333333334], [-34.8226, -7.232048148148148], [-34.8224, -7.2321]], [[-34.823, -7.2298], [-34.8272, -7.2308], [-34.82295575539568, -7.229969604316547], [-34.823, -7.2298]], [[-34.8313, -7.228], [-34.83175652173913, -7.22804347826087], [-34.8308, -7.2312], [-34.8313, -7.228]], [[-34.8334, -7.2282], [-34.83341835294117, -7.228411058823529], [-34.83246931818182, -7.228111363636364], [-34.8334, -7.2282]], [[-34.8381, -7.232], [-34.8338, -7.2307], [-34.833793846153846, -7.2305646153846155], [-34.8381, -7.232]], [[-34.83839696969697, -7.237316835016829], [-34.8383, -7.2375], [-34.8367, -7.2343], [-34.83839696969697, -7.237316835016829]], [[-34.9295, -7.2255], [-34.929693911007014, -7.226031147540961], [-34.92930334085779, -7.22538785553048], [-34.9295, -7.2255]], [[-34.9409, -7.241], [-34.941949999999984, -7.2426499999999745], [-34.94067634160416, -7.2409046162723625], [-34.9409, -7.241]], [[-34.9437, -7.2454], [-34.9432, -7.2486], [-34.94329362416107, -7.2447614093959745], [-34.9437, -7.2454]], [[-34.922739046199695, -7.273844262295091], [-34.9235, -7.2726], [-34.9237898, -7.2726276], [-34.922739046199695, -7.273844262295091]], [[-34.8511, -7.4405], [-34.8491, -7.4392], [-34.8507, -7.4398], [-34.8511, -7.4405]], [[-34.96717585089141, -7.282116693679093], [-34.9725, -7.2802], [-34.9699, -7.2819], [-34.96717585089141, -7.282116693679093]], [[-34.9576, -7.2811], [-34.96310951474786, -7.282440152235966], [-34.9611, -7.2826], [-34.9576, -7.2811]], [[-34.954636363636354, -7.405879545454527], [-34.9519, -7.4007], [-34.9541, -7.4036], [-34.954636363636354, -7.405879545454527]], [[-34.8855, -7.4599], [-34.88523687707641, -7.4598634551495016], [-34.8942, -7.4567], [-34.8855, -7.4599]], [[-34.86234534623976, -7.453649888309753], [-34.8625, -7.4536], [-34.8654, -7.4568], [-34.86234534623976, -7.453649888309753]], [[-34.8939, -7.1166], [-34.8944326609775, -7.121660279286268], [-34.8941, -7.1217], [-34.8939, -7.1166]], [[-34.8962, -7.1032], [-34.89552344827586, -7.104277471264368], [-34.89569080291971, -7.102213430656931], [-34.8962, -7.1032]], [[-34.9726, -7.1773], [-34.9722834625323, -7.177978294573643], [-34.971802819956615, -7.1768824295010845], [-34.9726, -7.1773]], [[-34.9458, -7.1636], [-34.94584366197183, -7.163615492957746], [-34.9416, -7.1638], [-34.9458, -7.1636]], [[-34.91638967254408, -7.091874559193956], [-34.91654004830918, -7.09145077294686], [-34.9167, -7.0917], [-34.91638967254408, -7.091874559193956]], [[-34.912929660023444, -7.080939273153575], [-34.91, -7.0796], [-34.913, -7.0804], [-34.912929660023444, -7.080939273153575]], [[-35.0892, -6.9399], [-35.08657872340426, -6.939310212765958], [-35.0939897063467, -6.939365108935902], [-35.0892, -6.9399]], [[-35.0812, -6.9381], [-35.0761, -6.9351], [-35.08393170731707, -6.938714634146341], [-35.0812, -6.9381]], [[-35.00840782122905, -6.914370810055866], [-35.0025, -6.9125], [-34.9905, -6.909], [-35.0074, -6.9133], [-35.00840782122905, -6.914370810055866]], [[-34.90932895805142, -6.952005953991878], [-34.9103, -6.9504], [-34.910665217391305, -6.950639999999999], [-34.90932895805142, -6.952005953991878]], [[-34.9064, -6.955], [-34.90662781350482, -6.954474276527331], [-34.90686537001898, -6.9545242884250476], [-34.9064, -6.955]], [[-34.93360565970994, -6.890093809692252], [-34.9391, -6.8926], [-34.9338, -6.8903], [-34.93360565970994, -6.890093809692252]], [[-34.91428198529412, -6.866826102941176], [-34.9174, -6.8707], [-34.9141, -6.8681], [-34.91428198529412, -6.866826102941176]], [[-34.9141, -6.8666], [-34.91412554179566, -6.86663173374613], [-34.912, -6.8658], [-34.9141, -6.8666]], [[-34.80828055045872, -7.376237431192663], [-34.8081, -7.3738], [-34.8084, -7.3763], [-34.80828055045872, -7.376237431192663]], [[-34.8046, -7.3777], [-34.8063, -7.3752], [-34.804658117326056, -7.378087448840383], [-34.8046, -7.3777]], [[-34.80494828767124, -7.38210633561644], [-34.8034, -7.3803], [-34.8053, -7.3812], [-34.80494828767124, -7.38210633561644]]], [[[-34.7978, -7.3629], [-34.7979, -7.3631], [-34.7982, -7.363], [-34.798, -7.3628], [-34.7978, -7.3629]]], [[[-34.7989, -7.3624], [-34.7987, -7.3625], [-34.799, -7.3626], [-34.7991, -7.3625], [-34.7989, -7.3624]]], [[[-34.7989, -7.3607], [-34.7989, -7.3605], [-34.7988, -7.3606], [-34.7989, -7.3607]]], [[[-34.796, -7.3496], [-34.7959, -7.349], [-34.7955, -7.3486], [-34.796, -7.3501], [-34.796, -7.3496]]], [[[-34.7973, -7.3485], [-34.7972, -7.3487], [-34.7976, -7.3488], [-34.7976, -7.3487], [-34.7973, -7.3485]]], [[[-34.859, -7.0153], [-34.8655, -7.0015], [-34.868, -6.988], [-34.8663, -6.9816], [-34.8611, -6.9796], [-34.861, -6.9825], [-34.8576, -6.9834], [-34.85, -6.9823], [-34.8472, -6.9838], [-34.8501, -7.0035], [-34.859, -7.0153]]]]}}, {"type": "Feature", "properties": {"metro_id": "BRM13", "metro_name": "Curitiba RM", "n_members": 26, "n_missing": 0, "n_states": 1, "states": "Paraná"}, "geometry": {"type": "Polygon", "coordinates": [[[-49.3755, -26.0597], [-49.3784, -26.0603], [-49.3863, -26.056], [-49.3857, -26.0534], [-49.3937, -26.0515], [-49.3943, -26.0445], [-49.3961, -26.0442], [-49.3982, -26.0398], [-49.3979, -26.0355], [-49.4028, -26.0364], [-49.4073, -26.0334], [-49.4131, -26.035], [-49.417, -26.0378], [-49.4195, -26.0466], [-49.4254, -26.0448], [-49.4294, -26.0468], [-49.434, -26.0465], [-49.4452, -26.04], [-49.4478, -26.0346], [-49.4566, -26.0319], [-49.4589, -26.0262], [-49.4607, -26.0254], [-49.4659, -26.0249], [-49.4691, -26.0317], [-49.472, -26.0304], [-49.474, -26.0276], [-49.4759, -26.0181], [-49.4801, -26.0166], [-49.4871, -26.007], [-49.4916, -26.0122], [-49.4955, -26.0128], [-49.4968, -26.0116], [-49.5017, -26.0161], [-49.5132, -26.013], [-49.5156, -26.0114], [-49.5158, -26.0089], [-49.5191, -26.0081], [-49.5208, -26.0028], [-49.5303, -25.9923], [-49.5293, -25.9847], [-49.537, -25.9736], [-49.5373, -25.9613], [-49.5395, -25.9584], [-49.5409, -25.9505], [-49.54, -25.9469], [-49.5423, -25.9392], [-49.5466, -25.9377], [-49.5468, -25.9406], [-49.5521, -25.9431], [-49.5524, -25.9412], [-49.5589, -25.9386], [-49.5609, -25.9354], [-49.5604, -25.9332], [-49.5619, -25.933], [-49.5617, -25.9306], [-49.5647, -25.9275], [-49.5739, -25.9274], [-49.5845, -25.9233], [-49.5883, -25.9241], [-49.5912, -25.9263], [-49.5911, -25.9288], [-49.5934, -25.9291], [-49.5956, -25.9277], [-49.5959, -25.925], [-49.5968, -25.927], [-49.5982, -25.9263], [-49.5978, -25.9242], [-49.6015, -25.9205], [-49.5997, -25.9156], [-49.6018, -25.915], [-49.6022, -25.9127], [-49.6006, -25.912], [-49.6017, -25.9066], [-49.6001, -25.9048], [-49.6059, -25.8961], [-49.61, -25.8977], [-49.6151, -25.8972], [-49.6159, -25.8993], [-49.6222, -25.8956], [-49.6237, -25.8925], [-49.6297, -25.8949], [-49.6317, -25.8939], [-49.6324, -25.8914], [-49.6364, -25.8917], [-49.639, -25.8898], [-49.6429, -25.8896], [-49.6432, -25.8921], [-49.64474285714286, -25.892957142857142], [-49.6445, -25.893], [-49.6432, -25.895], [-49.648, -25.8973], [-49.6449, -25.8982], [-49.6451, -25.9001], [-49.6469, -25.902], [-49.6485, -25.9003], [-49.6506, -25.9015], [-49.6501, -25.9043], [-49.6516, -25.903], [-49.6522, -25.9055], [-49.6508, -25.9065], [-49.6527, -25.9072], [-49.6535, -25.9105], [-49.6578, -25.9118], [-49.66, -25.9103], [-49.6586, -25.9094], [-49.6604, -25.9072], [-49.6595, -25.9051], [-49.663, -25.9063], [-49.6704, -25.9047], [-49.6754, -25.9091], [-49.6745, -25.9167], [-49.6734, -25.9157], [-49.6729, -25.919], [-49.6705, -25.9182], [-49.6696, -25.9194], [-49.6744, -25.9202], [-49.6725, -25.9223], [-49.6709, -25.9218], [-49.6722, -25.9254], [-49.678, -25.9235], [-49.681, -25.9245], [-49.6826, -25.9212], [-49.6845, -25.9214], [-49.6829, -25.9193], [-49.6845, -25.9165], [-49.6879, -25.9158], [-49.6865, -25.918], [-49.6939, -25.9169], [-49.6932, -25.9203], [-49.6967, -25.9194], [-49.6947, -25.9216], [-49.6974, -25.923], [-49.6977, -25.9267], [-49.7036, -25.9283], [-49.7022, -25.9295], [-49.7035, -25.9304], [-49.7075, -25.9306], [-49.7066, -25.9279], [-49.7048, -25.9283], [-49.7063, -25.9255], [-49.7119, -25.9241], [-49.7126, -25.926], [-49.7131, -25.9234], [-49.7113, -25.9223], [-49.7158, -25.9212], [-49.7159, -25.9233], [-49.7176, -25.9235], [-49.7151, -25.9258], [-49.7191, -25.9321], [-49.7232, -25.9305], [-49.7224, -25.932], [-49.7242, -25.9333], [-49.726, -25.9317], [-49.7263, -25.9339], [-49.7285, -25.934], [-49.7286, -25.9354], [-49.7297, -25.9344], [-49.7349, -25.9357], [-49.7342, -25.9325], [-49.7375, -25.9328], [-49.7368, -25.931], [-49.7386, -25.9321], [-49.74, -25.931], [-49.7377, -25.9297], [-49.741, -25.929], [-49.7427, -25.9348], [-49.7408, -25.9359], [-49.7439, -25.9386], [-49.7429, -25.9397], [-49.7454, -25.94], [-49.7448, -25.942], [-49.7486, -25.9416], [-49.7477, -25.9437], [-49.7531, -25.9415], [-49.7555, -25.9443], [-49.7536, -25.9456], [-49.7553, -25.9458], [-49.7591, -25.9439], [-49.7578, -25.9423], [-49.7612, -25.9416], [-49.7599, -25.9401], [-49.7646, -25.9386], [-49.7638, -25.9407], [-49.7659, -25.9403], [-49.7668, -25.9447], [-49.7703, -25.9442], [-49.7729, -25.9469], [-49.7741, -25.945], [-49.7742, -25.947], [-49.7776, -25.9479], [-49.7766, -25.9461], [-49.7784, -25.945], [-49.7762, -25.9432], [-49.7751, -25.9445], [-49.7747, -25.9428], [-49.7764, -25.9422], [-49.7746, -25.9409], [-49.777, -25.9401], [-49.7775, -25.9418], [-49.7795, -25.9408], [-49.7789, -25.9427], [-49.7879, -25.9406], [-49.7897, -25.9436], [-49.7887, -25.9445], [-49.7914, -25.9464], [-49.7941, -25.946], [-49.7943, -25.9447], [-49.7958, -25.9474], [-49.7965, -25.9453], [-49.7993, -25.9519], [-49.8055, -25.9518], [-49.8058, -25.9539], [-49.8035, -25.9551], [-49.8071, -25.956], [-49.8084, -25.9577], [-49.8067, -25.9586], [-49.812, -25.9579], [-49.812, -25.9557], [-49.8161, -25.9568], [-49.817, -25.9587], [-49.8155, -25.9605], [-49.8176, -25.9617], [-49.8183, -25.9603], [-49.8204, -25.9629], [-49.8199, -25.9599], [-49.8219, -25.9582], [-49.8223, -25.9601], [-49.8244, -25.9597], [-49.8263, -25.9615], [-49.8268, -25.9599], [-49.8294, -25.9594], [-49.8301, -25.9608], [-49.8305, -25.9555], [-49.8254, -25.9536], [-49.8274, -25.9522], [-49.8248, -25.9511], [-49.8273, -25.9496], [-49.8271, -25.9468], [-49.8294, -25.9475], [-49.8295, -25.9449], [-49.8273, -25.9443], [-49.8322, -25.9435], [-49.8367, -25.9487], [-49.84, -25.9476], [-49.8416, -25.9439], [-49.8426, -25.9454], [-49.8406, -25.948], [-49.8438, -25.948], [-49.8422, -25.9517], [-49.8467, -25.9527], [-49.8483, -25.9484], [-49.8516, -25.9501], [-49.8519, -25.9553], [-49.8561, -25.9561], [-49.8582, -25.9541], [-49.8587, -25.9593], [-49.8615, -25.9581], [-49.8645, -25.9594], [-49.8637, -25.9577], [-49.8652, -25.9561], [-49.8688, -25.9569], [-49.8697, -25.9622], [-49.8677, -25.962], [-49.8708, -25.9649], [-49.8675, -25.9643], [-49.8662, -25.9703], [-49.8682, -25.9702], [-49.8676, -25.9719], [-49.869, -25.972], [-49.8676, -25.9741], [-49.8734, -25.9777], [-49.8716, -25.9788], [-49.8719, -25.9809], [-49.8737, -25.9807], [-49.8733, -25.9826], [-49.8783, -25.9845], [-49.8799, -25.9837], [-49.8797, -25.9855], [-49.8835, -25.9839], [-49.8834, -25.9819], [-49.8855, -25.9839], [-49.8924, -25.9825], [-49.8933, -25.9837], [-49.8968, -25.9813], [-49.8956, -25.9839], [-49.8973, -25.9835], [-49.9012, -25.987], [-49.9035, -25.9853], [-49.9031, -25.984], [-49.9053, -25.9837], [-49.9048, -25.9857], [-49.9072, -25.9864], [-49.9051, -25.9898], [-49.9086, -25.9911], [-49.915, -25.9916], [-49.9163, -25.9863], [-49.9184, -25.9863], [-49.918, -25.9882], [-49.9217, -25.9917], [-49.9219, -25.9896], [-49.9249, -25.9886], [-49.9267, -25.9896], [-49.9301, -25.9872], [-49.9342, -25.9931], [-49.9258, -25.994], [-49.9251, -25.9981], [-49.9271, -25.9985], [-49.9262, -25.9997], [-49.9287, -26.0056], [-49.9257, -26.0079], [-49.9238, -26.0064], [-49.9216, -26.0145], [-49.9332, -26.0192], [-49.94, -26.0141], [-49.9422, -26.0084], [-49.9495, -26.0126], [-49.9536, -26.0198], [-49.9606, -26.0208], [-49.9527, -26.025], [-49.948, -26.0303], [-49.9565, -26.0373], [-49.9585, -26.044], [-49.9711, -26.0583], [-49.9755, -26.0567], [-49.9778, -26.0528], [-49.9672, -26.0417], [-49.9631, -26.0276], [-49.9642, -26.0238], [-49.9687, -26.0182], [-49.9758, -26.0142], [-49.9841, -26.0142], [-49.9934, -26.0114], [-49.9933, -26.0074], [-49.9964, -25.9992], [-49.9952, -25.9933], [-49.9932, -25.9916], [-49.9869, -25.9952], [-49.9818, -25.9956], [-49.9776, -26.0039], [-49.9751, -26.0046], [-49.9724, -26.0027], [-49.9712, -26.0047], [-49.9678, -26.0051], [-49.9664, -25.9989], [-49.9676, -25.9916], [-49.9668, -25.9897], [-49.9643, -25.9892], [-49.9652, -25.98], [-49.9671, -25.9782], [-49.9733, -25.9591], [-49.9837, -25.9534], [-49.9866, -25.9404], [-49.9924, -25.9396], [-49.9966, -25.9331], [-50.0004, -25.9335], [-50.0027, -25.9317], [-50.0112, -25.931], [-50.0153, -25.9347], [-50.0149, -25.9095], [-50.0191, -25.9078], [-50.021, -25.9023], [-50.0131, -25.8947], [-50.0228, -25.891], [-50.0287, -25.8845], [-50.0388, -25.8788], [-50.045, -25.8844], [-50.0489, -25.884], [-50.0512, -25.881], [-50.0542, -25.8836], [-50.054, -25.8894], [-50.0603, -25.8881], [-50.0641, -25.8922], [-50.0671, -25.889], [-50.0741, -25.8962], [-50.0788, -25.8954], [-50.0806, -25.8933], [-50.0832, -25.8994], [-50.0895, -25.8955], [-50.1054, -25.8911], [-50.109, -25.8932], [-50.1101, -25.8912], [-50.1146, -25.89], [-50.1216, -25.881], [-50.1253, -25.8819], [-50.1245, -25.8832], [-50.1263, -25.8842], [-50.126, -25.8861], [-50.1304, -25.8864], [-50.131, -25.8839], [-50.133, -25.8837], [-50.1374, -25.885], [-50.1387, -25.8869], [-50.1434, -25.8875], [-50.1455, -25.8848], [-50.1502, -25.8844], [-50.1534, -25.8805], [-50.1557, -25.8821], [-50.1583, -25.8804], [-50.1593, -25.8771], [-50.1639, -25.8799], [-50.1672, -25.8801], [-50.1665, -25.8756], [-50.1678, -25.8721], [-50.1715, -25.8735], [-50.1756, -25.8711], [-50.1774, -25.8608], [-50.1738, -25.8581], [-50.179, -25.8531], [-50.1808, -25.8488], [-50.1879, -25.8439], [-50.1883, -25.8402], [-50.1976, -25.8316], [-50.1964, -25.8266], [-50.1986, -25.823], [-50.2048, -25.8245], [-50.2076, -25.8182], [-50.2102, -25.8163], [-50.2176, -25.8169], [-50.2315, -25.8107], [-50.2281, -25.8053], [-50.223, -25.806], [-50.2223, -25.8031], [-50.22, -25.8023], [-50.2236, -25.7998], [-50.216, -25.7957], [-50.2152, -25.7928], [-50.2093, -25.7876], [-50.2042, -25.7888], [-50.2013, -25.7856], [-50.1993, -25.7857], [-50.1998, -25.7881], [-50.2053, -25.7911], [-50.2029, -25.7932], [-50.1978, -25.7917], [-50.1911, -25.7871], [-50.1872, -25.7872], [-50.1814, -25.7903], [-50.1819, -25.7838], [-50.1882, -25.7726], [-50.1898, -25.7647], [-50.1881, -25.7612], [-50.1854, -25.7613], [-50.1866, -25.7653], [-50.1853, -25.7665], [-50.1711, -25.7656], [-50.1708, -25.7637], [-50.1736, -25.7638], [-50.1751, -25.7604], [-50.1704, -25.762], [-50.1693, -25.7597], [-50.1673, -25.7597], [-50.1628, -25.7621], [-50.1632, -25.7593], [-50.1587, -25.7564], [-50.1606, -25.7549], [-50.1581, -25.7528], [-50.1584, -25.7489], [-50.1543, -25.7505], [-50.1534, -25.7542], [-50.1513, -25.7542], [-50.1505, -25.752], [-50.1518, -25.7488], [-50.1479, -25.7455], [-50.1528, -25.746], [-50.1533, -25.7437], [-50.1487, -25.7389], [-50.1505, -25.7375], [-50.1522, -25.7402], [-50.1543, -25.7399], [-50.1513, -25.7341], [-50.1566, -25.734], [-50.1576, -25.7325], [-50.1522, -25.732], [-50.1483, -25.7291], [-50.1532, -25.7298], [-50.1545, -25.7282], [-50.1536, -25.7256], [-50.1503, -25.7264], [-50.1492, -25.7239], [-50.1458, -25.7268], [-50.1393, -25.7229], [-50.1377, -25.719], [-50.1289, -25.718], [-50.1274, -25.7124], [-50.1238, -25.7147], [-50.1219, -25.7133], [-50.1217, -25.7093], [-50.1264, -25.7107], [-50.1304, -25.7084], [-50.128, -25.7044], [-50.1304, -25.7005], [-50.1344, -25.7005], [-50.1356, -25.6956], [-50.1392, -25.6959], [-50.1392, -25.6929], [-50.1444, -25.691], [-50.1462, -25.6864], [-50.1503, -25.689], [-50.1525, -25.6878], [-50.1493, -25.6797], [-50.1352, -25.675], [-50.1299, -25.6694], [-50.1295, -25.6678], [-50.1357, -25.6639], [-50.1357, -25.6605], [-50.1317, -25.6601], [-50.127, -25.6633], [-50.1209, -25.6597], [-50.1138, -25.6668], [-50.1092, -25.6579], [-50.0988, -25.6671], [-50.0968, -25.6672], [-50.0946, -25.6608], [-50.097, -25.6519], [-50.0958, -25.6516], [-50.0954, -25.654], [-50.086, -25.6502], [-50.0897, -25.6503], [-50.0874, -25.645], [-50.093, -25.6414], [-50.0972, -25.6354], [-50.0883, -25.6333], [-50.0859, -25.6344], [-50.0875, -25.6383], [-50.086, -25.6395], [-50.083, -25.6385], [-50.0845, -25.6363], [-50.0823, -25.6331], [-50.0822, -25.6366], [-50.0805, -25.6381], [-50.0772, -25.6345], [-50.0744, -25.6344], [-50.0703, -25.6442], [-50.0635, -25.6518], [-50.0619, -25.6468], [-50.0539, -25.6448], [-50.0552, -25.6434], [-50.0547, -25.6398], [-50.0529, -25.6391], [-50.0511, -25.6418], [-50.0493, -25.6416], [-50.0471, -25.6353], [-50.0425, -25.6386], [-50.0415, -25.6358], [-50.0356, -25.6355], [-50.0371, -25.6328], [-50.0356, -25.6299], [-50.0337, -25.6333], [-50.0323, -25.6325], [-50.0326, -25.6294], [-50.026, -25.6303], [-50.029, -25.6292], [-50.0294, -25.6234], [-50.0336, -25.6235], [-50.033, -25.622], [-50.0273, -25.6217], [-50.0314, -25.6206], [-50.0315, -25.6174], [-50.0242, -25.6167], [-50.0273, -25.6157], [-50.031, -25.6097], [-50.029, -25.6078], [-50.0283, -25.61], [-50.0263, -25.6094], [-50.0272, -25.6052], [-50.0238, -25.6024], [-50.0204, -25.602], [-50.0214, -25.606], [-50.0198, -25.6063], [-50.0148, -25.5987], [-50.0108, -25.6023], [-50.0053, -25.602], [-49.998, -25.609], [-49.9926, -25.6115], [-49.9917, -25.6079], [-49.9943, -25.6039], [-49.9888, -25.6023], [-49.979, -25.5944], [-49.9767, -25.5967], [-49.9804, -25.6043], [-49.9768, -25.6082], [-49.965, -25.6085], [-49.962, -25.606], [-49.9569, -25.6072], [-49.9561, -25.605], [-49.9595, -25.6025], [-49.9583, -25.6014], [-49.9531, -25.6037], [-49.9467, -25.6098], [-49.9419, -25.6112], [-49.9432, -25.6077], [-49.9379, -25.6088], [-49.9383, -25.6054], [-49.9353, -25.6046], [-49.9369, -25.6025], [-49.9335, -25.5986], [-49.9315, -25.5988], [-49.9329, -25.6011], [-49.932, -25.6025], [-49.928, -25.5994], [-49.9262, -25.6027], [-49.9223, -25.5997], [-49.918, -25.6], [-49.913, -25.5978], [-49.9114, -25.5961], [-49.9135, -25.5919], [-49.9094, -25.5905], [-49.906, -25.5849], [-49.9073, -25.5792], [-49.9094, -25.5789], [-49.9102, -25.5815], [-49.9172, -25.5772], [-49.917, -25.5753], [-49.914, -25.5771], [-49.9118, -25.5746], [-49.9131, -25.5727], [-49.917, -25.5733], [-49.919, -25.5721], [-49.9166, -25.567], [-49.9211, -25.5643], [-49.9185, -25.5621], [-49.9173, -25.5572], [-49.913, -25.5574], [-49.9101, -25.5622], [-49.9103, -25.571], [-49.9071, -25.5707], [-49.8993, -25.565], [-49.8944, -25.567], [-49.8994, -25.5752], [-49.8909, -25.5776], [-49.8886, -25.5746], [-49.8858, -25.5753], [-49.8757, -25.5681], [-49.8759, -25.5622], [-49.8794, -25.558], [-49.8909, -25.554], [-49.8864, -25.546], [-49.8849, -25.546], [-49.8846, -25.55], [-49.8831, -25.5503], [-49.8763, -25.5441], [-49.8687, -25.5469], [-49.8557, -25.5468], [-49.8518, -25.5554], [-49.8463, -25.5519], [-49.8436, -25.5472], [-49.8409, -25.5518], [-49.837, -25.5532], [-49.8253, -25.5464], [-49.8203, -25.5496], [-49.8195, -25.5546], [-49.8133, -25.5573], [-49.80892035554349, -25.55453891979916], [-49.8093, -25.5501], [-49.8076, -25.5492], [-49.8022, -25.5518], [-49.8071, -25.5348], [-49.8067, -25.5311], [-49.8038, -25.5296], [-49.803, -25.5242], [-49.8056, -25.5205], [-49.8031, -25.5194], [-49.8021, -25.5139], [-49.7974, -25.5126], [-49.8009, -25.5082], [-49.8012, -25.5051], [-49.8036, -25.5047], [-49.8047, -25.5028], [-49.8021, -25.5031], [-49.7991, -25.5001], [-49.7988, -25.497], [-49.7926, -25.4962], [-49.7854, -25.4898], [-49.7841, -25.4868], [-49.7809, -25.4874], [-49.778, -25.4841], [-49.7762, -25.4802], [-49.7778, -25.4774], [-49.7759, -25.4724], [-49.7666, -25.4678], [-49.7682, -25.4627], [-49.7641, -25.457], [-49.7666, -25.4535], [-49.7667, -25.4505], [-49.7605, -25.4464], [-49.7535, -25.4464], [-49.7477, -25.4364], [-49.7511, -25.4286], [-49.7487, -25.425], [-49.7505, -25.4207], [-49.7479, -25.4181], [-49.7427, -25.4177], [-49.7404, -25.4151], [-49.7412, -25.4084], [-49.7456, -25.4043], [-49.7491, -25.3973], [-49.7448, -25.3935], [-49.7446, -25.3811], [-49.7416, -25.373], [-49.741, -25.3663], [-49.7454, -25.3636], [-49.756589536266354, -25.3606028027858], [-49.7584, -25.3613], [-49.8197, -25.2701], [-49.8265, -25.2669], [-49.8278, -25.2623], [-49.8431, -25.2541], [-49.8481, -25.2483], [-49.8504, -25.2407], [-49.8568, -25.2339], [-49.8492, -25.2339], [-49.8321, -25.2253], [-49.8173, -25.2263], [-49.8099, -25.2166], [-49.7984, -25.2147], [-49.7953, -25.2072], [-49.7959, -25.2031], [-49.794, -25.2003], [-49.7809, -25.1941], [-49.7707, -25.1968], [-49.7692, -25.2025], [-49.7628, -25.2062], [-49.7542, -25.218], [-49.7527, -25.217], [-49.7459, -25.2212], [-49.744, -25.2194], [-49.7368, -25.2198], [-49.7308, -25.2244], [-49.7279, -25.2242], [-49.7122, -25.2174], [-49.7091, -25.2058], [-49.7063, -25.2051], [-49.703, -25.2008], [-49.7009, -25.201], [-49.7, -25.1978], [-49.6937, -25.1954], [-49.6896, -25.1907], [-49.6814, -25.1778], [-49.6802, -25.1678], [-49.6826, -25.1677], [-49.6827, -25.1653], [-49.6848, -25.1638], [-49.6859, -25.1649], [-49.6881, -25.1624], [-49.6878, -25.1594], [-49.6927, -25.1553], [-49.7034, -25.1495], [-49.7065, -25.1446], [-49.7077, -25.1374], [-49.7113, -25.1364], [-49.7146, -25.1387], [-49.7245, -25.1348], [-49.7311, -25.1279], [-49.7328, -25.1238], [-49.7318, -25.1219], [-49.728, -25.1214], [-49.7293, -25.1205], [-49.7285, -25.1157], [-49.7312, -25.1149], [-49.7281, -25.1107], [-49.7316, -25.1115], [-49.7316, -25.1098], [-49.7296, -25.1088], [-49.7393, -25.1029], [-49.7359, -25.1001], [-49.739, -25.092], [-49.7353, -25.0889], [-49.7387, -25.0836], [-49.7383, -25.0812], [-49.742, -25.0826], [-49.741, -25.0809], [-49.7428, -25.0792], [-49.7391, -25.0752], [-49.7393, -25.0697], [-49.737, -25.0652], [-49.7394, -25.0627], [-49.733, -25.0591], [-49.7296, -25.0621], [-49.7223, -25.064], [-49.7206, -25.0633], [-49.7208, -25.0611], [-49.7191, -25.0609], [-49.7187, -25.0575], [-49.7151, -25.0604], [-49.7129, -25.0601], [-49.7126, -25.0543], [-49.717, -25.0518], [-49.7132, -25.046], [-49.7112, -25.0454], [-49.7021, -25.0487], [-49.7016, -25.0446], [-49.7052, -25.0426], [-49.7081, -25.0431], [-49.7087, -25.0397], [-49.7117, -25.0385], [-49.7102, -25.0368], [-49.711, -25.0341], [-49.7067, -25.0342], [-49.7025, -25.0307], [-49.7101, -25.0259], [-49.7122, -25.0215], [-49.7103, -25.0204], [-49.7061, -25.0214], [-49.7035, -25.019], [-49.6987, -25.0213], [-49.6975, -25.0182], [-49.6891, -25.0181], [-49.685, -25.0157], [-49.6806, -25.0087], [-49.6777, -25.011], [-49.6761, -25.0067], [-49.6687, -25.0047], [-49.6682, -24.9992], [-49.6615, -25.0032], [-49.6548, -25.0047], [-49.6527, -25.0086], [-49.6512, -25.0028], [-49.6493, -25.0017], [-49.6387, -25.0077], [-49.6388, -25.0021], [-49.6323, -25.0], [-49.6273, -24.992], [-49.6238, -24.9914], [-49.6234, -24.9886], [-49.6187, -24.9848], [-49.6168, -24.9799], [-49.6079, -24.9788], [-49.606, -24.9809], [-49.608, -24.9829], [-49.6042, -24.9865], [-49.6054, -24.988], [-49.5999, -24.9851], [-49.5958, -24.9756], [-49.592, -24.9764], [-49.5864, -24.9683], [-49.5768, -24.9638], [-49.57490369705134, -24.959408561592575], [-49.5785, -24.9547], [-49.5801, -24.9488], [-49.5759, -24.944], [-49.5719, -24.9441], [-49.5729, -24.9398], [-49.5694, -24.9382], [-49.5673, -24.9413], [-49.5636, -24.9393], [-49.56, -24.9409], [-49.5494, -24.941], [-49.5481, -24.9384], [-49.5498, -24.9373], [-49.5469, -24.9356], [-49.5451, -24.9299], [-49.5382, -24.9194], [-49.5395, -24.9165], [-49.5327, -24.9114], [-49.5297, -24.9116], [-49.5294, -24.9091], [-49.5274, -24.9083], [-49.5161, -24.9132], [-49.5111, -24.9122], [-49.5121, -24.908], [-49.509, -24.9041], [-49.5096, -24.901], [-49.5004, -24.9054], [-49.4959, -24.9058], [-49.4988, -24.9053], [-49.5043, -24.8991], [-49.5021, -24.8986], [-49.5021, -24.896], [-49.5, -24.8948], [-49.5094, -24.8876], [-49.5085, -24.8843], [-49.5103, -24.882], [-49.5086, -24.8773], [-49.5232, -24.8678], [-49.5284, -24.8621], [-49.5256, -24.8591], [-49.5278, -24.8547], [-49.5261, -24.8473], [-49.5316, -24.8463], [-49.5304, -24.8397], [-49.5339, -24.8279], [-49.5365, -24.8265], [-49.5375, -24.8182], [-49.5453, -24.8195], [-49.5479, -24.8161], [-49.5506, -24.817], [-49.5532, -24.8111], [-49.5623, -24.8077], [-49.5626, -24.801], [-49.5672, -24.7971], [-49.5474, -24.7515], [-49.5298, -24.7156], [-49.5321, -24.7128], [-49.5365, -24.7113], [-49.5383, -24.7064], [-49.5406, -24.7075], [-49.5438, -24.7048], [-49.5466, -24.7059], [-49.5479, -24.704], [-49.5464, -24.7031], [-49.5471, -24.7005], [-49.549, -24.6988], [-49.5521, -24.6978], [-49.5537, -24.6994], [-49.5553, -24.6974], [-49.5534, -24.6967], [-49.5559, -24.6928], [-49.5548, -24.6911], [-49.5564, -24.6904], [-49.5562, -24.6886], [-49.5691, -24.6824], [-49.5679, -24.677], [-49.5735, -24.668], [-49.5814, -24.6688], [-49.5822, -24.6675], [-49.5852, -24.6693], [-49.5852, -24.671], [-49.5948, -24.6769], [-49.6007, -24.6777], [-49.6068, -24.6758], [-49.6091, -24.6767], [-49.6106, -24.6806], [-49.6124, -24.6815], [-49.6176, -24.6805], [-49.6204, -24.6827], [-49.6289, -24.6808], [-49.6301, -24.6765], [-49.6286, -24.6669], [-49.6301, -24.6647], [-49.6336, -24.661], [-49.6431, -24.6615], [-49.6473, -24.6601], [-49.6445, -24.6565], [-49.645, -24.65], [-49.6415, -24.642], [-49.6296, -24.6433], [-49.623, -24.6468], [-49.6131, -24.642], [-49.6079, -24.6367], [-49.5994, -24.6389], [-49.5934, -24.6377], [-49.5912, -24.635], [-49.5923, -24.6287], [-49.5899, -24.6187], [-49.5762, -24.6152], [-49.5736, -24.6137], [-49.5725, -24.6108], [-49.5655, -24.6061], [-49.5596, -24.6044], [-49.5536, -24.5965], [-49.5539, -24.5924], [-49.5489, -24.5868], [-49.5494, -24.5852], [-49.5531, -24.5841], [-49.5536, -24.5802], [-49.5473, -24.5754], [-49.5392, -24.572], [-49.5237, -24.5764], [-49.5265, -24.5841], [-49.5246, -24.5885], [-49.5248, -24.5938], [-49.5281, -24.6005], [-49.5249, -24.603], [-49.5265, -24.6064], [-49.5233, -24.6103], [-49.5174, -24.6093], [-49.5107, -24.6142], [-49.5088, -24.6106], [-49.5041, -24.6111], [-49.5015, -24.607], [-49.5016, -24.6004], [-49.4977, -24.598], [-49.4969, -24.5899], [-49.4936, -24.5875], [-49.4944, -24.5842], [-49.4975, -24.5812], [-49.4949, -24.5764], [-49.4957, -24.5696], [-49.4912, -24.5518], [-49.4877, -24.546], [-49.483, -24.5448], [-49.4797, -24.5404], [-49.4726, -24.5422], [-49.4686, -24.545], [-49.4664, -24.5446], [-49.4642, -24.5403], [-49.4569, -24.5362], [-49.4518, -24.5259], [-49.4477, -24.5252], [-49.4435, -24.5293], [-49.4374, -24.522], [-49.4372, -24.5184], [-49.434, -24.5182], [-49.4314, -24.5213], [-49.4292, -24.5151], [-49.4292, -24.5007], [-49.4232, -24.498], [-49.4182, -24.5005], [-49.411, -24.4971], [-49.4083, -24.4987], [-49.3967, -24.4966], [-49.396, -24.4926], [-49.3897, -24.4873], [-49.3592, -24.4777], [-49.353, -24.4712], [-49.3514, -24.4648], [-49.3468, -24.4585], [-49.3287, -24.451], [-49.3267, -24.448], [-49.3151, -24.4403], [-49.3122, -24.4304], [-49.2968, -24.4283], [-49.285, -24.4194], [-49.2757, -24.4169], [-49.2602, -24.4245], [-49.2524, -24.4339], [-49.2532, -24.4376], [-49.2505, -24.4454], [-49.2534, -24.4496], [-49.2517, -24.4516], [-49.2535, -24.4557], [-49.2456, -24.4582], [-49.2448, -24.4634], [-49.2453, -24.4651], [-49.2485, -24.4634], [-49.2491, -24.4665], [-49.2469, -24.4691], [-49.249, -24.4715], [-49.2537, -24.4705], [-49.2546, -24.4739], [-49.2591, -24.4728], [-49.2631, -24.4738], [-49.2655, -24.4793], [-49.2698, -24.4813], [-49.2712, -24.4833], [-49.2702, -24.4846], [-49.2713, -24.4902], [-49.2696, -24.4923], [-49.2843, -24.4948], [-49.2915, -24.4999], [-49.2953, -24.4999], [-49.2965, -24.5019], [-49.2947, -24.5064], [-49.2897, -24.5105], [-49.2896, -24.5134], [-49.2871, -24.5142], [-49.2864, -24.5161], [-49.2883, -24.5228], [-49.2868, -24.5232], [-49.288, -24.5266], [-49.2864, -24.5305], [-49.2852, -24.53], [-49.2838, -24.5337], [-49.2799, -24.5359], [-49.2837, -24.5408], [-49.2923, -24.5443], [-49.2925, -24.5529], [-49.2957, -24.5521], [-49.2971, -24.5496], [-49.3028, -24.5501], [-49.3056, -24.5464], [-49.3071, -24.5499], [-49.3098, -24.5499], [-49.3098, -24.5534], [-49.316, -24.5555], [-49.3146, -24.5625], [-49.3177, -24.5641], [-49.3177, -24.5666], [-49.3135, -24.57], [-49.3138, -24.5723], [-49.3117, -24.5746], [-49.3126, -24.5789], [-49.3109, -24.581], [-49.3128, -24.5825], [-49.3124, -24.5861], [-49.3166, -24.588], [-49.3036, -24.5969], [-49.3092, -24.6022], [-49.3084, -24.6035], [-49.3131, -24.6047], [-49.3119, -24.6051], [-49.3141, -24.6083], [-49.3123, -24.6108], [-49.3146, -24.6143], [-49.3071, -24.6217], [-49.3116, -24.6303], [-49.3141, -24.6321], [-49.3134, -24.638], [-49.3164, -24.639], [-49.3137, -24.6421], [-49.3107, -24.6402], [-49.3064, -24.6429], [-49.3097, -24.6458], [-49.3017, -24.6498], [-49.2999, -24.654], [-49.3026, -24.6581], [-49.3072, -24.658], [-49.3082, -24.6609], [-49.312, -24.6635], [-49.305, -24.669], [-49.3054, -24.6736], [-49.2942, -24.6759], [-49.288, -24.6844], [-49.2781, -24.693], [-49.273, -24.6946], [-49.2628, -24.6925], [-49.2574, -24.6965], [-49.2444, -24.6968], [-49.237, -24.6991], [-49.2233, -24.6986], [-49.2148, -24.7022], [-49.2083152351933, -24.700978232717578], [-49.2048, -24.6975], [-49.206, -24.6872], [-49.2038, -24.6851], [-49.1945, -24.6831], [-49.1871, -24.6737], [-49.1805, -24.6717], [-49.1748, -24.6721], [-49.1698, -24.6756], [-49.1625, -24.6714], [-49.1539, -24.672], [-49.1482, -24.6753], [-49.1361, -24.6752], [-49.1298, -24.6819], [-49.1262, -24.6842], [-49.1224, -24.6825], [-49.1183, -24.6862], [-49.1103, -24.688], [-49.1089, -24.6858], [-49.1089, -24.6765], [-49.1044, -24.6745], [-49.1001, -24.6763], [-49.0971, -24.6819], [-49.0852, -24.6799], [-49.0832, -24.6722], [-49.0747, -24.6734], [-49.0714, -24.6777], [-49.0691, -24.6849], [-49.0644, -24.686], [-49.0542, -24.6824], [-49.0477, -24.6759], [-49.0448, -24.669], [-49.0455, -24.6661], [-49.0374, -24.6604], [-49.0395, -24.6534], [-49.0346, -24.65], [-49.0329, -24.6419], [-49.0351, -24.6408], [-49.0398, -24.6439], [-49.042, -24.6393], [-49.04, -24.6368], [-49.0322, -24.6338], [-49.0184, -24.6426], [-49.0121, -24.6397], [-49.0084, -24.6346], [-49.0032, -24.6335], [-48.9993, -24.6379], [-49.0045, -24.6378], [-49.0054, -24.6391], [-49.0073, -24.6492], [-49.0107, -24.656], [-49.0094, -24.6604], [-49.0007, -24.6553], [-48.9909, -24.6552], [-48.9894, -24.6566], [-48.9879, -24.6659], [-48.9786, -24.665], [-48.9744, -24.6668], [-48.9749, -24.6717], [-48.9633, -24.6732], [-48.9606, -24.6796], [-48.961, -24.6845], [-48.9585, -24.6853], [-48.9551, -24.6841], [-48.9496, -24.6748], [-48.9425, -24.6723], [-48.931, -24.6757], [-48.9224, -24.6752], [-48.9153, -24.6829], [-48.9127, -24.6819], [-48.9102, -24.6779], [-48.9128, -24.6735], [-48.9099, -24.6707], [-48.8907, -24.6693], [-48.885, -24.6704], [-48.8785, -24.6682], [-48.8695, -24.6697], [-48.8654, -24.6673], [-48.8539, -24.6751], [-48.8519, -24.675], [-48.8479, -24.6739], [-48.8472, -24.6711], [-48.8563, -24.6647], [-48.8592, -24.6591], [-48.8585, -24.6577], [-48.8533, -24.6562], [-48.8498, -24.6578], [-48.8444, -24.6642], [-48.8404, -24.665], [-48.8323, -24.6569], [-48.8273, -24.6545], [-48.8228, -24.6553], [-48.8208, -24.6573], [-48.8191, -24.6636], [-48.8164, -24.6641], [-48.8119, -24.6741], [-48.8097, -24.6758], [-48.8038, -24.6766], [-48.8008, -24.6749], [-48.7882, -24.6812], [-48.7822, -24.6881], [-48.7787, -24.6967], [-48.7691, -24.6953], [-48.7589, -24.6803], [-48.7573, -24.6799], [-48.7531, -24.6824], [-48.7532, -24.6877], [-48.7557, -24.6928], [-48.7524, -24.6952], [-48.7447, -24.6932], [-48.74, -24.6869], [-48.7345, -24.6845], [-48.7301, -24.687], [-48.7186, -24.683], [-48.7074, -24.6836], [-48.7038, -24.6804], [-48.7011, -24.6804], [-48.6994, -24.6853], [-48.6926, -24.6934], [-48.6899, -24.6939], [-48.6887, -24.6907], [-48.6908, -24.684], [-48.6883, -24.6775], [-48.6935, -24.6734], [-48.6941, -24.6707], [-48.6897, -24.6679], [-48.6847, -24.6709], [-48.6787, -24.6709], [-48.6762, -24.6734], [-48.6769, -24.6754], [-48.6715, -24.6793], [-48.675, -24.6841], [-48.6721, -24.6873], [-48.6771, -24.6925], [-48.6715, -24.6987], [-48.6772, -24.6984], [-48.675, -24.7018], [-48.6685, -24.7034], [-48.6644, -24.7065], [-48.6605, -24.7068], [-48.6593, -24.706], [-48.6612, -24.7041], [-48.6608, -24.6991], [-48.6578, -24.6943], [-48.6582, -24.692], [-48.6416, -24.6897], [-48.6411, -24.6865], [-48.6453, -24.6815], [-48.6378, -24.6777], [-48.6311, -24.6773], [-48.6308, -24.6798], [-48.6282, -24.6805], [-48.6184, -24.6722], [-48.6166, -24.6687], [-48.6115, -24.6709], [-48.604, -24.6683], [-48.5934, -24.6743], [-48.5893, -24.6805], [-48.5865, -24.6786], [-48.5847, -24.6718], [-48.582, -24.6707], [-48.5808, -24.6716], [-48.579, -24.6855], [-48.5683, -24.6956], [-48.5675, -24.6981], [-48.5692, -24.7008], [-48.5647, -24.7062], [-48.5617, -24.7071], [-48.5601, -24.7107], [-48.5521, -24.7096], [-48.5518, -24.7166], [-48.5446, -24.718], [-48.5458, -24.7219], [-48.5426, -24.726], [-48.5378, -24.7263], [-48.5306, -24.7301], [-48.5292, -24.7316], [-48.5318, -24.7368], [-48.5308, -24.7384], [-48.5279, -24.7393], [-48.5225, -24.7361], [-48.5115, -24.7406], [-48.5038, -24.7349], [-48.4993, -24.739], [-48.504, -24.7401], [-48.5019, -24.746], [-48.5077, -24.7524], [-48.5073, -24.7648], [-48.5121, -24.764], [-48.5167, -24.7686], [-48.5178, -24.7744], [-48.5158, -24.7768], [-48.5167, -24.7802], [-48.5273, -24.7832], [-48.5308, -24.7864], [-48.5344, -24.7867], [-48.5365, -24.7895], [-48.5489, -24.7972], [-48.5558, -24.8062], [-48.5554, -24.8101], [-48.5592, -24.8211], [-48.5558, -24.8238], [-48.5623, -24.8284], [-48.5678, -24.8475], [-48.5645, -24.8562], [-48.5667, -24.864], [-48.5497, -24.8675], [-48.5468, -24.8738], [-48.5494, -24.8792], [-48.5471, -24.8798], [-48.5454, -24.877], [-48.5448, -24.879], [-48.549, -24.8823], [-48.5549, -24.8817], [-48.5583, -24.8846], [-48.5594, -24.8892], [-48.5561, -24.8928], [-48.5593, -24.9012], [-48.5609, -24.9007], [-48.5637, -24.8949], [-48.5673, -24.8939], [-48.5721, -24.895], [-48.5728, -24.9029], [-48.5671, -24.9039], [-48.5664, -24.9168], [-48.56681992840095, -24.9168576372315], [-48.5652, -24.9177], [-48.5677, -24.9199], [-48.5713, -24.92], [-48.5719, -24.9232], [-48.5694, -24.9283], [-48.5702, -24.9315], [-48.5674, -24.9314], [-48.5668, -24.9354], [-48.5629, -24.9394], [-48.5697, -24.9435], [-48.5689, -24.9469], [-48.563, -24.9503], [-48.5705, -24.9516], [-48.5727, -24.9549], [-48.5679, -24.96], [-48.5674, -24.9723], [-48.5711, -24.9779], [-48.5747, -24.9801], [-48.5763, -24.9844], [-48.5801, -24.9869], [-48.5885, -24.9864], [-48.5904, -24.9889], [-48.5892, -24.9948], [-48.5916, -24.9967], [-48.5952, -24.9961], [-48.5981, -25.0033], [-48.6008, -25.0105], [-48.5972, -25.0154], [-48.5992, -25.0193], [-48.5889, -25.0197], [-48.5883, -25.0239], [-48.5907, -25.0265], [-48.588, -25.0277], [-48.5896, -25.0297], [-48.5857, -25.0303], [-48.5815, -25.0349], [-48.5838, -25.0416], [-48.5807, -25.0468], [-48.5827, -25.0516], [-48.5796, -25.0531], [-48.5691, -25.0511], [-48.569, -25.0543], [-48.5653, -25.0583], [-48.5589, -25.0615], [-48.5579, -25.064], [-48.5591, -25.067], [-48.5578, -25.0686], [-48.5601, -25.0752], [-48.5565, -25.0832], [-48.5573, -25.0862], [-48.5453, -25.1005], [-48.5438, -25.1056], [-48.55, -25.109], [-48.5611, -25.1059], [-48.5633, -25.0951], [-48.573, -25.0842], [-48.5777, -25.0837], [-48.5953, -25.091], [-48.6015, -25.0886], [-48.6089, -25.093], [-48.6125, -25.0931], [-48.6123, -25.0992], [-48.6198, -25.1066], [-48.624, -25.1165], [-48.633, -25.1201], [-48.6418, -25.1181], [-48.6458, -25.1259], [-48.6435, -25.1309], [-48.6468, -25.1297], [-48.6512, -25.1306], [-48.6628, -25.1266], [-48.6667, -25.1282], [-48.6689, -25.1319], [-48.668, -25.135], [-48.6744, -25.1447], [-48.6805, -25.146], [-48.6836, -25.1426], [-48.6845, -25.1383], [-48.682, -25.1221], [-48.6843, -25.1167], [-48.6885, -25.121], [-48.6914, -25.1184], [-48.6976, -25.1164], [-48.6999, -25.1133], [-48.7039, -25.113], [-48.7017, -25.1067], [-48.7037, -25.1049], [-48.7128, -25.1054], [-48.7135, -25.1032], [-48.7182, -25.1006], [-48.7261, -25.1006], [-48.7257, -25.0948], [-48.7283, -25.0892], [-48.7353, -25.0934], [-48.7422, -25.0906], [-48.7472, -25.091], [-48.7494, -25.0889], [-48.7528, -25.0927], [-48.757, -25.091], [-48.7605, -25.0916], [-48.7634, -25.0946], [-48.7696, -25.0971], [-48.7659, -25.1045], [-48.7713, -25.107], [-48.7738, -25.1117], [-48.7777, -25.1146], [-48.7824, -25.1247], [-48.7903, -25.1282], [-48.7965, -25.1288], [-48.8034, -25.1332], [-48.8197, -25.1323], [-48.8277, -25.1398], [-48.83, -25.148], [-48.8362, -25.1515], [-48.8456, -25.1633], [-48.8449, -25.1695], [-48.8394, -25.176], [-48.8393, -25.1783], [-48.8452, -25.1896], [-48.838, -25.1897], [-48.8333, -25.1933], [-48.8298, -25.2008], [-48.8294, -25.2184], [-48.8194, -25.2236], [-48.8259, -25.2319], [-48.8302, -25.2326], [-48.8297, -25.2421], [-48.8349, -25.2467], [-48.8312, -25.253], [-48.836, -25.2556], [-48.8401, -25.2634], [-48.8374, -25.2692], [-48.8382, -25.2729], [-48.8315, -25.285], [-48.8333, -25.2925], [-48.8358, -25.2946], [-48.831, -25.2958], [-48.8316, -25.304], [-48.8417, -25.3075], [-48.8449, -25.31], [-48.8557, -25.3055], [-48.8615, -25.3055], [-48.8845, -25.2903], [-48.8888, -25.2911], [-48.8934, -25.2934], [-48.8947, -25.2956], [-48.8981, -25.2953], [-48.9045, -25.3023], [-48.9025, -25.3064], [-48.9057, -25.3093], [-48.9029, -25.3141], [-48.9053, -25.3167], [-48.9017, -25.3198], [-48.9015, -25.322], [-48.90619679500307, -25.3325438255171], [-48.9028, -25.3327], [-48.8992, -25.3372], [-48.9013, -25.3399], [-48.8992, -25.3449], [-48.8997, -25.349], [-48.9078, -25.3528], [-48.9067, -25.357], [-48.9113, -25.3622], [-48.9126, -25.3687], [-48.9152, -25.3673], [-48.9147, -25.3706], [-48.919, -25.3794], [-48.9276, -25.3842], [-48.9314, -25.3807], [-48.9364, -25.3844], [-48.9369, -25.3871], [-48.9442, -25.3875], [-48.943, -25.392], [-48.9497, -25.4015], [-48.9472, -25.405], [-48.9485, -25.4072], [-48.9535, -25.4091], [-48.9544, -25.4114], [-48.9488, -25.4175], [-48.9561, -25.4208], [-48.9599, -25.4254], [-48.969, -25.4275], [-48.9691, -25.43], [-48.9658, -25.4309], [-48.9632, -25.4378], [-48.9629, -25.4447], [-48.9629, -25.4512], [-48.9531, -25.4558], [-48.9562, -25.4589], [-48.9508, -25.4639], [-48.9512, -25.4702], [-48.941, -25.4758], [-48.9475, -25.4815], [-48.9475, -25.4857], [-48.9552, -25.4839], [-48.9563, -25.4899], [-48.9612, -25.4925], [-48.9642, -25.4917], [-48.9671, -25.4995], [-48.9658, -25.5022], [-48.9751, -25.5089], [-48.9707, -25.5131], [-48.9735, -25.5193], [-48.9702, -25.5226], [-48.9653, -25.5224], [-48.9616, -25.5324], [-48.9625, -25.535], [-48.9614, -25.5384], [-48.9728, -25.5458], [-48.9716, -25.5501], [-48.9727, -25.5548], [-48.9698, -25.5589], [-48.9654, -25.5584], [-48.9655, -25.5616], [-48.9708, -25.5657], [-48.9694, -25.5684], [-48.9701, -25.5707], [-48.9746, -25.573], [-48.9727, -25.5759], [-48.9635, -25.5769], [-48.9569, -25.5838], [-48.9489, -25.5798], [-48.9423, -25.5814], [-48.9395, -25.5863], [-48.941, -25.5932], [-48.9368, -25.5975], [-48.936, -25.6022], [-48.9396, -25.6032], [-48.9409, -25.5981], [-48.9449, -25.5938], [-48.9518, -25.5977], [-48.9566, -25.5978], [-48.9586, -25.6011], [-48.9571, -25.6099], [-48.9597, -25.6131], [-48.9584, -25.619], [-48.9559, -25.6207], [-48.9563, -25.6223], [-48.9542, -25.6248], [-48.9579, -25.6278], [-48.9584, -25.6307], [-48.9557, -25.6318], [-48.9554, -25.6331], [-48.9575, -25.6317], [-48.9583, -25.6344], [-48.9558, -25.6365], [-48.9564, -25.6377], [-48.954, -25.6383], [-48.9534, -25.6413], [-48.9509, -25.6419], [-48.9546, -25.6429], [-48.9549, -25.6454], [-48.9626, -25.6535], [-48.9627, -25.6565], [-48.9607, -25.6593], [-48.9636, -25.6616], [-48.9624, -25.6633], [-48.9643, -25.6643], [-48.9667, -25.6617], [-48.9697, -25.6648], [-48.9639, -25.676], [-48.966, -25.6801], [-48.9647, -25.6833], [-48.9684, -25.6849], [-48.9662, -25.6899], [-48.9666, -25.6927], [-48.9691, -25.6947], [-48.9685, -25.6978], [-48.9657, -25.6986], [-48.9654, -25.7003], [-48.9682, -25.7052], [-48.9721, -25.7077], [-48.971, -25.7115], [-48.9724, -25.7147], [-48.978, -25.7177], [-48.976, -25.7197], [-48.9753, -25.7249], [-48.9714, -25.7281], [-48.9647, -25.7303], [-48.9614, -25.7362], [-48.9542, -25.7326], [-48.9483, -25.7271], [-48.9427, -25.7378], [-48.9319, -25.7474], [-48.9266, -25.7473], [-48.9195, -25.7519], [-48.9147, -25.7519], [-48.9111, -25.757], [-48.9026, -25.7578], [-48.9005, -25.7607], [-48.8953, -25.7614], [-48.8841, -25.7592], [-48.8806, -25.7634], [-48.8755, -25.7602], [-48.8744, -25.7561], [-48.8728, -25.7563], [-48.8716, -25.7595], [-48.8733, -25.7631], [-48.8688, -25.7666], [-48.8704, -25.7749], [-48.8659, -25.7796], [-48.862, -25.7874], [-48.8522, -25.7968], [-48.8426, -25.7979], [-48.8496, -25.8043], [-48.8578, -25.8087], [-48.8638, -25.8044], [-48.8688, -25.8084], [-48.8786, -25.8123], [-48.8856, -25.8107], [-48.8866, -25.8127], [-48.8846, -25.815], [-48.8943, -25.8205], [-48.9003, -25.821], [-48.9062, -25.8176], [-48.9071, -25.8129], [-48.9085, -25.8136], [-48.913, -25.8108], [-48.9164, -25.8125], [-48.9207, -25.8105], [-48.9232, -25.8129], [-48.9233, -25.8179], [-48.9307, -25.8205], [-48.9345, -25.8183], [-48.9346, -25.8212], [-48.9392, -25.823], [-48.9462, -25.822], [-48.9483, -25.8264], [-48.9578, -25.8317], [-48.9636393442623, -25.829903278688523], [-48.9628, -25.8309], [-48.9695, -25.8366], [-48.9691, -25.8406], [-48.9718, -25.8466], [-48.9727, -25.8542], [-48.9711, -25.8552], [-48.9733, -25.8597], [-48.972, -25.8646], [-48.9748, -25.8756], [-48.9724, -25.8778], [-48.9749, -25.8897], [-48.9709, -25.8976], [-48.9839, -25.9061], [-48.9898, -25.9063], [-48.9859, -25.9103], [-48.9844, -25.9144], [-48.9925, -25.9217], [-48.9879, -25.9265], [-48.9877, -25.934], [-48.9853, -25.9353], [-48.9853, -25.938], [-48.9792, -25.9384], [-48.9829, -25.9481], [-48.9745, -25.9492], [-48.9719, -25.9471], [-48.966, -25.9478], [-48.9624, -25.951], [-48.9659, -25.9565], [-48.9595, -25.9596], [-48.9603, -25.9617], [-48.9578, -25.9621], [-48.9541, -25.9669], [-48.9567, -25.9726], [-48.9609, -25.974], [-48.9616, -25.9784], [-48.9711, -25.9835], [-48.9683, -25.9867], [-48.9746, -25.9895], [-48.98, -25.9895], [-48.981, -25.9979], [-48.9825, -26.0], [-48.9867, -26.0005], [-48.9843, -26.0046], [-48.9891, -26.0042], [-48.9985, -26.0116], [-49.0035, -26.0109], [-49.0053, -26.0145], [-49.0082, -26.0162], [-49.0113, -26.0141], [-49.0202, -26.0157], [-49.0269, -26.011], [-49.0254, -26.0086], [-49.029, -26.0043], [-49.0323, -26.0039], [-49.0348, -26.0057], [-49.0407, -26.0039], [-49.0435, -26.0054], [-49.0431, -26.011], [-49.0448, -26.0113], [-49.046, -26.0179], [-49.0502, -26.0203], [-49.0519, -26.0172], [-49.0519, -26.0201], [-49.0546, -26.021], [-49.06, -26.0185], [-49.0602, -26.0154], [-49.0693, -26.0089], [-49.0696, -26.0053], [-49.068, -26.003], [-49.0717, -26.0004], [-49.0786, -26.0072], [-49.0825, -26.0045], [-49.0866, -26.0049], [-49.0909, -26.0032], [-49.0915, -26.005], [-49.0896, -26.0067], [-49.0915, -26.0101], [-49.0947, -26.0104], [-49.0974, -26.0081], [-49.0981, -26.0105], [-49.1032, -26.0081], [-49.1025, -26.0049], [-49.1058, -26.0032], [-49.1053, -26.0008], [-49.1071, -25.9988], [-49.11, -26.0043], [-49.1125, -26.0051], [-49.115, -26.0028], [-49.1189, -26.0025], [-49.1216, -26.0001], [-49.1222, -25.9972], [-49.1258, -25.9961], [-49.1282, -25.9971], [-49.1282, -25.9988], [-49.1293, -25.9971], [-49.13, -25.9995], [-49.132, -25.9996], [-49.132, -26.0015], [-49.1289, -26.0038], [-49.1319, -26.0083], [-49.1376, -26.0093], [-49.1366, -26.0118], [-49.1402, -26.0159], [-49.1427, -26.0141], [-49.1425, -26.0109], [-49.1474, -26.0098], [-49.1456, -26.012], [-49.1482, -26.0136], [-49.1473, -26.0119], [-49.1502, -26.0126], [-49.1504, -26.0097], [-49.159, -26.0089], [-49.1598, -26.0063], [-49.1621, -26.0079], [-49.1638, -26.007], [-49.1628, -26.0041], [-49.1667, -26.0036], [-49.1673, -26.002], [-49.1661, -26.0015], [-49.1677, -26.0005], [-49.1693, -26.0016], [-49.1706, -26.0002], [-49.1704, -26.002], [-49.1738, -26.0001], [-49.1745, -26.0014], [-49.175, -26.0001], [-49.1745, -26.0042], [-49.1796, -26.0032], [-49.178, -26.0042], [-49.1799, -26.0049], [-49.1772, -26.0057], [-49.1792, -26.0068], [-49.1786, -26.0079], [-49.1844, -26.0078], [-49.1848, -26.0091], [-49.1867, -26.0073], [-49.1886, -26.0094], [-49.1926, -26.0087], [-49.1915, -26.0135], [-49.195, -26.0138], [-49.1963, -26.0161], [-49.1985, -26.0144], [-49.2018, -26.0171], [-49.203, -26.0169], [-49.2025, -26.0157], [-49.2037, -26.0174], [-49.2066, -26.0163], [-49.208, -26.0187], [-49.2097, -26.0177], [-49.2079, -26.0209], [-49.2117, -26.0229], [-49.2111, -26.0254], [-49.2135, -26.0254], [-49.2143, -26.0238], [-49.2169, -26.0252], [-49.2179, -26.0237], [-49.2185, -26.0258], [-49.2213, -26.0251], [-49.2227, -26.0288], [-49.2264, -26.0296], [-49.2258, -26.031], [-49.2304, -26.0284], [-49.232, -26.031], [-49.2345, -26.0307], [-49.2383, -26.031], [-49.2366, -26.0322], [-49.2399, -26.0348], [-49.2366, -26.0372], [-49.2385, -26.0372], [-49.2408, -26.0409], [-49.2432, -26.041], [-49.2419, -26.0417], [-49.2427, -26.044], [-49.244, -26.0427], [-49.2448, -26.0452], [-49.2493, -26.048], [-49.252, -26.0472], [-49.2529, -26.0506], [-49.2541, -26.0506], [-49.2521, -26.0533], [-49.2552, -26.0563], [-49.2528, -26.0573], [-49.2553, -26.0589], [-49.2524, -26.0588], [-49.253, -26.0633], [-49.2573, -26.0642], [-49.2551, -26.0655], [-49.2564, -26.0664], [-49.2558, -26.068], [-49.2589, -26.0696], [-49.2582, -26.0671], [-49.2607, -26.0694], [-49.2668, -26.0669], [-49.2673, -26.0691], [-49.2646, -26.0701], [-49.2671, -26.0766], [-49.2687, -26.0762], [-49.2673, -26.0772], [-49.2681, -26.0782], [-49.2656, -26.0783], [-49.2675, -26.0814], [-49.2703, -26.0803], [-49.27, -26.0783], [-49.2738, -26.0791], [-49.2746, -26.078], [-49.274, -26.0798], [-49.2756, -26.0802], [-49.2738, -26.0818], [-49.277, -26.0829], [-49.2797, -26.079], [-49.282, -26.0803], [-49.2832, -26.0784], [-49.2865, -26.0784], [-49.2889, -26.0815], [-49.2876, -26.0825], [-49.29, -26.0819], [-49.2903, -26.0845], [-49.2929, -26.0843], [-49.2934, -26.0824], [-49.2941, -26.0856], [-49.2962, -26.0867], [-49.2959, -26.0882], [-49.2939, -26.088], [-49.2956, -26.0915], [-49.2931, -26.0915], [-49.2945, -26.0939], [-49.2913, -26.0934], [-49.2942, -26.0942], [-49.2947, -26.0981], [-49.2925, -26.0987], [-49.2923, -26.0966], [-49.2891, -26.1025], [-49.2907, -26.1024], [-49.2899, -26.1039], [-49.2929, -26.1026], [-49.2932, -26.1038], [-49.2943, -26.1015], [-49.2952, -26.1036], [-49.2978, -26.1024], [-49.2989, -26.1048], [-49.3, -26.1039], [-49.2986, -26.107], [-49.2998, -26.1087], [-49.2978, -26.1094], [-49.3022, -26.1113], [-49.3024, -26.1133], [-49.3048, -26.11], [-49.305, -26.1113], [-49.3065, -26.11], [-49.3097, -26.1118], [-49.3115, -26.1105], [-49.3108, -26.1092], [-49.3205, -26.111], [-49.3217, -26.11], [-49.3241, -26.1138], [-49.3271, -26.115], [-49.326, -26.1167], [-49.3283, -26.1159], [-49.3291, -26.1177], [-49.3334, -26.1192], [-49.3336, -26.1221], [-49.3356, -26.123], [-49.334, -26.1246], [-49.3357, -26.1262], [-49.3397, -26.1253], [-49.3388, -26.1269], [-49.3416, -26.1292], [-49.3448, -26.1288], [-49.3447, -26.1271], [-49.3464, -26.129], [-49.3471, -26.128], [-49.3474, -26.1303], [-49.3494, -26.1296], [-49.35, -26.1319], [-49.3521, -26.1322], [-49.3508, -26.1338], [-49.353, -26.1327], [-49.3553, -26.1339], [-49.3531, -26.1343], [-49.3536, -26.1364], [-49.3562, -26.1367], [-49.3562, -26.1346], [-49.3586, -26.1368], [-49.3571, -26.1389], [-49.3608, -26.1374], [-49.361, -26.1374], [-49.3621, -26.134], [-49.3609, -26.13], [-49.3559, -26.1242], [-49.3555, -26.1209], [-49.353, -26.1182], [-49.3551, -26.1171], [-49.3528, -26.115], [-49.3511, -26.1101], [-49.3542, -26.102], [-49.3516, -26.0962], [-49.3525, -26.0922], [-49.3501, -26.0904], [-49.3517, -26.0883], [-49.3496, -26.083], [-49.3511, -26.0829], [-49.3503, -26.0785], [-49.3473, -26.0724], [-49.3527, -26.0699], [-49.3565, -26.0616], [-49.375604764649374, -26.059295907780978], [-49.3755, -26.0597]], [[-49.37359452054795, -26.052186301369872], [-49.3732, -26.0512], [-49.3726, -26.0398], [-49.37359452054795, -26.052186301369872]], [[-49.3762, -26.057], [-49.37593258426966, -26.05803146067416], [-49.37465454545454, -26.054836363636355], [-49.3762, -26.057]], [[-49.0648, -24.8127], [-49.06415060240964, -24.81316385542169], [-49.06396, -24.811944], [-49.0648, -24.8127]], [[-49.06634976, -24.820873280000004], [-49.065, -24.8186], [-49.06474570446735, -24.816972508591057], [-49.06634976, -24.820873280000004]], [[-49.0751, -24.8328], [-49.0726, -24.8314], [-49.069832162162164, -24.826738378378387], [-49.0751, -24.8328]], [[-49.0615576980568, -25.035770553064275], [-49.0625, -25.0358], [-49.0745, -25.0421], [-49.0615576980568, -25.035770553064275]], [[-49.055812499999995, -25.038025], [-49.0593, -25.0357], [-49.060177876106195, -25.035727433628317], [-49.055812499999995, -25.038025]], [[-49.05258427586207, -25.04152082758621], [-49.0524, -25.0403], [-49.053067999999996, -25.039854666666667], [-49.05258427586207, -25.04152082758621]], [[-49.1003, -25.0767], [-49.0939, -25.0741], [-49.09361402904625, -25.07388140440185], [-49.1003, -25.0767]], [[-49.1641, -25.1899], [-49.1581, -25.1826], [-49.158172901550444, -25.182513923470555], [-49.1641, -25.1899]], [[-49.2411, -25.2238], [-49.24141111111111, -25.22415238095238], [-49.2405780669145, -25.224241635687733], [-49.2411, -25.2238]], [[-49.2509, -25.2349], [-49.2548, -25.2382], [-49.2487, -25.2338], [-49.24396292134831, -25.227042696629205], [-49.2509, -25.2349]], [[-49.22969419087137, -25.34982323651452], [-49.229, -25.3526], [-49.2295, -25.3498], [-49.22969419087137, -25.34982323651452]], [[-49.2739, -25.3452], [-49.2819, -25.3543], [-49.273585980551054, -25.345301296596432], [-49.2739, -25.3452]], [[-49.2849, -25.377], [-49.28531942446043, -25.37761007194245], [-49.2848, -25.3772], [-49.2875, -25.3717], [-49.2849, -25.377]], [[-49.2955, -25.3757], [-49.2867, -25.3787], [-49.286413461538466, -25.3784737854251], [-49.2955, -25.3757]], [[-49.31617916666666, -25.37782083333334], [-49.3152, -25.3793], [-49.3104, -25.3836], [-49.31617916666666, -25.37782083333334]], [[-49.3293, -25.3601], [-49.3354, -25.3548], [-49.329282352941185, -25.360152941176466], [-49.3293, -25.3601]], [[-49.33915789473684, -25.350636842105263], [-49.338, -25.3519], [-49.3354, -25.3518], [-49.33915789473684, -25.350636842105263]], [[-49.3783, -25.409], [-49.378210867492854, -25.409157292659675], [-49.3753, -25.4085], [-49.3783, -25.409]], [[-49.4549, -25.3839], [-49.3835, -25.4189], [-49.3818, -25.4192], [-49.4549, -25.3839]], [[-49.3837, -25.4527], [-49.3827, -25.4516], [-49.383074468085105, -25.45073404255319], [-49.3837, -25.4527]], [[-49.374731107578164, -25.513484896661367], [-49.3673, -25.518], [-49.3745, -25.5134], [-49.374731107578164, -25.513484896661367]], [[-49.359, -25.5202], [-49.3615, -25.5179], [-49.36229232839839, -25.517913660834456], [-49.359, -25.5202]], [[-49.3492, -25.5187], [-49.3506, -25.5178], [-49.35160883315158, -25.51863489640131], [-49.3492, -25.5187]], [[-49.33938296488947, -25.51238868660598], [-49.3395, -25.5121], [-49.3422, -25.5154], [-49.33938296488947, -25.51238868660598]], [[-49.3634, -25.6502], [-49.3655, -25.6507], [-49.3623, -25.6509], [-49.3634, -25.6502]], [[-49.355162647058826, -25.67382123529411], [-49.3552, -25.6735], [-49.3593, -25.6695], [-49.355162647058826, -25.67382123529411]], [[-49.25, -25.7696], [-49.25, -25.77043636363636], [-49.2468, -25.7652], [-49.25, -25.7696]], [[-49.25, -25.7743], [-49.249, -25.7798], [-49.25, -25.771436363636393], [-49.25, -25.7743]], [[-49.20638481012658, -25.826589873417724], [-49.2061, -25.8264], [-49.2079, -25.825], [-49.2072, -25.824897058823527], [-49.213, -25.8243], [-49.20638481012658, -25.826589873417724]], [[-49.3092, -25.9426], [-49.3043, -25.9477], [-49.3056, -25.9453], [-49.3092, -25.9426]], [[-49.3627, -25.9555], [-49.3607, -25.9535], [-49.36084195583596, -25.952175078864357], [-49.3627, -25.9555]], [[-49.7361, -25.3627], [-49.73656688102894, -25.362604501607716], [-49.73619473684211, -25.363056390977444], [-49.7361, -25.3627]], [[-49.73840514705882, -25.37137174369748], [-49.737396912114015, -25.367578859857485], [-49.7388, -25.3703], [-49.73840514705882, -25.37137174369748]], [[-49.3817, -25.5075], [-49.38233717948718, -25.50656666666667], [-49.38164110898662, -25.508471701720833], [-49.3817, -25.5075]], [[-49.80745572449167, -25.56531133907309], [-49.8074, -25.5658], [-49.7984, -25.5655], [-49.80745572449167, -25.56531133907309]], [[-49.7577, -25.5817], [-49.749093548387094, -25.582448387096775], [-49.7514, -25.5814], [-49.7577, -25.5817]], [[-49.7481, -25.5829], [-49.746787499999996, -25.584212500000003], [-49.747, -25.5834], [-49.7481, -25.5829]], [[-49.746043834080716, -25.618416816143498], [-49.7462, -25.6198], [-49.74565008635579, -25.61949067357513], [-49.746043834080716, -25.618416816143498]], [[-49.6106, -25.604], [-49.605284813753585, -25.60426575931232], [-49.6057, -25.6039], [-49.6106, -25.604]], [[-49.6015, -25.6076], [-49.605, -25.6134], [-49.60071059602649, -25.607007947019866], [-49.6015, -25.6076]], [[-49.5194, -25.8071], [-49.5188, -25.8103], [-49.51908058705804, -25.806839426284192], [-49.5194, -25.8071]], [[-49.51844077669902, -25.806317475728154], [-49.5142, -25.8045], [-49.5156, -25.804], [-49.51844077669902, -25.806317475728154]], [[-49.39275632040051, -25.793327784730913], [-49.3908, -25.7938], [-49.3905247782854, -25.79330749798441], [-49.39275632040051, -25.793327784730913]], [[-49.38534310221587, -25.784035025017864], [-49.38516914938637, -25.78372374100719], [-49.385679494655, -25.783088921282797], [-49.38534310221587, -25.784035025017864]], [[-49.37865704697987, -25.785447785234897], [-49.375632371794865, -25.7863983974359], [-49.378, -25.7854], [-49.37865704697987, -25.785447785234897]], [[-49.3697, -25.7889], [-49.37006109709962, -25.788747730138716], [-49.370443541364295, -25.790048040638606], [-49.365, -25.7847], [-49.3697, -25.7889]], [[-49.6725, -25.8754], [-49.67203829787234, -25.87612553191489], [-49.67147684729064, -25.875751231527094], [-49.6725, -25.8754]], [[-49.6789, -25.8753], [-49.67983542009885, -25.875079901153214], [-49.68, -25.877], [-49.6789, -25.8753]], [[-49.6762, -25.8719], [-49.6797, -25.8735], [-49.6797715862069, -25.874335172413794], [-49.6762, -25.8719]], [[-49.661, -25.8681], [-49.6574, -25.8655], [-49.66111122994653, -25.86791229946524], [-49.661, -25.8681]], [[-49.54891294964029, -25.846435971223023], [-49.5495, -25.8458], [-49.5546, -25.8457], [-49.54891294964029, -25.846435971223023]], [[-49.5461, -25.8468], [-49.5471, -25.8459], [-49.547782291666664, -25.846582291666667], [-49.5461, -25.8468]], [[-49.5345, -25.8354], [-49.53457277628033, -25.835240970350405], [-49.53487837837838, -25.83562297297297], [-49.5345, -25.8354]], [[-49.53477495241721, -25.82595393985535], [-49.5357, -25.8261], [-49.5372, -25.8295], [-49.53477495241721, -25.82595393985535]], [[-49.5266, -25.814], [-49.527, -25.8127], [-49.53106049013748, -25.820522414823664], [-49.5266, -25.814]], [[-49.3709, -25.7916], [-49.3698, -25.7951], [-49.37062900763359, -25.790678625954197], [-49.3709, -25.7916]], [[-49.37042933556205, -25.804417467613867], [-49.3701, -25.804], [-49.3713, -25.799], [-49.37042933556205, -25.804417467613867]], [[-49.36338405405405, -25.94764756756757], [-49.3636, -25.9478], [-49.36255094339623, -25.949111320754717], [-49.3624, -25.9489], [-49.36338405405405, -25.94764756756757]], [[-49.364, -25.9496], [-49.363293982808024, -25.95015157593123], [-49.36272989690722, -25.949361855670105], [-49.364, -25.9496]], [[-49.5859, -25.5999], [-49.5845, -25.5997], [-49.58644587155963, -25.599329357798165], [-49.586769767441865, -25.6009488372093], [-49.5859, -25.5999]], [[-49.5406, -25.6295], [-49.5401, -25.6191], [-49.540315396762736, -25.618874812475326], [-49.5406, -25.6295]], [[-49.5337, -25.6652], [-49.5246, -25.6662], [-49.5358, -25.6644], [-49.5337, -25.6652]], [[-49.4796, -25.6822], [-49.479254269752595, -25.68298244213887], [-49.4783, -25.6737], [-49.4796, -25.6822]], [[-49.59883069306931, -25.607146534653463], [-49.5991, -25.6058], [-49.59960138248848, -25.60617603686636], [-49.59883069306931, -25.607146534653463]], [[-49.5972, -25.6092], [-49.5917664835165, -25.60901263736264], [-49.59749237853287, -25.608831819625276], [-49.5972, -25.6092]], [[-49.5885, -25.6089], [-49.5885, -25.6066], [-49.588963194444446, -25.60891597222222], [-49.5885, -25.6089]], [[-49.5864, -25.5991], [-49.586427338129496, -25.59923669064748], [-49.5836, -25.5982], [-49.5864, -25.5991]], [[-49.5840134122288, -25.59577278106509], [-49.5864, -25.5952], [-49.5842, -25.5959], [-49.5840134122288, -25.59577278106509]], [[-49.5809, -25.5918], [-49.58373953488372, -25.595586046511624], [-49.582, -25.5944], [-49.5809, -25.5918]], [[-49.58196769230769, -25.588063076923074], [-49.58157903225806, -25.589423387096772], [-49.5808, -25.5887], [-49.58196769230769, -25.588063076923074]], [[-49.5746, -25.5565], [-49.5735, -25.5596], [-49.57388238993711, -25.55639748427673], [-49.5746, -25.5565]], [[-49.5661, -25.0379], [-49.56030952380953, -25.036], [-49.5624, -25.036], [-49.5661, -25.0379]], [[-49.55942857142857, -25.036], [-49.5559, -25.0386], [-49.5588, -25.036], [-49.55942857142857, -25.036]], [[-49.560591836734694, -25.15748134110787], [-49.55875433070866, -25.159712598425198], [-49.559, -25.1583], [-49.560591836734694, -25.15748134110787]], [[-49.558716486902924, -25.159930200308168], [-49.56026448863636, -25.160331534090908], [-49.5586, -25.1606], [-49.558716486902924, -25.159930200308168]], [[-49.56290562130178, -25.16101627218935], [-49.564, -25.1613], [-49.56382473347548, -25.161714797441363], [-49.56290562130178, -25.16101627218935]], [[-49.5623, -25.1709], [-49.55443876777251, -25.17567289099526], [-49.5542, -25.175], [-49.5623, -25.1709]], [[-49.551030450849964, -25.178519955654103], [-49.55527470379147, -25.17810248815166], [-49.55555648720212, -25.178533451015003], [-49.5524, -25.1791], [-49.551030450849964, -25.178519955654103]], [[-49.5439, -25.1755], [-49.5369, -25.1789], [-49.53653799582463, -25.178793528183714], [-49.5439, -25.1755]], [[-49.53619655172413, -25.178693103448275], [-49.5352, -25.1784], [-49.53539615384616, -25.17709230769231], [-49.53619655172413, -25.178693103448275]], [[-49.53516330935252, -25.176626618705036], [-49.5303, -25.1799], [-49.5351, -25.1765], [-49.53516330935252, -25.176626618705036]], [[-49.45210403545603, -25.243602425938885], [-49.4522, -25.2438], [-49.45175221238938, -25.243605309734512], [-49.45210403545603, -25.243602425938885]], [[-49.44816638871071, -25.24363470173188], [-49.4472, -25.2441], [-49.4402, -25.2437], [-49.44816638871071, -25.24363470173188]], [[-49.4016, -25.2602], [-49.398371600602104, -25.26138780732564], [-49.3997, -25.2599], [-49.4016, -25.2602]], [[-49.3898, -25.2616], [-49.38, -25.2598], [-49.378460296372005, -25.2588115482882], [-49.3898, -25.2616]], [[-49.37444571428572, -25.256234285714292], [-49.3719, -25.2546], [-49.371759999999995, -25.254219999999997], [-49.37444571428572, -25.256234285714292]], [[-49.36345091072634, -25.247383764335513], [-49.3626, -25.2468], [-49.3547, -25.2369], [-49.36345091072634, -25.247383764335513]], [[-49.347, -25.231], [-49.3418, -25.2362], [-49.341131963001025, -25.236194655704008], [-49.347, -25.231]], [[-49.34985455561766, -25.342498099496925], [-49.3466, -25.3446], [-49.3427, -25.3448], [-49.34985455561766, -25.342498099496925]], [[-49.3542, -25.3411], [-49.35436129612961, -25.341246174617464], [-49.35352210526316, -25.34131810526316], [-49.3542, -25.3411]], [[-49.3901, -25.3299], [-49.3892, -25.3329], [-49.38859863868406, -25.33307935337493], [-49.3901, -25.3299]], [[-49.3972, -25.3202], [-49.3966, -25.3258], [-49.3962452883263, -25.326023741209564], [-49.3972, -25.3202]], [[-49.5722, -25.2498], [-49.566, -25.2523], [-49.57195238095238, -25.24932380952381], [-49.5722, -25.2498]], [[-49.5759, -25.2426], [-49.5724, -25.2434], [-49.575770804475226, -25.242124560468834], [-49.5759, -25.2426]], [[-49.5758, -25.2336], [-49.573523076923074, -25.233410256410256], [-49.5734, -25.233], [-49.5758, -25.2336]], [[-49.5778, -25.2314], [-49.57758125, -25.231640625], [-49.575, -25.2274], [-49.5778, -25.2314]], [[-49.57280136986301, -25.19396438356165], [-49.57156929521932, -25.197595761458846], [-49.5711, -25.1968], [-49.57280136986301, -25.19396438356165]], [[-49.5734, -25.1922], [-49.573361224489794, -25.192314285714282], [-49.57322786885246, -25.191847540983613], [-49.5734, -25.1922]], [[-49.5713, -25.1879], [-49.571968181818185, -25.18926818181819], [-49.568, -25.1853], [-49.5713, -25.1879]], [[-49.567478378378375, -25.18077927927928], [-49.5681, -25.1808], [-49.568, -25.1853], [-49.567478378378375, -25.18077927927928]], [[-49.5613, -25.1749], [-49.5626, -25.1754], [-49.560967191844306, -25.175116033364226], [-49.5613, -25.1749]], [[-49.55575833333333, -25.178497222222223], [-49.55756637554585, -25.177323580786027], [-49.5563, -25.1784], [-49.55575833333333, -25.178497222222223]], [[-49.498, -24.9139], [-49.49767066895369, -24.914130531732418], [-49.4949, -24.9105], [-49.498, -24.9139]], [[-49.560507993474715, -24.973725774877654], [-49.5628, -24.9685], [-49.5609, -24.9739], [-49.560507993474715, -24.973725774877654]], [[-49.546, -24.9803], [-49.54642659846548, -24.979885251491897], [-49.5444, -24.985], [-49.546, -24.9803]], [[-49.5208, -24.9999], [-49.522008432776445, -24.99897223548131], [-49.520716079923886, -25.000440818268316], [-49.5208, -24.9999]], [[-49.3965, -24.7288], [-49.39673257142857, -24.72900114285714], [-49.396, -24.7301], [-49.3965, -24.7288]], [[-49.2037, -24.79], [-49.2091, -24.7909], [-49.2061, -24.7911], [-49.2037, -24.79]], [[-49.2129, -25.3615], [-49.2168, -25.3615], [-49.21266390134529, -25.361692376681614], [-49.2129, -25.3615]], [[-49.2075, -25.3659], [-49.20805384615375, -25.365448717948798], [-49.20749770114943, -25.36591762452107], [-49.2075, -25.3659]], [[-49.1978, -25.3774], [-49.202, -25.3817], [-49.19770833333333, -25.377408333333335], [-49.1978, -25.3774]], [[-49.1956, -25.3776], [-49.196992187499994, -25.3774734375], [-49.19548690159574, -25.378283976063827], [-49.1956, -25.3776]], [[-49.1979, -25.4249], [-49.1971, -25.4159], [-49.19796907924874, -25.424977049931293], [-49.1979, -25.4249]], [[-49.18512455822383, -25.471396012686906], [-49.1897, -25.467], [-49.1852, -25.4715], [-49.18512455822383, -25.471396012686906]], [[-49.1818, -25.4667], [-49.1820370967742, -25.46714032258066], [-49.18164164733178, -25.466595243619484], [-49.1818, -25.4667]], [[-49.1756, -25.4626], [-49.17559873980727, -25.4625976278725], [-49.17790000000005, -25.46412000000003], [-49.17554864864865, -25.46263081081081], [-49.1756, -25.4626]], [[-49.1632, -25.4474], [-49.16292983870968, -25.4479017281106], [-49.16128858858858, -25.446796396396394], [-49.1632, -25.4474]], [[-49.15702171628721, -25.447134325744308], [-49.1594, -25.4462], [-49.160375675675674, -25.44650810810811], [-49.1574, -25.4475], [-49.15702171628721, -25.447134325744308]], [[-49.1539, -25.4445], [-49.15402569382274, -25.44463034914951], [-49.147, -25.4452], [-49.1539, -25.4445]], [[-49.1163, -25.4409], [-49.119, -25.4415], [-49.1175, -25.442], [-49.1163, -25.4409]], [[-49.1041125, -25.395212499999996], [-49.1099, -25.401], [-49.1042, -25.396], [-49.1041125, -25.395212499999996]], [[-49.1069, -25.3862], [-49.1072617357002, -25.386002413273], [-49.104045591939546, -25.394610327455926], [-49.104, -25.3942], [-49.1069, -25.3862]], [[-49.09052282157677, -25.38695020746888], [-49.0922, -25.3872], [-49.104, -25.3942], [-49.09052282157677, -25.38695020746888]], [[-49.0875, -25.3865], [-49.088430488341395, -25.386638583369997], [-49.0765, -25.3893], [-49.0875, -25.3865]], [[-49.0603, -25.3956], [-49.0658, -25.395], [-49.05967936802974, -25.396080111524164], [-49.0603, -25.3956]], [[-49.206222427440636, -25.824753298153034], [-49.2045, -25.8245], [-49.2063, -25.8239], [-49.206222427440636, -25.824753298153034]], [[-49.1734, -25.8139], [-49.168, -25.815], [-49.16787663551402, -25.814912616822433], [-49.1734, -25.8139]], [[-49.16648421052632, -25.81392631578948], [-49.1656, -25.8133], [-49.1653609375, -25.812609374999997], [-49.16648421052632, -25.81392631578948]], [[-48.9625, -25.8244], [-48.9644, -25.829], [-48.964159327731096, -25.829285798319326], [-48.9625, -25.8244]], [[-49.304, -25.9576], [-49.3007, -25.9611], [-49.303991085114966, -25.957029447357797], [-49.304, -25.9576]], [[-49.246967986230636, -25.969285886402755], [-49.2471, -25.9689], [-49.2519, -25.9709], [-49.246967986230636, -25.969285886402755]], [[-49.355168783068784, -25.644962610229275], [-49.3548, -25.6451], [-49.3547, -25.6434], [-49.355168783068784, -25.644962610229275]], [[-49.349, -25.6367], [-49.3486, -25.6387], [-49.348321854304636, -25.638310596026493], [-49.349, -25.6367]], [[-49.32365280898876, -25.63276179775281], [-49.3231, -25.6329], [-49.32291563169165, -25.632636616702356], [-49.32365280898876, -25.63276179775281]], [[-49.32281728395061, -25.632496119929453], [-49.3224, -25.6319], [-49.3262, -25.6295], [-49.32281728395061, -25.632496119929453]], [[-49.316, -25.6195], [-49.31215956834532, -25.61622158273381], [-49.3125, -25.6161], [-49.316, -25.6195]], [[-49.311548, -25.616439999999997], [-49.31124545454546, -25.616818181818182], [-49.3111, -25.6166], [-49.311548, -25.616439999999997]], [[-49.2889, -25.6146], [-49.28556578249337, -25.611170519136035], [-49.2859, -25.611], [-49.2889, -25.6146]], [[-49.2779, -25.6135], [-49.27756708074534, -25.61141925465838], [-49.2778, -25.611], [-49.2779, -25.6135]], [[-49.2763, -25.6137], [-49.271755047821465, -25.612121891604676], [-49.2739, -25.6119], [-49.2763, -25.6137]], [[-49.26743258426966, -25.61191460674157], [-49.2628, -25.6139], [-49.266, -25.6118], [-49.26743258426966, -25.61191460674157]], [[-49.2607241749503, -25.622491928429426], [-49.2609, -25.6251], [-49.25952812823164, -25.626548086866595], [-49.2607241749503, -25.622491928429426]], [[-49.25929702434625, -25.627331830477907], [-49.261, -25.6302], [-49.2591, -25.628], [-49.25929702434625, -25.627331830477907]], [[-49.26080569105691, -25.638389430894303], [-49.2605, -25.6403], [-49.25969619952494, -25.641059144893113], [-49.26080569105691, -25.638389430894303]], [[-49.25895584313725, -25.64284062745098], [-49.2594, -25.6443], [-49.2581, -25.6449], [-49.25895584313725, -25.64284062745098]], [[-49.2432, -25.5859], [-49.2435372972973, -25.58568918918919], [-49.243853201970445, -25.586053694581278], [-49.2432, -25.5859]], [[-49.244895652173916, -25.583813043478262], [-49.2457, -25.5839], [-49.24528133971292, -25.584134449760764], [-49.244895652173916, -25.583813043478262]], [[-49.22533527508091, -25.552186084142395], [-49.2254, -25.5523], [-49.2238, -25.5566], [-49.22533527508091, -25.552186084142395]], [[-49.22593951612903, -25.538494354838708], [-49.226, -25.5387], [-49.2235, -25.5423], [-49.22593951612903, -25.538494354838708]], [[-49.225252996845434, -25.536579179810744], [-49.2255, -25.537], [-49.2256883116883, -25.537640259740243], [-49.225252996845434, -25.536579179810744]], [[-49.222717961165046, -25.53244417475728], [-49.2228, -25.5324], [-49.223099999999995, -25.532911111111105], [-49.222717961165046, -25.53244417475728]], [[-49.1856, -25.478], [-49.185537617683174, -25.476986287351618], [-49.1936, -25.4879], [-49.1856, -25.478]], [[-49.1305, -25.4976], [-49.1247, -25.4974], [-49.13131804511278, -25.496728604118992], [-49.1305, -25.4976]], [[-49.0495, -25.548], [-49.0489897887324, -25.54787852112676], [-49.0538, -25.5456], [-49.0495, -25.548]], [[-49.0244, -25.5506], [-49.0183, -25.5433], [-49.02453542857143, -25.550509714285713], [-49.0244, -25.5506]], [[-48.9854, -25.5322], [-48.9897, -25.5337], [-48.992, -25.5358], [-48.9854, -25.5322]], [[-49.1289, -25.2745], [-49.1255, -25.2777], [-49.123, -25.2782], [-49.1289, -25.2745]], [[-49.096, -25.272], [-49.09265585412668, -25.273056046065257], [-49.0925, -25.2728], [-49.096, -25.272]], [[-49.092994797687865, -25.273612881915774], [-49.09632414860681, -25.27534241486068], [-49.0939, -25.2751], [-49.092994797687865, -25.273612881915774]], [[-49.097532089136486, -25.27596991643454], [-49.0999, -25.2772], [-49.103, -25.2809], [-49.097532089136486, -25.27596991643454]], [[-49.106668102734055, -25.279651284175642], [-49.1077, -25.2793], [-49.108584003032604, -25.280003184230477], [-49.106668102734055, -25.279651284175642]], [[-49.11065811903013, -25.28165304922851], [-49.1121, -25.2828], [-49.1145, -25.293], [-49.11065811903013, -25.28165304922851]], [[-49.0029, -25.3108], [-48.99558476052249, -25.306262699564588], [-48.9962, -25.3062], [-49.0029, -25.3108]], [[-48.986286660079045, -25.307210276679843], [-48.9817, -25.3079], [-48.98113008580127, -25.307735787434265], [-48.986286660079045, -25.307210276679843]], [[-48.9263, -25.3212], [-48.9115, -25.3323], [-48.91060986276116, -25.332340925850062], [-48.9263, -25.3212]], [[-49.1241, -25.3811], [-49.12400445103857, -25.381038575667656], [-49.1344, -25.383], [-49.1241, -25.3811]], [[-49.1199, -25.3784], [-49.119342638398116, -25.378731762858266], [-49.12381429983526, -25.370752915980223], [-49.1238, -25.3709], [-49.1199, -25.3784]], [[-49.0093, -25.0382], [-49.0123, -25.037], [-49.01346648044693, -25.037442458100557], [-49.0093, -25.0382]], [[-48.90979411764706, -25.030364705882352], [-48.911, -25.0294], [-48.9126, -25.029854545454544], [-48.90979411764706, -25.030364705882352]], [[-48.64998514851486, -24.943982508250823], [-48.6551, -24.9347], [-48.6503, -24.944], [-48.64998514851486, -24.943982508250823]], [[-48.6485, -24.9439], [-48.6455, -24.9403], [-48.64913529411765, -24.943935294117647], [-48.6485, -24.9439]], [[-49.0865, -25.2756], [-49.090979232017304, -25.276935911303408], [-49.0904, -25.2773], [-49.0865, -25.2756]], [[-48.6486, -24.9983], [-48.648874390243904, -24.99914512195122], [-48.6436, -25.0002], [-48.6486, -24.9983]]]}}, {"type": "Feature", "properties": {"metro_id": "BRM14", "metro_name": "Recife RM", "n_members": 14, "n_missing": 0, "n_states": 1, "states": "Pernambuco"}, "geometry": {"type": "MultiPolygon", "coordinates": [[[[-35.1627, -8.2843], [-35.1737, -8.2872], [-35.1882, -8.2954], [-35.1907, -8.2938], [-35.1958, -8.2977], [-35.1998, -8.2932], [-35.2043, -8.2961], [-35.2052, -8.2906], [-35.2105, -8.2875], [-35.218, -8.2913], [-35.2212, -8.2904], [-35.2289, -8.2947], [-35.2357, -8.2911], [-35.2371, -8.293], [-35.2383, -8.2867], [-35.2369, -8.2846], [-35.237, -8.2739], [-35.2387, -8.2719], [-35.2416, -8.2729], [-35.2436, -8.276], [-35.2444, -8.2745], [-35.2467, -8.2747], [-35.2474, -8.277], [-35.25, -8.2782], [-35.2503, -8.2731], [-35.2533, -8.2681], [-35.2527, -8.264], [-35.259, -8.2648], [-35.2601, -8.2598], [-35.2649, -8.2557], [-35.266, -8.2502], [-35.2582, -8.2237], [-35.2595, -8.2177], [-35.2558, -8.2135], [-35.2569, -8.2088], [-35.2533, -8.2047], [-35.2549, -8.2027], [-35.2505, -8.1984], [-35.2504, -8.1877], [-35.2485, -8.1859], [-35.2421, -8.195], [-35.2408, -8.2046], [-35.2423, -8.2113], [-35.2411, -8.2128], [-35.2368, -8.2127], [-35.2343, -8.2092], [-35.2273, -8.2068], [-35.2253, -8.2019], [-35.2285, -8.198], [-35.219, -8.1876], [-35.2153, -8.1876], [-35.2213, -8.1861], [-35.2218, -8.1833], [-35.2197, -8.1801], [-35.2237, -8.1764], [-35.224, -8.1648], [-35.227, -8.1634], [-35.2282, -8.1545], [-35.2198, -8.1501], [-35.2255, -8.1315], [-35.2228, -8.1271], [-35.2164, -8.1233], [-35.1958, -8.0795], [-35.2044, -8.0384], [-35.2236, -8.0208], [-35.2045, -8.0116], [-35.2046, -8.0081], [-35.2008, -8.0046], [-35.2018, -8.0029], [-35.1952, -7.9983], [-35.1937, -7.9948], [-35.1892, -7.9944], [-35.1859, -7.9912], [-35.1804, -7.9953], [-35.1781, -7.995], [-35.1687, -7.986], [-35.1696, -7.9819], [-35.1676, -7.9807], [-35.1692, -7.9822], [-35.1652, -7.9817], [-35.1672, -7.9732], [-35.1656, -7.971], [-35.1586, -7.9727], [-35.1557, -7.9694], [-35.1448, -7.9729], [-35.1431, -7.9691], [-35.1296, -7.9745], [-35.1185, -7.9733], [-35.1157, -7.9695], [-35.111, -7.968], [-35.1095, -7.971], [-35.1019, -7.9693], [-35.0988, -7.9725], [-35.0926, -7.9684], [-35.0919, -7.9656], [-35.0893, -7.966], [-35.0782, -7.961], [-35.0762, -7.95], [-35.0736, -7.9508], [-35.0654, -7.9473], [-35.0627, -7.9479], [-35.053, -7.9436], [-35.0463, -7.9482], [-35.0367, -7.9402], [-35.0257, -7.9321], [-35.0289, -7.9338], [-35.031, -7.9298], [-35.0485, -7.9093], [-35.0578, -7.9057], [-35.0627, -7.9055], [-35.0662, -7.8992], [-35.0727, -7.9005], [-35.0754, -7.8995], [-35.0847, -7.8909], [-35.0961, -7.8862], [-35.1001, -7.882], [-35.1023, -7.8754], [-35.1072, -7.8696], [-35.1127, -7.8572], [-35.1232, -7.8512], [-35.122, -7.8495], [-35.14, -7.7923], [-35.1262, -7.77], [-35.119, -7.7647], [-35.1167, -7.7571], [-35.1102, -7.7492], [-35.1117, -7.741], [-35.1098, -7.7341], [-35.1057, -7.7266], [-35.0995, -7.7228], [-35.099481818181815, -7.723009090909091], [-35.0989, -7.7161], [-35.0981, -7.7152], [-35.0452, -7.7445], [-35.0356, -7.7432], [-35.0186, -7.7354], [-35.008, -7.7345], [-34.9991, -7.7312], [-34.9885, -7.7322], [-34.9829, -7.7354], [-34.9765, -7.7335], [-34.9717, -7.7291], [-34.9685, -7.7178], [-34.962, -7.7083], [-34.9518, -7.7083], [-34.9476, -7.7051], [-34.938, -7.7051], [-34.9327, -7.7028], [-34.928, -7.6998], [-34.9259, -7.6939], [-34.9223, -7.6907], [-34.9173, -7.6903], [-34.9169, -7.687], [-34.9111, -7.6871], [-34.9059, -7.6834], [-34.8995, -7.6853], [-34.8985, -7.6824], [-34.8962, -7.6849], [-34.8987, -7.6865], [-34.8949, -7.6867], [-34.8954, -7.6909], [-34.8903, -7.6936], [-34.8961, -7.6985], [-34.8968, -7.7027], [-34.8929, -7.7075], [-34.888, -7.71], [-34.8855, -7.7144], [-34.8777, -7.7097], [-34.8671, -7.7123], [-34.8624, -7.7115], [-34.863223104693134, -7.714123646209375], [-34.8609, -7.7094], [-34.8528, -7.6909], [-34.8485, -7.6878], [-34.8441, -7.6892], [-34.8404, -7.6944], [-34.8318, -7.6998], [-34.8331, -7.7118], [-34.8307, -7.7245], [-34.8299, -7.7261], [-34.8257, -7.7255], [-34.8235, -7.7352], [-34.8232, -7.7517], [-34.8354, -7.7848], [-34.837, -7.8093], [-34.845, -7.8131], [-34.8451, -7.8164], [-34.843, -7.8283], [-34.845, -7.838], [-34.8429, -7.8447], [-34.8411, -7.8451], [-34.84108671875, -7.845634570312417], [-34.841, -7.8408], [-34.8388, -7.8396], [-34.8376, -7.8407], [-34.8343, -7.8554], [-34.8335, -7.8707], [-34.8252, -7.883], [-34.8237, -7.8882], [-34.8249, -7.904], [-34.8211, -7.9129], [-34.82, -7.9206], [-34.8209, -7.9315], [-34.8225, -7.9339], [-34.8219, -7.9362], [-34.8232, -7.9365], [-34.8234, -7.9464], [-34.8283, -7.9538], [-34.828, -7.9591], [-34.8308, -7.9578], [-34.828, -7.9594], [-34.8377, -7.9876], [-34.8385, -7.9914], [-34.8369, -7.9955], [-34.8404, -8.0081], [-34.8461, -8.0174], [-34.8509, -8.0223], [-34.8571, -8.0257], [-34.8609, -8.0313], [-34.8641, -8.0407], [-34.8605, -8.0445], [-34.8755, -8.0317], [-34.859, -8.0472], [-34.8622, -8.0485], [-34.8638, -8.0517], [-34.8832, -8.1015], [-34.8956, -8.1243], [-34.9088, -8.1551], [-34.9177, -8.1857], [-34.9164, -8.2051], [-34.9194, -8.2161], [-34.9286, -8.2253], [-34.9248, -8.2279], [-34.9246, -8.2313], [-34.9363, -8.2444], [-34.9426, -8.2559], [-34.9453, -8.2638], [-34.9468, -8.2789], [-34.9519, -8.2937], [-34.9518, -8.2986], [-34.946, -8.3033], [-34.9421, -8.3044], [-34.9501, -8.3224], [-34.95, -8.3384], [-34.9488, -8.3418], [-34.9457, -8.3421], [-34.9453, -8.3445], [-34.9427, -8.3434], [-34.9408, -8.3449], [-34.9397, -8.3517], [-34.945, -8.3589], [-34.949, -8.3588], [-34.955, -8.3556], [-34.9581, -8.3642], [-34.9609, -8.3667], [-34.9661, -8.3726], [-34.9677, -8.3685], [-34.9709, -8.3695], [-34.9681, -8.3767], [-34.9705, -8.3805], [-34.9806, -8.3811], [-34.9795, -8.3838], [-34.9742, -8.3846], [-34.9698, -8.3909], [-34.9606, -8.3957], [-34.9618, -8.3986], [-34.96, -8.3989], [-34.9581, -8.3962], [-34.9599, -8.4002], [-34.962, -8.3993], [-34.9803, -8.4393], [-34.9839, -8.4509], [-34.9833, -8.4574], [-34.9946, -8.4747], [-35.0004, -8.4879], [-35.0024, -8.4989], [-35.0, -8.5085], [-35.0051, -8.5153], [-35.0066, -8.5238], [-35.0062, -8.5317], [-35.003, -8.5398], [-35.0051, -8.5428], [-35.0027, -8.544], [-35.0036, -8.5492], [-35.0091, -8.5559], [-35.0068, -8.562], [-35.0083, -8.5646], [-35.0138, -8.5606], [-35.021, -8.5604], [-35.0338, -8.5716], [-35.0383, -8.58], [-35.0389, -8.5859], [-35.0454, -8.5938], [-35.0462, -8.5988], [-35.0449, -8.6052], [-35.0458, -8.6065], [-35.0492, -8.6057], [-35.0482, -8.6094], [-35.0499, -8.6061], [-35.0538, -8.6073], [-35.0628, -8.6], [-35.0653, -8.5972], [-35.0635, -8.5939], [-35.0693, -8.5841], [-35.0722, -8.5845], [-35.0734, -8.5826], [-35.0705, -8.579], [-35.0699, -8.567], [-35.0748, -8.5593], [-35.0808, -8.5564], [-35.083, -8.5465], [-35.0822, -8.5426], [-35.0759, -8.5368], [-35.0775, -8.5293], [-35.1261, -8.5193], [-35.1424, -8.5006], [-35.1429, -8.4922], [-35.1443, -8.4903], [-35.1517, -8.4875], [-35.1586, -8.4883], [-35.1646, -8.4846], [-35.168, -8.4786], [-35.203, -8.479], [-35.2303, -8.4353], [-35.2381, -8.4175], [-35.1929, -8.3764], [-35.1931, -8.3575], [-35.1903, -8.3548], [-35.1769, -8.3514], [-35.174, -8.3515], [-35.1707, -8.3551], [-35.154, -8.3208], [-35.1401, -8.3099], [-35.149, -8.2995], [-35.1458, -8.2892], [-35.1517, -8.2792], [-35.1627, -8.2843]], [[-35.1174, -8.3272], [-35.1082, -8.334], [-35.1401, -8.3099], [-35.1174, -8.3272]], [[-35.01487737652682, -7.925805965657639], [-35.0159, -7.9259], [-35.0211, -7.9325], [-35.01487737652682, -7.925805965657639]], [[-35.00581481481481, -7.925813580246914], [-35.0072, -7.9251], [-35.01184, -7.925526666666666], [-35.00581481481481, -7.925813580246914]], [[-35.0001, -7.9292], [-34.9973, -7.9302], [-35.00143661971831, -7.928069014084506], [-35.0001, -7.9292]], [[-35.0005, -7.9636], [-34.9938, -7.9616], [-35.0007, -7.9633], [-35.0037, -7.9596], [-35.0005, -7.9636]], [[-34.99618038277512, -8.03686842105263], [-34.9933, -8.0423], [-34.9961, -8.0369], [-34.99618038277512, -8.03686842105263]], [[-35.01673500455789, -8.055810483135826], [-35.0137, -8.0563], [-35.0167, -8.0558], [-35.01673500455789, -8.055810483135826]], [[-34.9597, -8.1144], [-34.959694370522, -8.1144923234391], [-34.9575, -8.1115], [-34.9597, -8.1144]], [[-34.9607, -8.1263], [-34.960368140442135, -8.126812873862162], [-34.960284725536994, -8.125275656324574], [-34.9607, -8.1263]], [[-34.9585, -8.1297], [-34.95786898148148, -8.129569444444444], [-34.95947547169812, -8.128192452830184], [-34.9585, -8.1297]], [[-34.95266875, -8.127909375000002], [-34.9532, -8.1252], [-34.9539, -8.1236], [-34.95266875, -8.127909375000002]], [[-34.9572, -8.1341], [-34.9522, -8.1303], [-34.9522536246276, -8.130026514399203], [-34.9572, -8.1341]], [[-34.9136, -8.1451], [-34.9211, -8.1417], [-34.92136096385542, -8.141704578313252], [-34.9136, -8.1451]], [[-35.1419338028169, -8.092384507042253], [-35.14321, -8.09209], [-35.1428, -8.0925], [-35.1419338028169, -8.092384507042253]], [[-35.1387, -8.0885], [-35.1383, -8.0919], [-35.138594942683746, -8.088459002022924], [-35.1387, -8.0885]], [[-35.0569, -8.0856], [-35.0582, -8.088], [-35.0971, -8.1616], [-35.0569, -8.0856]], [[-35.075533223140496, -8.217173719008263], [-35.07493735849057, -8.217361886792451], [-35.0752, -8.2169], [-35.075533223140496, -8.217173719008263]], [[-35.0641143916914, -8.222687335311573], [-35.0641, -8.2227], [-35.007, -8.206], [-35.0641143916914, -8.222687335311573]], [[-35.012, -8.0364], [-35.0101, -8.0379], [-35.01215333333333, -8.035846666666666], [-35.012, -8.0364]], [[-35.0991, -7.7274], [-35.09773221884498, -7.729132522796358], [-35.099174487895716, -7.726543389199253], [-35.0991, -7.7274]], [[-35.084798452012386, -7.740769040247677], [-35.0857, -7.7406], [-35.0877, -7.742], [-35.084798452012386, -7.740769040247677]], [[-35.07985682656827, -7.742353505535053], [-35.0809, -7.7415], [-35.08317182320442, -7.741074033149172], [-35.07985682656827, -7.742353505535053]], [[-35.0532, -7.7503], [-35.0449, -7.7603], [-35.054, -7.7493], [-35.062598987854244, -7.747973987854253], [-35.0532, -7.7503]], [[-34.84138235525798, -7.86211630563214], [-34.84271557587882, -7.863906630465848], [-34.8414, -7.8631], [-34.84138235525798, -7.86211630563214]], [[-34.9339, -7.9325], [-34.9281, -7.9356], [-34.92809326500732, -7.935596925329429], [-34.9339, -7.9325]], [[-34.9185, -7.9359], [-34.915375126903555, -7.935509390862944], [-34.9162, -7.9348], [-34.9185, -7.9359]], [[-34.9169, -7.9881], [-34.90761778202676, -7.995515105162528], [-34.9097, -7.9926], [-34.9169, -7.9881]], [[-34.88651785714285, -8.00555806878307], [-34.885762295081975, -8.005921857923493], [-34.886, -8.0057], [-34.88651785714285, -8.00555806878307]], [[-34.9415, -7.7362], [-34.9433, -7.74], [-34.943054734411085, -7.740681293302544], [-34.9415, -7.7362]], [[-34.94279558139535, -7.741401162790695], [-34.9424, -7.7425], [-34.9385, -7.7446], [-34.94279558139535, -7.741401162790695]], [[-34.86386456055083, -7.716168286755781], [-34.864, -7.7166], [-34.8632, -7.7287], [-34.86386456055083, -7.716168286755781]]], [[[-34.9678, -8.3821], [-34.9644, -8.3793], [-34.9665, -8.3779], [-34.9649, -8.3724], [-34.9582, -8.3748], [-34.9567, -8.3805], [-34.9592, -8.387], [-34.9633, -8.3886], [-34.9662, -8.3871], [-34.9678, -8.3821]]], [[[-34.8373, -7.8166], [-34.837, -7.8168], [-34.8407, -7.8163], [-34.8398, -7.816], [-34.8373, -7.8166]]]]}}, {"type": "Feature", "properties": {"metro_id": "BRM15", "metro_name": "Teresina", "n_members": 1, "n_missing": 0, "n_states": 1, "states": "Piauí"}, "geometry": {"type": "Polygon", "coordinates": [[[-42.8898, -4.8947], [-42.8927, -4.888], [-42.8159, -4.7863], [-42.7886, -4.8176], [-42.7314, -4.8238], [-42.7129, -4.9056], [-42.7068, -4.9038], [-42.7038, -4.9056], [-42.6341, -4.9132], [-42.6018, -4.9043], [-42.6012, -5.0993], [-42.599, -5.1943], [-42.6015, -5.2519], [-42.6337, -5.2468], [-42.6601, -5.2763], [-42.6791, -5.2727], [-42.7489, -5.3391], [-42.7486, -5.5413], [-42.7543, -5.537], [-42.759, -5.5292], [-42.7703, -5.5221], [-42.7747, -5.521], [-42.7794, -5.5221], [-42.7939, -5.517], [-42.8111, -5.5013], [-42.8144, -5.5061], [-42.815, -5.5138], [-42.8193, -5.5243], [-42.8463, -5.5359], [-42.8492, -5.5417], [-42.8469, -5.5466], [-42.8558, -5.5528], [-42.8616, -5.5604], [-42.8558, -5.5705], [-42.9146, -5.556], [-42.9418, -5.5866], [-42.9551, -5.5673], [-42.9593, -5.5684], [-42.9707, -5.5617], [-42.9604, -5.5485], [-42.9458, -5.5389], [-42.9434, -5.5355], [-42.936, -5.536], [-42.9315, -5.539], [-42.9217, -5.5406], [-42.9171, -5.539], [-42.9101, -5.5425], [-42.9041, -5.5309], [-42.9, -5.5305], [-42.8927, -5.5262], [-42.8872, -5.5277], [-42.8825, -5.5259], [-42.8781, -5.5283], [-42.8734, -5.5215], [-42.8646, -5.5278], [-42.8573, -5.5251], [-42.847, -5.5253], [-42.8497, -5.5129], [-42.8513, -5.4909], [-42.8349, -5.4943], [-42.8289, -5.4983], [-42.811, -5.4978], [-42.8069, -5.4887], [-42.7996, -5.4798], [-42.7972, -5.4731], [-42.7902, -5.4627], [-42.7842, -5.4574], [-42.7848, -5.4549], [-42.7772, -5.4529], [-42.7736, -5.4473], [-42.769, -5.4316], [-42.7527, -5.3549], [-42.7588, -5.3402], [-42.7625, -5.3371], [-42.7829, -5.329], [-42.7894, -5.324], [-42.7953, -5.3243], [-42.8018, -5.3218], [-42.8065, -5.3172], [-42.8068, -5.319], [-42.8131, -5.3182], [-42.8141, -5.3166], [-42.8158, -5.318], [-42.8116, -5.2897], [-42.8122, -5.2824], [-42.8264, -5.2567], [-42.8295, -5.2393], [-42.8243, -5.2291], [-42.8044, -5.2066], [-42.7997, -5.1959], [-42.7994, -5.1831], [-42.8045, -5.1528], [-42.8054, -5.1486], [-42.812, -5.1383], [-42.8155, -5.1258], [-42.8182, -5.0976], [-42.8225, -5.0898], [-42.8354, -5.074], [-42.8396, -5.0641], [-42.8446, -5.0242], [-42.8574, -4.9923], [-42.8608, -4.9788], [-42.8632, -4.9681], [-42.856, -4.9479], [-42.8539, -4.9373], [-42.8564, -4.9335], [-42.8672, -4.9286], [-42.8735, -4.9153], [-42.8848, -4.906], [-42.8898, -4.8947]]]}}, {"type": "Feature", "properties": {"metro_id": "BRM16", "metro_name": "Rio De Janeiro RM", "n_members": 19, "n_missing": 0, "n_states": 1, "states": "RiodeJaneiro"}, "geometry": {"type": "MultiPolygon", "coordinates": [[[[-43.8352, -23.115], [-43.8354, -23.1158], [-43.8362, -23.1165], [-43.8366, -23.1163], [-43.8352, -23.115]]], [[[-43.6009, -23.0405], [-43.593, -23.0429], [-43.5886, -23.043], [-43.5861, -23.0456], [-43.5779, -23.0477], [-43.5676, -23.054], [-43.5659, -23.0575], [-43.5683, -23.0596], [-43.5663, -23.0618], [-43.5678, -23.0631], [-43.5769, -23.0563], [-43.5844, -23.0539], [-43.6061, -23.0505], [-43.6304, -23.0503], [-43.6678, -23.0531], [-43.7208, -23.0567], [-43.793, -23.0639], [-43.7931, -23.0615], [-43.7731, -23.0605], [-43.754, -23.0598], [-43.707, -23.0531], [-43.6666, -23.0426], [-43.6646, -23.0412], [-43.614, -23.031], [-43.6058, -23.0338], [-43.604, -23.0387], [-43.6009, -23.0405]]], [[[-43.6076, -23.0296], [-43.6041, -23.0317], [-43.6053, -23.0332], [-43.6106, -23.0311], [-43.6116, -23.0302], [-43.6076, -23.0296]]], [[[-43.6015, -23.0265], [-43.6001, -23.0273], [-43.6027, -23.0289], [-43.6046, -23.0274], [-43.6015, -23.0265]]], [[[-43.6525, -23.0029], [-43.6524, -23.0031], [-43.6531, -23.0034], [-43.6528, -23.003], [-43.6525, -23.0029]]], [[[-43.6503, -23.0022], [-43.6503, -23.0023], [-43.6504, -23.0026], [-43.6508, -23.0026], [-43.6503, -23.0022]]], [[[-43.6605, -22.9997], [-43.6607, -23.0], [-43.661, -22.9998], [-43.6606, -22.9995], [-43.6605, -22.9997]]], [[[-43.66, -22.9985], [-43.6607, -22.999], [-43.6614, -22.9989], [-43.6612, -22.9984], [-43.66, -22.9985]]], [[[-43.6953, -22.9862], [-43.6956, -22.9865], [-43.6961, -22.9867], [-43.6962, -22.9867], [-43.6953, -22.9862]]], [[[-43.705, -22.9864], [-43.7073, -22.9867], [-43.7029, -22.9852], [-43.7032, -22.9857], [-43.705, -22.9864]]], [[[-43.8764, -22.9592], [-43.8761, -22.959], [-43.8757, -22.959], [-43.8764, -22.9592]]], [[[-43.864, -22.9557], [-43.8645, -22.9557], [-43.8649, -22.9555], [-43.8637, -22.9555], [-43.864, -22.9557]]], [[[-43.8624, -22.9521], [-43.8609, -22.9506], [-43.8637, -22.9505], [-43.8636, -22.9474], [-43.8589, -22.9456], [-43.8606, -22.9469], [-43.86, -22.9502], [-43.8558, -22.9505], [-43.8575, -22.9519], [-43.8574, -22.9548], [-43.8632, -22.9557], [-43.8608, -22.9544], [-43.8624, -22.9521]]], [[[-43.8573, -22.9456], [-43.8585, -22.9462], [-43.859, -22.9462], [-43.8575, -22.9452], [-43.8573, -22.9456]]], [[[-43.866, -22.9444], [-43.8642, -22.9453], [-43.865, -22.9459], [-43.8666, -22.9456], [-43.866, -22.9444]]], [[[-43.8543, -22.9416], [-43.8539, -22.9412], [-43.8541, -22.9417], [-43.8549, -22.9419], [-43.8543, -22.9416]]], [[[-43.8752, -22.9426], [-43.8773, -22.9435], [-43.877, -22.9462], [-43.8736, -22.9457], [-43.8731, -22.948], [-43.879, -22.9507], [-43.8822, -22.9487], [-43.8817, -22.9246], [-43.8774, -22.9258], [-43.8699, -22.9243], [-43.8679, -22.9264], [-43.869, -22.9302], [-43.8712, -22.9308], [-43.8781, -22.9397], [-43.8776, -22.9417], [-43.8752, -22.9426]]], [[[-43.7854, -22.9289], [-43.7869, -22.9264], [-43.7849, -22.9254], [-43.7833, -22.9257], [-43.7854, -22.9289]]], [[[-43.8645, -22.9253], [-43.8635, -22.9253], [-43.8662, -22.9255], [-43.865, -22.9246], [-43.8645, -22.9253]]], [[[-43.8124, -22.9256], [-43.8131, -22.9243], [-43.8093, -22.9228], [-43.8105, -22.9255], [-43.8124, -22.9256]]], [[[-43.8758, -22.9235], [-43.8758, -22.9237], [-43.8759, -22.9242], [-43.8764, -22.9244], [-43.8764, -22.9236], [-43.8758, -22.9235]]], [[[-43.8769, -22.9226], [-43.8766, -22.9226], [-43.8768, -22.9229], [-43.8769, -22.9227], [-43.8769, -22.9226]]], [[[-43.8121, -22.9191], [-43.8106, -22.9195], [-43.8142, -22.9211], [-43.8143, -22.9207], [-43.8121, -22.9191]]], [[[-43.8414, -22.9075], [-43.8412, -22.9075], [-43.8412, -22.9076], [-43.8414, -22.9076], [-43.8414, -22.9075]]], [[[-43.8411, -22.9073], [-43.8411, -22.9074], [-43.8413, -22.9074], [-43.8413, -22.9073], [-43.8411, -22.9073]]], [[[-43.841, -22.9071], [-43.8407, -22.9072], [-43.8406, -22.9073], [-43.841, -22.9073], [-43.841, -22.9071]]], [[[-43.8426, -22.9064], [-43.8425, -22.9064], [-43.8424, -22.9064], [-43.8426, -22.9066], [-43.8426, -22.9064]]], [[[-43.8421, -22.9063], [-43.8418, -22.9061], [-43.8415, -22.9061], [-43.8418, -22.9066], [-43.8421, -22.9063]]], [[[-43.8402, -22.9062], [-43.8401, -22.9061], [-43.8403, -22.9064], [-43.8403, -22.9063], [-43.8402, -22.9062]]], [[[-43.8408, -22.9066], [-43.8407, -22.9063], [-43.8404, -22.9057], [-43.8401, -22.9057], [-43.8408, -22.9066]]], [[[-43.8392, -22.9058], [-43.8392, -22.906], [-43.8394, -22.906], [-43.8393, -22.9058], [-43.8392, -22.9058]]], [[[-43.8398, -22.9056], [-43.8394, -22.9056], [-43.8394, -22.9059], [-43.8396, -22.9059], [-43.8398, -22.9056]]], [[[-43.8399, -22.906], [-43.84, -22.9058], [-43.8399, -22.9055], [-43.8397, -22.906], [-43.8399, -22.906]]], [[[-43.8389, -22.9054], [-43.8387, -22.9056], [-43.8386, -22.9058], [-43.8389, -22.9057], [-43.8389, -22.9054]]], [[[-43.8386, -22.9054], [-43.8386, -22.9055], [-43.8386, -22.9056], [-43.8387, -22.9055], [-43.8386, -22.9054]]], [[[-43.8014, -22.9245], [-43.8076, -22.9234], [-43.8067, -22.9188], [-43.8102, -22.9176], [-43.8173, -22.9207], [-43.832, -22.9312], [-43.8423, -22.9322], [-43.8438, -22.9295], [-43.8494, -22.9316], [-43.8504, -22.9299], [-43.8482, -22.9287], [-43.8492, -22.9264], [-43.853, -22.927], [-43.8512, -22.9252], [-43.8522, -22.9245], [-43.8505, -22.9205], [-43.8543, -22.9188], [-43.8503, -22.9168], [-43.8457, -22.9172], [-43.839, -22.9118], [-43.8395, -22.9099], [-43.8382, -22.9093], [-43.8411, -22.9076], [-43.8382, -22.9064], [-43.8374, -22.904], [-43.8446, -22.9017], [-43.8512, -22.9043], [-43.8521, -22.9027], [-43.8568, -22.9019], [-43.8663, -22.9035], [-43.8672, -22.9052], [-43.8709, -22.9053], [-43.8773, -22.9094], [-43.8805, -22.9122], [-43.8806, -22.9158], [-43.8856, -22.8856], [-43.8873, -22.8841], [-43.893, -22.8818], [-43.9058, -22.8862], [-43.9133, -22.8845], [-43.9225, -22.8904], [-43.9211, -22.8931], [-43.922, -22.8941], [-43.9279, -22.8945], [-43.9349, -22.8928], [-43.9375, -22.8903], [-43.9396, -22.8787], [-43.9342, -22.8774], [-43.9338, -22.8749], [-43.9297, -22.874], [-43.9264, -22.8697], [-43.9252, -22.8635], [-43.918, -22.857], [-43.917, -22.8526], [-43.9125, -22.8498], [-43.9102, -22.8447], [-43.9134, -22.8371], [-43.9083, -22.8316], [-43.9038, -22.8301], [-43.8985, -22.8332], [-43.8945, -22.831], [-43.8885, -22.8241], [-43.889, -22.8221], [-43.879, -22.8161], [-43.8786, -22.8132], [-43.8801, -22.8115], [-43.8777, -22.8101], [-43.8622, -22.8058], [-43.8586, -22.8028], [-43.8494, -22.8019], [-43.8381, -22.798], [-43.8378, -22.7959], [-43.8325, -22.7932], [-43.8302, -22.7879], [-43.8224, -22.7822], [-43.8201, -22.7771], [-43.8125, -22.7718], [-43.8144, -22.7699], [-43.8197, -22.7694], [-43.8222, -22.7664], [-43.83, -22.7674], [-43.8318, -22.7631], [-43.8353, -22.7635], [-43.8351, -22.7611], [-43.8387, -22.7583], [-43.8398, -22.7559], [-43.8355, -22.7519], [-43.8359, -22.7453], [-43.8316, -22.7404], [-43.8336, -22.7357], [-43.8306, -22.7317], [-43.8328, -22.7312], [-43.8326, -22.7298], [-43.8178, -22.7176], [-43.8125, -22.7105], [-43.8078, -22.7106], [-43.7913, -22.6957], [-43.78478539172084, -22.69267208347588], [-43.7899, -22.691], [-43.7921, -22.6918], [-43.7951, -22.6896], [-43.8031, -22.6913], [-43.8091, -22.6901], [-43.8096, -22.6882], [-43.8128, -22.6867], [-43.8155, -22.6871], [-43.8143, -22.6819], [-43.8199, -22.6794], [-43.8167, -22.6737], [-43.8176, -22.6661], [-43.8236, -22.6627], [-43.8245, -22.6577], [-43.8268, -22.6577], [-43.827, -22.6559], [-43.834, -22.6562], [-43.8408, -22.6481], [-43.829, -22.6422], [-43.8254, -22.6419], [-43.8203, -22.6371], [-43.8178, -22.6373], [-43.8154, -22.634], [-43.8116, -22.634], [-43.8057, -22.6291], [-43.8026, -22.6293], [-43.7941, -22.6208], [-43.7948, -22.6168], [-43.7906, -22.6149], [-43.7891, -22.6125], [-43.7768, -22.6112], [-43.7773, -22.6083], [-43.7706, -22.6059], [-43.7702, -22.6022], [-43.7726, -22.5997], [-43.7715, -22.5955], [-43.7697, -22.5941], [-43.767, -22.5949], [-43.7549, -22.5861], [-43.7542, -22.5839], [-43.7438, -22.5784], [-43.7442, -22.5767], [-43.74, -22.5758], [-43.7388, -22.5723], [-43.7361, -22.5718], [-43.7353, -22.5688], [-43.7287, -22.5636], [-43.7235, -22.5644], [-43.7226, -22.562], [-43.7246, -22.5572], [-43.7115, -22.5495], [-43.7093, -22.5565], [-43.7123, -22.5627], [-43.7088, -22.5632], [-43.7077, -22.5648], [-43.6952, -22.5585], [-43.6955, -22.5568], [-43.6911, -22.5541], [-43.6909, -22.5515], [-43.6873, -22.5515], [-43.6859, -22.5542], [-43.6818, -22.5554], [-43.6827, -22.5592], [-43.6884, -22.5624], [-43.6884, -22.5647], [-43.6912, -22.5667], [-43.69, -22.5703], [-43.6875, -22.57], [-43.6917, -22.5758], [-43.6688, -22.5847], [-43.6673, -22.5868], [-43.6591, -22.5804], [-43.6634, -22.5719], [-43.6688, -22.5691], [-43.6709, -22.5704], [-43.6754, -22.5695], [-43.6748, -22.5673], [-43.6722, -22.5659], [-43.6723, -22.564], [-43.6677, -22.5622], [-43.6673, -22.5591], [-43.6643, -22.5576], [-43.664, -22.5548], [-43.666, -22.5539], [-43.6655, -22.5519], [-43.6686, -22.5483], [-43.6647, -22.5485], [-43.662, -22.5468], [-43.6585, -22.548], [-43.6551, -22.5461], [-43.654, -22.5475], [-43.6512, -22.5447], [-43.6424, -22.5433], [-43.6415, -22.5405], [-43.6393, -22.5398], [-43.6378, -22.5395], [-43.6372, -22.542], [-43.6325, -22.5388], [-43.6298, -22.5406], [-43.6236, -22.5393], [-43.5974, -22.5681], [-43.6179, -22.5886], [-43.64, -22.6031], [-43.6426, -22.608], [-43.6471, -22.6092], [-43.6587, -22.619], [-43.66032265899923, -22.619782353446055], [-43.6227, -22.6422], [-43.6288, -22.6257], [-43.6275, -22.6237], [-43.6169, -22.6114], [-43.6118, -22.6077], [-43.6034, -22.6049], [-43.6022, -22.5995], [-43.5893, -22.5932], [-43.5837, -22.5872], [-43.5853, -22.5827], [-43.5808, -22.5807], [-43.5806, -22.579], [-43.5771, -22.5774], [-43.5739, -22.5787], [-43.5645, -22.5767], [-43.5625, -22.5802], [-43.5589, -22.5756], [-43.5591, -22.5717], [-43.5609, -22.5708], [-43.5604, -22.5674], [-43.5562, -22.5674], [-43.5505, -22.5734], [-43.5429, -22.5692], [-43.5415, -22.5652], [-43.5366, -22.5698], [-43.5336, -22.5657], [-43.53, -22.5659], [-43.5263, -22.5691], [-43.5219, -22.5671], [-43.5182, -22.5711], [-43.5156, -22.5697], [-43.51, -22.5718], [-43.5069, -22.5658], [-43.5007, -22.5638], [-43.5011, -22.5616], [-43.4978, -22.5592], [-43.4983, -22.5544], [-43.4919, -22.5518], [-43.4913, -22.5485], [-43.4866, -22.5491], [-43.4845, -22.5458], [-43.4742, -22.5409], [-43.4692, -22.5362], [-43.4625, -22.5382], [-43.4574, -22.532], [-43.4458, -22.526], [-43.4407, -22.5307], [-43.4352, -22.5298], [-43.4311, -22.5332], [-43.4238, -22.5338], [-43.4232, -22.5364], [-43.4195, -22.538], [-43.4099, -22.5318], [-43.4056, -22.5346], [-43.4014, -22.5328], [-43.401393507771004, -22.533397285067874], [-43.3959, -22.5311], [-43.3891, -22.5323], [-43.3847, -22.5305], [-43.3803, -22.5268], [-43.3793, -22.5234], [-43.375, -22.5206], [-43.3674, -22.5268], [-43.3604, -22.5258], [-43.3563, -22.5222], [-43.3537, -22.5229], [-43.332, -22.5192], [-43.3301, -22.5167], [-43.3322, -22.5125], [-43.3282, -22.5109], [-43.3172, -22.497], [-43.3126, -22.4953], [-43.3005, -22.4836], [-43.2954, -22.4755], [-43.2385, -22.5115], [-43.2367, -22.5156], [-43.2336, -22.5166], [-43.2316, -22.5144], [-43.2288, -22.5177], [-43.2266, -22.5162], [-43.2248, -22.5213], [-43.2224, -22.5216], [-43.2254, -22.5249], [-43.2246, -22.527], [-43.2265, -22.5295], [-43.2309, -22.5276], [-43.2312, -22.5244], [-43.2343, -22.5227], [-43.246, -22.527], [-43.2607, -22.5554], [-43.2581, -22.555], [-43.2608, -22.5613], [-43.2555, -22.5733], [-43.2557, -22.5723], [-43.2251590673575, -22.563645077720203], [-43.1981, -22.5531], [-43.1826, -22.5532], [-43.162, -22.5472], [-43.1489, -22.5397], [-43.1313, -22.5338], [-43.1264, -22.5344], [-43.1228, -22.531], [-43.1179, -22.5307], [-43.1141, -22.5342], [-43.1107, -22.5348], [-43.1053, -22.5323], [-43.096, -22.5229], [-43.0895, -22.521], [-43.087, -22.5171], [-43.0763, -22.511], [-43.0755, -22.5072], [-43.0726, -22.5048], [-43.0706, -22.5005], [-43.072, -22.4965], [-43.0768, -22.4902], [-43.0811, -22.4896], [-43.0791, -22.487], [-43.0661, -22.486], [-43.063, -22.484], [-43.06201391304348, -22.484678735177866], [-43.0626, -22.4834], [-43.0597, -22.4837], [-43.0579, -22.4813], [-43.0549, -22.4812], [-43.0548, -22.4783], [-43.0581, -22.4751], [-43.0549, -22.4704], [-43.0553, -22.4678], [-43.0503, -22.4652], [-43.0473, -22.4602], [-43.0436, -22.4595], [-43.0404, -22.4564], [-43.036, -22.4595], [-43.035, -22.4625], [-43.0256, -22.4603], [-43.0244, -22.4628], [-43.0194, -22.463], [-43.0165, -22.4671], [-43.0096, -22.4628], [-42.9998, -22.4597], [-42.9961, -22.4617], [-42.9848, -22.4627], [-42.9767, -22.4709], [-42.9706, -22.4712], [-42.9689, -22.4678], [-42.9638, -22.4642], [-42.9558, -22.4657], [-42.9561, -22.4623], [-42.9541, -22.4595], [-42.9551, -22.4577], [-42.9454, -22.4552], [-42.9408, -22.4572], [-42.9338, -22.4493], [-42.9299, -22.4481], [-42.9249, -22.454], [-42.9182, -22.451], [-42.9207, -22.4561], [-42.923, -22.4695], [-42.9215, -22.476], [-42.9156, -22.4813], [-42.9062, -22.4982], [-42.9021, -22.5009], [-42.8951, -22.5017], [-42.8939, -22.5041], [-42.8913, -22.5026], [-42.8894, -22.5049], [-42.8884, -22.5084], [-42.8894, -22.5111], [-42.8881, -22.5122], [-42.8917, -22.5156], [-42.8943, -22.5157], [-42.8956, -22.5182], [-42.899, -22.5191], [-42.892, -22.5254], [-42.8928, -22.5306], [-42.8913, -22.5378], [-42.8872, -22.5412], [-42.8858, -22.548], [-42.876, -22.5538], [-42.8748, -22.557], [-42.8709, -22.5593], [-42.8656, -22.5679], [-42.8656, -22.5716], [-42.8832, -22.5821], [-42.8876, -22.5922], [-42.9071, -22.6012], [-42.9107, -22.6193], [-42.9032, -22.6255], [-42.8995, -22.6393], [-42.9056, -22.6544], [-42.9117, -22.6556], [-42.9064, -22.6553], [-42.8883, -22.6498], [-42.8795, -22.6454], [-42.8552, -22.6409], [-42.8452, -22.6362], [-42.8247, -22.6391], [-42.8029, -22.6356], [-42.7977, -22.6388], [-42.7899, -22.6346], [-42.784, -22.6402], [-42.7472, -22.6865], [-42.7089, -22.7234], [-42.7052, -22.7232], [-42.7035, -22.726], [-42.7002, -22.727], [-42.698, -22.7337], [-42.6982, -22.738], [-42.6951, -22.742], [-42.6944, -22.7525], [-42.6865, -22.759], [-42.6903, -22.7617], [-42.6849, -22.7679], [-42.6757, -22.7706], [-42.6755, -22.774], [-42.6823, -22.7801], [-42.6854, -22.7801], [-42.688, -22.7844], [-42.6883, -22.786], [-42.6862, -22.7879], [-42.6881, -22.7929], [-42.6795, -22.7947], [-42.68, -22.7964], [-42.678, -22.7978], [-42.6725, -22.796], [-42.6593, -22.799], [-42.6582, -22.8009], [-42.6591, -22.8022], [-42.6668, -22.8022], [-42.6633, -22.804], [-42.6667, -22.8102], [-42.67, -22.8116], [-42.6697, -22.8154], [-42.6658, -22.816], [-42.6652, -22.8175], [-42.6653, -22.8197], [-42.6683, -22.822], [-42.6632, -22.8227], [-42.6643, -22.8245], [-42.6626, -22.8262], [-42.6579, -22.824], [-42.6562, -22.8284], [-42.6689, -22.8446], [-42.6618, -22.8466], [-42.6601, -22.8491], [-42.6506, -22.8471], [-42.6461, -22.8446], [-42.6437, -22.8476], [-42.6434, -22.8513], [-42.6459, -22.8553], [-42.653, -22.8557], [-42.66025890807569, -22.85890523213732], [-42.6599, -22.859], [-42.6619, -22.8635], [-42.6692, -22.8687], [-42.6718, -22.8728], [-42.6741, -22.8732], [-42.6772, -22.8777], [-42.6779, -22.883], [-42.6764, -22.888], [-42.679, -22.8961], [-42.6739, -22.9036], [-42.6796, -22.9088], [-42.676, -22.9108], [-42.6735, -22.9097], [-42.6702, -22.911], [-42.6676, -22.9104], [-42.6653, -22.9074], [-42.6632, -22.9082], [-42.6553, -22.9039], [-42.6524, -22.9043], [-42.6466, -22.9079], [-42.6381, -22.9179], [-42.6342, -22.9197], [-42.6416, -22.9355], [-42.6412, -22.9375], [-42.6694, -22.9423], [-42.6805, -22.9462], [-42.6825, -22.9494], [-42.6815, -22.9511], [-42.6827, -22.9576], [-42.6898, -22.9621], [-42.6935, -22.9614], [-42.6954, -22.958], [-42.7002, -22.9569], [-42.7275, -22.9562], [-42.8707, -22.9656], [-42.9138, -22.9748], [-42.9285, -22.9745], [-42.9668, -22.97], [-42.9949, -22.9694], [-43.0118, -22.9707], [-43.0144, -22.9741], [-43.0138, -22.9768], [-43.0243, -22.9751], [-43.025, -22.9807], [-43.0298, -22.98], [-43.0302, -22.9756], [-43.0366, -22.9747], [-43.0381, -22.976], [-43.0397, -22.9745], [-43.0459, -22.98], [-43.0517, -22.9818], [-43.0517, -22.9776], [-43.0457, -22.9725], [-43.0481, -22.9671], [-43.0519, -22.9636], [-43.0699, -22.96], [-43.0703, -22.9579], [-43.0773, -22.956], [-43.0929, -22.9542], [-43.0985, -22.9556], [-43.0982, -22.9536], [-43.1009, -22.9526], [-43.1036, -22.9544], [-43.1104, -22.9536], [-43.1109, -22.9517], [-43.1143, -22.9515], [-43.1111, -22.9501], [-43.1134, -22.945], [-43.1204, -22.9454], [-43.1205, -22.9434], [-43.1156, -22.9412], [-43.1174, -22.9367], [-43.129, -22.9392], [-43.1353, -22.938], [-43.131, -22.9376], [-43.126, -22.9343], [-43.1271, -22.9321], [-43.1227, -22.9297], [-43.1246, -22.9263], [-43.1239, -22.9229], [-43.1197, -22.9226], [-43.1198, -22.926], [-43.1167, -22.9311], [-43.1143, -22.9283], [-43.1119, -22.9294], [-43.1142, -22.932], [-43.1118, -22.9354], [-43.1095, -22.9339], [-43.1084, -22.9356], [-43.1076, -22.9342], [-43.1053, -22.9357], [-43.1021, -22.9345], [-43.0986, -22.9316], [-43.0957, -22.9253], [-43.0946, -22.9208], [-43.0958, -22.9155], [-43.0998, -22.9138], [-43.111, -22.9153], [-43.1104, -22.9111], [-43.1159, -22.9048], [-43.1246, -22.9054], [-43.1255, -22.9081], [-43.1297, -22.9084], [-43.131, -22.9113], [-43.1304, -22.9085], [-43.1376, -22.9033], [-43.1362, -22.9026], [-43.1357, -22.8977], [-43.1246, -22.8946], [-43.1254, -22.8916], [-43.129, -22.8917], [-43.129, -22.8873], [-43.1308, -22.8869], [-43.1312, -22.8844], [-43.1341, -22.8849], [-43.135, -22.8833], [-43.1318, -22.8775], [-43.1282, -22.8764], [-43.1218, -22.8777], [-43.1194, -22.8804], [-43.1209, -22.882], [-43.1189, -22.8813], [-43.1201, -22.8831], [-43.1144, -22.8813], [-43.1145, -22.8792], [-43.1179, -22.8767], [-43.1152, -22.8772], [-43.1164, -22.8753], [-43.1252, -22.8723], [-43.1138, -22.8645], [-43.1146, -22.867], [-43.1122, -22.8689], [-43.1132, -22.8779], [-43.1117, -22.8775], [-43.1106, -22.8727], [-43.1121, -22.8661], [-43.1096, -22.8658], [-43.1102, -22.8624], [-43.1077, -22.8636], [-43.1077, -22.8603], [-43.1034, -22.8559], [-43.10283969298246, -22.856260745614033], [-43.1034, -22.8549], [-43.1005, -22.8494], [-43.1039, -22.8511], [-43.1041, -22.8492], [-43.1018, -22.8441], [-43.0974, -22.8426], [-43.0961, -22.8393], [-43.0976, -22.8397], [-43.0982, -22.8381], [-43.0969, -22.8366], [-43.0975, -22.8382], [-43.0956, -22.8377], [-43.0952, -22.8363], [-43.0966, -22.8359], [-43.0952, -22.8357], [-43.0959, -22.8338], [-43.0977, -22.8337], [-43.0971, -22.8281], [-43.0896, -22.822], [-43.0821, -22.8201], [-43.0651, -22.8029], [-43.0681, -22.801], [-43.0709, -22.8019], [-43.0789, -22.7991], [-43.0815, -22.7894], [-43.0804, -22.7871], [-43.0684, -22.7786], [-43.0676, -22.7725], [-43.0688, -22.7699], [-43.0654, -22.7682], [-43.0643, -22.7651], [-43.0466, -22.7572], [-43.0394, -22.7503], [-43.0294, -22.7476], [-43.02633079526227, -22.742905922165818], [-43.0266, -22.7431], [-43.0286, -22.7416], [-43.0292, -22.7263], [-43.0148, -22.7255], [-43.0259, -22.7261], [-43.0313, -22.7183], [-43.0337, -22.7179], [-43.0355, -22.7122], [-43.0342, -22.707], [-43.0301, -22.7048], [-43.0372, -22.7008], [-43.0326, -22.6938], [-43.038856213285136, -22.692067510167192], [-43.0394, -22.6936], [-43.042, -22.6921], [-43.0433, -22.6932], [-43.0456, -22.692], [-43.0469, -22.6937], [-43.0513, -22.6927], [-43.0538, -22.6895], [-43.0531, -22.6862], [-43.0555, -22.6877], [-43.0547, -22.6847], [-43.0662, -22.6874], [-43.0671, -22.6888], [-43.0664, -22.6868], [-43.0684, -22.6848], [-43.0846, -22.677], [-43.086, -22.6781], [-43.0846, -22.6797], [-43.0884, -22.6832], [-43.0931, -22.6846], [-43.0927, -22.6863], [-43.1004, -22.686], [-43.1059, -22.6889], [-43.1068, -22.6954], [-43.111, -22.6934], [-43.1157, -22.6964], [-43.1176, -22.6987], [-43.1164, -22.7036], [-43.1174, -22.7069], [-43.1277, -22.715], [-43.1339, -22.715], [-43.1349, -22.7121], [-43.1416, -22.7086], [-43.1518, -22.708], [-43.1649, -22.7114], [-43.1667, -22.7141], [-43.1847, -22.7217], [-43.1947, -22.722], [-43.2037, -22.7268], [-43.21660298507463, -22.726998507462685], [-43.2122, -22.7292], [-43.2122, -22.7329], [-43.2217, -22.7399], [-43.2266, -22.7412], [-43.2312, -22.7398], [-43.2323, -22.7415], [-43.2382, -22.7428], [-43.2406, -22.7459], [-43.2445, -22.7469], [-43.2427, -22.7493], [-43.2446, -22.7511], [-43.2579, -22.7564], [-43.2592, -22.7605], [-43.2624, -22.7594], [-43.2619, -22.7616], [-43.2646, -22.76], [-43.2634, -22.7637], [-43.2669, -22.7624], [-43.2654, -22.7654], [-43.2681, -22.7656], [-43.2673, -22.7673], [-43.2698, -22.7675], [-43.2702, -22.7702], [-43.2732, -22.7725], [-43.2728, -22.7737], [-43.274, -22.7731], [-43.2732, -22.7745], [-43.2786, -22.7805], [-43.2754, -22.7857], [-43.2772, -22.7873], [-43.2768, -22.7906], [-43.2758, -22.7891], [-43.2721, -22.7917], [-43.2761, -22.7926], [-43.2725, -22.7934], [-43.2709, -22.7961], [-43.2712, -22.8008], [-43.2736, -22.7994], [-43.2727, -22.8098], [-43.27297777777777, -22.809688888888893], [-43.2728, -22.8098], [-43.2648, -22.8265], [-43.2539, -22.8373], [-43.2432, -22.8423], [-43.2365, -22.862], [-43.2337, -22.8637], [-43.2324, -22.8692], [-43.23, -22.8678], [-43.2262, -22.8692], [-43.2267, -22.8741], [-43.2247, -22.8753], [-43.2241, -22.8737], [-43.2216, -22.8743], [-43.2189, -22.8721], [-43.2182, -22.8734], [-43.2197, -22.8754], [-43.217, -22.8758], [-43.2165, -22.8736], [-43.2127, -22.8728], [-43.2138, -22.8712], [-43.2099, -22.867], [-43.2044, -22.8717], [-43.2014, -22.8715], [-43.216, -22.8863], [-43.2108, -22.8976], [-43.1959, -22.892], [-43.1908, -22.8921], [-43.1808, -22.8955], [-43.1791, -22.8923], [-43.1795, -22.8956], [-43.177, -22.8959], [-43.1733, -22.9021], [-43.1692, -22.9046], [-43.1618, -22.9048], [-43.1616, -22.9168], [-43.1657, -22.9156], [-43.1672, -22.9177], [-43.1661, -22.9154], [-43.1693, -22.9143], [-43.1727, -22.9166], [-43.1716, -22.9198], [-43.1694, -22.9191], [-43.1696, -22.9168], [-43.1676, -22.9191], [-43.1713, -22.9324], [-43.1686, -22.9387], [-43.1743, -22.9442], [-43.1787, -22.943], [-43.1804, -22.9479], [-43.17, -22.9523], [-43.1651, -22.9477], [-43.1632, -22.9477], [-43.1638, -22.9459], [-43.162, -22.9434], [-43.1581, -22.9434], [-43.1577, -22.9412], [-43.1522, -22.9386], [-43.1511, -22.9407], [-43.1558, -22.9442], [-43.1549, -22.947], [-43.151, -22.9489], [-43.1502, -22.9509], [-43.1644, -22.9547], [-43.1643, -22.9564], [-43.1597, -22.9577], [-43.1596, -22.9644], [-43.1625, -22.9653], [-43.1672, -22.9639], [-43.1853, -22.9742], [-43.1884, -22.9785], [-43.1893, -22.9836], [-43.1882, -22.9858], [-43.1837, -22.9862], [-43.1892, -22.9882], [-43.1915, -22.9908], [-43.1982, -22.9879], [-43.2223, -22.9875], [-43.231, -22.9908], [-43.2331, -22.9934], [-43.2318, -22.9952], [-43.234, -22.9952], [-43.2408, -23.0004], [-43.2457, -23.001], [-43.2521, -22.9991], [-43.2747, -23.0023], [-43.2772, -23.0057], [-43.2816, -23.0063], [-43.2869, -23.0099], [-43.2855, -23.015], [-43.2864, -23.0164], [-43.2874, -23.0148], [-43.2963, -23.0168], [-43.3359, -23.0114], [-43.3576, -23.0111], [-43.3987, -23.0143], [-43.4456, -23.0229], [-43.4663, -23.0292], [-43.4707, -23.0333], [-43.4776, -23.0317], [-43.4982, -23.0371], [-43.5001, -23.0409], [-43.503, -23.0401], [-43.5071, -23.0425], [-43.5068, -23.0457], [-43.5085, -23.0476], [-43.5344, -23.0503], [-43.5364, -23.0521], [-43.535, -23.0536], [-43.5369, -23.0561], [-43.5489, -23.0607], [-43.5501, -23.0631], [-43.5477, -23.0646], [-43.5517, -23.0664], [-43.5528, -23.0715], [-43.5488, -23.0733], [-43.5518, -23.0762], [-43.5537, -23.0761], [-43.5541, -23.0726], [-43.5646, -23.0755], [-43.5668, -23.0736], [-43.5725, -23.0731], [-43.5677, -23.0715], [-43.5691, -23.0663], [-43.5616, -23.0582], [-43.5628, -23.0569], [-43.5624, -23.0532], [-43.5644, -23.0513], [-43.5686, -23.0507], [-43.569, -23.0504], [-43.5694, -23.0499], [-43.5698, -23.0496], [-43.5718, -23.049], [-43.5735, -23.0472], [-43.5781, -23.0456], [-43.5772, -23.0436], [-43.5797, -23.0396], [-43.5854, -23.0352], [-43.5894, -23.0351], [-43.5943, -23.0324], [-43.5996, -23.0229], [-43.6073, -23.0216], [-43.6141, -23.0176], [-43.6229, -23.0079], [-43.6322, -23.0056], [-43.6386, -23.0062], [-43.6432, -23.0011], [-43.646, -23.002], [-43.6479, -23.0009], [-43.6532, -23.0028], [-43.6526, -23.0006], [-43.659, -22.9916], [-43.6743, -22.9803], [-43.6798, -22.9809], [-43.6875, -22.986], [-43.6895, -22.9919], [-43.6958, -22.9846], [-43.7006, -22.9857], [-43.7045, -22.9779], [-43.711, -22.9706], [-43.7141, -22.969], [-43.7196, -22.973], [-43.7185, -22.972], [-43.7202, -22.9709], [-43.7179, -22.9696], [-43.7187, -22.9667], [-43.7247, -22.9607], [-43.7316, -22.9579], [-43.7453, -22.9465], [-43.7656, -22.9363], [-43.7684, -22.9326], [-43.774, -22.9328], [-43.7843, -22.9243], [-43.79, -22.9257], [-43.7961, -22.9191], [-43.796, -22.9171], [-43.8009, -22.9167], [-43.8014, -22.9245]], [[-43.1945328125, -22.62688359375], [-43.1942, -22.6235], [-43.19441915314602, -22.623303324099723], [-43.1945328125, -22.62688359375]], [[-43.19588069264069, -22.630489177489178], [-43.1948, -22.6296], [-43.19475919070168, -22.62918510546707], [-43.19588069264069, -22.630489177489178]], [[-43.2016, -22.6343], [-43.2106, -22.6426], [-43.20034249011858, -22.634160276679843], [-43.2016, -22.6343]], [[-43.2184, -22.7079], [-43.21830186915888, -22.708783177570098], [-43.2149, -22.703], [-43.2184, -22.7079]], [[-43.2217, -22.7126], [-43.22168376139188, -22.7145323943662], [-43.219450819672126, -22.71073639344262], [-43.2217, -22.7126]], [[-43.7115540620384, -22.86685051698671], [-43.7065, -22.8686], [-43.7115, -22.8668], [-43.7115540620384, -22.86685051698671]], [[-43.7954, -22.9067], [-43.79462509047045, -22.90350349819059], [-43.7948, -22.9035], [-43.7954, -22.9067]], [[-43.534, -22.6548], [-43.5396, -22.6535], [-43.53454515418502, -22.655312114537445], [-43.534, -22.6548]], [[-43.556521311475414, -22.67824754098359], [-43.55678443579767, -22.677352918287937], [-43.5569, -22.6774], [-43.556521311475414, -22.67824754098359]], [[-43.5554, -22.6797], [-43.551, -22.6795], [-43.55618005029338, -22.679011316010058], [-43.5554574385511, -22.680628589909446], [-43.5554, -22.6797]], [[-43.5598, -22.6907], [-43.556, -22.6894], [-43.559875, -22.690691666666666], [-43.5598, -22.6907]], [[-43.64357896494157, -22.748276293823036], [-43.6447, -22.737], [-43.6446, -22.747], [-43.64357896494157, -22.748276293823036]], [[-43.637, -22.7626], [-43.64232747252748, -22.755052747252744], [-43.6422, -22.7562], [-43.637, -22.7626]], [[-43.63221093023256, -22.796173430232564], [-43.6348, -22.7833], [-43.6353, -22.7805], [-43.6347, -22.7865], [-43.63221093023256, -22.796173430232564]], [[-43.627, -22.807], [-43.630761857451404, -22.801805053995686], [-43.6303, -22.8036], [-43.627, -22.807]], [[-43.6227, -22.826], [-43.622666309300456, -22.82540479764138], [-43.6298, -22.8299], [-43.6227, -22.826]], [[-43.673636971171845, -22.863923848745788], [-43.6737, -22.8639], [-43.6736971578957, -22.863890387000176], [-43.7548, -22.8188], [-43.67440802187218, -22.864398409295678], [-43.67345416316232, -22.863993019343987], [-43.67349392405063, -22.863977974683543], [-43.6735, -22.864], [-43.673636971171845, -22.863923848745788]], [[-43.77220586340206, -22.693043492268043], [-43.7724, -22.6929], [-43.77939614361702, -22.69437805851064], [-43.7791, -22.6945], [-43.77220586340206, -22.693043492268043]], [[-43.76834653465351, -22.695896039603927], [-43.7638, -22.6995], [-43.76325287356321, -22.699660919540232], [-43.76834653465351, -22.695896039603927]], [[-43.7587, -22.701], [-43.75245859992473, -22.700325254045914], [-43.753, -22.7001], [-43.7587, -22.701]], [[-43.75019467680608, -22.689240684410645], [-43.7512, -22.691], [-43.753, -22.7001], [-43.75019467680608, -22.689240684410645]], [[-43.74901804922516, -22.68718158614403], [-43.74620242080865, -22.68424954931754], [-43.748, -22.6854], [-43.74901804922516, -22.68718158614403]], [[-43.74051084592436, -22.67832266384372], [-43.7112, -22.6478], [-43.7378, -22.6741], [-43.74051084592436, -22.67832266384372]], [[-43.70988447488584, -22.64020471841705], [-43.699677906976696, -22.64768953488376], [-43.7089, -22.6399], [-43.70988447488584, -22.64020471841705]], [[-43.69837872928178, -22.648642265193367], [-43.6983, -22.6487], [-43.696267914438366, -22.64904545454548], [-43.69837872928178, -22.648642265193367]], [[-43.68936285237002, -22.650219315097097], [-43.6883, -22.6504], [-43.68430872246696, -22.649009779735685], [-43.68936285237002, -22.650219315097097]], [[-43.6781603960396, -22.647538385377], [-43.67787586206896, -22.647593103448276], [-43.678, -22.6475], [-43.6781603960396, -22.647538385377]], [[-43.6691, -22.6554], [-43.6623, -22.6572], [-43.6693, -22.6552], [-43.6708, -22.6529], [-43.67426849315069, -22.65029863013698], [-43.6691, -22.6554]], [[-43.6603, -22.66], [-43.66006146993318, -22.659925167037862], [-43.6623, -22.6572], [-43.6603, -22.66]], [[-43.66432747252747, -22.621988461538457], [-43.663700428265535, -22.621410920770884], [-43.6643, -22.6217], [-43.66432747252747, -22.621988461538457]], [[-43.7375, -22.7077], [-43.7393, -22.7058], [-43.74653387297633, -22.702790286425905], [-43.7375, -22.7077]], [[-43.7631, -22.7287], [-43.764414800613494, -22.729381748466256], [-43.7556, -22.7292], [-43.7631, -22.7287]], [[-43.7658, -22.7301], [-43.7659, -22.7339], [-43.76536312997348, -22.729873474801064], [-43.7658, -22.7301]], [[-43.65485161290323, -22.65801290322581], [-43.65869714285712, -22.659497142857138], [-43.6552, -22.6584], [-43.65485161290323, -22.65801290322581]], [[-43.6335, -22.6602], [-43.641, -22.6506], [-43.633462728062554, -22.66081498696786], [-43.6335, -22.6602]], [[-43.6333, -22.6635], [-43.63344846086191, -22.661050395778357], [-43.6363, -22.6699], [-43.6333, -22.6635]], [[-43.289, -22.8079], [-43.27654765625, -22.8082609375], [-43.2787, -22.8074], [-43.289, -22.8079]], [[-43.66647149263293, -22.864956950672646], [-43.6651, -22.8652], [-43.66308031145717, -22.864627252502782], [-43.66647149263293, -22.864956950672646]], [[-43.4484, -22.826], [-43.46929739551787, -22.840429154048053], [-43.4581, -22.849], [-43.4692, -22.8404], [-43.4484, -22.826]], [[-43.4218, -22.8325], [-43.41443740458015, -22.821210687022898], [-43.4151, -22.8214], [-43.4218, -22.8325]], [[-43.3906, -22.8138], [-43.4076, -22.8211], [-43.4109, -22.8202], [-43.41375833333334, -22.82101666666667], [-43.4078, -22.8212], [-43.39044724443484, -22.81380535984439], [-43.3906, -22.8138]], [[-43.3309, -22.8027], [-43.3485, -22.8038], [-43.3301, -22.8027], [-43.32967239165329, -22.80256131621188], [-43.3309, -22.8027]], [[-43.4027, -22.5874], [-43.398, -22.5808], [-43.40302033898305, -22.587461603650585], [-43.4027, -22.5874]], [[-43.40770740740741, -22.588362962962965], [-43.40496666666669, -22.5878358974359], [-43.4071, -22.588], [-43.40770740740741, -22.588362962962965]], [[-43.4153, -22.5929], [-43.4167, -22.5954], [-43.4152, -22.5929], [-43.412034513274264, -22.59094867256633], [-43.4153, -22.5929]], [[-43.3819, -22.6213], [-43.382, -22.621265625000003], [-43.382, -22.6301], [-43.3819, -22.6213]], [[-43.4015, -22.6521], [-43.4014887510513, -22.65235872582002], [-43.382, -22.6301], [-43.4015, -22.6521]], [[-43.4013, -22.6567], [-43.401138846737496, -22.65689666160848], [-43.4012, -22.6568], [-43.40135068493151, -22.655534246575375], [-43.4013, -22.6567]], [[-43.39140568720377, -22.665448815165885], [-43.39644188911705, -22.662628542094453], [-43.3954, -22.6639], [-43.39140568720377, -22.665448815165885]], [[-43.36539767597392, -22.68518493562949], [-43.3654477280492, -22.685143389135632], [-43.3676, -22.6871], [-43.36539767597392, -22.68518493562949]], [[-43.34792734254992, -22.698350947260625], [-43.34859754420432, -22.698188474132287], [-43.3482, -22.6985], [-43.34792734254992, -22.698350947260625]], [[-43.33531812080537, -22.69645489932886], [-43.3407, -22.6944], [-43.3356, -22.6965], [-43.33531812080537, -22.69645489932886]], [[-43.3286, -22.695], [-43.334248648648654, -22.696283783783784], [-43.32836519052523, -22.695342430484036], [-43.3286, -22.695]], [[-43.4963, -22.8138], [-43.4916, -22.8022], [-43.4920988184887, -22.801880368735393], [-43.4963, -22.8138]], [[-43.49258175842235, -22.801570912078883], [-43.5019, -22.7956], [-43.494, -22.8015], [-43.49258175842235, -22.801570912078883]], [[-43.44242434782608, -22.815312608695645], [-43.4425, -22.8154], [-43.4432, -22.8189], [-43.44242434782608, -22.815312608695645]], [[-43.43657996618766, -22.80862899408284], [-43.4367, -22.8087], [-43.439168085106466, -22.811551063829878], [-43.43657996618766, -22.80862899408284]], [[-43.4292, -22.8041], [-43.42868108108108, -22.802600900900906], [-43.42948810289389, -22.804268745980703], [-43.4292, -22.8041]], [[-43.5424, -22.6805], [-43.5433593962999, -22.680662609542356], [-43.5345, -22.6887], [-43.533834399999996, -22.688866400000002], [-43.5424, -22.6805]], [[-43.51236279069767, -22.691711627906976], [-43.5122, -22.6917], [-43.51235384615384, -22.6917], [-43.51236279069767, -22.691711627906976]], [[-43.566, -22.7561], [-43.5597, -22.7579], [-43.55967204968944, -22.757879736024844], [-43.566, -22.7561]], [[-43.6011, -22.7483], [-43.60124160732452, -22.74828967446592], [-43.5985, -22.7525], [-43.6011, -22.7483]], [[-43.6107, -22.7476], [-43.61180634920636, -22.748382539682545], [-43.60998105726872, -22.74765242290749], [-43.6107, -22.7476]], [[-43.616, -22.7618], [-43.61422004809794, -22.750089790118057], [-43.6148, -22.7505], [-43.616868662146516, -22.762629882586406], [-43.616, -22.7618]], [[-43.4225, -22.7497], [-43.42220823909531, -22.749900161550894], [-43.423154838709685, -22.748277419354828], [-43.4225, -22.7497]], [[-43.059376157567385, -22.48649433310297], [-43.0553, -22.4893], [-43.0563, -22.4875], [-43.059376157567385, -22.48649433310297]], [[-43.0447, -22.4916], [-43.03560480787797, -22.493280633326897], [-43.0357, -22.4932], [-43.0447, -22.4916]], [[-43.0266, -22.5068], [-43.0286, -22.5125], [-43.02808522417862, -22.512828262842618], [-43.0266, -22.5068]], [[-43.026344139821795, -22.513938519533927], [-43.0217, -22.5169], [-43.0242, -22.5142], [-43.026344139821795, -22.513938519533927]], [[-42.9061, -22.8169], [-42.886, -22.8676], [-42.8951, -22.8711], [-42.88591730192719, -22.867656488222696], [-42.9061, -22.8169]], [[-42.8791, -22.8703], [-42.87885724353954, -22.87030485512921], [-42.88035569620255, -22.869750632911387], [-42.8791, -22.8703]], [[-42.8574, -22.8771], [-42.85731568047337, -22.876971301775146], [-42.8614, -22.8766], [-42.8574, -22.8771]], [[-42.8471, -22.8728], [-42.8529, -22.871], [-42.85317242524917, -22.871398671096347], [-42.8471, -22.8728]], [[-42.6964, -22.8573], [-42.69605155279503, -22.85724409937888], [-42.69658591549295, -22.85712535211268], [-42.6964, -22.8573]], [[-42.6870288529887, -22.85579660743134], [-42.6913, -22.8555], [-42.69378481203007, -22.856880451127818], [-42.6870288529887, -22.85579660743134]], [[-42.9565776, -22.90098904], [-42.9615, -22.9012], [-42.95599438444925, -22.90148477321814], [-42.9565776, -22.90098904]], [[-43.0217, -22.9602], [-43.02171445603577, -22.9604216592151], [-43.0129, -22.9567], [-43.0217, -22.9602]], [[-42.7433, -22.8281], [-42.7367, -22.8319], [-42.74328307773664, -22.82787154944474], [-42.7433, -22.8281]], [[-43.014134204545456, -22.7192225], [-43.01271629327903, -22.71814684317719], [-43.0141, -22.7189], [-43.014134204545456, -22.7192225]], [[-43.0062, -22.7146], [-43.00119568892646, -22.71667726120034], [-43.0015, -22.7164], [-43.0062, -22.7146]], [[-42.999568669527896, -22.71815965665236], [-42.99677870216306, -22.72100898502496], [-42.997, -22.7205], [-42.999568669527896, -22.71815965665236]], [[-42.995803571428574, -22.723251785714286], [-42.995, -22.7266], [-42.994189189189186, -22.726964864864865], [-42.995803571428574, -22.723251785714286]], [[-42.992322314049595, -22.727804958677684], [-42.991, -22.7284], [-42.99027374301676, -22.72829944134078], [-42.992322314049595, -22.727804958677684]], [[-42.978, -22.7266], [-42.9746, -22.7316], [-42.97445809682805, -22.731519309961048], [-42.978, -22.7266]], [[-42.9673, -22.7218], [-42.9626, -22.7255], [-42.962617328519855, -22.72514476534296], [-42.9673, -22.7218]], [[-42.95955663716814, -22.71512920353982], [-42.9573, -22.7154], [-42.9596, -22.7149], [-42.95955663716814, -22.71512920353982]], [[-42.9472156133829, -22.711311152416357], [-42.9468, -22.7112], [-42.94658574610246, -22.71086124721604], [-42.9472156133829, -22.711311152416357]], [[-42.9348, -22.6924], [-42.9249, -22.6872], [-42.92328487712665, -22.68571947069943], [-42.9348, -22.6924]], [[-42.91985593220339, -22.68257627118644], [-42.9189, -22.6817], [-42.918798634076204, -22.68130129403307], [-42.91985593220339, -22.68257627118644]]], [[[-43.5688, -23.0815], [-43.5689, -23.0816], [-43.5692, -23.0815], [-43.5691, -23.0813], [-43.5688, -23.0815]]], [[[-43.561, -23.0807], [-43.5618, -23.0823], [-43.5638, -23.0819], [-43.5614, -23.0787], [-43.56, -23.0801], [-43.5595, -23.0812], [-43.561, -23.0807]]], [[[-43.5734, -23.0726], [-43.573, -23.0731], [-43.5737, -23.0735], [-43.5743, -23.0729], [-43.5734, -23.0726]]], [[[-43.5144, -23.0654], [-43.5114, -23.0613], [-43.5079, -23.0645], [-43.5091, -23.0656], [-43.5144, -23.0654]]], [[[-43.512, -23.0611], [-43.5127, -23.0611], [-43.511, -23.0602], [-43.5113, -23.0607], [-43.512, -23.0611]]], [[[-43.5675, -23.06], [-43.5677, -23.0599], [-43.5676, -23.0597], [-43.5674, -23.0598], [-43.5675, -23.06]]], [[[-43.5659, -23.0587], [-43.5661, -23.0591], [-43.5665, -23.0591], [-43.5663, -23.0586], [-43.5659, -23.0587]]], [[[-43.5667, -23.0589], [-43.5672, -23.0596], [-43.5677, -23.0593], [-43.566, -23.058], [-43.5667, -23.0589]]], [[[-43.5657, -23.0588], [-43.5658, -23.0588], [-43.5658, -23.0587], [-43.5657, -23.0588]]], [[[-43.564, -23.0583], [-43.5633, -23.0574], [-43.5629, -23.0581], [-43.5637, -23.0591], [-43.564, -23.0583]]], [[[-43.5659, -23.057], [-43.5656, -23.0555], [-43.5656, -23.0554], [-43.5653, -23.0582], [-43.5659, -23.057]]], [[[-43.5647, -23.0538], [-43.5652, -23.0533], [-43.5633, -23.0548], [-43.5642, -23.0544], [-43.5647, -23.0538]]], [[[-43.5079, -23.0527], [-43.5084, -23.0538], [-43.5094, -23.0542], [-43.5095, -23.0531], [-43.5079, -23.0527]]], [[[-43.5644, -23.0519], [-43.5665, -23.0525], [-43.5695, -23.051], [-43.5647, -23.0515], [-43.5644, -23.0519]]], [[[-43.5696, -23.0508], [-43.5694, -23.0507], [-43.5691, -23.0507], [-43.5694, -23.0509], [-43.5696, -23.0508]]], [[[-43.57, -23.0496], [-43.5694, -23.0499], [-43.5701, -23.0505], [-43.5708, -23.0497], [-43.57, -23.0496]]], [[[-43.3107, -23.0468], [-43.3101, -23.0467], [-43.31, -23.0473], [-43.3105, -23.0472], [-43.3107, -23.0468]]], [[[-43.5842, -23.0442], [-43.5836, -23.0444], [-43.583, -23.0454], [-43.5847, -23.0444], [-43.5842, -23.0442]]], [[[-43.3102, -23.0441], [-43.31, -23.0443], [-43.31, -23.0445], [-43.3105, -23.0444], [-43.3102, -23.0441]]], [[[-43.5884, -23.0427], [-43.5865, -23.0429], [-43.5856, -23.0448], [-43.5868, -23.0444], [-43.5884, -23.0427]]], [[[-43.5942, -23.0421], [-43.5905, -23.0414], [-43.5886, -23.0427], [-43.5925, -23.0427], [-43.5942, -23.0421]]], [[[-43.593, -23.041], [-43.5929, -23.0414], [-43.5933, -23.0414], [-43.5935, -23.0413], [-43.593, -23.041]]], [[[-43.5792, -23.0445], [-43.5804, -23.0404], [-43.5814, -23.0391], [-43.5883, -23.0357], [-43.5835, -23.0368], [-43.5791, -23.0407], [-43.5777, -23.044], [-43.5792, -23.0445]]], [[[-43.303, -23.0372], [-43.3026, -23.0384], [-43.3079, -23.0387], [-43.304, -23.0365], [-43.303, -23.0372]]], [[[-43.3159, -23.0377], [-43.3167, -23.0375], [-43.3164, -23.0372], [-43.3157, -23.0376], [-43.3159, -23.0377]]], [[[-43.5997, -23.0277], [-43.5956, -23.0325], [-43.5867, -23.0377], [-43.5808, -23.0404], [-43.5799, -23.0446], [-43.5785, -23.0461], [-43.5897, -23.0407], [-43.6023, -23.039], [-43.604, -23.0291], [-43.6026, -23.029], [-43.5997, -23.0277]]], [[[-43.4678, -23.0362], [-43.469, -23.0379], [-43.4722, -23.0363], [-43.47, -23.0337], [-43.4678, -23.0362]]], [[[-43.3049, -23.0339], [-43.3048, -23.034], [-43.3048, -23.0341], [-43.305, -23.0341], [-43.3049, -23.0339]]], [[[-43.3056, -23.0336], [-43.3058, -23.0333], [-43.3053, -23.0332], [-43.3053, -23.0336], [-43.3056, -23.0336]]], [[[-43.2984, -23.0319], [-43.2987, -23.0342], [-43.3013, -23.0333], [-43.3011, -23.0316], [-43.2984, -23.0319]]], [[[-43.2759, -23.0288], [-43.2758, -23.0306], [-43.2767, -23.0307], [-43.2784, -23.0302], [-43.2759, -23.0288]]], [[[-43.2581, -22.8247], [-43.2576, -22.8263], [-43.2592, -22.8266], [-43.2599, -22.8251], [-43.2581, -22.8247]]], [[[-43.1983, -23.0742], [-43.1989, -23.0748], [-43.2005, -23.0737], [-43.1996, -23.073], [-43.1983, -23.0742]]], [[[-43.1991, -23.0715], [-43.1982, -23.069], [-43.1937, -23.0674], [-43.1911, -23.0708], [-43.1928, -23.0741], [-43.1991, -23.0715]]], [[[-43.2083, -23.0399], [-43.2074, -23.0378], [-43.1968, -23.0347], [-43.2019, -23.0377], [-43.2057, -23.0401], [-43.2083, -23.0399]]], [[[-43.1961, -23.0337], [-43.1949, -23.0325], [-43.1946, -23.0326], [-43.1952, -23.0338], [-43.1961, -23.0337]]], [[[-43.1932, -23.0313], [-43.1927, -23.0317], [-43.1937, -23.0318], [-43.1937, -23.0316], [-43.1932, -23.0313]]], [[[-43.1924, -23.029], [-43.1912, -23.0295], [-43.1915, -23.0302], [-43.1926, -23.0301], [-43.1924, -23.029]]], [[[-43.2013, -23.0257], [-43.2007, -23.0267], [-43.2021, -23.0274], [-43.2063, -23.026], [-43.2013, -23.0257]]], [[[-43.1905, -23.0261], [-43.1918, -23.0277], [-43.1953, -23.0274], [-43.1919, -23.0253], [-43.1905, -23.0261]]], [[[-43.1828, -23.0214], [-43.182, -23.0234], [-43.1838, -23.0224], [-43.1837, -23.0216], [-43.1828, -23.0214]]], [[[-43.1579, -22.913], [-43.1606, -22.9166], [-43.1614, -22.9164], [-43.1606, -22.9129], [-43.1579, -22.913]]], [[[-43.166, -22.8966], [-43.1659, -22.897], [-43.1668, -22.8973], [-43.167, -22.8969], [-43.166, -22.8966]]], [[[-43.1717, -22.8977], [-43.1713, -22.8987], [-43.175, -22.8975], [-43.1759, -22.8956], [-43.1747, -22.8931], [-43.1677, -22.8964], [-43.1717, -22.8977]]], [[[-43.2087, -22.8895], [-43.2111, -22.8871], [-43.2091, -22.8864], [-43.2074, -22.889], [-43.2091, -22.892], [-43.2087, -22.8895]]], [[[-43.1962, -22.8877], [-43.1977, -22.8881], [-43.1978, -22.8878], [-43.1955, -22.8871], [-43.1962, -22.8877]]], [[[-43.1732, -22.883], [-43.1736, -22.8841], [-43.1769, -22.8842], [-43.1756, -22.8828], [-43.1732, -22.883]]], [[[-43.2313, -22.8441], [-43.2324, -22.8475], [-43.2278, -22.8551], [-43.2225, -22.8589], [-43.2152, -22.8572], [-43.2083, -22.8585], [-43.209, -22.8604], [-43.2145, -22.8597], [-43.2195, -22.8618], [-43.218, -22.8634], [-43.2167, -22.8618], [-43.2151, -22.8637], [-43.2141, -22.8678], [-43.2157, -22.8705], [-43.22, -22.8696], [-43.2219, -22.8707], [-43.2277, -22.867], [-43.2317, -22.8664], [-43.2325, -22.8631], [-43.2362, -22.8611], [-43.2365, -22.8539], [-43.241, -22.8466], [-43.24, -22.8423], [-43.2432, -22.8382], [-43.2417, -22.8369], [-43.2376, -22.8392], [-43.2323, -22.8386], [-43.2318, -22.8361], [-43.2293, -22.8372], [-43.2237, -22.8393], [-43.2198, -22.8448], [-43.2219, -22.8488], [-43.2242, -22.8466], [-43.2223, -22.8438], [-43.2239, -22.8419], [-43.2262, -22.8415], [-43.2313, -22.8441]]], [[[-43.1741, -22.8388], [-43.1756, -22.8376], [-43.1757, -22.8366], [-43.173, -22.8384], [-43.1741, -22.8388]]], [[[-43.1674, -22.8291], [-43.1672, -22.8291], [-43.1671, -22.8292], [-43.1676, -22.8293], [-43.1674, -22.8291]]], [[[-43.2545, -22.8255], [-43.2543, -22.8255], [-43.2541, -22.8256], [-43.2542, -22.8258], [-43.2545, -22.8255]]], [[[-43.255, -22.8242], [-43.2546, -22.8248], [-43.2547, -22.8253], [-43.2556, -22.8245], [-43.255, -22.8242]]], [[[-43.1628, -22.8201], [-43.1626, -22.8201], [-43.1628, -22.8203], [-43.1631, -22.8199], [-43.1627, -22.8195], [-43.1625, -22.8197], [-43.1628, -22.8201]]], [[[-43.1653, -22.8131], [-43.1621, -22.8112], [-43.1607, -22.8146], [-43.1617, -22.8151], [-43.1653, -22.8131]]], [[[-43.2091, -22.8183], [-43.2084, -22.8162], [-43.2097, -22.8172], [-43.2102, -22.8157], [-43.2145, -22.8178], [-43.2168, -22.8172], [-43.2211, -22.8196], [-43.2209, -22.821], [-43.2224, -22.819], [-43.2264, -22.8205], [-43.2378, -22.8328], [-43.2418, -22.8339], [-43.2475, -22.8311], [-43.2488, -22.8288], [-43.2515, -22.8285], [-43.25, -22.8237], [-43.2609, -22.818], [-43.2656, -22.813], [-43.2656, -22.8107], [-43.2564, -22.7972], [-43.2522, -22.7973], [-43.2448, -22.7919], [-43.2339, -22.7916], [-43.2289, -22.7882], [-43.2288, -22.7844], [-43.2309, -22.7845], [-43.2285, -22.7836], [-43.2177, -22.786], [-43.2077, -22.795], [-43.1982, -22.7936], [-43.1917, -22.7946], [-43.1918, -22.7965], [-43.1886, -22.7946], [-43.1883, -22.7885], [-43.1916, -22.7878], [-43.1903, -22.7878], [-43.1894, -22.7832], [-43.1857, -22.7847], [-43.1829, -22.7815], [-43.1819, -22.7834], [-43.1792, -22.7834], [-43.1767, -22.7812], [-43.1757, -22.7772], [-43.1723, -22.7756], [-43.1713, -22.777], [-43.1732, -22.7793], [-43.1703, -22.7829], [-43.168, -22.7824], [-43.1694, -22.7811], [-43.1663, -22.7772], [-43.1575, -22.7786], [-43.1555, -22.7841], [-43.1563, -22.7862], [-43.1692, -22.7932], [-43.1752, -22.8012], [-43.1784, -22.8022], [-43.1773, -22.8106], [-43.1749, -22.8125], [-43.1765, -22.8154], [-43.175, -22.8197], [-43.1698, -22.8217], [-43.1655, -22.8201], [-43.1639, -22.8229], [-43.1682, -22.8247], [-43.1702, -22.8312], [-43.1737, -22.8312], [-43.1747, -22.8292], [-43.173, -22.8287], [-43.1726, -22.8253], [-43.1755, -22.8238], [-43.1768, -22.8251], [-43.1758, -22.8272], [-43.1848, -22.8335], [-43.1846, -22.8301], [-43.1896, -22.8287], [-43.1877, -22.8266], [-43.1911, -22.8203], [-43.1964, -22.8189], [-43.2039, -22.8202], [-43.2107, -22.8181], [-43.2091, -22.8183]]], [[[-43.1687, -22.7998], [-43.1685, -22.8002], [-43.1693, -22.8007], [-43.1693, -22.8001], [-43.1687, -22.7998]]], [[[-43.1577, -22.7999], [-43.1575, -22.7999], [-43.1573, -22.8002], [-43.1578, -22.8003], [-43.1577, -22.7999]]], [[[-43.1689, -22.7687], [-43.169, -22.7688], [-43.169, -22.7687], [-43.1689, -22.7687]]], [[[-43.1676, -22.7683], [-43.1679, -22.7691], [-43.1685, -22.7687], [-43.1679, -22.7679], [-43.1676, -22.7683]]], [[[-43.1686, -22.7682], [-43.1687, -22.7681], [-43.1686, -22.768], [-43.1686, -22.7682]]], [[[-43.1683, -22.7678], [-43.1684, -22.7679], [-43.1686, -22.7678], [-43.1684, -22.7678], [-43.1683, -22.7678]]], [[[-43.1682, -22.7678], [-43.1683, -22.7677], [-43.1683, -22.7676], [-43.1682, -22.7678]]], [[[-43.1692, -22.7675], [-43.1691, -22.7676], [-43.1693, -22.7678], [-43.1694, -22.7676], [-43.1692, -22.7675]]], [[[-43.1678, -22.7677], [-43.168, -22.7677], [-43.168, -22.7674], [-43.1678, -22.7676], [-43.1678, -22.7677]]], [[[-43.1686, -22.7673], [-43.1685, -22.7675], [-43.1686, -22.7675], [-43.1688, -22.7676], [-43.1689, -22.7675], [-43.1687, -22.7674], [-43.1686, -22.7673]]], [[[-43.1688, -22.7672], [-43.1689, -22.7674], [-43.1691, -22.7675], [-43.1691, -22.7672], [-43.1688, -22.7672]]], [[[-43.1684, -22.7672], [-43.1683, -22.7672], [-43.1683, -22.7673], [-43.1684, -22.7672]]], [[[-43.169, -22.767], [-43.1689, -22.767], [-43.1689, -22.7671], [-43.169, -22.767]]], [[[-43.1692, -22.7669], [-43.1692, -22.7668], [-43.1691, -22.7668], [-43.1691, -22.7669], [-43.1692, -22.7669]]], [[[-43.1688, -22.7668], [-43.1687, -22.7667], [-43.1687, -22.7668], [-43.1688, -22.7668]]], [[[-43.1692, -22.7667], [-43.1691, -22.7666], [-43.1691, -22.7667], [-43.1692, -22.7667]]], [[[-43.1814, -22.726], [-43.181, -22.726], [-43.1808, -22.726], [-43.1809, -22.7264], [-43.1814, -22.726]]], [[[-43.1423, -23.0659], [-43.1478, -23.0649], [-43.1482, -23.0607], [-43.1499, -23.06], [-43.1472, -23.0608], [-43.1429, -23.0641], [-43.1423, -23.0659]]], [[[-43.149, -22.9658], [-43.1514, -22.9667], [-43.1494, -22.9652], [-43.1511, -22.9643], [-43.1499, -22.9623], [-43.1473, -22.9617], [-43.1473, -22.9632], [-43.149, -22.9658]]], [[[-43.1156, -22.9517], [-43.115, -22.9521], [-43.1155, -22.9524], [-43.1168, -22.9519], [-43.1156, -22.9517]]], [[[-43.148, -22.9351], [-43.1479, -22.9352], [-43.1486, -22.9355], [-43.1485, -22.9353], [-43.148, -22.9351]]], [[[-43.1462, -22.9345], [-43.1472, -22.935], [-43.1474, -22.9346], [-43.1462, -22.9342], [-43.1462, -22.9345]]], [[[-43.1261, -22.9106], [-43.1259, -22.9103], [-43.1258, -22.91], [-43.1252, -22.91], [-43.1261, -22.9106]]], [[[-43.1312, -22.909], [-43.131, -22.9088], [-43.1308, -22.909], [-43.1309, -22.909], [-43.1312, -22.909]]], [[[-43.1184, -22.8751], [-43.12, -22.8773], [-43.1239, -22.8765], [-43.1251, -22.8746], [-43.1184, -22.8751]]], [[[-43.1384, -22.8756], [-43.1366, -22.8739], [-43.1382, -22.8691], [-43.1332, -22.868], [-43.1328, -22.8696], [-43.1346, -22.8697], [-43.1344, -22.8708], [-43.1319, -22.8711], [-43.1315, -22.8737], [-43.1352, -22.8755], [-43.1374, -22.8761], [-43.1384, -22.8756]]], [[[-43.129, -22.8662], [-43.1314, -22.8659], [-43.128, -22.8615], [-43.1264, -22.8641], [-43.129, -22.8662]]], [[[-43.123, -22.8587], [-43.1168, -22.8585], [-43.1198, -22.8637], [-43.1261, -22.8627], [-43.1266, -22.8618], [-43.123, -22.8587]]], [[[-43.116, -22.8545], [-43.1167, -22.8545], [-43.1165, -22.8538], [-43.1158, -22.8537], [-43.116, -22.8545]]], [[[-43.12, -22.8061], [-43.1205, -22.8064], [-43.1209, -22.8063], [-43.1205, -22.8057], [-43.12, -22.8061]]], [[[-43.1229, -22.8055], [-43.1233, -22.807], [-43.1238, -22.8071], [-43.1226, -22.8045], [-43.1229, -22.8055]]], [[[-43.1179, -22.8024], [-43.1171, -22.8037], [-43.1179, -22.8044], [-43.1196, -22.8038], [-43.1179, -22.8024]]], [[[-43.1233, -22.7978], [-43.1227, -22.799], [-43.1237, -22.7993], [-43.1239, -22.7984], [-43.1233, -22.7978]]], [[[-43.1118, -22.7969], [-43.1134, -22.7973], [-43.1138, -22.7964], [-43.1117, -22.7957], [-43.1118, -22.7969]]], [[[-43.1211, -22.7965], [-43.1224, -22.7971], [-43.1228, -22.7964], [-43.1212, -22.7957], [-43.1211, -22.7965]]], [[[-43.1557, -22.7947], [-43.1558, -22.7947], [-43.1559, -22.7947], [-43.1558, -22.7946], [-43.1557, -22.7947]]], [[[-43.1555, -22.7947], [-43.1555, -22.7946], [-43.1554, -22.7946], [-43.1555, -22.7947]]], [[[-43.1559, -22.7943], [-43.1559, -22.7944], [-43.1559, -22.7945], [-43.156, -22.7944], [-43.1559, -22.7943]]], [[[-43.15495, -22.7941], [-43.1549, -22.7941], [-43.1549, -22.7942], [-43.15498, -22.79412], [-43.15495, -22.7941]]], [[[-43.15495, -22.7941], [-43.155, -22.7941], [-43.15498, -22.79412], [-43.1551, -22.7942], [-43.1555, -22.7946], [-43.1558, -22.7946], [-43.1559, -22.7946], [-43.1557, -22.7939], [-43.1553, -22.7934], [-43.1548, -22.794], [-43.15495, -22.7941]]], [[[-43.1558, -22.792], [-43.1557, -22.7921], [-43.1558, -22.7921], [-43.1558, -22.792]]], [[[-43.1555, -22.7921], [-43.1555, -22.792], [-43.1554, -22.792], [-43.1554, -22.7921], [-43.1555, -22.7921]]], [[[-43.1555, -22.7919], [-43.1555, -22.792], [-43.1556, -22.7919], [-43.1556, -22.7918], [-43.1555, -22.7919]]], [[[-43.1523, -22.7904], [-43.1523, -22.7902], [-43.1522, -22.7902], [-43.1522, -22.7903], [-43.1523, -22.7904]]], [[[-43.152, -22.7902], [-43.1514, -22.7894], [-43.1512, -22.7897], [-43.1518, -22.7907], [-43.152, -22.7902]]], [[[-43.1491, -22.7889], [-43.1486, -22.7891], [-43.1486, -22.7895], [-43.1493, -22.7895], [-43.1491, -22.7889]]], [[[-43.1494, -22.7867], [-43.1506, -22.7881], [-43.1516, -22.7875], [-43.1509, -22.7869], [-43.1494, -22.7867]]], [[[-43.1381, -22.7827], [-43.1376, -22.7827], [-43.1375, -22.7833], [-43.1384, -22.783], [-43.1381, -22.7827]]], [[[-43.1404, -22.7819], [-43.1405, -22.7822], [-43.1409, -22.7819], [-43.1404, -22.7817], [-43.1404, -22.7819]]], [[[-43.1377, -22.7767], [-43.1382, -22.7774], [-43.1388, -22.7767], [-43.1376, -22.776], [-43.1377, -22.7767]]], [[[-43.1416, -22.7766], [-43.1408, -22.7759], [-43.1396, -22.7761], [-43.1392, -22.7769], [-43.1416, -22.7766]]], [[[-43.1561, -22.7732], [-43.1528, -22.7717], [-43.152, -22.7739], [-43.1598, -22.7755], [-43.1602, -22.7719], [-43.1623, -22.7716], [-43.1599, -22.7702], [-43.1561, -22.7732]]], [[[-43.1145, -22.7696], [-43.1152, -22.7704], [-43.1155, -22.7703], [-43.1151, -22.7696], [-43.1145, -22.7696]]], [[[-43.1171, -22.7691], [-43.1166, -22.7689], [-43.1164, -22.7692], [-43.1171, -22.7695], [-43.1171, -22.7691]]], [[[-43.1178, -22.758], [-43.1211, -22.7573], [-43.1181, -22.7535], [-43.1145, -22.7559], [-43.1178, -22.758]]], [[[-43.1289, -22.748], [-43.129, -22.7466], [-43.1269, -22.7462], [-43.1256, -22.7466], [-43.1241, -22.7483], [-43.1289, -22.748]]], [[[-42.9291, -23.0249], [-42.9291, -23.0252], [-42.9293, -23.0252], [-42.9294, -23.0249], [-42.9291, -23.0249]]], [[[-42.9274, -23.0215], [-42.9254, -23.0207], [-42.9254, -23.0218], [-42.9279, -23.0243], [-42.929, -23.0243], [-42.9274, -23.0215]]], [[[-42.9196, -23.0166], [-42.9239, -23.0186], [-42.9209, -23.0129], [-42.9145, -23.0079], [-42.9131, -23.0089], [-42.9196, -23.0166]]], [[[-42.9072, -23.0069], [-42.9077, -23.0074], [-42.9088, -23.0075], [-42.9069, -23.0056], [-42.9072, -23.0069]]], [[[-42.9072, -23.0049], [-42.9078, -23.0058], [-42.9095, -23.0059], [-42.9077, -23.0047], [-42.9072, -23.0049]]], [[[-43.0889, -22.988], [-43.0817, -22.9859], [-43.0817, -22.988], [-43.0857, -22.9897], [-43.0889, -22.988]]], [[[-43.0677, -22.9829], [-43.0627, -22.9811], [-43.0624, -22.9834], [-43.0664, -22.986], [-43.0685, -22.9859], [-43.0677, -22.9829]]], [[[-43.0549, -22.9795], [-43.054, -22.9774], [-43.0529, -22.9774], [-43.0544, -22.9811], [-43.0549, -22.9795]]], [[[-42.6912, -22.9623], [-42.6917, -22.9622], [-42.6923, -22.9621], [-42.691, -22.9621], [-42.6912, -22.9623]]], [[[-43.1031, -22.957], [-43.105, -22.9576], [-43.1057, -22.9571], [-43.1023, -22.9552], [-43.1031, -22.957]]], [[[-43.1021, -22.9312], [-43.1017, -22.931], [-43.1014, -22.9311], [-43.1019, -22.9314], [-43.1021, -22.9312]]], [[[-43.1057, -22.8483], [-43.1058, -22.8463], [-43.1037, -22.8459], [-43.1039, -22.8476], [-43.1057, -22.8483]]], [[[-43.1079, -22.8465], [-43.1076, -22.8469], [-43.1082, -22.8474], [-43.1084, -22.8473], [-43.1079, -22.8465]]], [[[-43.106, -22.8399], [-43.1078, -22.8408], [-43.1155, -22.8336], [-43.1115, -22.8304], [-43.1076, -22.8322], [-43.1047, -22.8348], [-43.106, -22.8399]]], [[[-43.0959, -22.8193], [-43.0934, -22.8204], [-43.0944, -22.823], [-43.102, -22.8297], [-43.1044, -22.8294], [-43.0959, -22.8193]]], [[[-43.1089, -22.8], [-43.1081, -22.8008], [-43.111, -22.8029], [-43.112, -22.8032], [-43.1117, -22.8017], [-43.1089, -22.8]]], [[[-43.1041, -22.7911], [-43.1046, -22.7913], [-43.1046, -22.792], [-43.105, -22.791], [-43.1041, -22.7911]]], [[[-43.1049, -22.7903], [-43.1052, -22.7906], [-43.1062, -22.7917], [-43.1066, -22.7914], [-43.1049, -22.7903]]], [[[-43.1009, -22.7894], [-43.1009, -22.7896], [-43.1016, -22.7899], [-43.1012, -22.7894], [-43.1009, -22.7894]]], [[[-43.0995, -22.7887], [-43.1003, -22.7893], [-43.1006, -22.789], [-43.0995, -22.7883], [-43.0995, -22.7887]]], [[[-43.1061, -22.7765], [-43.1052, -22.7773], [-43.1062, -22.7778], [-43.107, -22.7769], [-43.1061, -22.7765]]], [[[-43.0725, -22.7744], [-43.0726, -22.7747], [-43.0729, -22.7746], [-43.0727, -22.7742], [-43.0725, -22.7744]]], [[[-43.0728, -22.7738], [-43.0736, -22.7745], [-43.0743, -22.7741], [-43.0738, -22.7733], [-43.0728, -22.7738]]], [[[-43.1018, -22.7624], [-43.1015, -22.7629], [-43.1022, -22.7633], [-43.1023, -22.7629], [-43.1018, -22.7624]]], [[[-43.0698, -22.7603], [-43.0696, -22.7603], [-43.0697, -22.7607], [-43.0699, -22.7607], [-43.0698, -22.7603]]], [[[-43.1082, -22.77], [-43.1112, -22.7695], [-43.1144, -22.7676], [-43.1107, -22.7663], [-43.1102, -22.7647], [-43.1116, -22.7608], [-43.1099, -22.7587], [-43.1128, -22.7541], [-43.1092, -22.7518], [-43.1094, -22.749], [-43.1055, -22.7488], [-43.1018, -22.752], [-43.1071, -22.7551], [-43.1085, -22.7578], [-43.1069, -22.7632], [-43.1027, -22.7634], [-43.1025, -22.7651], [-43.1082, -22.77]]], [[[-43.0313, -22.7468], [-43.0327, -22.7424], [-43.0307, -22.7404], [-43.0273, -22.744], [-43.0313, -22.7468]]], [[[-43.0635, -22.6945], [-43.0639, -22.6948], [-43.0644, -22.6945], [-43.064, -22.6943], [-43.0635, -22.6945]]], [[[-43.1048, -22.6921], [-43.105, -22.6925], [-43.1054, -22.692], [-43.105, -22.6919], [-43.1048, -22.6921]]], [[[-43.0607, -22.69], [-43.0612, -22.6909], [-43.062, -22.6907], [-43.0605, -22.6895], [-43.0607, -22.69]]]]}}, {"type": "Feature", "properties": {"metro_id": "BRM17", "metro_name": "Natal RM", "n_members": 10, "n_missing": 0, "n_states": 1, "states": "RioGrandedoNorte"}, "geometry": {"type": "Polygon", "coordinates": [[[-35.4324, -6.1354], [-35.4358, -6.1402], [-35.4415, -6.1391], [-35.4437, -6.1406], [-35.4655, -6.1216], [-35.4766, -6.1202], [-35.4796, -6.1177], [-35.4772, -6.116], [-35.4832, -6.1144], [-35.4855, -6.1187], [-35.4899, -6.1135], [-35.5002, -6.1121], [-35.5265, -6.0905], [-35.5311, -6.092], [-35.5342, -6.0902], [-35.5379, -6.0808], [-35.5366, -6.0754], [-35.5454, -6.0556], [-35.5467, -6.054], [-35.5513, -6.0483], [-35.5577, -6.0468], [-35.5374, -5.9957], [-35.5556, -5.9485], [-35.5722, -5.9323], [-35.5291, -5.8819], [-35.4875, -5.8297], [-35.47144775548982, -5.834174996221362], [-35.4469, -5.7334], [-35.452, -5.7296], [-35.4582, -5.7178], [-35.461, -5.716], [-35.4702, -5.7167], [-35.4731, -5.7129], [-35.4768, -5.7128], [-35.4867, -5.7215], [-35.4954, -5.7164], [-35.4999, -5.717], [-35.5474, -5.7096], [-35.5475, -5.7027], [-35.5519, -5.7033], [-35.5482, -5.6881], [-35.4944, -5.666], [-35.5121, -5.6501], [-35.5214, -5.5777], [-35.5018, -5.4923], [-35.4976, -5.4917], [-35.4926, -5.4873], [-35.4856, -5.4882], [-35.4813, -5.4847], [-35.4772, -5.4856], [-35.4751, -5.4843], [-35.4709, -5.4858], [-35.4639, -5.4767], [-35.4596, -5.477], [-35.4561, -5.4744], [-35.4543, -5.4698], [-35.4515, -5.4705], [-35.4496, -5.4689], [-35.4392, -5.4672], [-35.4374, -5.4696], [-35.4338, -5.4689], [-35.4244, -5.4628], [-35.4232, -5.4602], [-35.4209, -5.4605], [-35.417, -5.4572], [-35.4117, -5.4574], [-35.4089, -5.4592], [-35.4092, -5.4614], [-35.4035, -5.4646], [-35.3931, -5.4649], [-35.3908, -5.4669], [-35.3875, -5.4664], [-35.3823, -5.469], [-35.3799, -5.4656], [-35.3709, -5.4647], [-35.3654, -5.4683], [-35.3574, -5.4701], [-35.3507, -5.4765], [-35.344, -5.4788], [-35.3289, -5.4901], [-35.3214, -5.4883], [-35.3121, -5.4913], [-35.3059, -5.4868], [-35.3015, -5.4868], [-35.2975, -5.4871], [-35.2959, -5.4888], [-35.2964, -5.4919], [-35.2913, -5.4941], [-35.287, -5.4946], [-35.2836, -5.4926], [-35.2794, -5.4966], [-35.2791, -5.5011], [-35.2752, -5.5016], [-35.2718, -5.5069], [-35.2696, -5.5066], [-35.2719, -5.5093], [-35.2699, -5.5173], [-35.2584, -5.5304], [-35.2562, -5.5299], [-35.2576, -5.5268], [-35.2557, -5.5258], [-35.2552, -5.5212], [-35.2535, -5.5202], [-35.2558, -5.5169], [-35.2524, -5.5179], [-35.2477, -5.5155], [-35.2517, -5.5212], [-35.25, -5.5216], [-35.2484, -5.5282], [-35.2495, -5.5392], [-35.2484, -5.5461], [-35.2437, -5.5579], [-35.2379, -5.5645], [-35.2362, -5.5715], [-35.2315, -5.5752], [-35.2286, -5.5746], [-35.2262, -5.581], [-35.2272, -5.5888], [-35.2252, -5.591], [-35.225, -5.5978], [-35.2271, -5.6121], [-35.2254, -5.6225], [-35.2224, -5.6286], [-35.2199, -5.6304], [-35.2165, -5.6284], [-35.2145, -5.63], [-35.2171, -5.6318], [-35.2178, -5.645], [-35.2158, -5.6587], [-35.2177, -5.6631], [-35.2162, -5.6764], [-35.212, -5.6844], [-35.2045, -5.6933], [-35.2015, -5.6948], [-35.1957, -5.6932], [-35.1922, -5.7006], [-35.2004, -5.7209], [-35.2036, -5.7432], [-35.202, -5.7512], [-35.1943, -5.7552], [-35.1926, -5.7809], [-35.1894, -5.784], [-35.1871, -5.7902], [-35.1821, -5.793], [-35.1817, -5.797], [-35.1792, -5.799], [-35.1814, -5.8257], [-35.1788, -5.8664], [-35.1745, -5.8762], [-35.1691, -5.8819], [-35.165, -5.8831], [-35.1614, -5.8795], [-35.1558, -5.8834], [-35.1539, -5.883], [-35.1529, -5.8863], [-35.1541, -5.8978], [-35.157, -5.9218], [-35.1565, -5.9259], [-35.1543, -5.9287], [-35.1538, -5.9419], [-35.151, -5.9538], [-35.1475, -5.9602], [-35.143, -5.9647], [-35.1373, -5.9665], [-35.1334, -5.9646], [-35.1289, -5.9672], [-35.1213, -5.9786], [-35.121, -5.9817], [-35.1173, -5.9858], [-35.1143, -5.986], [-35.1115, -5.9991], [-35.1063, -6.0065], [-35.1061, -6.0119], [-35.1097, -6.0273], [-35.1094, -6.0456], [-35.106, -6.0541], [-35.1016, -6.0567], [-35.0974, -6.0552], [-35.0963, -6.0573], [-35.0985, -6.0653], [-35.0976, -6.0702], [-35.1005, -6.0738], [-35.0987, -6.0826], [-35.1003, -6.1107], [-35.0982, -6.1185], [-35.0978, -6.1398], [-35.1112, -6.1346], [-35.1276, -6.146], [-35.1281, -6.1409], [-35.1317, -6.1367], [-35.1362, -6.1386], [-35.1361, -6.1404], [-35.1384, -6.1422], [-35.1454, -6.136], [-35.1527, -6.135], [-35.1623, -6.1361], [-35.1628, -6.1386], [-35.1579, -6.1432], [-35.157, -6.1482], [-35.1569, -6.1508], [-35.1602, -6.1543], [-35.1745, -6.1645], [-35.1876, -6.1652], [-35.196, -6.1635], [-35.2135, -6.1743], [-35.2203, -6.1708], [-35.2248, -6.1681], [-35.2375, -6.1647], [-35.2507, -6.1669], [-35.2597, -6.1704], [-35.2981, -6.1613], [-35.2857, -6.2053], [-35.319, -6.191], [-35.3524, -6.182], [-35.4135, -6.1324], [-35.4233, -6.1327], [-35.4324, -6.1354]], [[-35.3734, -5.9874], [-35.37302764839127, -5.987225145697254], [-35.5467, -6.054], [-35.3734, -5.9874]], [[-35.20744324324324, -5.739843243243245], [-35.2078, -5.7402], [-35.2036, -5.7432], [-35.20744324324324, -5.739843243243245]], [[-35.2807, -5.8365], [-35.2815, -5.822], [-35.282, -5.8295], [-35.2807, -5.8365]], [[-35.2824, -5.8498], [-35.282034767339766, -5.850201755926258], [-35.2831, -5.838], [-35.2824, -5.8498]], [[-35.3691, -6.0536], [-35.3651, -6.0555], [-35.3606, -6.057], [-35.3691, -6.0536]], [[-35.3052, -5.9588], [-35.3154, -5.9677], [-35.30445130976602, -5.958750635808749], [-35.3052, -5.9588]], [[-35.2297, -6.02], [-35.23278834196891, -6.00676424870466], [-35.2328, -6.008], [-35.2297, -6.02]], [[-35.23713723041998, -6.068496821793413], [-35.23742153846154, -6.067454358974368], [-35.2375, -6.0683], [-35.23713723041998, -6.068496821793413]], [[-35.23445259515571, -6.102242675893885], [-35.2337358565737, -6.101963944223107], [-35.2345, -6.1015], [-35.23445259515571, -6.102242675893885]], [[-35.3534, -6.0499], [-35.3195, -6.0491], [-35.3233, -6.0482], [-35.3534, -6.0499]], [[-35.260512047670645, -5.809396533044425], [-35.26242441187813, -5.81034369456228], [-35.2612, -5.81], [-35.260512047670645, -5.809396533044425]], [[-35.2523, -5.7982], [-35.257499410464256, -5.806753868828294], [-35.2555, -5.805], [-35.2523, -5.7982]], [[-35.2873, -5.7621], [-35.2866, -5.7635], [-35.2874451568895, -5.760908185538872], [-35.2873, -5.7621]], [[-35.27662358812381, -5.721777877447884], [-35.2911, -5.7309], [-35.2767, -5.7219], [-35.27662358812381, -5.721777877447884]], [[-35.2599, -5.7062], [-35.26027545126354, -5.706950902527077], [-35.2547, -5.7101], [-35.2599, -5.7062]], [[-35.2115, -5.7363], [-35.2261, -5.7273], [-35.20987995391706, -5.737714976958516], [-35.2115, -5.7363]], [[-35.2784, -5.8542], [-35.26491172985782, -5.856722985781989], [-35.2653, -5.8564], [-35.2784, -5.8542]], [[-35.361, -5.7285], [-35.2848, -5.6243], [-35.361271274652076, -5.728515729304783], [-35.3611, -5.7285], [-35.3463, -5.7309], [-35.361, -5.7285]], [[-35.276, -5.7009], [-35.272742100098135, -5.701344259077528], [-35.2741, -5.7007], [-35.276, -5.7009]]]}}, {"type": "Feature", "properties": {"metro_id": "BRM18", "metro_name": "Pôrto Alegre RM", "n_members": 31, "n_missing": 0, "n_states": 1, "states": "RioGrandedoSul"}, "geometry": {"type": "MultiPolygon", "coordinates": [[[[-51.8394, -30.311], [-51.8449, -30.3121], [-51.8501, -30.3089], [-51.8554, -30.3085], [-51.8576, -30.31], [-51.8551, -30.3115], [-51.855, -30.3135], [-51.8597, -30.3186], [-51.8654, -30.3163], [-51.8687, -30.3189], [-51.8641, -30.3295], [-51.8569, -30.3295], [-51.8512, -30.3359], [-51.8464, -30.3372], [-51.8484, -30.3425], [-51.8434, -30.347], [-51.844, -30.3492], [-51.846, -30.3498], [-51.8489, -30.3583], [-51.8544, -30.3586], [-51.8536, -30.363], [-51.8555, -30.3667], [-51.8658, -30.3763], [-51.8642, -30.3807], [-51.8655, -30.3842], [-51.8723, -30.3813], [-51.8765, -30.3885], [-51.8829, -30.3885], [-51.8847, -30.3847], [-51.8935, -30.3904], [-51.8968, -30.3877], [-51.8998, -30.3912], [-51.9067, -30.3894], [-51.9093, -30.3979], [-51.9147, -30.3956], [-51.9162, -30.4024], [-51.9251, -30.4076], [-51.922, -30.413], [-51.9224, -30.4162], [-51.928, -30.4191], [-51.9271, -30.4208], [-51.9289, -30.4243], [-51.926, -30.4247], [-51.9256, -30.4284], [-51.9198, -30.4293], [-51.9128, -30.4354], [-51.9084, -30.4362], [-51.9094, -30.4392], [-51.9016, -30.4476], [-51.9027, -30.4618], [-51.9135, -30.4653], [-51.9135, -30.4687], [-51.9169, -30.4713], [-51.9142, -30.4808], [-51.9183, -30.4856], [-51.9186, -30.4904], [-51.9212, -30.495], [-51.9252, -30.498], [-51.9226, -30.4996], [-51.9119, -30.5146], [-51.9158, -30.5173], [-51.9165, -30.5223], [-51.9123, -30.5262], [-51.9095, -30.5357], [-51.9046, -30.5387], [-51.9057, -30.5407], [-51.9143, -30.5446], [-51.9182, -30.5507], [-51.9174, -30.5561], [-51.9141, -30.5594], [-51.9146, -30.5626], [-51.9118, -30.5667], [-51.9111, -30.5725], [-51.9088, -30.5755], [-51.9048, -30.5767], [-51.9236, -30.5909], [-51.9723, -30.6379], [-51.9719, -30.6366], [-51.9839, -30.6242], [-51.9847, -30.6222], [-51.9834, -30.6202], [-51.9873, -30.6156], [-51.9821, -30.6064], [-51.9866, -30.6033], [-51.9979, -30.6015], [-52.0011, -30.5964], [-51.9975, -30.5935], [-51.9968, -30.5902], [-51.9941, -30.5892], [-51.9935, -30.585], [-51.987, -30.5832], [-51.9822, -30.5759], [-51.9867, -30.5675], [-52.0026, -30.5617], [-52.0031, -30.5561], [-52.0083, -30.5546], [-52.0111, -30.5497], [-52.0114, -30.5455], [-52.0151, -30.5403], [-52.0195, -30.5371], [-52.027, -30.5371], [-52.0434, -30.5237], [-52.0507, -30.515], [-52.0546, -30.5136], [-52.0567, -30.5098], [-52.0607, -30.5099], [-52.0606, -30.507], [-52.0629, -30.5064], [-52.0678, -30.5093], [-52.0714, -30.509], [-52.073, -30.5067], [-52.0773, -30.5112], [-52.0777, -30.5092], [-52.0808, -30.5107], [-52.0843, -30.5086], [-52.0845, -30.507], [-52.0898, -30.5033], [-52.0889, -30.501], [-52.0909, -30.4957], [-52.0944, -30.4918], [-52.1008, -30.4915], [-52.1005, -30.4829], [-52.1076, -30.4816], [-52.1068, -30.4762], [-52.1117, -30.4763], [-52.1123, -30.4812], [-52.1156, -30.4809], [-52.1165, -30.4776], [-52.1185, -30.479], [-52.125, -30.4763], [-52.1333, -30.4673], [-52.14, -30.4651], [-52.1449, -30.4606], [-52.148, -30.4603], [-52.1486, -30.4581], [-52.1462, -30.4548], [-52.1489, -30.4498], [-52.1524, -30.4478], [-52.1528, -30.444], [-52.1587, -30.4427], [-52.0963, -30.4051], [-52.0371, -30.3974], [-52.0306, -30.3745], [-52.0323, -30.3731], [-52.0332, -30.366], [-52.0357, -30.3615], [-52.0339, -30.3554], [-52.0301, -30.3524], [-52.0323, -30.3462], [-52.0242, -30.3352], [-52.0255, -30.3311], [-52.0179, -30.3296], [-52.0135, -30.3262], [-52.0113, -30.3132], [-52.0076, -30.3079], [-52.0076, -30.3064], [-52.0111, -30.3042], [-52.007, -30.2992], [-52.0138, -30.2932], [-52.0083, -30.2898], [-52.0039, -30.2901], [-52.0006, -30.287], [-51.996, -30.2873], [-51.9969, -30.2808], [-51.9944, -30.2792], [-51.999, -30.2733], [-51.9899, -30.2718], [-51.9872, -30.2696], [-51.9875, -30.2645], [-51.9856, -30.2618], [-51.9875, -30.2585], [-51.9851, -30.255], [-51.9862, -30.2511], [-51.985, -30.2489], [-51.9778, -30.2486], [-51.9767, -30.2505], [-51.9776, -30.2535], [-51.972, -30.2548], [-51.9708, -30.2537], [-51.9722, -30.2477], [-51.9677, -30.247], [-51.9663, -30.2444], [-51.9674, -30.2404], [-51.9635, -30.238], [-51.9599, -30.2392], [-51.9508, -30.2383], [-51.9484, -30.2365], [-51.948, -30.2322], [-51.9377, -30.2314], [-51.9266, -30.2269], [-51.9274, -30.222], [-51.9232, -30.2189], [-51.9215, -30.2142], [-51.9224, -30.2094], [-51.8961, -30.1969], [-51.8851, -30.1897], [-51.8791, -30.1772], [-51.8742, -30.1765], [-51.8663, -30.1723], [-51.8619, -30.173], [-51.8594, -30.1753], [-51.8516, -30.1733], [-51.8428, -30.1739], [-51.8423, -30.1688], [-51.8571, -30.1606], [-51.8588, -30.1415], [-51.8577, -30.1321], [-51.8522, -30.1251], [-51.8458, -30.1234], [-51.8337, -30.1139], [-51.9124, -30.0547], [-51.907, -30.0519], [-51.9057, -30.0433], [-51.9005, -30.0359], [-51.887, -30.0296], [-51.8737, -30.0321], [-51.8719, -30.0342], [-51.8713, -30.0393], [-51.8678, -30.0387], [-51.8634, -30.0406], [-51.858, -30.0387], [-51.8553, -30.0315], [-51.8557, -30.0279], [-51.8501, -30.0158], [-51.8527, -30.0088], [-51.8461, -29.9944], [-51.8492, -29.9922], [-51.8526, -29.9847], [-51.8475, -29.9701], [-51.8462, -29.9701], [-51.8449, -29.9739], [-51.8399, -29.9741], [-51.8378, -29.9698], [-51.8296, -29.9671], [-51.8247, -29.9687], [-51.8232, -29.9715], [-51.816, -29.972], [-51.7978, -29.9636], [-51.7952, -29.9603], [-51.7855, -29.9605], [-51.7648, -29.9564], [-51.7576, -29.9597], [-51.75, -29.9598], [-51.7341, -29.9532], [-51.7266, -29.9467], [-51.719, -29.9495], [-51.7281, -29.9461], [-51.7402, -29.9165], [-51.7498, -29.9043], [-51.7512, -29.8972], [-51.7503, -29.8884], [-51.7443, -29.8818], [-51.7247, -29.8722], [-51.719, -29.8677], [-51.7159, -29.8624], [-51.7162, -29.8581], [-51.7201, -29.8519], [-51.7289, -29.8481], [-51.7318, -29.8447], [-51.7297, -29.8405], [-51.7302, -29.8353], [-51.7372, -29.8355], [-51.7388, -29.8331], [-51.7449, -29.8345], [-51.7493, -29.8292], [-51.7493, -29.8254], [-51.7583, -29.8188], [-51.7555, -29.813], [-51.7561, -29.803], [-51.7588, -29.7993], [-51.7582, -29.7937], [-51.7472, -29.7795], [-51.749, -29.7735], [-51.7471, -29.7695], [-51.7399, -29.7635], [-51.7364, -29.7565], [-51.7187, -29.7428], [-51.7183, -29.7336], [-51.7206, -29.7296], [-51.7191, -29.7234], [-51.7242, -29.7157], [-51.7207, -29.7133], [-51.7208, -29.7081], [-51.7167, -29.7023], [-51.7111, -29.6996], [-51.7095, -29.7009], [-51.7077, -29.6953], [-51.7035, -29.6942], [-51.7032, -29.6885], [-51.7047, -29.6877], [-51.6969, -29.6836], [-51.6955, -29.6803], [-51.6962, -29.6717], [-51.6934, -29.6671], [-51.6913, -29.6683], [-51.6852, -29.6667], [-51.6855, -29.6608], [-51.6815, -29.6597], [-51.6819, -29.6578], [-51.6795, -29.6553], [-51.6744, -29.6553], [-51.673, -29.6532], [-51.6704, -29.6544], [-51.6655, -29.6533], [-51.6623, -29.646], [-51.6506, -29.6425], [-51.6485, -29.6387], [-51.6419, -29.6358], [-51.6381, -29.6289], [-51.6445, -29.6234], [-51.6458, -29.6165], [-51.6484, -29.6143], [-51.6471, -29.6123], [-51.6526, -29.6046], [-51.6525, -29.6004], [-51.657, -29.5954], [-51.6618, -29.5927], [-51.6627, -29.5901], [-51.6495, -29.5902], [-51.648, -29.5856], [-51.6483, -29.5768], [-51.6404, -29.5745], [-51.6312, -29.5833], [-51.63, -29.5924], [-51.6225, -29.5967], [-51.6213, -29.5945], [-51.6081, -29.5922], [-51.6048, -29.5959], [-51.5993, -29.5983], [-51.591, -29.6105], [-51.5717, -29.6143], [-51.5556, -29.6145], [-51.5504, -29.6121], [-51.5398, -29.6131], [-51.5335, -29.6109], [-51.5327, -29.6047], [-51.5359, -29.5988], [-51.5355, -29.5948], [-51.5317, -29.5969], [-51.527, -29.5947], [-51.525, -29.5865], [-51.5141, -29.5842], [-51.5144, -29.5797], [-51.5121, -29.5772], [-51.508, -29.5769], [-51.5064, -29.5784], [-51.5032, -29.577], [-51.5027, -29.5869], [-51.4965, -29.6002], [-51.4953, -29.6017], [-51.493, -29.6011], [-51.4906, -29.6051], [-51.4849, -29.6062], [-51.4796, -29.6094], [-51.4791, -29.6128], [-51.4762, -29.6123], [-51.4743, -29.6156], [-51.4753, -29.6189], [-51.4709, -29.6213], [-51.4716, -29.6234], [-51.4676, -29.624], [-51.4669, -29.6218], [-51.4626, -29.6256], [-51.455, -29.6256], [-51.4517, -29.6289], [-51.4485, -29.6276], [-51.4438, -29.6297], [-51.4412, -29.6281], [-51.4389, -29.633], [-51.4343, -29.6312], [-51.4348, -29.6332], [-51.4327, -29.6331], [-51.431, -29.6354], [-51.4277, -29.6351], [-51.4266, -29.6384], [-51.4281, -29.6392], [-51.4266, -29.6405], [-51.4304, -29.6454], [-51.4283, -29.6458], [-51.4273, -29.6523], [-51.432, -29.6602], [-51.4264, -29.6532], [-51.4235, -29.6546], [-51.4234, -29.6571], [-51.4148, -29.6622], [-51.4117, -29.6584], [-51.3941, -29.658], [-51.3917, -29.6526], [-51.3883, -29.6521], [-51.3882, -29.648], [-51.3851, -29.6442], [-51.3807, -29.643], [-51.3779, -29.6447], [-51.3746, -29.641], [-51.3697, -29.6415], [-51.3641, -29.6376], [-51.3579, -29.6365], [-51.3523, -29.6385], [-51.3508, -29.6409], [-51.3388, -29.6342], [-51.3349, -29.6403], [-51.3364, -29.6445], [-51.3345, -29.6489], [-51.3207, -29.6474], [-51.3089, -29.6377], [-51.3056, -29.638], [-51.3061, -29.6437], [-51.3046, -29.6464], [-51.2989, -29.6479], [-51.2955, -29.6439], [-51.2924, -29.6464], [-51.2872, -29.6462], [-51.276759071729956, -29.655845428973276], [-51.2765, -29.6555], [-51.2881, -29.6189], [-51.2825, -29.6154], [-51.2792, -29.6099], [-51.2815, -29.6062], [-51.284, -29.5937], [-51.2801, -29.588], [-51.2796, -29.5838], [-51.2766, -29.5843], [-51.2767, -29.5818], [-51.2736, -29.5801], [-51.2721, -29.5817], [-51.2736, -29.5865], [-51.2697, -29.5903], [-51.2615, -29.5857], [-51.2599, -29.5885], [-51.2572, -29.5875], [-51.2562, -29.5887], [-51.2555, -29.5865], [-51.2575, -29.5869], [-51.2581, -29.585], [-51.2541, -29.5859], [-51.2551, -29.5874], [-51.2535, -29.5878], [-51.2491, -29.5834], [-51.2465, -29.5851], [-51.2378, -29.5807], [-51.23068928446865, -29.616858744936014], [-51.2144, -29.6214], [-51.211, -29.6158], [-51.2146, -29.6114], [-51.2088, -29.6089], [-51.2059, -29.6119], [-51.207, -29.6146], [-51.19635717898833, -29.6164903307393], [-51.1933, -29.6158], [-51.1887, -29.6048], [-51.1923, -29.5954], [-51.1948, -29.594], [-51.1928, -29.5838], [-51.1959, -29.5869], [-51.19, -29.5593], [-51.1971, -29.5595], [-51.2053, -29.5572], [-51.2043, -29.5553], [-51.2011, -29.5559], [-51.2025, -29.5516], [-51.1988, -29.5484], [-51.1962, -29.5473], [-51.1934, -29.549], [-51.1915, -29.5472], [-51.1878, -29.5487], [-51.1845, -29.548], [-51.1776, -29.5422], [-51.1707, -29.5413], [-51.1658, -29.5429], [-51.1638, -29.5393], [-51.1581, -29.5401], [-51.151, -29.5321], [-51.1403, -29.5343], [-51.1409, -29.5404], [-51.1164, -29.5441], [-51.1176, -29.551], [-51.0489, -29.5617], [-51.0465, -29.5621], [-51.0438, -29.5449], [-51.014, -29.548], [-51.009, -29.5431], [-51.005, -29.5442], [-51.0024, -29.5417], [-50.9954, -29.5445], [-50.9932, -29.5427], [-50.9849, -29.5476], [-50.9819, -29.5454], [-50.9734, -29.5468], [-50.9681, -29.545], [-50.9621, -29.5489], [-50.9622, -29.5506], [-50.9585, -29.5506], [-50.9524, -29.5541], [-50.94660660216278, -29.55311957882755], [-50.947, -29.5523], [-50.9438, -29.5471], [-50.9001, -29.5505], [-50.8951, -29.5535], [-50.8561, -29.5562], [-50.8576, -29.5709], [-50.8546, -29.5721], [-50.85626224032586, -29.584497542430412], [-50.837, -29.5924], [-50.8379, -29.5972], [-50.831, -29.5981], [-50.8315, -29.6034], [-50.824, -29.6041], [-50.824, -29.6022], [-50.8191, -29.6026], [-50.8197, -29.6007], [-50.8158, -29.5984], [-50.8133, -29.6051], [-50.8099, -29.6064], [-50.8105, -29.613], [-50.8092, -29.6157], [-50.8058, -29.617], [-50.80606077427284, -29.61763844735764], [-50.7615, -29.6079], [-50.7615, -29.6051], [-50.7548, -29.6035], [-50.7553, -29.6], [-50.7538, -29.5982], [-50.7567, -29.591], [-50.7515, -29.5828], [-50.7344, -29.5843], [-50.7198, -29.5895], [-50.708, -29.5895], [-50.6954, -29.5927], [-50.6919, -29.5891], [-50.692, -29.5834], [-50.6947, -29.5821], [-50.6931, -29.5801], [-50.696, -29.5749], [-50.6929, -29.5718], [-50.6911, -29.5666], [-50.6936, -29.5532], [-50.6956, -29.5525], [-50.6948, -29.5503], [-50.6979, -29.5498], [-50.7011, -29.547], [-50.7006, -29.5435], [-50.7045, -29.5384], [-50.7057, -29.5309], [-50.708, -29.5294], [-50.7101, -29.5223], [-50.7155, -29.5158], [-50.7128, -29.5105], [-50.7073, -29.5083], [-50.7027, -29.5014], [-50.6993, -29.5001], [-50.6983, -29.4963], [-50.7004, -29.4923], [-50.7004, -29.487], [-50.6881, -29.4836], [-50.6735, -29.4703], [-50.675, -29.4793], [-50.6736, -29.4892], [-50.6712, -29.4932], [-50.667, -29.4952], [-50.6668, -29.4976], [-50.6607, -29.5065], [-50.6547, -29.506], [-50.6512, -29.5025], [-50.6298, -29.5605], [-50.6233, -29.5573], [-50.6222, -29.5584], [-50.6103, -29.5573], [-50.6024, -29.5518], [-50.5919, -29.5527], [-50.5893, -29.5545], [-50.5878, -29.5606], [-50.5901, -29.5661], [-50.603, -29.5819], [-50.6029, -29.5891], [-50.6153, -29.5964], [-50.6164, -29.5992], [-50.623, -29.6041], [-50.6317, -29.6054], [-50.6366, -29.6087], [-50.6392, -29.6128], [-50.639, -29.6162], [-50.647, -29.6239], [-50.647, -29.6268], [-50.6512, -29.6278], [-50.6514, -29.6325], [-50.6628, -29.6425], [-50.664, -29.6465], [-50.667, -29.6486], [-50.6681, -29.6521], [-50.667, -29.6602], [-50.6702, -29.665], [-50.6761, -29.6649], [-50.6836, -29.6764], [-50.6845899328859, -29.677087919463087], [-50.6837, -29.6768], [-50.6542, -29.6822], [-50.6448, -29.6815], [-50.6373, -29.6844], [-50.6319, -29.6839], [-50.6302, -29.6879], [-50.6242, -29.6922], [-50.6084, -29.6972], [-50.6036, -29.7067], [-50.5923, -29.7085], [-50.5863, -29.7131], [-50.5745, -29.7109], [-50.571, -29.7161], [-50.5711, -29.7215], [-50.5732, -29.7232], [-50.5721, -29.7338], [-50.5656, -29.7318], [-50.5632, -29.7282], [-50.5571, -29.7276], [-50.5574, -29.7245], [-50.5481, -29.7124], [-50.5398, -29.7166], [-50.5296, -29.7141], [-50.5258, -29.7187], [-50.5192, -29.7117], [-50.5199, -29.7067], [-50.516, -29.7076], [-50.5104, -29.7052], [-50.5098, -29.6995], [-50.5074, -29.6954], [-50.5022, -29.6944], [-50.493, -29.7003], [-50.4902, -29.6997], [-50.4921, -29.6965], [-50.4915, -29.6877], [-50.4813, -29.6915], [-50.4741, -29.6913], [-50.4616, -29.6956], [-50.4477, -29.6931], [-50.4444, -29.6887], [-50.4467, -29.6881], [-50.449, -29.6838], [-50.4518, -29.6825], [-50.4493, -29.6794], [-50.404, -29.706], [-50.4105, -29.7074], [-50.4177, -29.7181], [-50.421, -29.7194], [-50.4255, -29.7269], [-50.423, -29.7337], [-50.4256, -29.738], [-50.4348, -29.742], [-50.4345, -29.7511], [-50.4397, -29.7523], [-50.4432, -29.7569], [-50.4534, -29.7633], [-50.4532, -29.7658], [-50.4589, -29.7662], [-50.4672, -29.7722], [-50.4637, -29.7796], [-50.4639, -29.7841], [-50.4654, -29.7857], [-50.4755, -29.7821], [-50.4846, -29.7869], [-50.4843, -29.7887], [-50.4795, -29.7896], [-50.4738, -29.7869], [-50.4675, -29.7928], [-50.461, -29.7944], [-50.4584, -29.7973], [-50.4586, -29.8011], [-50.4502, -29.8032], [-50.4475, -29.7996], [-50.4459, -29.7996], [-50.4418, -29.8016], [-50.4395, -29.8058], [-50.4348, -29.8057], [-50.4327, -29.8078], [-50.4343, -29.8109], [-50.4343, -29.8167], [-50.4273, -29.8171], [-50.4205, -29.8219], [-50.42, -29.8308], [-50.4125, -29.8333], [-50.4009, -29.8435], [-50.3796, -29.8555], [-50.375, -29.861], [-50.3725, -29.8583], [-50.3726, -29.8841], [-50.3763, -29.8858], [-50.3861, -29.8849], [-50.3992, -29.9717], [-50.4036, -29.9733], [-50.4083, -29.9794], [-50.4179, -29.9828], [-50.4398, -30.0026], [-50.4595, -30.0168], [-50.4596, -30.0232], [-50.4651, -30.0286], [-50.4581, -30.0369], [-50.4593, -30.0386], [-50.4565, -30.0418], [-50.4586, -30.0456], [-50.4561, -30.0483], [-50.4566, -30.0517], [-50.651, -30.0417], [-50.6545, -30.0437], [-50.6581, -30.0467], [-50.6535, -30.0587], [-50.6459, -30.0608], [-50.6453, -30.0588], [-50.6393, -30.0579], [-50.6356, -30.0555], [-50.6351, -30.0679], [-50.6311, -30.073], [-50.6226, -30.1197], [-50.6215, -30.1199], [-50.6208, -30.1984], [-50.6231, -30.1997], [-50.6262, -30.199], [-50.6274, -30.1968], [-50.632, -30.1949], [-50.6443, -30.1922], [-50.6463, -30.1946], [-50.6516, -30.1951], [-50.6589, -30.1999], [-50.6612, -30.2088], [-50.6607, -30.215], [-50.6641, -30.222], [-50.6634, -30.2305], [-50.6664, -30.2366], [-50.6689, -30.2549], [-50.6679, -30.2572], [-50.6658, -30.2572], [-50.6672, -30.2594], [-50.6635, -30.2704], [-50.655, -30.2815], [-50.6549, -30.2841], [-50.6622, -30.2897], [-50.6684, -30.2915], [-50.6732, -30.2966], [-50.6858, -30.2984], [-50.7037, -30.2969], [-50.7086, -30.2993], [-50.7117, -30.2981], [-50.7215, -30.2993], [-50.7365, -30.2957], [-50.7507, -30.2967], [-50.7568, -30.2925], [-50.7637, -30.2914], [-50.772, -30.2966], [-50.7737, -30.2933], [-50.7731, -30.2887], [-50.7782, -30.2888], [-50.782, -30.2848], [-50.7847, -30.285], [-50.7876, -30.2886], [-50.7949, -30.3123], [-50.7928, -30.3264], [-50.7889, -30.3334], [-50.7817, -30.3291], [-50.7879, -30.3268], [-50.7838, -30.3245], [-50.7767, -30.3272], [-50.7735, -30.3322], [-50.7759, -30.334], [-50.797, -30.3384], [-50.8051, -30.3365], [-50.8324, -30.3255], [-50.8383, -30.3248], [-50.844, -30.3208], [-50.8546, -30.3226], [-50.8653, -30.3216], [-50.8849, -30.3237], [-50.8927, -30.3217], [-50.9012, -30.3221], [-50.9148, -30.3264], [-50.927, -30.3382], [-50.9346, -30.3556], [-50.9386, -30.3751], [-50.9392, -30.3941], [-50.9376, -30.4069], [-50.9319, -30.4256], [-50.9272, -30.4338], [-50.9229, -30.4362], [-50.921, -30.4351], [-50.9182, -30.4373], [-50.9101, -30.4382], [-50.9011, -30.4418], [-50.9021, -30.4432], [-50.8992, -30.442], [-50.9001, -30.4434], [-50.9086, -30.4428], [-50.93, -30.4358], [-50.9734, -30.4076], [-50.9984, -30.3951], [-51.013, -30.3897], [-51.0267, -30.3867], [-51.0387, -30.3861], [-51.0421, -30.3898], [-51.0459, -30.389], [-51.0483, -30.3915], [-51.0556, -30.392], [-51.0596, -30.3856], [-51.0535, -30.3853], [-51.0523, -30.3816], [-51.0474, -30.3815], [-51.0452, -30.3774], [-51.0476, -30.3731], [-51.0425, -30.3724], [-51.0413, -30.3664], [-51.0451, -30.3642], [-51.0461, -30.3596], [-51.0496, -30.3577], [-51.0653, -30.3566], [-51.068, -30.3583], [-51.0687, -30.355], [-51.0681, -30.3535], [-51.051, -30.3492], [-51.0498, -30.3446], [-51.0448, -30.3419], [-51.0398, -30.3429], [-51.0364, -30.3364], [-51.0342, -30.337], [-51.0316, -30.3339], [-51.0297, -30.3272], [-51.0402, -30.3252], [-51.0393, -30.3237], [-51.0277, -30.3236], [-51.0258, -30.3213], [-51.0198, -30.2965], [-51.0233, -30.2863], [-51.0225, -30.2842], [-51.0244, -30.2841], [-51.0275, -30.2782], [-51.0348, -30.2716], [-51.0484, -30.2679], [-51.0567, -30.2711], [-51.0592, -30.2767], [-51.0647, -30.2762], [-51.0693, -30.2713], [-51.0695, -30.2692], [-51.0633, -30.2638], [-51.0629, -30.2596], [-51.0634, -30.2558], [-51.0697, -30.2472], [-51.0765, -30.2434], [-51.0952, -30.2411], [-51.1004, -30.2433], [-51.1028, -30.2461], [-51.1066, -30.2432], [-51.1062, -30.2482], [-51.1014, -30.25], [-51.1025, -30.2523], [-51.099, -30.2571], [-51.1037, -30.2599], [-51.1066, -30.259], [-51.1047, -30.2564], [-51.1049, -30.2518], [-51.1137, -30.2464], [-51.1282, -30.2478], [-51.1326, -30.2516], [-51.1369, -30.2597], [-51.1373, -30.2658], [-51.1335, -30.2693], [-51.1359, -30.2692], [-51.1405, -30.2681], [-51.1437, -30.2653], [-51.1597, -30.2619], [-51.1573, -30.261], [-51.1555, -30.2568], [-51.1551, -30.2486], [-51.1527, -30.2485], [-51.1519, -30.2465], [-51.1528, -30.2429], [-51.1562, -30.2399], [-51.1671, -30.2374], [-51.1708, -30.2391], [-51.1812, -30.2352], [-51.1884, -30.2358], [-51.1912, -30.2394], [-51.1934, -30.2378], [-51.1908, -30.2333], [-51.184, -30.2332], [-51.1826, -30.2319], [-51.1791, -30.2254], [-51.178, -30.2185], [-51.1826, -30.2129], [-51.1868, -30.2128], [-51.188, -30.2111], [-51.1943, -30.2136], [-51.1995, -30.2107], [-51.1996, -30.2092], [-51.1957, -30.2077], [-51.1943, -30.1998], [-51.1997, -30.1931], [-51.2067, -30.1904], [-51.2147, -30.1902], [-51.223, -30.1879], [-51.2395, -30.1904], [-51.2486, -30.1865], [-51.2419, -30.1816], [-51.2375, -30.1833], [-51.2327, -30.1827], [-51.2267, -30.1769], [-51.2266, -30.1682], [-51.2334, -30.1636], [-51.228, -30.1606], [-51.2251, -30.1525], [-51.2257, -30.1452], [-51.2329, -30.136], [-51.2449, -30.1313], [-51.2463, -30.1255], [-51.2611, -30.1227], [-51.2622, -30.12], [-51.2587, -30.1107], [-51.2609, -30.1124], [-51.2651, -30.1095], [-51.2624, -30.1088], [-51.2587, -30.1105], [-51.2587, -30.109], [-51.2608, -30.1063], [-51.2677, -30.1037], [-51.2651, -30.0985], [-51.2575, -30.0961], [-51.2568, -30.0971], [-51.2564, -30.0958], [-51.2529, -30.0966], [-51.2514, -30.0949], [-51.2523, -30.0941], [-51.2504, -30.0923], [-51.2483, -30.0829], [-51.2485, -30.0815], [-51.2506, -30.0812], [-51.2447, -30.0768], [-51.2409, -30.0701], [-51.2399, -30.0633], [-51.2348, -30.059], [-51.234, -30.0478], [-51.2329, -30.0472], [-51.2378, -30.0471], [-51.2354, -30.0443], [-51.2416, -30.0418], [-51.2424, -30.0353], [-51.2502, -30.0353], [-51.2572, -30.0484], [-51.2669, -30.0558], [-51.2665, -30.0571], [-51.2704, -30.0586], [-51.2704, -30.0601], [-51.272, -30.0592], [-51.2714, -30.0549], [-51.2659, -30.0534], [-51.2615, -30.0475], [-51.263, -30.0423], [-51.2595, -30.0337], [-51.2643, -30.0357], [-51.2694, -30.0352], [-51.2719, -30.039], [-51.27271474036851, -30.037799329983255], [-51.2719, -30.0406], [-51.2796, -30.0378], [-51.269, -30.0284], [-51.2682, -30.0165], [-51.2757, -30.0137], [-51.2776, -30.0109], [-51.2781, -30.0174], [-51.2811, -30.0221], [-51.2826, -30.0219], [-51.2861, -30.0149], [-51.2894, -30.0119], [-51.2903, -30.0022], [-51.2924, -30.0003], [-51.2958, -30.0005], [-51.2958, -30.0021], [-51.2994, -30.0026], [-51.3023, -30.0099], [-51.3015, -30.0123], [-51.3042, -30.0275], [-51.3021, -30.0358], [-51.2975, -30.0359], [-51.2964, -30.0413], [-51.2924, -30.0476], [-51.2958, -30.0454], [-51.2973, -30.0422], [-51.3, -30.0416], [-51.3022, -30.0447], [-51.3021, -30.0481], [-51.2992, -30.0512], [-51.3014, -30.0524], [-51.3001, -30.0532], [-51.3012, -30.0542], [-51.3051, -30.0539], [-51.3057, -30.0615], [-51.3093, -30.0622], [-51.3085, -30.0652], [-51.3102, -30.0717], [-51.3124, -30.0729], [-51.3109, -30.0764], [-51.3114, -30.0807], [-51.3138, -30.0803], [-51.3144, -30.0826], [-51.3133, -30.0847], [-51.3084, -30.0862], [-51.3105, -30.0887], [-51.3076, -30.0906], [-51.3065, -30.0939], [-51.307, -30.0973], [-51.3115, -30.103], [-51.3109, -30.1076], [-51.3142, -30.1129], [-51.3124, -30.1205], [-51.3144, -30.1275], [-51.3132, -30.1304], [-51.3062, -30.132], [-51.3058, -30.1346], [-51.3066, -30.1359], [-51.3109, -30.1361], [-51.3101, -30.1375], [-51.3217, -30.1505], [-51.3246, -30.1684], [-51.3237, -30.1728], [-51.3148, -30.1887], [-51.3164, -30.1926], [-51.3151, -30.1943], [-51.3188, -30.1993], [-51.3212, -30.2065], [-51.3199, -30.214], [-51.3224, -30.2128], [-51.3249, -30.214], [-51.3282, -30.222], [-51.3283, -30.2265], [-51.3332, -30.226], [-51.3325, -30.2286], [-51.336, -30.2278], [-51.3387, -30.231], [-51.3447, -30.2254], [-51.3483, -30.2267], [-51.3555, -30.2251], [-51.3609, -30.2213], [-51.3635, -30.222], [-51.3637, -30.2262], [-51.3763, -30.2296], [-51.3795, -30.232], [-51.3852, -30.2292], [-51.4063, -30.2304], [-51.4073, -30.2356], [-51.4054, -30.25], [-51.408, -30.2689], [-51.4158, -30.2606], [-51.4191, -30.2608], [-51.4212, -30.2539], [-51.4243, -30.2537], [-51.4255, -30.2582], [-51.428, -30.2595], [-51.4314, -30.2553], [-51.4343, -30.2541], [-51.4401, -30.2572], [-51.4464, -30.252], [-51.4494, -30.2517], [-51.4509, -30.2539], [-51.4579, -30.2517], [-51.4629, -30.2535], [-51.4696, -30.2536], [-51.4666, -30.2538], [-51.4834, -30.2612], [-51.4892, -30.2574], [-51.4915, -30.259], [-51.5023, -30.2595], [-51.5059, -30.2684], [-51.5141, -30.2692], [-51.5184, -30.275], [-51.5263, -30.2753], [-51.5294, -30.2773], [-51.5314, -30.2747], [-51.5338, -30.2766], [-51.5398, -30.2756], [-51.542, -30.2728], [-51.5538, -30.2713], [-51.5546, -30.2685], [-51.5603, -30.2661], [-51.5675, -30.2658], [-51.5735, -30.2625], [-51.5728, -30.2606], [-51.5744, -30.2586], [-51.5792, -30.2587], [-51.582, -30.2571], [-51.5816, -30.2488], [-51.5776, -30.2417], [-51.5774, -30.2371], [-51.5749, -30.2342], [-51.5783, -30.2259], [-51.5777, -30.2171], [-51.5823, -30.214], [-51.58224110685694, -30.21229209885137], [-51.5827, -30.2128], [-51.5868, -30.2139], [-51.5942, -30.2103], [-51.6029, -30.2099], [-51.6083, -30.2067], [-51.6117, -30.1955], [-51.6163, -30.1937], [-51.6186, -30.1895], [-51.6271, -30.1862], [-51.6299, -30.1773], [-51.6347, -30.174], [-51.6409, -30.1762], [-51.6449, -30.1752], [-51.6523, -30.1783], [-51.6608, -30.1754], [-51.664, -30.18], [-51.6717, -30.1812], [-51.6752, -30.1844], [-51.682, -30.1835], [-51.6847, -30.1877], [-51.6829, -30.1918], [-51.681, -30.1926], [-51.6788, -30.2036], [-51.6857, -30.2127], [-51.6834, -30.2163], [-51.677, -30.2205], [-51.6704, -30.221], [-51.6695, -30.2298], [-51.6681, -30.2312], [-51.6691, -30.2357], [-51.6812, -30.2418], [-51.6792, -30.2443], [-51.6717, -30.2453], [-51.6737, -30.252], [-51.6714, -30.2639], [-51.6796, -30.2648], [-51.675, -30.2711], [-51.6786, -30.2722], [-51.6793, -30.2759], [-51.6872, -30.2809], [-51.6837, -30.2846], [-51.6777, -30.2845], [-51.6778, -30.2888], [-51.6814, -30.2934], [-51.6843, -30.2947], [-51.6925, -30.292], [-51.6916, -30.2959], [-51.6934, -30.2993], [-51.6976, -30.2996], [-51.7045, -30.3034], [-51.7052, -30.3015], [-51.7098, -30.3026], [-51.7094, -30.3068], [-51.7139, -30.3111], [-51.7229, -30.3152], [-51.7269, -30.3229], [-51.7316, -30.3253], [-51.7314, -30.3311], [-51.7384, -30.3304], [-51.7451, -30.3335], [-51.7517, -30.3325], [-51.7554, -30.3352], [-51.7555, -30.3393], [-51.7593, -30.3431], [-51.773, -30.3374], [-51.7749, -30.3352], [-51.7794, -30.3369], [-51.7847, -30.3335], [-51.7923, -30.3334], [-51.7932, -30.3313], [-51.7976, -30.3324], [-51.7972, -30.3305], [-51.8003, -30.3288], [-51.8081, -30.3308], [-51.809, -30.325], [-51.8111, -30.326], [-51.8168, -30.3228], [-51.8228, -30.3238], [-51.8222, -30.3199], [-51.8262, -30.3191], [-51.8266, -30.3168], [-51.8234, -30.3162], [-51.8243, -30.3142], [-51.8215, -30.3113], [-51.825, -30.3073], [-51.8299, -30.3057], [-51.8324, -30.2953], [-51.8364, -30.2937], [-51.8369, -30.291], [-51.8397, -30.2905], [-51.8457, -30.2852], [-51.8444, -30.2905], [-51.8412, -30.2938], [-51.8443, -30.3023], [-51.8394, -30.311]], [[-51.1841, -29.677], [-51.17702279069768, -29.67238015503876], [-51.1771, -29.6722], [-51.1841, -29.677]], [[-51.194174829931974, -29.680341950113377], [-51.193397674418605, -29.681637209302323], [-51.1935, -29.6804], [-51.194174829931974, -29.680341950113377]], [[-51.1973, -29.7018], [-51.19725753286147, -29.702027199191104], [-51.1924, -29.6937], [-51.1973, -29.7018]], [[-51.18576763485476, -29.77764273858921], [-51.1844, -29.7776], [-51.184673369320734, -29.777433198380567], [-51.18576763485476, -29.77764273858921]], [[-51.19170061690315, -29.77748161628624], [-51.1678, -29.7906], [-51.1908, -29.7778], [-51.19073407290016, -29.77779793977813], [-51.19170061690315, -29.77748161628624]], [[-51.1947, -29.7765], [-51.1944, -29.7812], [-51.1944, -29.77659818181818], [-51.1947, -29.7765]], [[-51.1844189591078, -29.788189219330853], [-51.1839, -29.7878], [-51.1873, -29.7841], [-51.1844189591078, -29.788189219330853]], [[-51.18637831081082, -29.78833081081081], [-51.1855, -29.789], [-51.18477390029325, -29.78845542521994], [-51.18637831081082, -29.78833081081081]], [[-51.1945, -29.7877], [-51.195855204081624, -29.78869857142857], [-51.191157520891366, -29.787959610027855], [-51.1945, -29.7877]], [[-51.1964, -29.7891], [-51.1853941006362, -29.79435945633314], [-51.1851, -29.794], [-51.19618676470588, -29.788942879256965], [-51.1964, -29.7891]], [[-51.186872298624756, -29.79427131630648], [-51.186, -29.7951], [-51.185470026525195, -29.79445225464191], [-51.186872298624756, -29.79427131630648]], [[-51.1926, -29.8034], [-51.198, -29.8108], [-51.1902, -29.8014], [-51.19026169154229, -29.800968159203975], [-51.1926, -29.8034]], [[-51.1915, -29.8238], [-51.19087008523509, -29.823876024195762], [-51.1925, -29.8183], [-51.1915, -29.8238]], [[-51.1013, -29.8687], [-51.1057, -29.8723], [-51.1008, -29.8685], [-51.10511793400288, -29.86664088952654], [-51.1013, -29.8687]], [[-51.1218, -29.8658], [-51.12303504273504, -29.86641752136752], [-51.114705001524854, -29.868664440378165], [-51.1218, -29.8658]], [[-51.128051389676685, -29.95572393647192], [-51.126606792945786, -29.954466949706074], [-51.12729947643979, -29.954495811518324], [-51.128051389676685, -29.95572393647192]], [[-51.22065263700041, -29.966041045186103], [-51.2201, -29.9668], [-51.2082, -29.9644], [-51.22065263700041, -29.966041045186103]], [[-51.239, -29.9278], [-51.2335, -29.9387], [-51.23566969696969, -29.937615151515157], [-51.2312, -29.9411], [-51.239, -29.9278]], [[-51.28593498899718, -29.945611097139267], [-51.2832, -29.9449], [-51.2673, -29.9352], [-51.28593498899718, -29.945611097139267]], [[-51.2993, -29.9611], [-51.29810122755171, -29.961907683564448], [-51.3032, -29.9501], [-51.2993, -29.9611]], [[-51.262132912988655, -30.010754098360653], [-51.2618, -30.0096], [-51.2635522693997, -30.00599238653002], [-51.262132912988655, -30.010754098360653]], [[-51.2735, -30.0351], [-51.27331608325449, -30.035732213812675], [-51.2678, -30.0304], [-51.2735, -30.0351]], [[-51.6544, -29.9568], [-51.65259413202934, -29.95439217603912], [-51.6536, -29.9546], [-51.6544, -29.9568]], [[-51.6653, -30.0303], [-51.6825827193161, -30.01835023407287], [-51.6826, -30.0185], [-51.6653, -30.0303]], [[-51.62058415753628, -30.061119751258513], [-51.62089139784946, -30.061191858678956], [-51.62024695652174, -30.061652173913043], [-51.62058415753628, -30.061119751258513]], [[-51.541333050367854, -30.049222750424445], [-51.5482, -30.044], [-51.5414, -30.0493], [-51.541333050367854, -30.049222750424445]], [[-51.5406, -30.048], [-51.54082897196261, -30.04864112149532], [-51.5403052631579, -30.04803684210526], [-51.5406, -30.048]], [[-51.52952409638554, -30.04345421686747], [-51.531034146341455, -30.044762926829264], [-51.5296, -30.0438], [-51.52952409638554, -30.04345421686747]], [[-51.5187, -30.0373], [-51.5256, -30.0384], [-51.513194117647046, -30.038064705882352], [-51.5187, -30.0373]], [[-51.49307064220183, -30.03616366972477], [-51.50207330677292, -30.037764143426298], [-51.496, -30.0376], [-51.49307064220183, -30.03616366972477]], [[-51.6199647318612, -30.06209779179811], [-51.6217, -30.0674], [-51.6199, -30.0622], [-51.6199647318612, -30.06209779179811]], [[-51.5595, -30.2034], [-51.55906770231214, -30.203121098265896], [-51.5683, -30.2004], [-51.5595, -30.2034]], [[-51.5509, -30.1917], [-51.5532, -30.1933], [-51.55428228625413, -30.19603953708077], [-51.5509, -30.1917]], [[-51.5359, -30.151], [-51.5388, -30.1536], [-51.53929001490313, -30.154784202682567], [-51.5359, -30.151]], [[-51.4632, -30.1171], [-51.46316758241758, -30.11703461538462], [-51.4713, -30.1212], [-51.4632, -30.1171]], [[-51.430928735632186, -30.092034482758617], [-51.4322, -30.0904], [-51.43269799426934, -30.091079083094552], [-51.430928735632186, -30.092034482758617]], [[-51.4284, -30.0934], [-51.4088, -30.0954], [-51.42866950662899, -30.093254466420344], [-51.4284, -30.0934]], [[-51.3089, -30.0543], [-51.3107, -30.0522], [-51.31088382978723, -30.05241063829787], [-51.3089, -30.0543]], [[-51.30396617647059, -30.052775], [-51.3045, -30.0525], [-51.3089, -30.0543], [-51.30396617647059, -30.052775]], [[-51.620707014125706, -29.945629128105214], [-51.6027, -29.9442], [-51.593222044728435, -29.942116932907346], [-51.620707014125706, -29.945629128105214]], [[-51.5657, -29.9386], [-51.54021223021582, -29.928948381294962], [-51.5443, -29.9298], [-51.5657, -29.9386]], [[-51.353507874287686, -29.81005090657918], [-51.3545, -29.8077], [-51.35833530111878, -29.805440442751728], [-51.353507874287686, -29.81005090657918]], [[-51.3674, -29.8001], [-51.3665, -29.7962], [-51.3678, -29.7977], [-51.3674, -29.8001]], [[-51.3601, -29.7887], [-51.3655, -29.788], [-51.3747, -29.7871], [-51.3601, -29.7887]], [[-51.38536520681265, -29.779703163017032], [-51.3837, -29.782], [-51.3747, -29.7871], [-51.38536520681265, -29.779703163017032]], [[-51.302269003690036, -29.781717466174662], [-51.3022, -29.7818], [-51.298476923076905, -29.782223076923078], [-51.302269003690036, -29.781717466174662]], [[-51.29787904191617, -29.78229101796407], [-51.2978, -29.7823], [-51.2916, -29.7796], [-51.29787904191617, -29.78229101796407]], [[-51.254889024390245, -29.7741243902439], [-51.25438518518518, -29.77432592592593], [-51.2547, -29.7741], [-51.254889024390245, -29.7741243902439]], [[-51.2031, -29.7935], [-51.20023333333333, -29.792257777777778], [-51.2003, -29.7922], [-51.2031, -29.7935]], [[-51.3751, -29.8404], [-51.37392456759619, -29.84005054712319], [-51.3898, -29.8386], [-51.3751, -29.8404]], [[-51.390024000000004, -29.771903999999992], [-51.3895, -29.774], [-51.388457273559006, -29.775438243366885], [-51.390024000000004, -29.771903999999992]], [[-51.4073, -29.7642], [-51.4111, -29.7665], [-51.41083548387097, -29.767293548387098], [-51.4073, -29.7642]], [[-51.463788638920136, -29.702734308211475], [-51.4642, -29.7032], [-51.4629, -29.7062], [-51.463788638920136, -29.702734308211475]], [[-51.2296, -29.6329], [-51.227284507042256, -29.645056338028184], [-51.2272, -29.641], [-51.2296, -29.6329]], [[-51.22729655396619, -29.645634590377107], [-51.2305, -29.6501], [-51.2273, -29.6458], [-51.22729655396619, -29.645634590377107]], [[-51.2141, -29.69], [-51.2144, -29.6937], [-51.21400392523364, -29.694035140186916], [-51.2141, -29.69]], [[-51.20997352941177, -29.69397739938081], [-51.2099, -29.6939], [-51.2081, -29.6853], [-51.20997352941177, -29.69397739938081]], [[-51.0811, -29.8298], [-51.0681, -29.8113], [-51.0829, -29.8318], [-51.0811, -29.8298]], [[-50.8357, -29.7659], [-50.8397, -29.7722], [-50.835627138331574, -29.765896761703623], [-50.8357, -29.7659]], [[-50.8222, -29.7653], [-50.833954448398586, -29.765822419928824], [-50.8254, -29.7665], [-50.8222, -29.7653]], [[-50.812, -29.7738], [-50.8136, -29.7707], [-50.81141375000001, -29.777987499999988], [-50.812, -29.7738]], [[-50.6895, -29.6805], [-50.68922532467533, -29.680733766233764], [-50.688560176991146, -29.679846902654866], [-50.6895, -29.6805]], [[-50.867585965893205, -30.015524727425216], [-50.8663, -30.0159], [-50.86348736591181, -30.015247794994043], [-50.867585965893205, -30.015524727425216]], [[-50.859681878025164, -30.014365363020325], [-50.8594, -30.0143], [-50.8276, -29.9998], [-50.859681878025164, -30.014365363020325]], [[-50.7673, -29.9922], [-50.8208, -29.9988], [-50.8276, -29.9998], [-50.7673, -29.9922]], [[-50.6855, -30.0498], [-50.6845, -30.0515], [-50.6783, -30.054], [-50.6855, -30.0498]], [[-51.12590584615385, -29.954437743589743], [-51.12, -29.958], [-51.125, -29.9544], [-51.12590584615385, -29.954437743589743]], [[-51.0865, -29.9709], [-51.0841, -29.9724], [-51.08735657894737, -29.969360526315786], [-51.0868, -29.9727], [-51.089, -29.9865], [-51.0865, -29.9709]], [[-51.0813, -29.9715], [-51.081317142857145, -29.97147238095238], [-51.0841, -29.9724], [-51.0813, -29.9715]], [[-51.074, -29.967], [-51.0783, -29.9652], [-51.0734, -29.9677], [-51.0708, -29.9659], [-51.074, -29.967]], [[-51.068764845605706, -29.96686912114014], [-51.068753558052435, -29.966987640449442], [-51.0687, -29.9669], [-51.068764845605706, -29.96686912114014]], [[-51.0709, -29.9705], [-51.0666, -29.9723], [-51.065345330012455, -29.97199887920299], [-51.0709, -29.9705]], [[-51.06459090038314, -29.971817816091953], [-51.0641, -29.9717], [-51.064523553719006, -29.968989256198334], [-51.06459090038314, -29.971817816091953]], [[-51.06451096256685, -29.968460427807486], [-51.0619, -29.9673], [-51.0645, -29.968], [-51.06451096256685, -29.968460427807486]], [[-51.0543, -29.9636], [-51.0559, -29.965], [-51.0544, -29.9637], [-51.05247142857142, -29.96382857142857], [-51.0543, -29.9636]], [[-51.051386419753086, -29.963964197530863], [-51.051302639751555, -29.964360248447207], [-51.0511, -29.964], [-51.051386419753086, -29.963964197530863]], [[-51.05085140664962, -29.966493350383626], [-51.050628787878786, -29.96754573002755], [-51.0502, -29.967], [-51.05085140664962, -29.966493350383626]], [[-51.050420514705884, -29.968530294117645], [-51.0503, -29.9691], [-51.04922171052632, -29.968707894736845], [-51.050420514705884, -29.968530294117645]], [[-51.04651902587519, -29.96443698630137], [-51.0465, -29.9643], [-51.0481, -29.9636], [-51.04651902587519, -29.96443698630137]], [[-51.046001044529966, -29.9626874106652], [-51.0461, -29.9626], [-51.0481, -29.9636], [-51.046001044529966, -29.9626874106652]], [[-51.00507857142858, -29.963244642857145], [-51.005, -29.9635], [-51.0013, -29.9623], [-51.00507857142858, -29.963244642857145]], [[-50.99723095238095, -29.9650126984127], [-50.9971, -29.9651], [-50.9883, -29.9629], [-50.99723095238095, -29.9650126984127]], [[-50.984319047619046, -29.96688095238095], [-50.9842, -29.967], [-50.9831, -29.9665], [-50.984319047619046, -29.96688095238095]], [[-50.96728717647059, -29.967843411764708], [-50.9671, -29.9679], [-50.9648, -29.9669], [-50.96728717647059, -29.967843411764708]], [[-50.9658, -29.9642], [-50.96344056224899, -29.962029317269074], [-50.9639, -29.9621], [-50.9658, -29.9642]], [[-50.96179705882354, -29.961776470588237], [-50.9487, -29.9607], [-50.9522, -29.9603], [-50.96179705882354, -29.961776470588237]], [[-50.9493, -29.9663], [-50.950033834095365, -29.96670885042456], [-50.9383, -29.977], [-50.9493, -29.9663]], [[-51.01519496110923, -29.9984332769699], [-51.0155, -29.9984], [-51.0268, -30.0025], [-51.01519496110923, -29.9984332769699]], [[-50.9622, -29.9899], [-50.96, -29.9788], [-50.96228782632098, -29.98994071947609], [-50.9622, -29.9899]], [[-51.0536, -30.2578], [-51.0555, -30.2557], [-51.05433518742443, -30.25821354292624], [-51.0536, -30.2578]], [[-51.0586, -30.2397], [-51.0589, -30.2435], [-51.058892692307694, -30.243505000000003], [-51.0586, -30.2397]], [[-51.094037142857154, -30.137294285714265], [-51.0936, -30.1381], [-51.09346062992126, -30.138159055118113], [-51.094037142857154, -30.137294285714265]], [[-51.101, -30.0485], [-51.1106, -30.0505], [-51.111124111675124, -30.050739847715732], [-51.101, -30.0485]], [[-51.0962, -30.050099999999997], [-51.0977, -30.0486], [-51.101, -30.0485], [-51.0962, -30.050099999999997]], [[-51.095, -30.0505], [-51.0909, -30.0474], [-51.09536666666666, -30.050377777777776], [-51.095, -30.0505]], [[-51.0848, -30.0479], [-51.08482399643176, -30.047492060660126], [-51.0909, -30.0474], [-51.0848, -30.0479]], [[-51.0849, -30.0462], [-51.0878, -30.041], [-51.08488773584905, -30.04640849056604], [-51.0849, -30.0462]], [[-50.84073249272551, -29.960648399612026], [-50.8398, -29.9579], [-50.8407, -29.9535], [-50.84073249272551, -29.960648399612026]], [[-50.8408, -29.9755], [-50.84039270833333, -29.975919270833337], [-50.84078496732026, -29.97219281045751], [-50.8408, -29.9755]], [[-50.83525557142857, -29.98120750000001], [-50.8365, -29.9791], [-50.83844854014599, -29.977920620437953], [-50.83525557142857, -29.98120750000001]], [[-50.99408571428571, -29.705982857142857], [-50.9962, -29.7063], [-50.997221782178215, -29.705290099009904], [-50.9966, -29.707], [-50.9997, -29.7101], [-50.99408571428571, -29.705982857142857]], [[-50.9776006557377, -29.702487213114754], [-50.9738, -29.701], [-50.9696, -29.6968], [-50.9776006557377, -29.702487213114754]], [[-50.9578, -29.6934], [-50.958183999999996, -29.68908], [-50.9584, -29.6892], [-50.9578, -29.6934]], [[-50.95750937500001, -29.688705208333335], [-50.95610437956204, -29.68830892756878], [-50.9566, -29.6882], [-50.95750937500001, -29.688705208333335]], [[-50.9465, -29.6933], [-50.9475, -29.6902], [-50.94653376717281, -29.693560809833695], [-50.9438, -29.6934], [-50.9465, -29.6933]], [[-50.9421, -29.7187], [-50.9424, -29.7285], [-50.9417144876325, -29.73103639575973], [-50.9421, -29.7187]], [[-50.9415559554413, -29.731622964867178], [-50.9414, -29.7322], [-50.9376, -29.735], [-50.9415559554413, -29.731622964867178]], [[-50.93547224770642, -29.748292660550458], [-50.9366, -29.7513], [-50.9354, -29.7484], [-50.93547224770642, -29.748292660550458]], [[-50.9343, -29.7641], [-50.93512042848522, -29.770207634278826], [-50.9342, -29.7691], [-50.9343, -29.7641]], [[-50.9401, -29.7762], [-50.9477, -29.7768], [-50.947856424581005, -29.776995530726257], [-50.9401, -29.7762]], [[-51.1759, -29.675], [-51.17688267716536, -29.67270708661417], [-51.1765, -29.6817], [-51.1759, -29.675]], [[-51.0849, -29.7348], [-51.085131733439106, -29.734769773899245], [-51.0871, -29.7453], [-51.0849, -29.7348]], [[-50.921794405594405, -29.65939370629371], [-50.9152, -29.6571], [-50.9217, -29.6591], [-50.921794405594405, -29.65939370629371]], [[-50.9082737940026, -29.651196968709254], [-50.908, -29.6511], [-50.905187500000046, -29.64024062500016], [-50.9082737940026, -29.651196968709254]], [[-50.904526315789475, -29.63768771929824], [-50.9044, -29.6372], [-50.906, -29.6314], [-50.904526315789475, -29.63768771929824]], [[-50.8803, -29.6978], [-50.871717897994884, -29.693411425111023], [-50.8717, -29.6931], [-50.8820198600855, -29.69809766809172], [-50.8803, -29.6978]], [[-50.88767566892615, -29.70077677488405], [-50.8977, -29.6977], [-50.8877, -29.7008], [-50.88767566892615, -29.70077677488405]], [[-50.9221, -29.681], [-50.9142, -29.6767], [-50.91594795321638, -29.67672774528915], [-50.9221, -29.681]], [[-50.919137837837845, -29.67677837837838], [-50.919977215189874, -29.67679170182841], [-50.9198, -29.6769], [-50.919137837837845, -29.67677837837838]], [[-50.92065691489361, -29.676376329787235], [-50.92126610169492, -29.674731525423727], [-50.9216, -29.6758], [-50.92065691489361, -29.676376329787235]], [[-50.921433641084825, -29.674279169070974], [-50.9215, -29.6741], [-50.92492982456138, -29.675108771929818], [-50.921433641084825, -29.674279169070974]], [[-50.9117, -29.5995], [-50.9499, -29.5959], [-50.9602, -29.596], [-50.9117, -29.5995]], [[-50.927, -29.6756], [-50.926747113722776, -29.675539993086762], [-50.9342, -29.6725], [-50.927, -29.6756]], [[-50.94142116182573, -29.673688796680498], [-50.94086, -29.673640000000002], [-50.941, -29.6735], [-50.94142116182573, -29.673688796680498]], [[-50.94387142857143, -29.67488131868132], [-50.94367318435755, -29.67469832402235], [-50.9439, -29.6748], [-50.94387142857143, -29.67488131868132]], [[-50.9457, -29.5676], [-50.94580285714286, -29.566605714285718], [-50.9482, -29.5714], [-50.9457, -29.5676]]], [[[-51.164, -30.2617], [-51.1624, -30.2622], [-51.1641, -30.266], [-51.1701, -30.2633], [-51.164, -30.2617]]], [[[-51.1921, -30.2419], [-51.1933, -30.2422], [-51.1935, -30.2414], [-51.1921, -30.2411], [-51.1921, -30.2419]]], [[[-51.2866, -30.1205], [-51.2865, -30.1219], [-51.2885, -30.1213], [-51.2873, -30.1201], [-51.2866, -30.1205]]], [[[-51.291, -30.0603], [-51.2945, -30.054], [-51.2887, -30.0602], [-51.2861, -30.059], [-51.2869, -30.0633], [-51.292, -30.0648], [-51.291, -30.0603]]]]}}, {"type": "Feature", "properties": {"metro_id": "BRM19", "metro_name": "Florianópolis RM", "n_members": 22, "n_missing": 0, "n_states": 1, "states": "SantaCatarina"}, "geometry": {"type": "MultiPolygon", "coordinates": [[[[-48.6309, -28.0065], [-48.6273, -28.0152], [-48.6214, -28.0212], [-48.614, -28.0233], [-48.6087, -28.0164], [-48.6048, -28.0193], [-48.6009, -28.0291], [-48.5978, -28.0301], [-48.5989, -28.0349], [-48.6027, -28.0334], [-48.6047, -28.0344], [-48.6102, -28.0427], [-48.6099, -28.0449], [-48.6067, -28.0475], [-48.6062, -28.0523], [-48.6091, -28.0628], [-48.617, -28.066], [-48.6153, -28.0677], [-48.6168, -28.0709], [-48.6209, -28.0754], [-48.6257, -28.075], [-48.6289, -28.0802], [-48.6272, -28.0824], [-48.6302, -28.0827], [-48.6319, -28.0851], [-48.6317, -28.0894], [-48.6301, -28.0904], [-48.6324, -28.0909], [-48.6326, -28.0934], [-48.6313, -28.0936], [-48.6335, -28.0973], [-48.6339, -28.1033], [-48.636, -28.1026], [-48.6371, -28.1052], [-48.636, -28.1078], [-48.6299, -28.1084], [-48.6311, -28.1115], [-48.6337, -28.1131], [-48.6353, -28.1109], [-48.6391, -28.1139], [-48.6669, -28.1177], [-48.6786, -28.1056], [-48.6947, -28.1025], [-48.695, -28.1011], [-48.7015, -28.1023], [-48.7025, -28.0998], [-48.701, -28.0987], [-48.7027, -28.0961], [-48.7005, -28.0949], [-48.7061, -28.0923], [-48.705, -28.0907], [-48.7019, -28.0916], [-48.7013, -28.0886], [-48.7073, -28.0863], [-48.7058, -28.0842], [-48.70677348484848, -28.082155681818183], [-48.707, -28.0826], [-48.7617, -28.0904], [-48.7655, -28.0901], [-48.7696, -28.0874], [-48.7731, -28.0877], [-48.7793, -28.089], [-48.7817, -28.0918], [-48.7876, -28.0912], [-48.789, -28.0939], [-48.7908, -28.0931], [-48.7962, -28.095], [-48.7999, -28.0938], [-48.7998, -28.0925], [-48.802, -28.095], [-48.8074, -28.0935], [-48.8092, -28.0914], [-48.8072, -28.0905], [-48.8101, -28.0784], [-48.8126, -28.0788], [-48.818, -28.074], [-48.8216, -28.0736], [-48.826, -28.0762], [-48.8286, -28.0726], [-48.8323, -28.0716], [-48.8457, -28.075], [-48.8482, -28.073], [-48.8549, -28.0767], [-48.8643, -28.0779], [-48.8685, -28.0807], [-48.8695, -28.0795], [-48.8683, -28.0766], [-48.872, -28.078], [-48.874, -28.0724], [-48.877, -28.0746], [-48.8814, -28.075], [-48.8887, -28.0824], [-48.8937, -28.08], [-48.9017, -28.0609], [-48.9368, -28.0729], [-48.938, -28.0798], [-48.9423, -28.0831], [-48.9419, -28.0857], [-48.9373, -28.0902], [-48.9389, -28.0911], [-48.9428, -28.0896], [-48.9466, -28.0967], [-48.9512, -28.0965], [-48.9497, -28.1058], [-48.9507, -28.108], [-48.9697, -28.1081], [-48.9729, -28.1015], [-48.9696, -28.1018], [-48.9685, -28.0991], [-48.9704, -28.0979], [-48.9696, -28.0962], [-48.9724, -28.0928], [-48.9695, -28.09], [-48.9722, -28.0858], [-48.9695, -28.0838], [-48.9677, -28.0847], [-48.9685, -28.0824], [-48.9734, -28.0815], [-48.9767, -28.077], [-48.9799, -28.0769], [-48.9798, -28.0746], [-48.9836, -28.0763], [-48.9852, -28.0735], [-48.9876, -28.0726], [-48.9893, -28.0683], [-48.9923, -28.0684], [-48.9932, -28.0664], [-48.9976, -28.0652], [-48.9983, -28.0622], [-49.0026, -28.0606], [-49.0049, -28.0543], [-49.0075, -28.0529], [-49.012, -28.0548], [-49.0176, -28.0492], [-49.0229, -28.0482], [-49.0207, -28.0447], [-49.0222, -28.0425], [-49.0256, -28.0399], [-49.0308, -28.0395], [-49.0306, -28.0379], [-49.0347, -28.0353], [-49.0343, -28.0325], [-49.0366, -28.0294], [-49.0387, -28.0202], [-49.0374, -28.0159], [-49.0348, -28.0141], [-49.0354, -28.0105], [-49.0377, -28.0089], [-49.0375, -28.0067], [-49.041, -28.0067], [-49.0407, -28.0049], [-49.0445, -28.0034], [-49.0449, -27.9939], [-49.0494, -27.9934], [-49.052, -27.99], [-49.104, -28.0074], [-49.1083, -28.0035], [-49.114, -28.0041], [-49.1161, -28.0061], [-49.1227, -28.0049], [-49.1232, -28.002], [-49.1281, -28.0048], [-49.1344, -28.0013], [-49.1406, -28.0044], [-49.1468, -28.0041], [-49.1448, -27.9968], [-49.1499, -27.9825], [-49.1529, -27.9781], [-49.1519, -27.9734], [-49.1579, -27.964], [-49.1594, -27.9647], [-49.1607, -27.9696], [-49.1637, -27.9724], [-49.1678, -27.9724], [-49.171, -27.9772], [-49.1749, -27.9786], [-49.1761, -27.9811], [-49.1789, -27.9788], [-49.183, -27.9808], [-49.186, -27.9802], [-49.1929, -27.9694], [-49.2016, -27.9653], [-49.2037, -27.966], [-49.2189, -27.9633], [-49.2223, -27.9608], [-49.228, -27.9604], [-49.237, -27.9542], [-49.2395, -27.954], [-49.242, -27.9506], [-49.2458, -27.9499], [-49.257, -27.9526], [-49.2644, -27.9509], [-49.2772, -27.9427], [-49.282, -27.9412], [-49.2872, -27.9364], [-49.2918, -27.9361], [-49.2942, -27.939], [-49.2987, -27.9398], [-49.3021, -27.9389], [-49.3037, -27.9415], [-49.3078, -27.941], [-49.3096, -27.9329], [-49.3073, -27.9301], [-49.3055, -27.9225], [-49.3058, -27.9163], [-49.304, -27.9131], [-49.3009, -27.9119], [-49.2997, -27.9086], [-49.3003, -27.9027], [-49.2966, -27.9005], [-49.2956, -27.8961], [-49.2928, -27.8918], [-49.291, -27.8915], [-49.2881, -27.8855], [-49.2831, -27.8837], [-49.280940157480316, -27.873332755905512], [-49.2857, -27.872], [-49.2918, -27.8753], [-49.2954, -27.8754], [-49.2969, -27.869], [-49.3027, -27.8647], [-49.3012, -27.8614], [-49.3037, -27.8595], [-49.3034, -27.858], [-49.3058, -27.8556], [-49.3116, -27.8571], [-49.3112, -27.8551], [-49.3072, -27.8518], [-49.3061, -27.8479], [-49.3098, -27.8446], [-49.3078, -27.8401], [-49.3134, -27.8357], [-49.3141, -27.8315], [-49.3242, -27.8289], [-49.3278, -27.8302], [-49.3339, -27.8364], [-49.3376, -27.8373], [-49.3421, -27.8337], [-49.3475, -27.8231], [-49.3552, -27.8202], [-49.3564, -27.8116], [-49.3658, -27.817], [-49.3747, -27.816], [-49.3779, -27.8142], [-49.3831, -27.8159], [-49.3827, -27.8104], [-49.3855, -27.809], [-49.3872, -27.8049], [-49.3942, -27.8013], [-49.4058, -27.7914], [-49.4105, -27.7894], [-49.4151, -27.7912], [-49.4204, -27.7872], [-49.4262, -27.786], [-49.4221, -27.784], [-49.4189, -27.779], [-49.4221, -27.779], [-49.4303, -27.7733], [-49.4244, -27.7676], [-49.4251, -27.7648], [-49.4357, -27.7581], [-49.4418, -27.7611], [-49.4464, -27.7593], [-49.45, -27.7606], [-49.4521, -27.7585], [-49.4577, -27.7603], [-49.4601, -27.7519], [-49.4688, -27.7507], [-49.4671, -27.7469], [-49.4706, -27.7399], [-49.473, -27.7294], [-49.4709, -27.7242], [-49.4643, -27.7199], [-49.464, -27.715], [-49.4592, -27.7128], [-49.4581, -27.7109], [-49.4589, -27.7081], [-49.4657, -27.701], [-49.4689, -27.6865], [-49.4783, -27.682], [-49.4801, -27.6724], [-49.4851, -27.67], [-49.4876, -27.6655], [-49.4932, -27.6615], [-49.4975, -27.654], [-49.4994, -27.6555], [-49.5043, -27.6537], [-49.5035, -27.6517], [-49.5079, -27.6438], [-49.5063, -27.6382], [-49.5101, -27.6361], [-49.5082, -27.6319], [-49.5104, -27.627], [-49.5061, -27.6224], [-49.5091, -27.6183], [-49.5049, -27.6127], [-49.5067, -27.6103], [-49.5058, -27.6064], [-49.5075, -27.6057], [-49.506, -27.6047], [-49.5066, -27.6006], [-49.5041, -27.5982], [-49.5004, -27.5981], [-49.4985, -27.5936], [-49.4958, -27.5936], [-49.4973, -27.585], [-49.4877, -27.5834], [-49.4873, -27.5791], [-49.4826, -27.5767], [-49.4803, -27.5736], [-49.4808, -27.5713], [-49.4755, -27.5697], [-49.4737, -27.5661], [-49.4638, -27.5676], [-49.464, -27.5708], [-49.4621, -27.5743], [-49.4527, -27.5742], [-49.4521, -27.5771], [-49.4481, -27.5792], [-49.4485, -27.5808], [-49.4469, -27.5807], [-49.4452, -27.5836], [-49.4435, -27.5819], [-49.4437, -27.5796], [-49.4363, -27.5845], [-49.4341, -27.5824], [-49.4294, -27.5837], [-49.4281, -27.5811], [-49.4265, -27.5813], [-49.426, -27.5788], [-49.4218, -27.5778], [-49.4133, -27.5624], [-49.4105, -27.5608], [-49.4065, -27.5619], [-49.404, -27.5609], [-49.3989, -27.5647], [-49.3943, -27.5631], [-49.389, -27.5637], [-49.3882, -27.5601], [-49.3811, -27.558], [-49.3729, -27.5641], [-49.3692, -27.5651], [-49.3545, -27.5627], [-49.3462, -27.5702], [-49.3373, -27.5735], [-49.332, -27.578], [-49.3299, -27.5822], [-49.3252, -27.582], [-49.3227, -27.5888], [-49.3158, -27.5893], [-49.305, -27.5832], [-49.3012, -27.5838], [-49.3012, -27.5941], [-49.3007, -27.5837], [-49.3045, -27.5804], [-49.3077, -27.5833], [-49.3131, -27.5837], [-49.316, -27.5801], [-49.3211, -27.5661], [-49.3207, -27.5632], [-49.3252, -27.5619], [-49.3281, -27.5571], [-49.3221, -27.5528], [-49.3228, -27.5511], [-49.3204, -27.5499], [-49.3191, -27.5464], [-49.3242, -27.5444], [-49.3223, -27.5372], [-49.3264, -27.533], [-49.3247, -27.5294], [-49.3262, -27.5246], [-49.3221, -27.518], [-49.3145, -27.5115], [-49.3129, -27.5067], [-49.3063, -27.4991], [-49.3064, -27.4964], [-49.3027, -27.4943], [-49.3043, -27.4912], [-49.3023, -27.4897], [-49.3014, -27.484], [-49.299, -27.4802], [-49.2975, -27.4802], [-49.296, -27.477], [-49.2928, -27.4763], [-49.2941, -27.4753], [-49.2925, -27.4738], [-49.293, -27.4685], [-49.2974, -27.467], [-49.2955, -27.4653], [-49.2969, -27.4577], [-49.2999, -27.4561], [-49.3018, -27.4515], [-49.2946, -27.4442], [-49.2957, -27.443], [-49.2938, -27.439], [-49.2967, -27.4347], [-49.2959, -27.4293], [-49.2988, -27.4244], [-49.3054, -27.4187], [-49.3081, -27.4105], [-49.3102, -27.4084], [-49.3088, -27.4064], [-49.3095, -27.3989], [-49.3112, -27.3971], [-49.3054, -27.3868], [-49.3063, -27.3849], [-49.2995, -27.3815], [-49.2976, -27.3791], [-49.2979, -27.3772], [-49.2948, -27.3746], [-49.2934, -27.3701], [-49.2946, -27.3653], [-49.2966, -27.3643], [-49.2971, -27.3592], [-49.2861, -27.3498], [-49.2804, -27.3477], [-49.279, -27.3452], [-49.2808, -27.3439], [-49.2787, -27.3401], [-49.2799, -27.336], [-49.2787, -27.334], [-49.2677, -27.3301], [-49.2642, -27.3317], [-49.2615, -27.3298], [-49.2587, -27.3309], [-49.2456, -27.3258], [-49.2339, -27.3278], [-49.227, -27.3245], [-49.224157370772176, -27.32126528398213], [-49.2258, -27.3191], [-49.2262, -27.3151], [-49.2216, -27.3088], [-49.2188, -27.3043], [-49.209, -27.3011], [-49.2048, -27.2948], [-49.2007, -27.2932], [-49.1885, -27.2945], [-49.1827, -27.2915], [-49.1778, -27.2914], [-49.1732, -27.2953], [-49.1681, -27.2925], [-49.1619, -27.2929], [-49.1583, -27.2905], [-49.1561, -27.2918], [-49.1519, -27.29], [-49.1462, -27.2835], [-49.1405, -27.2842], [-49.1324, -27.2798], [-49.1308, -27.2825], [-49.1266, -27.2822], [-49.1222, -27.2756], [-49.1186, -27.2787], [-49.1102, -27.2805], [-49.1069, -27.2759], [-49.1016, -27.2757], [-49.0979, -27.2775], [-49.0938, -27.2761], [-49.0882, -27.2771], [-49.0851, -27.2752], [-49.0822, -27.2755], [-49.0749, -27.2708], [-49.0728, -27.274], [-49.0739, -27.278], [-49.0707, -27.28], [-49.0679, -27.2792], [-49.0656, -27.2751], [-49.0514, -27.272], [-49.0494, -27.2695], [-49.0376, -27.2719], [-49.0289, -27.2662], [-49.0254, -27.2601], [-49.0217, -27.2571], [-49.015, -27.2546], [-49.0094, -27.2489], [-49.0013, -27.2502], [-48.9966, -27.2468], [-48.9897, -27.2485], [-48.9787, -27.2437], [-48.9753, -27.2404], [-48.9732, -27.2405], [-48.969, -27.2374], [-48.9688, -27.2335], [-48.9641, -27.232], [-48.9614, -27.2291], [-48.9606, -27.2256], [-48.9562, -27.224], [-48.9547, -27.2213], [-48.9452, -27.2184], [-48.9419, -27.2153], [-48.9333, -27.212], [-48.9309, -27.2017], [-48.9266, -27.2022], [-48.9235, -27.2003], [-48.9186, -27.2], [-48.9177, -27.1972], [-48.912, -27.197], [-48.9098, -27.1919], [-48.9057, -27.1892], [-48.8984, -27.1908], [-48.8954, -27.1849], [-48.8923, -27.1833], [-48.8839, -27.1831], [-48.8818, -27.1848], [-48.8833, -27.1895], [-48.8783, -27.1772], [-48.874, -27.1751], [-48.8705, -27.1756], [-48.8674, -27.173], [-48.864, -27.1684], [-48.8658, -27.165], [-48.8625, -27.1628], [-48.8596, -27.1637], [-48.8561, -27.1625], [-48.8519, -27.1581], [-48.8473, -27.1562], [-48.8429, -27.1575], [-48.8241, -27.1391], [-48.8183, -27.138], [-48.8124, -27.1346], [-48.8067, -27.1414], [-48.8027, -27.1415], [-48.7994, -27.1502], [-48.8003, -27.1547], [-48.7941, -27.1615], [-48.7994, -27.1551], [-48.7881, -27.151], [-48.7783, -27.1516], [-48.7772, -27.1487], [-48.7732, -27.1462], [-48.7743, -27.1431], [-48.773, -27.1404], [-48.7748, -27.1358], [-48.7708, -27.1343], [-48.7625, -27.1368], [-48.7563, -27.1345], [-48.7524, -27.1399], [-48.752, -27.1467], [-48.7495, -27.1483], [-48.7365, -27.1478], [-48.7306, -27.1442], [-48.7275, -27.1449], [-48.7251, -27.1426], [-48.7192, -27.1424], [-48.7164, -27.1439], [-48.7093, -27.1406], [-48.7057, -27.1416], [-48.6987, -27.1376], [-48.6959, -27.1401], [-48.6921, -27.1392], [-48.6895, -27.1424], [-48.6912, -27.1487], [-48.683, -27.1532], [-48.6848, -27.1585], [-48.6803, -27.1657], [-48.6816, -27.167], [-48.6898, -27.1669], [-48.6922, -27.1686], [-48.6881, -27.168], [-48.6862, -27.1729], [-48.6893, -27.1765], [-48.6882, -27.1813], [-48.69, -27.1855], [-48.6877, -27.1915], [-48.6835, -27.1958], [-48.6751, -27.1976], [-48.6737, -27.1998], [-48.6691, -27.201], [-48.6701, -27.208], [-48.6672, -27.2127], [-48.6614, -27.2162], [-48.6234, -27.211], [-48.6175, -27.2127], [-48.6077, -27.2106], [-48.6044, -27.2122], [-48.6057, -27.2145], [-48.6035, -27.2144], [-48.6025, -27.2175], [-48.6065, -27.2189], [-48.6083, -27.2214], [-48.6135, -27.2374], [-48.6157, -27.2576], [-48.6155, -27.2717], [-48.6118, -27.2837], [-48.6038, -27.3007], [-48.5946, -27.3155], [-48.6271, -27.3249], [-48.5942, -27.3159], [-48.585, -27.3199], [-48.5798, -27.3128], [-48.5755, -27.3152], [-48.5721, -27.315], [-48.5685, -27.3093], [-48.5662, -27.3104], [-48.5643, -27.3085], [-48.5638, -27.3155], [-48.5601, -27.3162], [-48.5584, -27.3129], [-48.5563, -27.3148], [-48.5523, -27.313], [-48.5533, -27.3091], [-48.5514, -27.3042], [-48.5498, -27.3039], [-48.5501, -27.3062], [-48.5479, -27.3068], [-48.5439, -27.3015], [-48.5432, -27.298], [-48.5396, -27.2987], [-48.5405, -27.3035], [-48.538, -27.307], [-48.5401, -27.3152], [-48.5381, -27.3254], [-48.5312, -27.335], [-48.5261, -27.3326], [-48.5233, -27.3342], [-48.5259, -27.3349], [-48.5258, -27.3391], [-48.5284, -27.341], [-48.5278, -27.3434], [-48.526, -27.3441], [-48.5348, -27.3496], [-48.5328, -27.3555], [-48.5349, -27.3555], [-48.537, -27.358], [-48.5342, -27.3669], [-48.532, -27.3677], [-48.533, -27.3689], [-48.5309, -27.3749], [-48.5254, -27.3771], [-48.527, -27.3795], [-48.5299, -27.3792], [-48.5344, -27.3835], [-48.5263, -27.4083], [-48.5164, -27.3998], [-48.4835, -27.3783], [-48.4158, -27.3809], [-48.4109, -27.3843], [-48.4125, -27.3912], [-48.4142, -27.3928], [-48.4117, -27.405], [-48.4056, -27.4053], [-48.4029, -27.41], [-48.404, -27.415], [-48.4013, -27.4217], [-48.3914, -27.4353], [-48.3817, -27.4417], [-48.372, -27.4439], [-48.3698, -27.4431], [-48.3697, -27.4398], [-48.3654, -27.4325], [-48.3586, -27.4402], [-48.3615, -27.4481], [-48.3706, -27.4498], [-48.3756, -27.4596], [-48.3771, -27.4649], [-48.3736, -27.4716], [-48.3757, -27.4806], [-48.3779, -27.482], [-48.3808, -27.4811], [-48.3864, -27.485], [-48.4003, -27.4994], [-48.4136, -27.5182], [-48.4257, -27.542], [-48.4293, -27.5552], [-48.4283, -27.5685], [-48.4238, -27.5739], [-48.4219, -27.5722], [-48.4208, -27.5742], [-48.4155, -27.5713], [-48.4119, -27.5731], [-48.4123, -27.576], [-48.4197, -27.5836], [-48.4177, -27.5889], [-48.4192, -27.5928], [-48.4226, -27.5915], [-48.4274, -27.594], [-48.4285, -27.5994], [-48.4311, -27.6001], [-48.4358, -27.6076], [-48.4352, -27.6122], [-48.4336, -27.6134], [-48.4321, -27.6124], [-48.4314, -27.6162], [-48.4339, -27.6155], [-48.4392, -27.6175], [-48.4383, -27.6199], [-48.4443, -27.6236], [-48.4454, -27.6294], [-48.4487, -27.6291], [-48.4519, -27.6318], [-48.4673, -27.6512], [-48.4762, -27.668], [-48.4818, -27.6917], [-48.4959, -27.7042], [-48.501, -27.7124], [-48.5037, -27.7224], [-48.5055, -27.7241], [-48.5078, -27.7365], [-48.5063, -27.7475], [-48.5015, -27.7504], [-48.4989, -27.7479], [-48.4989, -27.7502], [-48.5008, -27.7508], [-48.4959, -27.7575], [-48.4879, -27.7553], [-48.4849, -27.7606], [-48.4783, -27.7618], [-48.4765, -27.7635], [-48.4775, -27.7672], [-48.4756, -27.7704], [-48.4774, -27.7715], [-48.4823, -27.7695], [-48.4877, -27.7756], [-48.4882, -27.7784], [-48.4831, -27.7833], [-48.4835, -27.7853], [-48.4859, -27.7863], [-48.487, -27.7899], [-48.4904, -27.7905], [-48.4936, -27.7941], [-48.4979, -27.795], [-48.5003, -27.7931], [-48.5042, -27.7936], [-48.5068, -27.7915], [-48.5083, -27.7898], [-48.5067, -27.7836], [-48.5094, -27.7819], [-48.5176, -27.7815], [-48.5251, -27.7851], [-48.5347, -27.7966], [-48.5337, -27.8003], [-48.5368, -27.8039], [-48.5353, -27.8073], [-48.5403, -27.8145], [-48.5414, -27.8236], [-48.5443, -27.8299], [-48.5597, -27.8391], [-48.5603, -27.8353], [-48.5667, -27.8339], [-48.5708, -27.836], [-48.5723, -27.8417], [-48.57614023538799, -27.843754079393577], [-48.576, -27.8454], [-48.5798, -27.8531], [-48.5805, -27.8489], [-48.5844, -27.8477], [-48.5957, -27.8508], [-48.6008, -27.8583], [-48.6021, -27.8676], [-48.5994, -27.8781], [-48.593, -27.8846], [-48.5894, -27.8846], [-48.5876, -27.8813], [-48.5788, -27.8833], [-48.5772, -27.8794], [-48.575, -27.8775], [-48.5764, -27.8803], [-48.5758, -27.8843], [-48.5731, -27.886], [-48.5753, -27.8923], [-48.5813, -27.8973], [-48.5822, -27.9006], [-48.5809, -27.9021], [-48.5825, -27.9066], [-48.585, -27.9041], [-48.58709289704709, -27.90449241819633], [-48.6064, -27.9237], [-48.6209, -27.9449], [-48.6258, -27.9585], [-48.6202, -27.9627], [-48.6286, -27.9757], [-48.6322, -27.9945], [-48.6309, -28.0065]], [[-49.3061, -27.6005], [-49.305938807504496, -27.600676304291955], [-49.3012, -27.5941], [-49.3061, -27.6005]], [[-48.59820105263158, -27.401362562929062], [-48.5981, -27.4012], [-48.59886213740458, -27.401060763358778], [-48.59820105263158, -27.401362562929062]], [[-48.6057, -27.44], [-48.60397142857143, -27.441885714285714], [-48.608, -27.4345], [-48.6057, -27.44]], [[-48.6002, -27.446], [-48.597189135633755, -27.447731738981894], [-48.60158039215686, -27.44449411764706], [-48.6002, -27.446]], [[-48.58461538461538, -27.455938461538448], [-48.58442843137255, -27.454255882352943], [-48.5849, -27.4548], [-48.58461538461538, -27.455938461538448]], [[-48.5908, -27.4835], [-48.590775200918486, -27.484305970149254], [-48.5821, -27.4691], [-48.58223337173058, -27.468531935221574], [-48.5908, -27.4835]], [[-48.5906, -27.49], [-48.5894, -27.4939], [-48.59071214953271, -27.48635514018691], [-48.5906, -27.49]], [[-48.5762, -27.5172], [-48.5782, -27.5263], [-48.5761, -27.5176], [-48.5787, -27.5067], [-48.5762, -27.5172]], [[-48.6786, -27.5232], [-48.678920549641, -27.523104134686804], [-48.6794, -27.5302], [-48.6786, -27.5232]], [[-48.6893, -27.52], [-48.6895014281936, -27.52019783126157], [-48.68468763866879, -27.521379397781295], [-48.6893, -27.52]], [[-48.6997, -27.5244], [-48.699837623762384, -27.524419801980198], [-48.69967333333333, -27.524406111111112], [-48.6997, -27.5244]], [[-48.7136, -27.5264], [-48.7153, -27.5287], [-48.71255217052248, -27.526249233168702], [-48.7136, -27.5264]], [[-48.7187, -27.5293], [-48.7231, -27.5371], [-48.72413197674419, -27.538008139534885], [-48.7233, -27.5377], [-48.7186504601227, -27.52929125766871], [-48.7187, -27.5293]], [[-48.7274, -27.5385], [-48.72807331887202, -27.539467895878524], [-48.726518181818186, -27.53889191919192], [-48.7274, -27.5385]], [[-48.729, -27.5408], [-48.726979680696665, -27.54358664731495], [-48.728519098309334, -27.540108703819666], [-48.729, -27.5408]], [[-48.7275, -27.5535], [-48.726, -27.5458], [-48.726191351857636, -27.54536768654386], [-48.7275, -27.5535]], [[-48.60294658187599, -27.665200317964974], [-48.60250198153136, -27.662206675644484], [-48.6027, -27.6626], [-48.60294658187599, -27.665200317964974]], [[-48.6013, -27.7214], [-48.5982, -27.7371], [-48.6016, -27.7186], [-48.6013, -27.7214]], [[-48.598, -27.7623], [-48.5879, -27.7514], [-48.58825202090461, -27.750911271947963], [-48.598, -27.7623]], [[-48.7403, -27.6226], [-48.7406, -27.6177], [-48.738431997229675, -27.614645087005453], [-48.73843356789158, -27.61464524367996], [-48.7407, -27.6177], [-48.7403, -27.6226]], [[-49.1842, -27.39312], [-49.1809, -27.3918], [-49.1842, -27.3929], [-49.1842, -27.39312]], [[-49.18784453961457, -27.400229550321207], [-49.1842, -27.3956], [-49.1878, -27.4], [-49.18784453961457, -27.400229550321207]], [[-49.18908416886544, -27.40671424802111], [-49.1887195121951, -27.4047390243901], [-49.1891, -27.4067], [-49.18908416886544, -27.40671424802111]], [[-49.196, -27.4098], [-49.187246920492726, -27.407660358342664], [-49.18887049180328, -27.406906557377052], [-49.1881, -27.4076], [-49.196, -27.4098]], [[-49.2021, -27.4075], [-49.2024775164303, -27.407707263922518], [-49.196, -27.4098], [-49.2021, -27.4075]], [[-49.22075632183908, -27.420125287356324], [-49.2159, -27.4176], [-49.2207, -27.4199], [-49.22075632183908, -27.420125287356324]], [[-49.2179, -27.4836], [-49.224, -27.4807], [-49.21799086787565, -27.483655310880827], [-49.2179, -27.4836]], [[-49.224688349514565, -27.48773203883495], [-49.222787500000074, -27.486575000000045], [-49.2247, -27.4877], [-49.224688349514565, -27.48773203883495]], [[-49.2229, -27.4915], [-49.224475, -27.491325], [-49.225, -27.4915], [-49.2229, -27.4915]], [[-49.222, -27.4916], [-49.222065217391304, -27.491592753623188], [-49.2209, -27.4947], [-49.222, -27.4916]], [[-49.1219, -27.5005], [-49.12614691358024, -27.50237654320988], [-49.1261, -27.5024], [-49.1219, -27.5005]], [[-49.0251, -27.4793], [-49.03312918299668, -27.483661531504367], [-49.0331, -27.4837], [-49.0251, -27.4793]], [[-48.9888, -27.4501], [-48.989164155124655, -27.45036444598338], [-48.9722, -27.455], [-48.9888, -27.4501]], [[-48.916, -27.4581], [-48.9195, -27.4616], [-48.92095306859206, -27.463495306859215], [-48.916, -27.4581]], [[-48.8891, -27.4377], [-48.8891, -27.441], [-48.8885517571885, -27.43716230031949], [-48.8891, -27.4377]], [[-48.8839, -27.4326], [-48.88473791469191, -27.433421800947837], [-48.88377710843374, -27.432559036144582], [-48.8839, -27.4326]], [[-48.871233333333336, -27.438050980392156], [-48.87214317343174, -27.437836900369003], [-48.8721, -27.438], [-48.871233333333336, -27.438050980392156]], [[-48.87029584569732, -27.43788367952521], [-48.8704982869379, -27.438094218415415], [-48.8704, -27.4381], [-48.87029584569732, -27.43788367952521]], [[-48.81841718104496, -27.386810206561364], [-48.8285, -27.3928], [-48.8185, -27.387], [-48.81841718104496, -27.386810206561364]], [[-48.81195505084745, -27.374513288135592], [-48.8148, -27.3752], [-48.812, -27.3747], [-48.81195505084745, -27.374513288135592]], [[-48.8037757543486, -27.363608839190622], [-48.8107, -27.3693], [-48.8042, -27.3644], [-48.8037757543486, -27.363608839190622]], [[-48.797276691729316, -27.35625488721804], [-48.798158536585376, -27.356797560975615], [-48.7975, -27.3566], [-48.797276691729316, -27.35625488721804]], [[-48.7963, -27.3539], [-48.79654473684211, -27.355123684210536], [-48.795642670157065, -27.353729581151832], [-48.7963, -27.3539]], [[-48.79292303765156, -27.35253171665603], [-48.7936, -27.3532], [-48.794276658476655, -27.35337542997543], [-48.79319007092199, -27.35356170212766], [-48.79292303765156, -27.35253171665603]], [[-48.78982811671088, -27.352660689655174], [-48.79311111111111, -27.35357523809524], [-48.7918, -27.3538], [-48.78982811671088, -27.352660689655174]], [[-48.76838796821794, -27.349896140749145], [-48.7715, -27.3467], [-48.7688, -27.3498], [-48.76838796821794, -27.349896140749145]], [[-48.7657227202473, -27.35041344667697], [-48.76610303030303, -27.35042929292929], [-48.7658, -27.3505], [-48.7657227202473, -27.35041344667697]], [[-49.2800179245283, -27.869210107816716], [-49.2759, -27.8647], [-49.28, -27.8691], [-49.2800179245283, -27.869210107816716]], [[-49.27112291196388, -27.855432449209932], [-49.2624, -27.8504], [-49.2709, -27.855], [-49.27112291196388, -27.855432449209932]], [[-49.24300909090909, -27.846053246753247], [-49.2426, -27.8461], [-49.2417, -27.8425], [-49.24300909090909, -27.846053246753247]], [[-49.21280402611534, -27.829810881392817], [-49.2126, -27.8298], [-49.2101, -27.8273], [-49.21280402611534, -27.829810881392817]], [[-49.163406782334384, -27.761355835962142], [-49.1632, -27.7612], [-49.1635, -27.758], [-49.163406782334384, -27.761355835962142]], [[-49.15751333333333, -27.74397999999999], [-49.1589, -27.7459], [-49.157491715976334, -27.744408875739648], [-49.1577, -27.7445], [-49.15751333333333, -27.74397999999999]], [[-49.156746199701935, -27.744082712369597], [-49.1467, -27.7437], [-49.1545, -27.7431], [-49.156746199701935, -27.744082712369597]], [[-49.031, -27.7738], [-49.03097674142284, -27.773948596465168], [-49.0266, -27.7685], [-49.031, -27.7738]], [[-48.9789, -27.6266], [-48.9699, -27.6345], [-48.96977808988764, -27.63451573033708], [-48.9741, -27.6294], [-48.9789, -27.6266]], [[-48.9583, -27.6314], [-48.95403928571428, -27.626517931547617], [-48.9549, -27.6265], [-48.9583, -27.6314]], [[-49.0067, -27.8798], [-49.006769407008086, -27.879619541778975], [-49.017, -27.8825], [-49.0067, -27.8798]], [[-49.0067, -27.8744], [-49.00698180645161, -27.874339612903228], [-49.00694223602484, -27.875078260869557], [-49.0067, -27.8744]], [[-48.9138, -27.8381], [-48.9074, -27.8302], [-48.90724404798524, -27.82858849584743], [-48.9138, -27.8381]], [[-48.9137, -27.8417], [-48.911, -27.8438], [-48.91371229946524, -27.84125721925134], [-48.9137, -27.8417]], [[-48.8722, -27.8763], [-48.871551883166795, -27.875965488086088], [-48.87285768566494, -27.87474974093264], [-48.8722, -27.8763]], [[-48.84495900621118, -27.860229813664596], [-48.8444, -27.862], [-48.84330989010989, -27.861772893772894], [-48.8448, -27.8602], [-48.84495900621118, -27.860229813664596]], [[-48.842, -27.8615], [-48.841714051522246, -27.861078805620608], [-48.84233138075314, -27.861569037656903], [-48.842, -27.8615]], [[-48.83, -27.849], [-48.8344, -27.8504], [-48.83449431680774, -27.85056324062878], [-48.83, -27.849]], [[-48.7617, -27.843], [-48.761329626123995, -27.842543492664458], [-48.7645, -27.842], [-48.7617, -27.843]], [[-48.7642556097561, -27.830968292682925], [-48.7643, -27.831], [-48.76419530201342, -27.831061073825502], [-48.7642556097561, -27.830968292682925]], [[-48.74174100719424, -27.80097050359712], [-48.743, -27.8016], [-48.7427, -27.8036], [-48.74174100719424, -27.80097050359712]], [[-48.7396, -27.795100000000005], [-48.7412, -27.7965], [-48.74087678883072, -27.798600872600346], [-48.7396, -27.795100000000005]], [[-48.739393810444874, -27.795528239845265], [-48.7388, -27.7944], [-48.7396, -27.795100000000005], [-48.739393810444874, -27.795528239845265]], [[-48.73830945454546, -27.797780363636363], [-48.7383, -27.7977], [-48.73838744394619, -27.797618385650225], [-48.73830945454546, -27.797780363636363]], [[-48.7406, -27.8105], [-48.7389, -27.8028], [-48.73833357664234, -27.79798540145985], [-48.7406, -27.8105]], [[-48.6475, -27.9027], [-48.6517, -27.9012], [-48.65171598579041, -27.901229307282417], [-48.6475, -27.9027]], [[-48.64495857142859, -27.907282857142885], [-48.6439, -27.9056], [-48.643967375886525, -27.905613475177304], [-48.64495857142859, -27.907282857142885]], [[-48.642, -27.9093], [-48.64758580738595, -27.911707675597395], [-48.6477, -27.9119], [-48.6419, -27.9093], [-48.642480000000006, -27.906979999999987], [-48.642, -27.9093]], [[-48.64161290322582, -27.905687096774205], [-48.6426, -27.9064], [-48.64258232235702, -27.906485441941076], [-48.64161290322582, -27.905687096774205]], [[-48.64072919708029, -27.905524817518263], [-48.6408, -27.9051], [-48.64087749667111, -27.905155969818022], [-48.64072919708029, -27.905524817518263]], [[-48.637846724417976, -27.912694044396318], [-48.6373, -27.9117], [-48.63874404494382, -27.91046224719101], [-48.637846724417976, -27.912694044396318]], [[-48.637, -27.9148], [-48.63635714285714, -27.9148], [-48.63717763157895, -27.914358198380565], [-48.637, -27.9148]], [[-48.63552068965517, -27.9148], [-48.6342, -27.9148], [-48.63303902439025, -27.912187804878048], [-48.6331, -27.9122], [-48.63552068965517, -27.9148]], [[-48.62455088372093, -27.910546139534883], [-48.6246, -27.9105], [-48.62802857142858, -27.911185714285715], [-48.62455088372093, -27.910546139534883]], [[-48.6091, -27.917], [-48.607992057761734, -27.91660685920578], [-48.6144, -27.9143], [-48.6091, -27.917]], [[-48.6029, -27.9148], [-48.5914, -27.9053], [-48.604948387096776, -27.915526847034343], [-48.6029, -27.9148]], [[-48.84116788658094, -27.880510781404553], [-48.841, -27.8812], [-48.837, -27.8825], [-48.84116788658094, -27.880510781404553]], [[-48.836709226467846, -27.8874431500466], [-48.8367, -27.8876], [-48.8305, -27.8905], [-48.836709226467846, -27.8874431500466]], [[-48.82563539192399, -27.889040617577198], [-48.82543048780487, -27.88948658536585], [-48.8255, -27.889], [-48.82563539192399, -27.889040617577198]], [[-48.825729411764705, -27.908941176470588], [-48.8278, -27.9064], [-48.8258, -27.9091], [-48.825729411764705, -27.908941176470588]], [[-48.83984161958569, -27.94249472693032], [-48.84001608961303, -27.94273462321792], [-48.8399, -27.9427], [-48.83984161958569, -27.94249472693032]], [[-48.84903145001976, -27.950881627815093], [-48.8492, -27.9512], [-48.8413, -27.9638], [-48.84903145001976, -27.950881627815093]], [[-48.836903359044534, -27.97898357800448], [-48.8435, -27.9907], [-48.8369, -27.979], [-48.836903359044534, -27.97898357800448]], [[-48.8411, -27.9986], [-48.84284590592335, -28.005486628919876], [-48.8428, -28.0054], [-48.8411, -27.9986]], [[-48.853828395061726, -28.021677248677243], [-48.8539, -28.0218], [-48.8552, -28.0399], [-48.853828395061726, -28.021677248677243]], [[-49.03327359760658, -27.798760583395666], [-49.0292, -27.7853], [-49.0324, -27.7927], [-49.03327359760658, -27.798760583395666]], [[-49.03392326139089, -27.804505995203833], [-49.03387481662592, -27.802931540342296], [-49.034, -27.8038], [-49.03392326139089, -27.804505995203833]], [[-49.0313, -27.8118], [-49.033568862275445, -27.80776646706587], [-49.0335, -27.8084], [-49.0313, -27.8118]], [[-49.021967622950825, -27.853774180327868], [-49.0187, -27.8482], [-49.0221, -27.8536], [-49.021967622950825, -27.853774180327868]], [[-48.737, -27.7866], [-48.7322, -27.7871], [-48.7269, -27.7844], [-48.72515757575758, -27.782733333333333], [-48.7319, -27.7869], [-48.737, -27.7866]], [[-48.682, -27.7586], [-48.676130873786406, -27.757909514563107], [-48.675, -27.7574], [-48.682, -27.7586]], [[-48.742342535211264, -27.639506478873244], [-48.7436, -27.6421], [-48.7421, -27.6408], [-48.742342535211264, -27.639506478873244]], [[-49.3021, -27.6141], [-49.30191624314179, -27.61423107132544], [-49.3029, -27.604], [-49.3021, -27.6141]], [[-49.28878620689655, -27.623596551724138], [-49.2902, -27.6219], [-49.29972258064517, -27.615795781637715], [-49.28878620689655, -27.623596551724138]], [[-49.28661894769809, -27.629463670529265], [-49.2867, -27.6261], [-49.2876486803519, -27.624961583577722], [-49.28661894769809, -27.629463670529265]], [[-49.2835, -27.6431], [-49.28321669678352, -27.643254969280807], [-49.28386360959191, -27.64151026503999], [-49.2835, -27.6431]], [[-49.2608, -27.6536], [-49.26054952076677, -27.653653674121408], [-49.2636, -27.6508], [-49.2608, -27.6536]], [[-49.2552, -27.6548], [-49.25508993781798, -27.654762690785756], [-49.25850000000005, -27.65409285714285], [-49.2552, -27.6548]], [[-49.2079565217391, -27.626430434782534], [-49.2092, -27.6293], [-49.20921530434783, -27.62943008695653], [-49.2079565217391, -27.626430434782534]], [[-49.20533512886598, -27.620183711340207], [-49.2053, -27.6201], [-49.20788632893824, -27.609850474207725], [-49.2082, -27.6107], [-49.20533512886598, -27.620183711340207]], [[-49.19444750733138, -27.657304398826977], [-49.1953, -27.652], [-49.1947, -27.6571], [-49.19444750733138, -27.657304398826977]], [[-49.191123396880414, -27.658652339688043], [-49.193873451957295, -27.657769110320285], [-49.1926, -27.6588], [-49.191123396880414, -27.658652339688043]], [[-49.1563, -27.7406], [-49.159, -27.7368], [-49.1566524958859, -27.741581952825015], [-49.1563, -27.7406]], [[-48.957956655290104, -27.613132764505117], [-48.9581, -27.6133], [-48.9559, -27.6151], [-48.957956655290104, -27.613132764505117]], [[-48.95471834862386, -27.601505766710357], [-48.9549, -27.6015], [-48.956, -27.6059], [-48.95471834862386, -27.601505766710357]], [[-48.949, -27.6018], [-48.9488478768991, -27.601692130892094], [-48.95020851063829, -27.601648936170214], [-48.949, -27.6018]], [[-48.9388, -27.5977], [-48.93868990825688, -27.597507339449542], [-48.9435, -27.5979], [-48.9388, -27.5977]], [[-48.934888213750625, -27.5852716996837], [-48.935, -27.5853], [-48.9337, -27.5925], [-48.934888213750625, -27.5852716996837]], [[-48.927, -27.5832], [-48.9255, -27.5771], [-48.92707937964177, -27.58322009611184], [-48.927, -27.5832]], [[-48.9217, -27.5732], [-48.9247922705314, -27.571946376811596], [-48.92198833333333, -27.57349592105263], [-48.9217, -27.5732]], [[-48.9265, -27.5692], [-48.9256, -27.5715], [-48.92545201668985, -27.571581780250348], [-48.9265, -27.5692]], [[-48.92, -27.5583], [-48.920032978723405, -27.558228546099294], [-48.9229, -27.561], [-48.92, -27.5583]], [[-48.921371428571426, -27.465114285714286], [-48.921573770491804, -27.464304918032788], [-48.9218, -27.4646], [-48.921371428571426, -27.465114285714286]], [[-48.91865103448277, -27.46823862068965], [-48.918824096385535, -27.468171084337353], [-48.9188, -27.4682], [-48.91865103448277, -27.46823862068965]], [[-48.9143, -27.4669], [-48.91647469387755, -27.468802857142858], [-48.9161, -27.4689], [-48.9143, -27.4669]], [[-48.9133, -27.4689], [-48.91006233183856, -27.470007623318388], [-48.9143, -27.4669], [-48.9133, -27.4689]], [[-48.906810169491536, -27.4687966101695], [-48.90967352746525, -27.470140635340833], [-48.9095, -27.4702], [-48.906810169491536, -27.4687966101695]], [[-48.9192, -27.5482], [-48.91990927835052, -27.54722474226804], [-48.91940235294118, -27.548604705882354], [-48.9192, -27.5482]], [[-49.210888372093024, -27.628609302325582], [-49.2134, -27.6266], [-49.2202, -27.6248], [-49.210888372093024, -27.628609302325582]], [[-49.2471, -27.594], [-49.25018650519031, -27.59236029411765], [-49.25, -27.5927], [-49.2471, -27.594]], [[-49.2528, -27.5876], [-49.2505, -27.581], [-49.2508676056338, -27.580836619718312], [-49.2528, -27.5876]], [[-49.2287, -27.4939], [-49.2257, -27.4936], [-49.22556153846154, -27.493115384615383], [-49.2287, -27.4939]], [[-49.22524285714285, -27.491999999999994], [-49.22511052631579, -27.491536842105262], [-49.2253, -27.4916], [-49.22524285714285, -27.491999999999994]], [[-48.763631119745675, -27.46009095725892], [-48.7559, -27.4703], [-48.7635, -27.4601], [-48.763631119745675, -27.46009095725892]], [[-48.746086915887844, -27.477200934579447], [-48.74538798674399, -27.47831922120961], [-48.7451, -27.4779], [-48.746086915887844, -27.477200934579447]], [[-48.74924708939708, -27.483936902286885], [-48.752, -27.487], [-48.75249369557646, -27.488662974573327], [-48.74924708939708, -27.483936902286885]], [[-48.75303778234086, -27.490495687885005], [-48.7539, -27.4934], [-48.7533, -27.4981], [-48.75303778234086, -27.490495687885005]], [[-48.72742350515464, -27.518805773195876], [-48.7278, -27.5205], [-48.7274, -27.5188], [-48.72742350515464, -27.518805773195876]], [[-48.723817777777775, -27.526473333333332], [-48.7238, -27.5264], [-48.7278, -27.5205], [-48.723817777777775, -27.526473333333332]], [[-48.8926, -27.2036], [-48.8884, -27.2008], [-48.888248033560565, -27.199415416885156], [-48.8926, -27.2036]], [[-48.8969, -27.215], [-48.89416016597511, -27.216679253112027], [-48.89663935685828, -27.214575697211153], [-48.8969, -27.215]], [[-48.8938, -27.2169], [-48.8887, -27.214], [-48.89384764175941, -27.216870800211975], [-48.8938, -27.2169]], [[-48.8843, -27.215], [-48.8810688016529, -27.214171487603306], [-48.8887, -27.214], [-48.8843, -27.215]], [[-48.8764, -27.2187], [-48.8798, -27.2142], [-48.88023816719473, -27.214190153546188], [-48.8764, -27.2187]], [[-48.8654, -27.2197], [-48.8696, -27.2171], [-48.87003742690059, -27.217202923976608], [-48.8654, -27.2197]], [[-48.8653, -27.222], [-48.86520434782609, -27.222047826086957], [-48.8654, -27.2197], [-48.8653, -27.222]], [[-48.81310178571429, -27.257185714285715], [-48.8132, -27.2509], [-48.81397647058824, -27.25018823529412], [-48.81310178571429, -27.257185714285715]], [[-48.8168, -27.2611], [-48.8131, -27.2573], [-48.813101537183215, -27.257201620274202], [-48.8168, -27.2611]], [[-48.811, -27.2745], [-48.8016, -27.2749], [-48.81110574098798, -27.274312016021362], [-48.811, -27.2745]], [[-48.7857, -27.27629574468085], [-48.7857, -27.2759], [-48.78932337662338, -27.27614155844156], [-48.7857, -27.27629574468085]], [[-48.8012, -27.3335], [-48.79983382899628, -27.33626022304834], [-48.80111557459678, -27.333389112903227], [-48.8012, -27.3335]], [[-48.7972523809524, -27.350066666666763], [-48.7962, -27.3444], [-48.796383982683984, -27.343987878787875], [-48.7972523809524, -27.350066666666763]], [[-48.797453651782625, -27.35115043267566], [-48.8024, -27.3558], [-48.801998543468365, -27.356357578516157], [-48.7975, -27.3514], [-48.797453651782625, -27.35115043267566]], [[-48.90877400950872, -27.42114595879556], [-48.90899230769231, -27.4202], [-48.9092, -27.4207], [-48.90877400950872, -27.42114595879556]], [[-48.8982, -27.4263], [-48.90281827147677, -27.427380872047753], [-48.9028, -27.4274], [-48.8982, -27.4263]], [[-48.882725, -27.428879166666665], [-48.8827, -27.4288], [-48.8982, -27.4263], [-48.882725, -27.428879166666665]], [[-48.882622965116276, -27.306062209302326], [-48.8824, -27.3061], [-48.8838, -27.299], [-48.882622965116276, -27.306062209302326]], [[-48.8774, -27.2294], [-48.87527617370892, -27.224476584507034], [-48.8753, -27.2245], [-48.8774, -27.2294]], [[-48.87309532163745, -27.22233333333335], [-48.86934941094942, -27.218833056133057], [-48.8695, -27.2188], [-48.87309532163745, -27.22233333333335]], [[-48.5823, -27.4518], [-48.58303801878218, -27.45265156013329], [-48.5525, -27.4418], [-48.5823, -27.4518]], [[-48.613, -27.623], [-48.6084, -27.6317], [-48.61307878338279, -27.621791988130568], [-48.613, -27.623]], [[-48.6133, -27.6184], [-48.613218313253014, -27.619652530120483], [-48.612594268919906, -27.616888905216744], [-48.6133, -27.6184]]], [[[-48.6279, -28.1021], [-48.628, -28.1026], [-48.6284, -28.103], [-48.6286, -28.1029], [-48.6279, -28.1021]]], [[[-48.6257, -28.1022], [-48.6259, -28.1024], [-48.626, -28.1023], [-48.626, -28.1021], [-48.6257, -28.1022]]], [[[-48.6267, -28.1015], [-48.6263, -28.102], [-48.627, -28.1025], [-48.6272, -28.1021], [-48.6267, -28.1015]]], [[[-48.6296, -28.0894], [-48.6297, -28.0896], [-48.63, -28.0896], [-48.6301, -28.0895], [-48.6296, -28.0894]]], [[[-48.6296, -28.0882], [-48.6294, -28.0889], [-48.63, -28.0888], [-48.6301, -28.0883], [-48.6296, -28.0882]]], [[[-48.5997, -28.0356], [-48.6, -28.0355], [-48.5999, -28.0353], [-48.5996, -28.0353], [-48.5997, -28.0356]]], [[[-48.6169, -27.9862], [-48.6172, -27.9882], [-48.6182, -27.988], [-48.6185, -27.9877], [-48.6169, -27.9862]]], [[[-48.5405, -27.937], [-48.5409, -27.9412], [-48.5422, -27.9417], [-48.5456, -27.9348], [-48.5449, -27.932], [-48.5424, -27.9322], [-48.5405, -27.937]]], [[[-48.5189, -27.8337], [-48.5203, -27.8371], [-48.5241, -27.8392], [-48.5254, -27.8444], [-48.5278, -27.8454], [-48.5303, -27.8436], [-48.527, -27.8365], [-48.5189, -27.8337]]], [[[-48.5016, -27.8346], [-48.502, -27.8405], [-48.5046, -27.8413], [-48.5086, -27.8382], [-48.5057, -27.8346], [-48.5016, -27.8346]]], [[[-48.518, -27.8351], [-48.518, -27.8346], [-48.5176, -27.8345], [-48.5174, -27.8347], [-48.518, -27.8351]]], [[[-48.5271, -27.8293], [-48.5277, -27.8333], [-48.5288, -27.8337], [-48.5301, -27.8315], [-48.5271, -27.8293]]], [[[-48.463, -27.6942], [-48.4628, -27.697], [-48.4653, -27.7025], [-48.4683, -27.7046], [-48.4669, -27.6926], [-48.4642, -27.6909], [-48.4612, -27.6924], [-48.463, -27.6942]]], [[[-48.526, -27.3305], [-48.527, -27.3302], [-48.5254, -27.329], [-48.5258, -27.3301], [-48.526, -27.3305]]], [[[-48.5257, -27.3281], [-48.5247, -27.3277], [-48.5244, -27.3282], [-48.5246, -27.3291], [-48.5257, -27.3281]]], [[[-48.5283, -27.3058], [-48.5302, -27.3079], [-48.532, -27.3075], [-48.5326, -27.3043], [-48.5306, -27.3049], [-48.5283, -27.3058]]], [[[-48.444, -27.8527], [-48.4445, -27.8537], [-48.4448, -27.8535], [-48.4445, -27.8531], [-48.444, -27.8527]]], [[[-48.4308, -27.8437], [-48.4288, -27.844], [-48.4313, -27.8476], [-48.4348, -27.8484], [-48.4308, -27.8437]]], [[[-48.4307, -27.8424], [-48.4304, -27.8418], [-48.4284, -27.8421], [-48.4296, -27.843], [-48.4307, -27.8424]]], [[[-48.431, -27.8408], [-48.4316, -27.8402], [-48.4313, -27.8398], [-48.4306, -27.8398], [-48.431, -27.8408]]], [[[-48.4311, -27.8393], [-48.4314, -27.8392], [-48.4313, -27.839], [-48.4311, -27.8392], [-48.4311, -27.8393]]], [[[-48.3898, -27.611], [-48.39, -27.6106], [-48.3897, -27.6102], [-48.3894, -27.6107], [-48.3898, -27.611]]], [[[-48.3923, -27.6106], [-48.3922, -27.6104], [-48.3915, -27.6102], [-48.3917, -27.6108], [-48.3923, -27.6106]]], [[[-48.384, -27.6076], [-48.3834, -27.6089], [-48.3862, -27.612], [-48.388, -27.6109], [-48.384, -27.6076]]], [[[-48.3656, -27.4901], [-48.363, -27.4862], [-48.3607, -27.4878], [-48.3652, -27.4904], [-48.3656, -27.4901]]], [[[-48.3554, -27.4839], [-48.3551, -27.4859], [-48.3572, -27.4892], [-48.3601, -27.4873], [-48.3554, -27.4839]]], [[[-48.3479, -27.4441], [-48.3487, -27.4413], [-48.3473, -27.4421], [-48.3472, -27.4441], [-48.3479, -27.4441]]], [[[-48.3488, -27.4395], [-48.3488, -27.4399], [-48.3489, -27.44], [-48.3491, -27.4397], [-48.3488, -27.4395]]], [[[-48.3497, -27.4392], [-48.3498, -27.4391], [-48.3495, -27.4389], [-48.3495, -27.4392], [-48.3497, -27.4392]]], [[[-48.3678, -27.4249], [-48.3675, -27.4229], [-48.3664, -27.4249], [-48.3661, -27.4262], [-48.3678, -27.4249]]], [[[-48.3561, -27.4185], [-48.3558, -27.4188], [-48.3562, -27.4192], [-48.3564, -27.4188], [-48.3561, -27.4185]]], [[[-48.3544, -27.4187], [-48.3551, -27.4186], [-48.3553, -27.4182], [-48.355, -27.4179], [-48.3544, -27.4187]]], [[[-48.3602, -27.2956], [-48.3666, -27.2953], [-48.3709, -27.284], [-48.3742, -27.283], [-48.3761, -27.2846], [-48.3771, -27.2835], [-48.3772, -27.279], [-48.3747, -27.2789], [-48.3718, -27.271], [-48.3706, -27.27], [-48.3689, -27.2712], [-48.3672, -27.2754], [-48.3595, -27.2734], [-48.3584, -27.2931], [-48.3553, -27.2953], [-48.3568, -27.2997], [-48.3602, -27.2956]]], [[[-48.3332, -27.2737], [-48.3279, -27.268], [-48.3319, -27.2748], [-48.3347, -27.2787], [-48.3332, -27.2737]]]]}}, {"type": "Feature", "properties": {"metro_id": "BRM20", "metro_name": "Norte/Nordeste Catarinense RM", "n_members": 20, "n_missing": 0, "n_states": 1, "states": "SantaCatarina"}, "geometry": {"type": "MultiPolygon", "coordinates": [[[[-50.4219, -26.7116], [-50.4221, -26.7093], [-50.4288, -26.7073], [-50.4335, -26.7039], [-50.4372, -26.6974], [-50.4346, -26.6947], [-50.4324, -26.6875], [-50.4362, -26.6821], [-50.4256, -26.6697], [-50.4321, -26.6608], [-50.4411, -26.6531], [-50.4331, -26.652], [-50.4268, -26.6473], [-50.4229, -26.6469], [-50.4204, -26.6425], [-50.4133, -26.6502], [-50.4093, -26.647], [-50.4091, -26.6493], [-50.4077, -26.6494], [-50.4035, -26.6459], [-50.3976, -26.6476], [-50.3975, -26.6458], [-50.3916, -26.6434], [-50.3916, -26.6414], [-50.3872, -26.6412], [-50.3856, -26.6352], [-50.3828, -26.6339], [-50.3838, -26.6327], [-50.3813, -26.6314], [-50.3814, -26.6297], [-50.3752, -26.6262], [-50.3768, -26.6216], [-50.3762, -26.6192], [-50.3739, -26.6189], [-50.3738, -26.6072], [-50.3703, -26.6065], [-50.3679, -26.6029], [-50.3648, -26.602], [-50.3657, -26.601], [-50.3629, -26.5998], [-50.3605, -26.5944], [-50.3653, -26.5837], [-50.3639, -26.5747], [-50.3591, -26.5771], [-50.3556, -26.5727], [-50.355, -26.5744], [-50.3538, -26.5738], [-50.3544, -26.5712], [-50.3502, -26.5726], [-50.3479, -26.5712], [-50.3475, -26.5725], [-50.3458, -26.5699], [-50.3427, -26.5696], [-50.3406, -26.5719], [-50.3398, -26.5687], [-50.332, -26.5662], [-50.3296, -26.5589], [-50.3263, -26.5597], [-50.3252, -26.5575], [-50.3172, -26.5591], [-50.3181, -26.5569], [-50.3138, -26.5564], [-50.3128, -26.5589], [-50.3075, -26.5613], [-50.3068, -26.5631], [-50.3026, -26.5617], [-50.3014, -26.5599], [-50.3026, -26.559], [-50.3023, -26.5561], [-50.2999, -26.5562], [-50.2986, -26.5536], [-50.2957, -26.555], [-50.2926, -26.554], [-50.294, -26.5534], [-50.2926, -26.5526], [-50.2933, -26.5503], [-50.2949, -26.55], [-50.2929, -26.5446], [-50.2855, -26.5421], [-50.2826, -26.5433], [-50.2814, -26.5422], [-50.2811, -26.5441], [-50.2791, -26.5428], [-50.2793, -26.544], [-50.2776, -26.5414], [-50.2724, -26.5416], [-50.2726, -26.5399], [-50.2714, -26.5399], [-50.2735, -26.5374], [-50.2721, -26.5383], [-50.2726, -26.5358], [-50.271, -26.5355], [-50.2732, -26.5346], [-50.2722, -26.5335], [-50.2734, -26.5304], [-50.2722, -26.5312], [-50.2627, -26.5279], [-50.2607, -26.5308], [-50.2616, -26.5342], [-50.2545, -26.5343], [-50.2561, -26.5367], [-50.2546, -26.5363], [-50.2539, -26.5379], [-50.2501, -26.5359], [-50.2474, -26.5398], [-50.2483, -26.538], [-50.2465, -26.5346], [-50.2438, -26.5338], [-50.2394, -26.5353], [-50.2374, -26.5337], [-50.2394, -26.5309], [-50.2364, -26.5305], [-50.2368, -26.5278], [-50.2343, -26.5293], [-50.2343, -26.527], [-50.2381, -26.5226], [-50.2372, -26.5195], [-50.2344, -26.5182], [-50.2364, -26.5176], [-50.2325, -26.5172], [-50.2337, -26.5158], [-50.2324, -26.513], [-50.2366, -26.506], [-50.2355, -26.5046], [-50.2405, -26.504], [-50.2389, -26.5019], [-50.2408, -26.5025], [-50.2405, -26.4985], [-50.2413, -26.497], [-50.2429, -26.4987], [-50.2426, -26.4958], [-50.2442, -26.4975], [-50.2458, -26.4965], [-50.2453, -26.4987], [-50.25, -26.5007], [-50.2512, -26.4983], [-50.2502, -26.4969], [-50.2528, -26.4972], [-50.256, -26.4944], [-50.2579, -26.4953], [-50.2575, -26.492], [-50.261, -26.4928], [-50.2638, -26.4847], [-50.2616, -26.4831], [-50.2643, -26.4823], [-50.2629, -26.4796], [-50.264, -26.4791], [-50.2603, -26.4766], [-50.2616, -26.4737], [-50.2643, -26.4732], [-50.2632, -26.4721], [-50.265, -26.4724], [-50.264, -26.4709], [-50.2659, -26.472], [-50.2662, -26.4695], [-50.2677, -26.4718], [-50.2699, -26.4688], [-50.2659, -26.4641], [-50.2677, -26.461], [-50.2693, -26.4617], [-50.2707, -26.4602], [-50.2708, -26.457], [-50.2721, -26.4567], [-50.2695, -26.4568], [-50.2708, -26.4547], [-50.267, -26.4513], [-50.2686, -26.4493], [-50.2664, -26.4489], [-50.271, -26.4489], [-50.2694, -26.4436], [-50.26911247324977, -26.443654478752673], [-50.2694, -26.4403], [-50.2677, -26.4387], [-50.2696, -26.4388], [-50.269, -26.4361], [-50.2745, -26.4272], [-50.2727, -26.4267], [-50.2745, -26.425], [-50.2726, -26.4238], [-50.2749, -26.4229], [-50.2696, -26.4179], [-50.2667, -26.4173], [-50.2672, -26.4158], [-50.2693, -26.4165], [-50.2683, -26.4146], [-50.2698, -26.4142], [-50.2663, -26.4102], [-50.267, -26.4083], [-50.2648, -26.4087], [-50.2653, -26.4066], [-50.2662, -26.4075], [-50.2667, -26.4061], [-50.2706, -26.4067], [-50.271, -26.4056], [-50.2704, -26.4084], [-50.2732, -26.4083], [-50.2717, -26.4092], [-50.2716, -26.4121], [-50.2737, -26.4109], [-50.2746, -26.4125], [-50.2725, -26.4127], [-50.2727, -26.4152], [-50.2765, -26.4143], [-50.2757, -26.412], [-50.2797, -26.4131], [-50.2773, -26.4147], [-50.2777, -26.4162], [-50.2798, -26.4155], [-50.2814, -26.4176], [-50.2825, -26.416], [-50.2868, -26.4185], [-50.2856, -26.4153], [-50.2912, -26.414], [-50.2934, -26.4075], [-50.2877, -26.4041], [-50.2797, -26.3937], [-50.2906, -26.3731], [-50.2888, -26.3726], [-50.2873, -26.3661], [-50.2842, -26.3625], [-50.286, -26.361], [-50.2849, -26.3584], [-50.2868, -26.3579], [-50.2865, -26.3566], [-50.2837, -26.3562], [-50.2864, -26.355], [-50.284, -26.3542], [-50.2857, -26.3531], [-50.2829, -26.3498], [-50.2815, -26.3506], [-50.2831, -26.3493], [-50.2846, -26.3502], [-50.2832, -26.3479], [-50.2849, -26.3486], [-50.2863, -26.3473], [-50.2829, -26.3454], [-50.2836, -26.3433], [-50.2813, -26.3442], [-50.2834, -26.3424], [-50.2816, -26.3414], [-50.2838, -26.3409], [-50.2809, -26.3391], [-50.2804, -26.3377], [-50.2819, -26.3372], [-50.2802, -26.3359], [-50.2828, -26.335], [-50.2834, -26.3371], [-50.285, -26.3331], [-50.2822, -26.3303], [-50.2802, -26.3308], [-50.279, -26.3277], [-50.2772, -26.3291], [-50.2783, -26.3267], [-50.276, -26.3248], [-50.2764, -26.3217], [-50.278, -26.322], [-50.2786, -26.3203], [-50.2768, -26.3192], [-50.2787, -26.3183], [-50.2781, -26.3155], [-50.2797, -26.3171], [-50.281, -26.3163], [-50.282, -26.3191], [-50.282, -26.3172], [-50.2839, -26.3165], [-50.284, -26.315], [-50.2827, -26.3151], [-50.2835, -26.3125], [-50.2811, -26.3124], [-50.2847, -26.3083], [-50.2218, -26.2885], [-50.2169, -26.29], [-50.2111, -26.2848], [-50.2091, -26.2865], [-50.2076, -26.2854], [-50.2046, -26.2773], [-50.2021, -26.2758], [-50.1915, -26.2749], [-50.1883, -26.2724], [-50.187, -26.2619], [-50.1883, -26.2579], [-50.1853, -26.2536], [-50.1866, -26.2483], [-50.1823, -26.2393], [-50.1857, -26.2341], [-50.1831, -26.2308], [-50.1825, -26.2265], [-50.1864, -26.226], [-50.1891, -26.2222], [-50.1887, -26.218], [-50.1868, -26.2164], [-50.1817, -26.2169], [-50.1795, -26.2153], [-50.1805, -26.2134], [-50.1762, -26.2119], [-50.1693, -26.2117], [-50.1678, -26.2143], [-50.1629, -26.2157], [-50.1634, -26.2124], [-50.1586, -26.2089], [-50.1546, -26.2104], [-50.153, -26.2089], [-50.153467741935486, -26.210583870967742], [-50.1523, -26.21], [-50.1524, -26.2067], [-50.1477, -26.2075], [-50.1475, -26.2041], [-50.1438, -26.2001], [-50.1412, -26.2035], [-50.1373, -26.2022], [-50.1335, -26.2061], [-50.1299, -26.2072], [-50.1257, -26.2046], [-50.1248, -26.2028], [-50.1261, -26.2023], [-50.1255, -26.1992], [-50.1261, -26.1972], [-50.1273, -26.1976], [-50.1281, -26.1915], [-50.1295, -26.1922], [-50.1302, -26.1905], [-50.131, -26.1918], [-50.1323, -26.1873], [-50.1305, -26.187], [-50.1315, -26.1832], [-50.1338, -26.1823], [-50.1335, -26.1856], [-50.1356, -26.1844], [-50.1328, -26.1786], [-50.1344, -26.1784], [-50.1344, -26.1758], [-50.1361, -26.1762], [-50.1351, -26.1747], [-50.1363, -26.1744], [-50.1332, -26.1733], [-50.1358, -26.1701], [-50.1279, -26.1696], [-50.1271, -26.1646], [-50.1354, -26.1636], [-50.1407, -26.1677], [-50.1431, -26.1679], [-50.1454, -26.1611], [-50.1474, -26.1595], [-50.1463, -26.1579], [-50.1482, -26.1567], [-50.1456, -26.1555], [-50.1469, -26.1547], [-50.1454, -26.1518], [-50.1519, -26.1515], [-50.1522, -26.1498], [-50.1542, -26.1507], [-50.1524, -26.1474], [-50.1558, -26.1473], [-50.1569, -26.1491], [-50.1584, -26.1438], [-50.1608, -26.1438], [-50.1594, -26.1426], [-50.161, -26.1415], [-50.1574, -26.1393], [-50.1583, -26.1382], [-50.154, -26.1362], [-50.16, -26.1323], [-50.1605, -26.1293], [-50.1629, -26.1294], [-50.1609, -26.1286], [-50.1653, -26.1253], [-50.1643, -26.1242], [-50.1669, -26.1258], [-50.1656, -26.1281], [-50.1663, -26.1323], [-50.1683, -26.133], [-50.1678, -26.1347], [-50.1701, -26.1351], [-50.1721, -26.1319], [-50.1734, -26.1253], [-50.1723, -26.1232], [-50.169, -26.1222], [-50.1673, -26.1165], [-50.1709, -26.1182], [-50.1709, -26.1209], [-50.1773, -26.1194], [-50.1771, -26.1177], [-50.1796, -26.1163], [-50.1806, -26.1172], [-50.1851, -26.1125], [-50.1859, -26.103], [-50.1877, -26.1027], [-50.1858, -26.1018], [-50.1874, -26.0997], [-50.1859, -26.099], [-50.1859, -26.0969], [-50.1891, -26.0951], [-50.1884, -26.0927], [-50.1897, -26.0905], [-50.1937, -26.0889], [-50.1956, -26.0841], [-50.2076, -26.0848], [-50.2079, -26.0806], [-50.2008, -26.0743], [-50.191, -26.0727], [-50.1898, -26.07], [-50.1868, -26.0716], [-50.1832, -26.0778], [-50.1782, -26.0787], [-50.1757, -26.0743], [-50.1752, -26.0671], [-50.1733, -26.0636], [-50.1685, -26.0644], [-50.1676, -26.0599], [-50.162, -26.0581], [-50.155, -26.0486], [-50.1533, -26.0403], [-50.1556, -26.0381], [-50.1619, -26.0354], [-50.162, -26.0417], [-50.1689, -26.0414], [-50.1717, -26.0397], [-50.1736, -26.033], [-50.1804, -26.0329], [-50.1787, -26.0288], [-50.1703, -26.0252], [-50.1615, -26.0264], [-50.15, -26.0232], [-50.1402, -26.0266], [-50.1504, -26.0521], [-50.1482, -26.0583], [-50.1468, -26.0595], [-50.1449, -26.0581], [-50.1416, -26.0487], [-50.1316, -26.0423], [-50.1242, -26.0508], [-50.1207, -26.0612], [-50.1184, -26.0636], [-50.1164, -26.0608], [-50.1162, -26.051], [-50.1098, -26.052], [-50.1084, -26.0583], [-50.106, -26.0579], [-50.0974, -26.0499], [-50.0964, -26.046], [-50.0896, -26.0425], [-50.0872, -26.0355], [-50.087, -26.0288], [-50.0817, -26.0238], [-50.0789, -26.0251], [-50.0799, -26.0399], [-50.0782, -26.0449], [-50.0762, -26.0464], [-50.0736, -26.0442], [-50.0727, -26.0361], [-50.0713, -26.0349], [-50.0638, -26.0327], [-50.0556, -26.0362], [-50.049, -26.0316], [-50.0421, -26.0316], [-50.0401, -26.0283], [-50.0362, -26.027], [-50.0289, -26.0282], [-50.0216, -26.032], [-50.0085, -26.0449], [-50.0048, -26.0458], [-50.0024, -26.0434], [-50.0019, -26.0402], [-50.0111, -26.0267], [-50.0111, -26.0136], [-49.9989, -26.0156], [-49.9965, -26.0121], [-49.9937, -26.0113], [-49.9841, -26.0142], [-49.9758, -26.0142], [-49.9687, -26.0182], [-49.9642, -26.0238], [-49.9631, -26.0276], [-49.9672, -26.0417], [-49.9778, -26.0528], [-49.9755, -26.0567], [-49.9711, -26.0583], [-49.9585, -26.044], [-49.9565, -26.0373], [-49.948, -26.0303], [-49.9531, -26.0246], [-49.9608, -26.021], [-49.9536, -26.0198], [-49.9495, -26.0126], [-49.9422, -26.0084], [-49.94, -26.0141], [-49.934, -26.0177], [-49.9382, -26.0218], [-49.9406, -26.0267], [-49.9351, -26.0331], [-49.9313, -26.0303], [-49.9148, -26.0254], [-49.9045, -26.0267], [-49.9006, -26.0308], [-49.8995, -26.035], [-49.8908, -26.0294], [-49.87, -26.0333], [-49.8689, -26.034], [-49.8696, -26.0362], [-49.8646, -26.0358], [-49.8654, -26.0384], [-49.8712, -26.0438], [-49.8662, -26.0454], [-49.8636, -26.0481], [-49.8636, -26.055], [-49.8446, -26.0648], [-49.8386, -26.0639], [-49.8391, -26.0611], [-49.836, -26.0529], [-49.832, -26.0529], [-49.8316, -26.0594], [-49.8345, -26.0693], [-49.8408, -26.0693], [-49.8434, -26.0717], [-49.8415, -26.0772], [-49.8358, -26.0716], [-49.8296, -26.0693], [-49.8282, -26.0752], [-49.8308, -26.0831], [-49.825, -26.0934], [-49.8148, -26.0941], [-49.8127, -26.0901], [-49.8071, -26.0889], [-49.8085, -26.0953], [-49.8045, -26.1082], [-49.793, -26.1135], [-49.7874, -26.1118], [-49.7897, -26.1011], [-49.7891, -26.0987], [-49.7874, -26.0985], [-49.7833, -26.1123], [-49.7783, -26.1199], [-49.7736, -26.1194], [-49.7678, -26.1104], [-49.7716, -26.1078], [-49.7779, -26.1085], [-49.7791, -26.106], [-49.7769, -26.1018], [-49.7745, -26.1006], [-49.7683, -26.1043], [-49.765, -26.1141], [-49.7609, -26.1176], [-49.7535, -26.1184], [-49.7488, -26.1242], [-49.749, -26.1401], [-49.7401, -26.139], [-49.7371, -26.1424], [-49.7288, -26.1418], [-49.7247, -26.1445], [-49.7267, -26.149], [-49.7373, -26.1575], [-49.7341, -26.1642], [-49.7275, -26.1714], [-49.7201, -26.1656], [-49.7115, -26.1543], [-49.6993, -26.1613], [-49.6989, -26.1662], [-49.6932, -26.1708], [-49.6906, -26.1771], [-49.6769, -26.1761], [-49.6791, -26.1808], [-49.687, -26.1841], [-49.6912, -26.1893], [-49.6808, -26.1865], [-49.6741, -26.1919], [-49.6728, -26.1898], [-49.6744, -26.1852], [-49.6728, -26.1843], [-49.6699, -26.1853], [-49.6642, -26.1922], [-49.6614, -26.1877], [-49.6537, -26.187], [-49.654, -26.1934], [-49.6485, -26.1955], [-49.6516, -26.1995], [-49.6509, -26.2084], [-49.6439, -26.2101], [-49.6343, -26.2026], [-49.6339, -26.2001], [-49.6365, -26.1976], [-49.6346, -26.1942], [-49.6367, -26.1911], [-49.6337, -26.1899], [-49.629, -26.1921], [-49.6298, -26.1975], [-49.6253, -26.2017], [-49.6281, -26.2059], [-49.6343, -26.2067], [-49.6346, -26.209], [-49.6258, -26.2115], [-49.6221, -26.2159], [-49.6174, -26.2149], [-49.6177, -26.2117], [-49.6147, -26.2076], [-49.6135, -26.2078], [-49.6127, -26.2136], [-49.6088, -26.2138], [-49.606, -26.2118], [-49.6036, -26.2139], [-49.6031, -26.2267], [-49.6008, -26.2286], [-49.5983, -26.2209], [-49.5925, -26.2232], [-49.5879, -26.217], [-49.5875, -26.2238], [-49.5919, -26.2294], [-49.5913, -26.2315], [-49.583, -26.2299], [-49.5783, -26.2269], [-49.5807, -26.2249], [-49.5785, -26.2135], [-49.5706, -26.2249], [-49.5668, -26.2337], [-49.5609, -26.2367], [-49.5552, -26.2373], [-49.5523, -26.2331], [-49.5497, -26.2332], [-49.5467, -26.2288], [-49.552, -26.2251], [-49.5454, -26.2252], [-49.5383, -26.2301], [-49.5361, -26.226], [-49.5414, -26.2258], [-49.5429, -26.2239], [-49.5403, -26.2197], [-49.5419, -26.2143], [-49.5377, -26.2128], [-49.5343, -26.2154], [-49.5296, -26.2244], [-49.5312, -26.2191], [-49.5288, -26.2173], [-49.5225, -26.2213], [-49.5202, -26.227], [-49.5122, -26.2211], [-49.509, -26.225], [-49.5045, -26.2266], [-49.5023, -26.2201], [-49.4963, -26.2214], [-49.4985, -26.2188], [-49.4906, -26.2133], [-49.4917, -26.2095], [-49.4952, -26.2112], [-49.5, -26.2031], [-49.4969, -26.2021], [-49.4938, -26.2037], [-49.4872, -26.1942], [-49.4878, -26.1917], [-49.4908, -26.1912], [-49.487, -26.189], [-49.486, -26.1852], [-49.4847, -26.1829], [-49.4873, -26.1806], [-49.4855, -26.1803], [-49.4827, -26.1817], [-49.483, -26.1846], [-49.4789, -26.1863], [-49.4794, -26.1841], [-49.4747, -26.182], [-49.4726, -26.1782], [-49.4677, -26.1762], [-49.4679, -26.1732], [-49.4651, -26.174], [-49.4622, -26.1712], [-49.4639, -26.1683], [-49.4609, -26.1623], [-49.4569, -26.1635], [-49.4524, -26.162], [-49.4453, -26.1632], [-49.444, -26.1653], [-49.4398, -26.1639], [-49.4366, -26.1667], [-49.4384, -26.1729], [-49.4362, -26.1724], [-49.4334, -26.1686], [-49.42952130177515, -26.16997909270217], [-49.4315, -26.1686], [-49.4279, -26.1678], [-49.4276, -26.1661], [-49.4215, -26.1666], [-49.4205, -26.164], [-49.4248, -26.163], [-49.4247, -26.162], [-49.4169, -26.1651], [-49.4165, -26.1628], [-49.4191, -26.1579], [-49.4178, -26.154], [-49.4163, -26.1531], [-49.4157, -26.1552], [-49.4098, -26.1567], [-49.4091, -26.1617], [-49.4033, -26.1588], [-49.4032, -26.1552], [-49.4003, -26.1535], [-49.4004, -26.1505], [-49.3967, -26.1526], [-49.3951, -26.1517], [-49.3951, -26.1555], [-49.392, -26.1569], [-49.3901, -26.1602], [-49.3881, -26.1591], [-49.388, -26.1553], [-49.386, -26.1565], [-49.3813, -26.1555], [-49.38, -26.1569], [-49.3754, -26.1556], [-49.3767, -26.154], [-49.3735, -26.1549], [-49.3726, -26.1534], [-49.3704, -26.1558], [-49.3712, -26.154], [-49.3696, -26.1544], [-49.3686, -26.1528], [-49.3719, -26.1487], [-49.3686, -26.149], [-49.3682, -26.145], [-49.3657, -26.147], [-49.3665, -26.1434], [-49.3601, -26.1406], [-49.3622, -26.1396], [-49.3605, -26.1391], [-49.3608, -26.1374], [-49.3571, -26.1389], [-49.3586, -26.1368], [-49.3562, -26.1346], [-49.3562, -26.1367], [-49.3536, -26.1364], [-49.3531, -26.1343], [-49.3553, -26.1339], [-49.353, -26.1327], [-49.3508, -26.1338], [-49.3521, -26.1322], [-49.35, -26.1319], [-49.3494, -26.1296], [-49.3474, -26.1303], [-49.3471, -26.128], [-49.3464, -26.129], [-49.3447, -26.1271], [-49.3448, -26.1288], [-49.3416, -26.1292], [-49.3388, -26.1269], [-49.3397, -26.1253], [-49.3357, -26.1262], [-49.334, -26.1246], [-49.3356, -26.123], [-49.3336, -26.1221], [-49.3334, -26.1192], [-49.3291, -26.1177], [-49.3283, -26.1159], [-49.326, -26.1167], [-49.3271, -26.115], [-49.3241, -26.1138], [-49.3217, -26.11], [-49.3205, -26.111], [-49.3108, -26.1092], [-49.3115, -26.1105], [-49.3097, -26.1118], [-49.3065, -26.11], [-49.305, -26.1113], [-49.3048, -26.11], [-49.3024, -26.1133], [-49.3022, -26.1113], [-49.2978, -26.1094], [-49.2998, -26.1087], [-49.2986, -26.107], [-49.3, -26.1039], [-49.2989, -26.1048], [-49.2978, -26.1024], [-49.2952, -26.1036], [-49.2943, -26.1015], [-49.2932, -26.1038], [-49.2929, -26.1026], [-49.2899, -26.1039], [-49.2907, -26.1024], [-49.2891, -26.1025], [-49.2923, -26.0966], [-49.2925, -26.0987], [-49.2947, -26.0981], [-49.2942, -26.0942], [-49.2913, -26.0934], [-49.2945, -26.0939], [-49.2931, -26.0915], [-49.2956, -26.0915], [-49.2939, -26.088], [-49.2959, -26.0882], [-49.2962, -26.0867], [-49.2941, -26.0856], [-49.2934, -26.0824], [-49.2929, -26.0843], [-49.2903, -26.0845], [-49.29, -26.0819], [-49.2876, -26.0825], [-49.2889, -26.0815], [-49.2865, -26.0784], [-49.2832, -26.0784], [-49.282, -26.0803], [-49.2797, -26.079], [-49.277, -26.0829], [-49.2738, -26.0818], [-49.2756, -26.0802], [-49.274, -26.0798], [-49.2746, -26.078], [-49.2738, -26.0791], [-49.27, -26.0783], [-49.2695, -26.0809], [-49.2665, -26.0808], [-49.2656, -26.0783], [-49.2681, -26.0782], [-49.2673, -26.0772], [-49.2688, -26.0763], [-49.2671, -26.0766], [-49.2648, -26.0714], [-49.2647, -26.0697], [-49.2673, -26.0691], [-49.2668, -26.0669], [-49.2607, -26.0694], [-49.2582, -26.0671], [-49.2589, -26.0696], [-49.2558, -26.068], [-49.2564, -26.0664], [-49.2551, -26.0655], [-49.2573, -26.0642], [-49.253, -26.0633], [-49.2524, -26.0588], [-49.2553, -26.0589], [-49.2528, -26.0573], [-49.2552, -26.0563], [-49.2521, -26.0533], [-49.2541, -26.0506], [-49.2529, -26.0506], [-49.252, -26.0472], [-49.2493, -26.048], [-49.2448, -26.0452], [-49.244, -26.0427], [-49.2427, -26.044], [-49.2419, -26.0417], [-49.2432, -26.041], [-49.2408, -26.0409], [-49.2385, -26.0372], [-49.2366, -26.0372], [-49.2399, -26.035], [-49.2366, -26.0322], [-49.2383, -26.031], [-49.2322, -26.0311], [-49.2306, -26.0284], [-49.2258, -26.031], [-49.2264, -26.0296], [-49.2227, -26.0288], [-49.2213, -26.0251], [-49.2185, -26.0258], [-49.2179, -26.0237], [-49.2169, -26.0252], [-49.2143, -26.0238], [-49.2135, -26.0254], [-49.2111, -26.0254], [-49.2117, -26.0229], [-49.2079, -26.0209], [-49.2097, -26.0177], [-49.208, -26.0187], [-49.2066, -26.0163], [-49.2037, -26.0174], [-49.2025, -26.0157], [-49.203, -26.0169], [-49.2018, -26.0171], [-49.1985, -26.0144], [-49.1963, -26.0161], [-49.195, -26.0138], [-49.1915, -26.0135], [-49.1926, -26.0087], [-49.1886, -26.0094], [-49.1867, -26.0073], [-49.1848, -26.0091], [-49.1844, -26.0078], [-49.1786, -26.0079], [-49.1792, -26.0068], [-49.1772, -26.0057], [-49.1799, -26.0049], [-49.178, -26.0042], [-49.1796, -26.0032], [-49.1745, -26.0042], [-49.1756, -26.0014], [-49.1757, -26.0006], [-49.175, -26.0001], [-49.1745, -26.0014], [-49.1738, -26.0001], [-49.1704, -26.002], [-49.1706, -26.0002], [-49.1693, -26.0016], [-49.1677, -26.0005], [-49.1661, -26.0015], [-49.1673, -26.002], [-49.1667, -26.0036], [-49.1628, -26.0041], [-49.1638, -26.007], [-49.1621, -26.0079], [-49.1598, -26.0063], [-49.159, -26.0089], [-49.1504, -26.0097], [-49.1502, -26.0126], [-49.1473, -26.0119], [-49.1482, -26.0136], [-49.1456, -26.012], [-49.1474, -26.0098], [-49.1425, -26.0109], [-49.1427, -26.0141], [-49.1402, -26.0159], [-49.1366, -26.0118], [-49.1376, -26.0093], [-49.1319, -26.0083], [-49.1289, -26.0038], [-49.132, -26.0015], [-49.132, -25.9996], [-49.13, -25.9995], [-49.1293, -25.9971], [-49.1293, -25.9983], [-49.1282, -25.9988], [-49.1282, -25.9971], [-49.1258, -25.9961], [-49.1222, -25.9972], [-49.1216, -26.0001], [-49.1189, -26.0025], [-49.115, -26.0028], [-49.1125, -26.0051], [-49.11, -26.0043], [-49.1071, -25.9988], [-49.1053, -26.0008], [-49.1058, -26.0032], [-49.1025, -26.0049], [-49.1032, -26.0081], [-49.0981, -26.0105], [-49.0974, -26.0081], [-49.0947, -26.0104], [-49.0915, -26.0101], [-49.0896, -26.0067], [-49.0915, -26.005], [-49.0909, -26.0032], [-49.0866, -26.0049], [-49.0825, -26.0045], [-49.0786, -26.0072], [-49.0717, -26.0004], [-49.068, -26.003], [-49.0696, -26.0053], [-49.069, -26.0092], [-49.0602, -26.0154], [-49.06, -26.0185], [-49.0544, -26.021], [-49.0518, -26.0199], [-49.0519, -26.0172], [-49.0502, -26.0203], [-49.046, -26.0179], [-49.0448, -26.0113], [-49.0431, -26.011], [-49.0435, -26.0054], [-49.0413, -26.004], [-49.0348, -26.0057], [-49.0323, -26.0039], [-49.029, -26.0043], [-49.0254, -26.0086], [-49.0269, -26.011], [-49.0202, -26.0157], [-49.0113, -26.0141], [-49.0071, -26.0161], [-49.0035, -26.0109], [-48.9985, -26.0116], [-48.9891, -26.0042], [-48.9843, -26.0046], [-48.9867, -26.0005], [-48.9825, -26.0], [-48.9811, -25.9981], [-48.9794, -25.9889], [-48.9746, -25.9895], [-48.9626, -25.9839], [-48.9605, -25.9892], [-48.9624, -25.9907], [-48.9598, -25.9912], [-48.9587, -25.9932], [-48.95123144608728, -25.990850342589255], [-48.9504, -25.99], [-48.9605, -25.9808], [-48.6819990951751, -25.983698968499613], [-48.677, -25.978], [-48.6689, -25.9792], [-48.663, -25.974], [-48.6626, -25.9688], [-48.6558, -25.9665], [-48.652, -25.9632], [-48.6496, -25.9578], [-48.6444, -25.9558], [-48.6381, -25.9607], [-48.6404, -25.9674], [-48.6343, -25.9693], [-48.6329, -25.9714], [-48.6341, -25.9777], [-48.624, -25.9775], [-48.6215, -25.9743], [-48.6215, -25.982], [-48.6145, -25.9811], [-48.6136, -25.9837], [-48.61, -25.9844], [-48.6091, -25.9832], [-48.6116, -25.9812], [-48.6116, -25.9791], [-48.6079, -25.981], [-48.6014, -25.9808], [-48.5995, -25.9767], [-48.5953, -25.9768], [-48.6012, -25.9964], [-48.603, -25.9981], [-48.6023, -26.0019], [-48.6089, -26.0365], [-48.6104, -26.0637], [-48.6096, -26.0666], [-48.6073, -26.067], [-48.6078, -26.0685], [-48.6053, -26.0712], [-48.6025, -26.0717], [-48.6029, -26.0957], [-48.6002, -26.1188], [-48.5976, -26.1305], [-48.5888, -26.1545], [-48.5809, -26.1639], [-48.5694, -26.1677], [-48.5464, -26.171], [-48.5403, -26.1701], [-48.5348, -26.1671], [-48.5359, -26.1656], [-48.5322, -26.1629], [-48.5276, -26.1638], [-48.5242, -26.168], [-48.5238, -26.1721], [-48.5277, -26.1852], [-48.5276, -26.1972], [-48.5248, -26.2099], [-48.52, -26.2192], [-48.5132, -26.2247], [-48.5061, -26.2265], [-48.5031, -26.2259], [-48.5013, -26.2234], [-48.502, -26.2195], [-48.5005, -26.2186], [-48.4989, -26.2198], [-48.4987, -26.2191], [-48.5014, -26.2183], [-48.5005, -26.2175], [-48.4979, -26.2184], [-48.4968, -26.2164], [-48.493, -26.2184], [-48.4958, -26.2216], [-48.4966, -26.2281], [-48.4995, -26.2288], [-48.5004, -26.2307], [-48.4987, -26.2337], [-48.5041, -26.2373], [-48.5419, -26.3017], [-48.5551, -26.3292], [-48.5625, -26.3538], [-48.5901, -26.4022], [-48.5973, -26.4209], [-48.5995, -26.4321], [-48.5982, -26.4466], [-48.59439446624803, -26.45226189167975], [-48.5943, -26.4522], [-48.5935, -26.4531], [-48.6099, -26.4717], [-48.6231, -26.4927], [-48.6361, -26.5161], [-48.6507, -26.5473], [-48.6648, -26.5809], [-48.6795, -26.623], [-48.6803, -26.6332], [-48.6832, -26.6386], [-48.6816, -26.6423], [-48.6831, -26.6442], [-48.6882, -26.6716], [-48.6869, -26.6892], [-48.679, -26.6987], [-48.6811, -26.7014], [-48.6819, -26.7184], [-48.7242, -26.7311], [-48.7268, -26.7294], [-48.7325, -26.7305], [-48.7376, -26.7333], [-48.7425, -26.7394], [-48.7498, -26.7381], [-48.7568, -26.7406], [-48.7632, -26.7363], [-48.7618, -26.7293], [-48.7724, -26.7084], [-48.7771, -26.7058], [-48.7899, -26.7056], [-48.7972, -26.7091], [-48.8007, -26.7132], [-48.8067, -26.6996], [-48.8066, -26.6929], [-48.8057, -26.6903], [-48.803, -26.6888], [-48.8043, -26.6828], [-48.8013, -26.6811], [-48.797384269662906, -26.67465056179773], [-48.8016, -26.6812], [-48.8015, -26.6775], [-48.8055, -26.6731], [-48.8052, -26.6689], [-48.8089, -26.6618], [-48.8081, -26.6576], [-48.8155, -26.6571], [-48.8149, -26.6515], [-48.8172, -26.6384], [-48.8208, -26.6392], [-48.8232, -26.6377], [-48.8258, -26.6396], [-48.8314, -26.6399], [-48.8341, -26.6294], [-48.839, -26.6294], [-48.8417, -26.6268], [-48.8439, -26.6278], [-48.845, -26.6311], [-48.8513, -26.632], [-48.8528, -26.6338], [-48.8549, -26.6347], [-48.85627138964577, -26.63450408719346], [-48.8645, -26.6376], [-48.8698, -26.6369], [-48.8711, -26.6422], [-48.8797, -26.6417], [-48.8854, -26.6582], [-48.8986, -26.6585], [-48.9008, -26.6484], [-48.9097, -26.6519], [-48.9114, -26.6475], [-48.9148, -26.6446], [-48.9179, -26.645], [-48.9222, -26.6547], [-48.9207, -26.6615], [-48.9234, -26.6633], [-48.9239, -26.6678], [-48.9261, -26.6703], [-48.9326, -26.6741], [-48.9343, -26.6805], [-48.9378, -26.6844], [-48.937, -26.6936], [-48.9414, -26.6955], [-48.9476, -26.7009], [-48.949, -26.7054], [-48.9621, -26.7183], [-48.9659, -26.7197], [-48.9682, -26.7247], [-48.975, -26.7269], [-48.9744, -26.7306], [-48.9801, -26.7365], [-48.9899, -26.7369], [-48.9954, -26.7474], [-48.9988, -26.7479], [-49.0089, -26.7446], [-49.0129, -26.7456], [-49.0153, -26.7563], [-49.0146, -26.7635], [-49.0298, -26.7667], [-49.0362, -26.7725], [-49.0397, -26.7671], [-49.0423, -26.7657], [-49.0436, -26.7549], [-49.0465, -26.7519], [-49.047, -26.7472], [-49.0501, -26.7427], [-49.0484, -26.7401], [-49.0403, -26.7352], [-49.0398, -26.7318], [-49.0401, -26.7285], [-49.045, -26.7246], [-49.0464, -26.72], [-49.0485, -26.7193], [-49.0495, -26.7144], [-49.0476, -26.7121], [-49.0494, -26.7106], [-49.0465, -26.7049], [-49.0354, -26.6994], [-49.0262, -26.6859], [-49.02, -26.6863], [-49.0182, -26.6846], [-49.032, -26.6616], [-49.0365, -26.661], [-49.0378, -26.6622], [-49.0374, -26.6587], [-49.0435, -26.6559], [-49.0439, -26.6536], [-49.0473, -26.6522], [-49.046, -26.6517], [-49.0469, -26.6496], [-49.0512, -26.6527], [-49.054, -26.6529], [-49.0564, -26.6569], [-49.0592, -26.6536], [-49.0685, -26.6536], [-49.0698, -26.648], [-49.074, -26.6494], [-49.0734, -26.654], [-49.0797, -26.6535], [-49.0886, -26.6552], [-49.0918, -26.6579], [-49.0988, -26.656], [-49.1024, -26.6599], [-49.1075, -26.6587], [-49.1069, -26.6529], [-49.1114, -26.6551], [-49.1134, -26.6545], [-49.1122, -26.6458], [-49.1102, -26.6446], [-49.1143, -26.641], [-49.1134, -26.6373], [-49.1108, -26.6357], [-49.1101, -26.6308], [-49.1143, -26.6248], [-49.1127, -26.6204], [-49.1142, -26.6131], [-49.1205, -26.6165], [-49.1232, -26.6211], [-49.1303, -26.6221], [-49.1299, -26.6251], [-49.1322, -26.6292], [-49.13, -26.6355], [-49.1347, -26.6387], [-49.14, -26.6393], [-49.1425, -26.6418], [-49.1472, -26.6417], [-49.148, -26.6436], [-49.1517, -26.6441], [-49.1536, -26.6462], [-49.1582, -26.645], [-49.161, -26.648], [-49.1638, -26.6487], [-49.1663, -26.6342], [-49.1654, -26.6313], [-49.1715, -26.6183], [-49.1751, -26.6139], [-49.1832, -26.6141], [-49.1868, -26.6168], [-49.1931, -26.6181], [-49.1972, -26.622], [-49.2004, -26.6223], [-49.2071, -26.6171], [-49.2231, -26.6205], [-49.22, -26.6189], [-49.2213, -26.6117], [-49.2327, -26.6145], [-49.2366, -26.617], [-49.2447, -26.614], [-49.2474, -26.6101], [-49.252, -26.6144], [-49.2579, -26.6144], [-49.2624, -26.6169], [-49.2654, -26.6133], [-49.2706, -26.6147], [-49.2756, -26.608], [-49.2835, -26.6077], [-49.2873, -26.6043], [-49.2895, -26.5957], [-49.2878, -26.5892], [-49.299, -26.572], [-49.2894, -26.5605], [-49.2914, -26.5471], [-49.2932, -26.5427], [-49.2998, -26.5394], [-49.304, -26.5411], [-49.3101, -26.5395], [-49.3195, -26.5421], [-49.3319, -26.5387], [-49.3376, -26.5331], [-49.3382, -26.5265], [-49.3413, -26.5234], [-49.3454, -26.5235], [-49.3473, -26.5191], [-49.3505, -26.5202], [-49.3565, -26.5133], [-49.3542, -26.5031], [-49.3568, -26.4977], [-49.3586, -26.4993], [-49.3607, -26.4984], [-49.366, -26.4906], [-49.3691, -26.4914], [-49.3714, -26.4889], [-49.3763, -26.488], [-49.378, -26.4928], [-49.3833, -26.4918], [-49.3847, -26.4942], [-49.3883, -26.4954], [-49.391, -26.4944], [-49.3976, -26.5004], [-49.405, -26.5013], [-49.4068, -26.5062], [-49.4157, -26.5105], [-49.422, -26.5036], [-49.4241, -26.498], [-49.4336, -26.4949], [-49.4345, -26.4918], [-49.4414, -26.489], [-49.4484, -26.4955], [-49.4529, -26.5022], [-49.4582, -26.5037], [-49.4621, -26.5012], [-49.4705, -26.5077], [-49.4796, -26.5107], [-49.4919, -26.5084], [-49.5, -26.5128], [-49.5043, -26.5177], [-49.5153, -26.5216], [-49.5189, -26.525], [-49.5328, -26.5256], [-49.5385, -26.523], [-49.5424, -26.5266], [-49.5492, -26.5246], [-49.5484, -26.5284], [-49.5509, -26.5317], [-49.5492, -26.5371], [-49.5519, -26.5394], [-49.5515, -26.5412], [-49.5621, -26.5485], [-49.5633, -26.5518], [-49.5624, -26.5538], [-49.5653, -26.5575], [-49.5646, -26.566], [-49.5669, -26.5669], [-49.5704, -26.5753], [-49.5737, -26.5745], [-49.5802, -26.5797], [-49.5824, -26.5845], [-49.5795, -26.588], [-49.5785, -26.5957], [-49.5806, -26.6007], [-49.5844, -26.6038], [-49.5834, -26.6123], [-49.5852, -26.6149], [-49.5857, -26.6246], [-49.5887, -26.6273], [-49.5951, -26.6279], [-49.5985, -26.6344], [-49.6024, -26.6343], [-49.6046, -26.6372], [-49.6072, -26.6363], [-49.6118, -26.6393], [-49.6158, -26.6392], [-49.6187, -26.6427], [-49.6181, -26.6486], [-49.6205, -26.6525], [-49.6195, -26.657], [-49.6233, -26.6639], [-49.6193, -26.67], [-49.6171, -26.6709], [-49.6189, -26.674], [-49.6142, -26.6904], [-49.6166, -26.693], [-49.616, -26.7008], [-49.6176, -26.7038], [-49.621, -26.7049], [-49.6259, -26.7026], [-49.6267, -26.7005], [-49.6355, -26.6945], [-49.6383, -26.6953], [-49.64, -26.6918], [-49.6441, -26.6938], [-49.6521, -26.6932], [-49.6621, -26.6941], [-49.666, -26.6929], [-49.6712, -26.7004], [-49.6749, -26.6998], [-49.6811, -26.7029], [-49.6889, -26.7031], [-49.6924, -26.6982], [-49.7013, -26.704], [-49.7042, -26.7082], [-49.7053, -26.7138], [-49.7072, -26.717], [-49.7098, -26.718], [-49.7098, -26.7198], [-49.7194, -26.7227], [-49.7194, -26.7263], [-49.7233, -26.7329], [-49.7233, -26.739], [-49.7284, -26.7463], [-49.7256, -26.757], [-49.727, -26.7637], [-49.7303, -26.7667], [-49.7318, -26.7724], [-49.7374, -26.7757], [-49.7421, -26.7839], [-49.75, -26.7852], [-49.752, -26.7793], [-49.7553, -26.7762], [-49.761, -26.7743], [-49.7723, -26.7738], [-49.7713, -26.767], [-49.777, -26.7564], [-49.7822, -26.7509], [-49.7925, -26.7492], [-49.7944, -26.7394], [-49.8038, -26.7281], [-49.8058, -26.7201], [-49.8104, -26.7124], [-49.8281, -26.7073], [-49.8335, -26.696], [-49.8395, -26.6901], [-49.8381, -26.6763], [-49.8411, -26.674], [-49.8472, -26.6727], [-49.847, -26.6663], [-49.8536, -26.6601], [-49.8557, -26.6536], [-49.8645, -26.6508], [-49.8725, -26.6531], [-49.8763, -26.6482], [-49.8816, -26.6464], [-49.8808, -26.6436], [-49.883, -26.6411], [-49.8792, -26.63], [-49.8816, -26.6242], [-49.8814, -26.6195], [-49.8853, -26.6172], [-49.8863, -26.6137], [-49.8904, -26.6096], [-49.8956, -26.6072], [-49.8961, -26.6026], [-49.8994, -26.6012], [-49.9106, -26.6021], [-49.9086, -26.597], [-49.9131, -26.585], [-49.9189, -26.5824], [-49.9208, -26.5794], [-49.9285, -26.5762], [-49.9317, -26.5722], [-49.9375, -26.5737], [-49.9408, -26.5727], [-49.9442, -26.5745], [-49.946, -26.5704], [-49.9516, -26.5711], [-49.9548, -26.5689], [-49.956, -26.5645], [-49.9538, -26.5623], [-49.9592, -26.5537], [-49.9557, -26.55], [-49.9555, -26.5451], [-49.9625, -26.5437], [-49.9659, -26.5368], [-49.9721, -26.5315], [-49.9705, -26.5265], [-49.9769, -26.5223], [-49.9816, -26.522], [-49.983, -26.5157], [-49.9898, -26.5119], [-49.9948, -26.5059], [-50.005, -26.504], [-50.0113, -26.5051], [-50.0177, -26.5024], [-50.0223, -26.5057], [-50.0317, -26.5192], [-50.038, -26.5192], [-50.0441, -26.5214], [-50.0508, -26.5197], [-50.0574, -26.522], [-50.0627, -26.5218], [-50.0669, -26.5196], [-50.0753, -26.5221], [-50.0798, -26.5261], [-50.0874, -26.5259], [-50.0911, -26.524], [-50.0958, -26.5236], [-50.1044, -26.5166], [-50.1118, -26.5192], [-50.114, -26.5165], [-50.1186, -26.5232], [-50.1259, -26.5244], [-50.1257, -26.5313], [-50.1241, -26.5338], [-50.1259, -26.5379], [-50.1248, -26.542], [-50.128, -26.5493], [-50.1317, -26.5515], [-50.1244, -26.5555], [-50.1228, -26.5582], [-50.1234, -26.5597], [-50.1304, -26.5616], [-50.1213, -26.562], [-50.1187, -26.5639], [-50.122, -26.5677], [-50.1253, -26.5778], [-50.1288, -26.5749], [-50.1324, -26.576], [-50.1243, -26.5861], [-50.1311, -26.5863], [-50.1335, -26.5907], [-50.1307, -26.5923], [-50.1299, -26.5892], [-50.1253, -26.5919], [-50.132, -26.5945], [-50.1317, -26.5967], [-50.1292, -26.5976], [-50.1293, -26.6021], [-50.1248, -26.6042], [-50.1203, -26.6024], [-50.1195, -26.6039], [-50.1291, -26.6078], [-50.1256, -26.6117], [-50.1186, -26.612], [-50.1252, -26.6134], [-50.1241, -26.6164], [-50.1221, -26.6153], [-50.1183, -26.618], [-50.1129, -26.6163], [-50.1134, -26.6211], [-50.1107, -26.6247], [-50.1148, -26.6251], [-50.1155, -26.6274], [-50.1103, -26.6325], [-50.115, -26.6356], [-50.1184, -26.6342], [-50.117, -26.6327], [-50.1177, -26.6304], [-50.1212, -26.6297], [-50.1219, -26.6339], [-50.1239, -26.6352], [-50.1223, -26.6373], [-50.1262, -26.64], [-50.126, -26.6434], [-50.1296, -26.6434], [-50.1316, -26.6404], [-50.1368, -26.6416], [-50.1383, -26.6434], [-50.1378, -26.646], [-50.1352, -26.6444], [-50.134, -26.6473], [-50.129, -26.6491], [-50.1314, -26.6529], [-50.1293, -26.6546], [-50.1323, -26.6595], [-50.132, -26.6635], [-50.1351, -26.6642], [-50.1318, -26.6707], [-50.1325, -26.6767], [-50.126, -26.6839], [-50.1247, -26.6875], [-50.1201, -26.6883], [-50.1202, -26.6912], [-50.1178, -26.6931], [-50.1192, -26.6952], [-50.116, -26.6985], [-50.1187, -26.7019], [-50.1162, -26.7025], [-50.1164, -26.7068], [-50.113, -26.7103], [-50.1151, -26.7113], [-50.1142, -26.7157], [-50.1153, -26.718], [-50.1168, -26.7173], [-50.1163, -26.7193], [-50.1188, -26.7201], [-50.1174, -26.7233], [-50.1195, -26.7263], [-50.1181, -26.726], [-50.1177, -26.7278], [-50.1198, -26.7313], [-50.1179, -26.7328], [-50.1215, -26.737], [-50.1154, -26.7434], [-50.1155, -26.7493], [-50.1111, -26.751], [-50.107, -26.7568], [-50.1059, -26.7617], [-50.1068, -26.7674], [-50.1036, -26.7817], [-50.106, -26.7919], [-50.1, -26.8013], [-50.0909, -26.8057], [-50.086, -26.81], [-50.0876, -26.81], [-50.0894, -26.8139], [-50.0918, -26.8121], [-50.0944, -26.8158], [-50.0961, -26.8147], [-50.0974, -26.8172], [-50.1026, -26.8174], [-50.1058, -26.8136], [-50.1117, -26.8125], [-50.113, -26.8084], [-50.1153, -26.8094], [-50.1167, -26.8047], [-50.1193, -26.8063], [-50.1237, -26.8021], [-50.132, -26.8041], [-50.1383, -26.8022], [-50.144, -26.7969], [-50.1432, -26.7947], [-50.1471, -26.7959], [-50.1495, -26.7939], [-50.1507, -26.7955], [-50.1556, -26.7963], [-50.1552, -26.7984], [-50.1569, -26.7982], [-50.1622, -26.7923], [-50.1621, -26.789], [-50.1741, -26.7922], [-50.1735, -26.7949], [-50.1779, -26.7983], [-50.181, -26.7987], [-50.184, -26.8048], [-50.1921, -26.8079], [-50.1929, -26.81], [-50.1995, -26.8137], [-50.2046, -26.8134], [-50.2069, -26.811], [-50.2092, -26.8139], [-50.2108, -26.8126], [-50.2179, -26.8148], [-50.2196, -26.8139], [-50.2174, -26.8122], [-50.2219, -26.8147], [-50.2238, -26.8232], [-50.229, -26.8281], [-50.2293, -26.8307], [-50.2374, -26.8349], [-50.2422, -26.8412], [-50.2421, -26.8521], [-50.2453, -26.8533], [-50.2476, -26.8511], [-50.2514, -26.8516], [-50.2537, -26.8551], [-50.2532, -26.8602], [-50.2545, -26.8631], [-50.2544, -26.8589], [-50.2596, -26.8539], [-50.2692, -26.8542], [-50.2687, -26.8513], [-50.2711, -26.8504], [-50.2726, -26.8471], [-50.2769, -26.8465], [-50.2804, -26.8414], [-50.2793, -26.8373], [-50.2811, -26.8359], [-50.2876, -26.8351], [-50.2911, -26.8379], [-50.3, -26.8406], [-50.3074, -26.8368], [-50.3224, -26.8349], [-50.3282, -26.8381], [-50.3297, -26.8367], [-50.3281, -26.8322], [-50.3414, -26.8273], [-50.3413, -26.8218], [-50.3431, -26.8205], [-50.3393, -26.8051], [-50.3402, -26.8022], [-50.3368, -26.8006], [-50.3342, -26.7957], [-50.3368, -26.7898], [-50.3351, -26.7853], [-50.3368, -26.7779], [-50.3345, -26.776], [-50.3302, -26.778], [-50.3219, -26.7773], [-50.3151, -26.7733], [-50.3158, -26.7709], [-50.3257, -26.7616], [-50.3326, -26.7625], [-50.3368, -26.76], [-50.3425, -26.7637], [-50.3454, -26.7609], [-50.3511, -26.7615], [-50.3488, -26.7559], [-50.354, -26.7552], [-50.3549, -26.7497], [-50.351, -26.7472], [-50.3464, -26.7472], [-50.3444, -26.7437], [-50.3516, -26.7397], [-50.3536, -26.7367], [-50.3666, -26.7386], [-50.3708, -26.7373], [-50.3719, -26.7353], [-50.3781, -26.7385], [-50.3808, -26.7368], [-50.3858, -26.7391], [-50.3988, -26.7339], [-50.4014, -26.7347], [-50.4052, -26.7329], [-50.4076, -26.7307], [-50.4075, -26.7241], [-50.4099, -26.7249], [-50.4125, -26.7296], [-50.412, -26.7263], [-50.4148, -26.7242], [-50.4147, -26.7203], [-50.4166, -26.7162], [-50.4219, -26.7116]], [[-49.2895, -26.5477], [-49.28918518518518, -26.54746913580247], [-49.2914, -26.5471], [-49.2895, -26.5477]], [[-48.7793, -26.1486], [-48.78115013477089, -26.150492183288407], [-48.7727, -26.1456], [-48.7793, -26.1486]], [[-48.7808, -26.158], [-48.75788890742285, -26.193434528773977], [-48.7598, -26.1894], [-48.78277144497604, -26.154510315789526], [-48.7808, -26.158]], [[-48.7561, -26.2027], [-48.7562, -26.197], [-48.75712722117202, -26.19504253308129], [-48.7561, -26.2027]], [[-48.7643, -26.2134], [-48.76392660550459, -26.214459633027516], [-48.7627, -26.2071], [-48.7643, -26.2134]], [[-48.7318237841439, -26.325077748167896], [-48.7332, -26.3229], [-48.7435, -26.3157], [-48.7318237841439, -26.325077748167896]], [[-48.731, -26.3484], [-48.73183353293413, -26.34959820359282], [-48.7237, -26.3429], [-48.731, -26.3484]], [[-48.7326, -26.3507], [-48.73135714285715, -26.353102857142847], [-48.732157040572794, -26.35006324582339], [-48.7326, -26.3507]], [[-48.7365, -26.3581], [-48.7312, -26.3537], [-48.7312035971223, -26.353686330935254], [-48.7365, -26.3581]], [[-48.7588, -26.3556], [-48.758938888888885, -26.355699999999995], [-48.7596, -26.3591], [-48.75945466321244, -26.359060362694304], [-48.7588, -26.3556]], [[-48.7653, -26.3519], [-48.76614097519247, -26.352160992301112], [-48.7632, -26.3552], [-48.7653, -26.3519]], [[-48.80340206185567, -26.41665463917527], [-48.8032, -26.4162], [-48.80334798657718, -26.41609586129754], [-48.80340206185567, -26.41665463917527]], [[-48.81837334689725, -26.433800508647], [-48.8174, -26.4341], [-48.81323017064846, -26.42957849829351], [-48.81837334689725, -26.433800508647]], [[-48.8202, -26.4353], [-48.82199999999997, -26.43809999999995], [-48.81941941747573, -26.434659223300972], [-48.8202, -26.4353]], [[-48.8229, -26.4395], [-48.8218, -26.4429], [-48.822, -26.438100000000006], [-48.8229, -26.4395]], [[-48.826, -26.4462], [-48.82598216055501, -26.446263429137762], [-48.8232, -26.4454], [-48.826, -26.4462]], [[-48.8279, -26.452], [-48.8251, -26.4495], [-48.82512422145329, -26.44942249134948], [-48.8279, -26.452]], [[-48.83938333333333, -26.4407], [-48.83966865671642, -26.4407], [-48.8368, -26.4469], [-48.83938333333333, -26.4407]], [[-48.8414, -26.4407], [-48.84307307692307, -26.44404615384614], [-48.8403125, -26.4407], [-48.8414, -26.4407]], [[-48.8474, -26.4459], [-48.8432, -26.4442], [-48.843126731793966, -26.444111190053288], [-48.8474, -26.4459]], [[-48.8649, -26.5403], [-48.864572622478384, -26.540197694524494], [-48.8659, -26.5365], [-48.8649, -26.5403]], [[-48.8459, -26.5322], [-48.84527142857143, -26.5322], [-48.8482, -26.5281], [-48.8459, -26.5322]], [[-48.8438, -26.5322], [-48.8430347509113, -26.531109113001218], [-48.84501818181818, -26.5322], [-48.8438, -26.5322]], [[-48.839342404351086, -26.525845555138783], [-48.8396, -26.5255], [-48.84009174311926, -26.52691376146788], [-48.839342404351086, -26.525845555138783]], [[-48.8362, -26.5306], [-48.83579092111062, -26.530609739973556], [-48.837492137096774, -26.528327620967744], [-48.8362, -26.5306]], [[-48.832, -26.5307], [-48.831427673649394, -26.530285556780598], [-48.83357610062893, -26.53066247379455], [-48.832, -26.5307]], [[-48.8291, -26.5286], [-48.82933189300412, -26.52840843621399], [-48.82946623711341, -26.52886520618557], [-48.8291, -26.5286]], [[-48.814011756756756, -26.513731216216218], [-48.8144, -26.514], [-48.8143, -26.5194], [-48.814011756756756, -26.513731216216218]], [[-48.80925941320293, -26.513156479217606], [-48.8131, -26.5131], [-48.81364010791367, -26.51347392086331], [-48.80925941320293, -26.513156479217606]], [[-48.7952, -26.5178], [-48.8063, -26.5132], [-48.80661567567567, -26.513195357710654], [-48.7952, -26.5178]], [[-48.7854, -26.5261], [-48.7802, -26.5271], [-48.785791061452514, -26.525768794892258], [-48.7854, -26.5261]], [[-48.730683465356464, -26.571299388348542], [-48.7307, -26.5711], [-48.73576934673362, -26.56573819095483], [-48.730683465356464, -26.571299388348542]], [[-50.15225, -26.2107], [-50.153472826086954, -26.210602173913042], [-50.1535, -26.2107], [-50.15225, -26.2107]], [[-50.151, -26.2108], [-50.151034849596485, -26.21079721203228], [-50.1529, -26.216], [-50.151, -26.2108]], [[-50.1399, -26.2221], [-50.1422, -26.2209], [-50.1399448051948, -26.222174675324677], [-50.1399, -26.2221]], [[-50.1432, -26.2271], [-50.1457, -26.2272], [-50.14325, -26.2272], [-50.1432, -26.2271]], [[-50.1366, -26.2386], [-50.1427, -26.2283], [-50.13690266326159, -26.238849252097776], [-50.1366, -26.2386]], [[-50.1376, -26.2414], [-50.1383, -26.24], [-50.1377, -26.2414], [-50.1376, -26.2414]], [[-50.1397, -26.2412], [-50.139663636363636, -26.2414], [-50.1377, -26.2414], [-50.1397, -26.2412]], [[-50.1175, -26.2538], [-50.1216, -26.2531], [-50.12161772521924, -26.25313313845336], [-50.11535635103925, -26.25565508083141], [-50.1175, -26.2538]], [[-50.1123, -26.2583], [-50.11274341085272, -26.257916279069754], [-50.11232343358396, -26.258374436090225], [-50.1123, -26.2583]], [[-50.1159, -26.2815], [-50.11583059936908, -26.281454889589902], [-50.12378534883721, -26.27261627906977], [-50.1238, -26.2727], [-50.1159, -26.2815]], [[-50.10644297352342, -26.276149898167006], [-50.1097, -26.2733], [-50.10984008230453, -26.273398436213995], [-50.1085, -26.2756], [-50.10644297352342, -26.276149898167006]], [[-50.0946, -26.2772], [-50.09480727272727, -26.277260000000002], [-50.0915, -26.2794], [-50.0946, -26.2772]], [[-49.8127130081301, -26.48603739837397], [-49.814674415322585, -26.484618508064518], [-49.8147, -26.4847], [-49.8127130081301, -26.48603739837397]], [[-49.80883782771536, -26.487919850187264], [-49.80981599642538, -26.4879873100983], [-49.8095, -26.4882], [-49.80883782771536, -26.487919850187264]], [[-49.8017, -26.4829], [-49.805829411764705, -26.48664705882353], [-49.8043, -26.486], [-49.8017, -26.4829]], [[-49.793453225806445, -26.485539247311827], [-49.7994, -26.4862], [-49.7936, -26.4857], [-49.793453225806445, -26.485539247311827]], [[-49.78344424951267, -26.482637491877846], [-49.7923, -26.4788], [-49.7835, -26.4827], [-49.78344424951267, -26.482637491877846]], [[-49.758793006993, -26.473587412587413], [-49.76006164383562, -26.470687671232877], [-49.7641, -26.4739], [-49.7606, -26.4714], [-49.758793006993, -26.473587412587413]], [[-49.7597, -26.4704], [-49.75992730627306, -26.47058081180812], [-49.7547, -26.47], [-49.7597, -26.4704]], [[-49.75237908163264, -26.471283163265298], [-49.752740718562876, -26.47146946107784], [-49.7527, -26.4715], [-49.75237908163264, -26.471283163265298]], [[-49.74941153374233, -26.468738404907977], [-49.74945918854415, -26.46931026252983], [-49.749, -26.469], [-49.74941153374233, -26.468738404907977]], [[-49.74382640449438, -26.443024719101135], [-49.74375675675675, -26.444278378378375], [-49.7434, -26.4441], [-49.74382640449438, -26.443024719101135]], [[-49.7482, -26.4363], [-49.744799840255595, -26.44056996805111], [-49.7457, -26.4383], [-49.7482, -26.4363]], [[-49.72977958115183, -26.417955497382177], [-49.73007540725171, -26.42113562795586], [-49.7297, -26.4209], [-49.72977958115183, -26.417955497382177]], [[-49.7258, -26.4208], [-49.7297, -26.4171], [-49.729717688442214, -26.417290150753768], [-49.72583886255924, -26.421538388625592], [-49.7258, -26.4208]], [[-49.72907834702755, -26.42299797003383], [-49.7259, -26.4227], [-49.72585648854962, -26.42187328244275], [-49.7291, -26.4228], [-49.72907834702755, -26.42299797003383]], [[-49.72033880597015, -26.417625373134324], [-49.725179518072295, -26.426247891566273], [-49.7236, -26.4248], [-49.72033880597015, -26.417625373134324]], [[-49.7207, -26.415], [-49.72011704545455, -26.417137500000003], [-49.7201, -26.4171], [-49.7207, -26.415]], [[-49.6503, -26.3656], [-49.6353, -26.3612], [-49.65029848302017, -26.365570418893295], [-49.6503, -26.3656]], [[-49.6523, -26.3544], [-49.6489, -26.353], [-49.65231171684296, -26.354267209113097], [-49.6523, -26.3544]], [[-49.6526, -26.351], [-49.65244025974026, -26.352810389610333], [-49.6524975, -26.350692500000008], [-49.6526, -26.351]], [[-49.6221, -26.2775], [-49.620374311926604, -26.279800917431192], [-49.6202, -26.2797], [-49.6221, -26.2775]], [[-49.62099176636172, -26.245466643209006], [-49.6168, -26.2526], [-49.62, -26.2457], [-49.62099176636172, -26.245466643209006]], [[-49.6225, -26.2429], [-49.62176004056795, -26.244159229208933], [-49.62187897574124, -26.241899460916432], [-49.6225, -26.2429]], [[-49.4142243697479, -26.188711764705882], [-49.414480309101315, -26.190279393245564], [-49.4143, -26.1903], [-49.4142243697479, -26.188711764705882]], [[-49.4137, -26.1855], [-49.41375640584695, -26.185845485812553], [-49.412994362017805, -26.18528100890208], [-49.4137, -26.1855]], [[-49.4079, -26.1837], [-49.40901835106383, -26.184047074468086], [-49.40761837991473, -26.184015963998107], [-49.4079, -26.1837]], [[-49.40382498396408, -26.188271969211034], [-49.404381185567026, -26.187647938144313], [-49.404, -26.1882], [-49.40382498396408, -26.188271969211034]], [[-49.2329, -26.2668], [-49.23523137829912, -26.268292082111437], [-49.2351, -26.2684], [-49.2329, -26.2668]], [[-49.2283, -26.2644], [-49.22811466821886, -26.267550640279396], [-49.2278, -26.2676], [-49.2283, -26.2644]], [[-49.2199, -26.2295], [-49.22041282051282, -26.229828205128204], [-49.2190288888889, -26.229482222222224], [-49.2199, -26.2295]], [[-49.20805000000001, -26.231100000000005], [-49.210187280530626, -26.232191377292235], [-49.21, -26.2323], [-49.20805000000001, -26.231100000000005]], [[-49.20408833124216, -26.22580853199498], [-49.2047, -26.2262], [-49.20562019950125, -26.229604738154613], [-49.2048, -26.2291], [-49.20408833124216, -26.22580853199498]], [[-49.19992879464286, -26.22314642857143], [-49.201245801526724, -26.2239893129771], [-49.1999, -26.2233], [-49.19992879464286, -26.22314642857143]], [[-49.20204285714286, -26.22131607142857], [-49.199996162528215, -26.222787133182845], [-49.2002, -26.2217], [-49.20204285714286, -26.22131607142857]], [[-49.2029, -26.2207], [-49.2026, -26.220915625000004], [-49.2026, -26.2204], [-49.2029, -26.2207]], [[-49.173087967914434, -26.24928823529412], [-49.1686, -26.2449], [-49.1731, -26.2492], [-49.173087967914434, -26.24928823529412]], [[-49.1757007269423, -26.257459700136305], [-49.1725, -26.2536], [-49.1758, -26.2573], [-49.1757007269423, -26.257459700136305]], [[-49.1735, -26.2611], [-49.1735438538206, -26.26103787375415], [-49.1757, -26.2629], [-49.1735, -26.2611]], [[-49.17518322981366, -26.26549751552795], [-49.175527190332325, -26.265232930513594], [-49.1755, -26.2656], [-49.17518322981366, -26.26549751552795]], [[-49.14122631578947, -26.315252631578947], [-49.1447, -26.3162], [-49.1428, -26.3132], [-49.145014814814814, -26.31657037037037], [-49.14122631578947, -26.315252631578947]], [[-49.1403, -26.315], [-49.14048467153285, -26.315050364963504], [-49.1398, -26.3173], [-49.1403, -26.315]], [[-49.0475, -26.3068], [-49.04935596707819, -26.308496884185775], [-49.04601155115511, -26.307097689768977], [-49.0475, -26.3068]], [[-48.9968, -26.3114], [-49.0054, -26.3086], [-48.99670979699912, -26.311593292144746], [-48.9968, -26.3114]], [[-48.9961, -26.3129], [-48.996529281767955, -26.311980110497235], [-48.9988, -26.3169], [-48.9961, -26.3129]], [[-49.0059, -26.3772], [-49.0037, -26.3677], [-49.0089, -26.3634], [-49.0038, -26.3677], [-49.0059, -26.3772]], [[-49.00652278963415, -26.385140091463413], [-49.0052, -26.3832], [-49.0067, -26.3849], [-49.00652278963415, -26.385140091463413]], [[-49.002897160243414, -26.389468154158212], [-49.00494605263157, -26.38727631578949], [-49.0036, -26.3891], [-49.002897160243414, -26.389468154158212]], [[-48.9905, -26.3894], [-49.00192731707317, -26.389976167247386], [-49.0015, -26.3902], [-48.9905, -26.3894]], [[-48.9664, -26.3991], [-48.9724, -26.3982], [-48.96634728682171, -26.399192248062015], [-48.9664, -26.3991]], [[-48.9243, -26.4161], [-48.93056635418442, -26.421172762911198], [-48.9305, -26.4212], [-48.9243, -26.4161]], [[-48.8423, -26.4337], [-48.842486911890504, -26.433527715996583], [-48.84150833333334, -26.43559999999999], [-48.8423, -26.4337]], [[-48.8569, -26.5774], [-48.859577397260274, -26.560978630136997], [-48.86, -26.5625], [-48.8569, -26.5774]], [[-48.8538, -26.6326], [-48.8522, -26.6234], [-48.85421246562786, -26.632913473877178], [-48.8538, -26.6326]], [[-49.75873677758319, -26.473715936952715], [-49.7617, -26.475], [-49.7587, -26.4738], [-49.75873677758319, -26.473715936952715]], [[-49.7617, -26.4781], [-49.76148075657895, -26.478507894736836], [-49.7617, -26.475], [-49.7617, -26.4781]], [[-49.76076735862562, -26.47983514674302], [-49.7574, -26.4861], [-49.7596, -26.4799], [-49.76076735862562, -26.47983514674302]], [[-49.74315882998172, -26.509167129798904], [-49.73973479452056, -26.517184383561634], [-49.742, -26.5102], [-49.74315882998172, -26.509167129798904]], [[-49.736166153846156, -26.519136194331985], [-49.735716472910724, -26.520106558455808], [-49.7358, -26.5193], [-49.736166153846156, -26.519136194331985]], [[-49.73349573010016, -26.541550606220348], [-49.7342, -26.5431], [-49.7326, -26.5502], [-49.73349573010016, -26.541550606220348]], [[-49.69554767441861, -26.571945348837207], [-49.69391762230405, -26.57312146238822], [-49.6942, -26.5723], [-49.69554767441861, -26.571945348837207]], [[-49.69259384057971, -26.57697246376811], [-49.6925, -26.5796], [-49.6898, -26.5851], [-49.69259384057971, -26.57697246376811]], [[-49.685820697329376, -26.616903301186948], [-49.6858, -26.6173], [-49.68442222222223, -26.619538888888872], [-49.685820697329376, -26.616903301186948]], [[-49.6815, -26.6205], [-49.6835962264151, -26.62088113207547], [-49.6834, -26.6212], [-49.6815654676259, -26.62064964028777], [-49.6815, -26.6205]], [[-49.6757, -26.6237], [-49.67689234693877, -26.625687244897957], [-49.6762, -26.6253], [-49.6757, -26.6237]], [[-49.68211320182094, -26.62867040971168], [-49.6822, -26.6287], [-49.682142222222225, -26.62882518518519], [-49.68211320182094, -26.62867040971168]], [[-49.6824, -26.6302], [-49.68226849315069, -26.629498630136986], [-49.686, -26.6267], [-49.6860291952895, -26.626766977428854], [-49.6824, -26.6302]], [[-49.70037, -26.635915], [-49.7005, -26.6359], [-49.7004294117647, -26.636182352941177], [-49.70037, -26.635915]], [[-49.7025, -26.6455], [-49.706118005181345, -26.647752720207254], [-49.7048, -26.6477], [-49.7025, -26.6455]], [[-49.70758968253968, -26.648669047619048], [-49.7078, -26.6488], [-49.707742583732056, -26.649127751196175], [-49.70758968253968, -26.648669047619048]], [[-49.6942, -26.6871], [-49.6877, -26.6919], [-49.68696406166932, -26.6920101010101], [-49.6942, -26.6871]], [[-49.6656, -26.6879], [-49.67670243358345, -26.693545305211924], [-49.675, -26.6938], [-49.66553873076923, -26.687924053846153], [-49.6656, -26.6879]], [[-50.18580997375328, -26.444948031496065], [-50.1861, -26.4446], [-50.1925, -26.4441], [-50.18580997375328, -26.444948031496065]], [[-50.1865, -26.4564], [-50.1851, -26.4458], [-50.18543805031447, -26.445394339622638], [-50.1865, -26.4564]], [[-50.205540462962965, -26.639440370370373], [-50.2054, -26.639], [-50.2074, -26.6367], [-50.205540462962965, -26.639440370370373]], [[-50.2243348665531, -26.763632367972743], [-50.2244, -26.7635], [-50.2267, -26.7642], [-50.2243348665531, -26.763632367972743]], [[-50.22075735660847, -26.771987531172076], [-50.2213, -26.7698], [-50.22344165457185, -26.765447605224953], [-50.22075735660847, -26.771987531172076]], [[-50.2207, -26.7913], [-50.216, -26.7852], [-50.2206, -26.7895], [-50.2208, -26.7929], [-50.2205, -26.8007], [-50.2207, -26.7913]], [[-50.1026131147541, -26.282727868852444], [-50.10224245723173, -26.279921461897356], [-50.1025, -26.2799], [-50.1026131147541, -26.282727868852444]], [[-50.1127, -26.29], [-50.1122, -26.2833], [-50.11287106084244, -26.289818876755064], [-50.1127, -26.29]], [[-50.12209807692308, -26.28352548076923], [-50.12124000000003, -26.283739999999995], [-50.1221, -26.2835], [-50.12209807692308, -26.28352548076923]], [[-50.12505483870968, -26.290309677419355], [-50.1217, -26.2888], [-50.1237, -26.2888], [-50.12505483870968, -26.290309677419355]], [[-50.1277, -26.295], [-50.126094736842106, -26.291468421052627], [-50.1272, -26.2927], [-50.1277, -26.295]], [[-50.12591481481481, -26.296751322751327], [-50.1266, -26.2945], [-50.126, -26.2968], [-50.12591481481481, -26.296751322751327]], [[-50.1239, -26.2955], [-50.12517272727274, -26.296327272727282], [-50.1239395480226, -26.295622598870057], [-50.1239, -26.2955]], [[-50.12487227356747, -26.298514048059157], [-50.12465409836065, -26.29783770491803], [-50.1251, -26.2981], [-50.12487227356747, -26.298514048059157]], [[-50.12241230769231, -26.30019923076923], [-50.12478397790056, -26.298674585635354], [-50.124, -26.3001], [-50.12241230769231, -26.30019923076923]], [[-50.1193, -26.3022], [-50.12050888888889, -26.301422857142857], [-50.12020332103321, -26.30260147601476], [-50.1193, -26.3022]], [[-50.1194, -26.3057], [-50.11931232876712, -26.30560136986302], [-50.1196, -26.3033], [-50.120045312500004, -26.3032109375], [-50.1194, -26.3057]], [[-50.1169, -26.3058], [-50.11746058394161, -26.30577664233577], [-50.1168311827957, -26.306316129032258], [-50.1169, -26.3058]], [[-50.1163, -26.3103], [-50.1165, -26.3088], [-50.1165, -26.31029090909091], [-50.1163, -26.3103]], [[-50.1238, -26.3255], [-50.1226, -26.3278], [-50.1237, -26.3255], [-50.1227, -26.3157], [-50.1238, -26.3255]], [[-50.1061, -26.3544], [-50.107, -26.3518], [-50.1071, -26.3537], [-50.1061, -26.3544]], [[-50.09996227678572, -26.346678348214287], [-50.1, -26.3466], [-50.1061, -26.3544], [-50.09996227678572, -26.346678348214287]], [[-50.09130652173913, -26.35428695652174], [-50.092306776034235, -26.353422539229673], [-50.092, -26.354], [-50.09130652173913, -26.35428695652174]], [[-50.0862, -26.3587], [-50.08748814016173, -26.35758679245282], [-50.085568837209294, -26.36042883720931], [-50.0862, -26.3587]], [[-50.0839, -26.365], [-50.0840851993865, -26.364492714723923], [-50.0844, -26.3672], [-50.0839, -26.365]], [[-50.0878, -26.3672], [-50.08783384615385, -26.367295384615385], [-50.0844, -26.3672], [-50.0878, -26.3672]], [[-50.08861758957655, -26.386170358306188], [-50.0877, -26.3825], [-50.0888, -26.3861], [-50.08861758957655, -26.386170358306188]], [[-50.08378305084746, -26.3935593220339], [-50.0818, -26.3888], [-50.0842, -26.3921], [-50.08378305084746, -26.3935593220339]], [[-50.0791, -26.3961], [-50.083766308243725, -26.39361792114695], [-50.0836, -26.3942], [-50.0791, -26.3961]], [[-50.074, -26.4036], [-50.0776, -26.4007], [-50.073774878640776, -26.40443616504855], [-50.074, -26.4036]], [[-50.0719, -26.4114], [-50.07261618497111, -26.40873988439302], [-50.07205028301887, -26.41191764150944], [-50.0719, -26.4114]], [[-50.0725, -26.4274], [-50.0755, -26.4238], [-50.0726, -26.4296], [-50.0725, -26.4274]], [[-49.10766857142857, -26.582462857142854], [-49.1025, -26.5794], [-49.1078, -26.5822], [-49.10766857142857, -26.582462857142854]], [[-49.0656, -26.5419], [-49.0612, -26.5435], [-49.06108311688312, -26.543149350649347], [-49.0656, -26.5419]], [[-49.06064969267139, -26.530069456264776], [-49.059326415094326, -26.529266037735844], [-49.0607, -26.5299], [-49.06064969267139, -26.530069456264776]], [[-49.05810977198697, -26.528527361563523], [-49.0579, -26.5284], [-49.0584, -26.5234], [-49.05810977198697, -26.528527361563523]], [[-49.05397353308365, -26.516483645443195], [-49.05220275280899, -26.515878988764044], [-49.0536, -26.5159], [-49.05397353308365, -26.516483645443195]], [[-49.0398, -26.5188], [-49.0368, -26.5198], [-49.0366476821192, -26.51972715231788], [-49.0398, -26.5188]], [[-49.02305786516854, -26.516883146067414], [-49.0227, -26.517], [-49.02247634408602, -26.51665053763441], [-49.02305786516854, -26.516883146067414]], [[-49.0167, -26.5067], [-49.017009433962265, -26.506081132075472], [-49.0215, -26.5111], [-49.02157980173482, -26.515249690210663], [-49.0211, -26.5145], [-49.0214, -26.5111], [-49.0167, -26.5067]], [[-49.018497169811326, -26.503105660377354], [-49.0193, -26.5015], [-49.02027257142857, -26.501163340659343], [-49.018497169811326, -26.503105660377354]], [[-49.0259, -26.4787], [-49.03184656934306, -26.476589927007304], [-49.0318, -26.4767], [-49.0259, -26.4787]], [[-49.034, -26.4715], [-49.036246709129514, -26.470635881104034], [-49.0362, -26.4715], [-49.034, -26.4715]], [[-49.0364, -26.4678], [-49.03630088638195, -26.469633601933925], [-49.03373628359593, -26.462205097312324], [-49.0338, -26.4622], [-49.0364, -26.4678]], [[-49.02816108786611, -26.458610878661087], [-49.0279, -26.4586], [-49.02809117647059, -26.457911764705884], [-49.02816108786611, -26.458610878661087]], [[-49.02011869469027, -26.454705957648546], [-49.0126, -26.4591], [-49.0201, -26.4547], [-49.02011869469027, -26.454705957648546]], [[-48.984430498533726, -26.45647507331378], [-48.9843, -26.4565], [-48.9852, -26.4508], [-48.984430498533726, -26.45647507331378]], [[-49.05080427999157, -26.515857959097616], [-49.0509, -26.5261], [-49.05089908322847, -26.526100988675175], [-49.0508042403565, -26.5158579585016], [-49.05080427999157, -26.515857959097616]], [[-49.019108988764046, -26.533658081244596], [-49.0191, -26.5336], [-49.0216, -26.5327], [-49.019108988764046, -26.533658081244596]], [[-49.0204, -26.542], [-49.01914825327511, -26.533911790393017], [-49.0204, -26.5357], [-49.0205, -26.5419], [-49.0164, -26.5466], [-49.0204, -26.542]], [[-49.4846, -26.2053], [-49.4838, -26.195], [-49.48390506681514, -26.194975278396438], [-49.4846, -26.2053]], [[-49.47370924657534, -26.420699346201744], [-49.4737, -26.4207], [-49.4683, -26.4147], [-49.47370924657534, -26.420699346201744]], [[-49.4958, -26.4276], [-49.493, -26.4322], [-49.495635971223024, -26.427587050359715], [-49.4958, -26.4276]], [[-49.2865, -26.5455], [-49.2802, -26.5362], [-49.28869738651995, -26.547111416781302], [-49.2865, -26.5455]], [[-49.2587, -26.5132], [-49.2621, -26.5152], [-49.2621356687898, -26.515490445859868], [-49.2587, -26.5132]], [[-49.2498, -26.5049], [-49.2535, -26.5059], [-49.25425102040816, -26.50695431711146], [-49.2498, -26.5049]], [[-49.23887185089974, -26.496618830334192], [-49.23152213001383, -26.49603858921162], [-49.2322, -26.4951], [-49.238, -26.4962], [-49.23887185089974, -26.496618830334192]], [[-49.1585, -26.3593], [-49.1585, -26.358945454545452], [-49.1616, -26.3674], [-49.1585, -26.3593]], [[-49.1585, -26.3582], [-49.1649, -26.3585], [-49.1585, -26.35840303030303], [-49.1585, -26.3582]], [[-49.16903747404422, -26.308201628598184], [-49.1704, -26.3102], [-49.1682, -26.3086], [-49.16903747404422, -26.308201628598184]], [[-49.1135, -26.3764], [-49.1116, -26.3796], [-49.11330186278964, -26.376290822353475], [-49.1135, -26.3764]], [[-49.1135, -26.394], [-49.11340198019802, -26.394080198019804], [-49.1136, -26.3921], [-49.1135, -26.394]], [[-49.1124, -26.3949], [-49.1114, -26.3937], [-49.11338214285714, -26.39409642857143], [-49.1124, -26.3949]], [[-49.0441, -26.454], [-49.04391039332266, -26.45403533043677], [-49.0448, -26.4485], [-49.0441, -26.454]], [[-49.03368427460264, -26.455940818397025], [-49.0392, -26.4539], [-49.04362592378753, -26.454088337182448], [-49.03368427460264, -26.455940818397025]], [[-49.402, -26.3487], [-49.402107891770015, -26.348908342728297], [-49.39970873362446, -26.34895938864629], [-49.402, -26.3487]], [[-49.3967, -26.3493], [-49.39752131849315, -26.349207020547947], [-49.3908, -26.3542], [-49.3967, -26.3493]], [[-49.36606666666666, -26.36143333333333], [-49.366960693641616, -26.361612138728322], [-49.3666, -26.3617], [-49.36606666666666, -26.36143333333333]], [[-49.3629, -26.3608], [-49.3632489010989, -26.36086978021978], [-49.3579, -26.3664], [-49.3629, -26.3608]], [[-49.3236, -26.3878], [-49.3273684137931, -26.387620551724137], [-49.3273, -26.3877], [-49.3236, -26.3878]], [[-49.1868, -26.3452], [-49.18656597014925, -26.345960597014926], [-49.18488558139535, -26.34401488372093], [-49.1868, -26.3452]], [[-49.1847, -26.3438], [-49.185270902036855, -26.339771968962168], [-49.1858, -26.3421], [-49.18473578767123, -26.343841438356165], [-49.1847, -26.3438]], [[-49.1869, -26.3346], [-49.18576685633001, -26.33627273589379], [-49.18606323529412, -26.334181617647058], [-49.1869, -26.3346]], [[-49.1863, -26.3306], [-49.186249606299214, -26.330807874015747], [-49.1805, -26.3241], [-49.1863, -26.3306]], [[-49.169, -26.1983], [-49.169248051027644, -26.196705386250866], [-49.16952137643379, -26.199186339937445], [-49.169, -26.1983]], [[-49.190301492537316, -26.14933134328358], [-49.1905, -26.1497], [-49.18987758620689, -26.149896551724137], [-49.190301492537316, -26.14933134328358]], [[-49.18917777777779, -26.14724444444447], [-49.1864, -26.1428], [-49.184, -26.1411], [-49.187, -26.1432], [-49.18917777777779, -26.14724444444447]], [[-49.0597, -26.0772], [-49.05813946037099, -26.076531197301854], [-49.0625988829127, -26.07605138601572], [-49.0597, -26.0772]], [[-49.05727278106509, -26.07615976331361], [-49.0569, -26.076], [-49.0518, -26.0788], [-49.05700456140351, -26.0756400877193], [-49.05727278106509, -26.07615976331361]], [[-49.0504, -26.0867], [-49.049919917012446, -26.086946196403876], [-49.0494, -26.084], [-49.0504, -26.0867]], [[-49.045, -26.0953], [-49.0461, -26.0896], [-49.04632419786096, -26.089473529411766], [-49.045, -26.0953]], [[-49.0464, -26.1118], [-49.0461393939394, -26.1119303030303], [-49.0487, -26.1074], [-49.0464, -26.1118]], [[-48.828, -26.1217], [-48.8283, -26.1231], [-48.8279, -26.1217], [-48.82298214285714, -26.12025357142857], [-48.823, -26.1202], [-48.828, -26.1217]], [[-48.7895, -26.1426], [-48.78431422087748, -26.151779425113432], [-48.7937, -26.1316], [-48.7895, -26.1426]], [[-48.9548, -25.9945], [-48.9521238476954, -25.991763026052105], [-48.9602, -25.9965], [-48.9548, -25.9945]], [[-48.9561, -26.0188], [-48.95667575757575, -26.010739393939392], [-48.956305627705625, -26.018974783549783], [-48.9561, -26.0188]], [[-48.9799, -26.0265], [-48.979136363636364, -26.0261], [-48.98183043478261, -26.0261], [-48.9799, -26.0265]], [[-48.9921, -26.0263], [-48.991, -26.0242], [-48.995091346153856, -26.02747307692308], [-48.9921, -26.0263]], [[-48.9972, -26.0283], [-48.996674999999996, -26.028094117647058], [-48.99869238578681, -26.027777664974618], [-48.9972, -26.0283]], [[-49.0032, -26.0262], [-49.00190907390084, -26.026651824134703], [-49.0046195993503, -26.024145316729832], [-49.0032, -26.0262]], [[-49.0365, -26.0134], [-49.0353325, -26.009897499999997], [-49.0358, -26.0096], [-49.0365, -26.0134]], [[-48.7871, -26.6722], [-48.796, -26.6725], [-48.7961261228231, -26.672695940814457], [-48.7871, -26.6722]], [[-48.7537, -26.6651], [-48.75399915492958, -26.66234112676057], [-48.75424611570248, -26.664934214876034], [-48.7537, -26.6651]], [[-48.7546, -26.6568], [-48.755726956521734, -26.656132173913047], [-48.754465368134014, -26.65804160498636], [-48.7546, -26.6568]], [[-48.75723359133127, -26.653406965944274], [-48.7574, -26.6536], [-48.7572491943128, -26.653828246445496], [-48.75723359133127, -26.653406965944274]], [[-48.7397, -26.5851], [-48.74047157107232, -26.580742892768075], [-48.73985273698264, -26.585360347129505], [-48.7397, -26.5851]], [[-48.7414, -26.5755], [-48.7437, -26.5713], [-48.7412656004828, -26.57625896197948], [-48.7414, -26.5755]], [[-48.633, -26.3716], [-48.6369, -26.3687], [-48.63204457338639, -26.373482957559677], [-48.633, -26.3716]], [[-48.6193, -26.3986], [-48.6272454396728, -26.382941104294485], [-48.6244, -26.3903], [-48.6193, -26.3986]], [[-48.59555752212389, -26.45302389380531], [-48.6049, -26.4551], [-48.5972, -26.4541], [-48.59555752212389, -26.45302389380531]], [[-48.72592762886598, -26.32123122238586], [-48.7265, -26.3221], [-48.725573637374865, -26.323759733036706], [-48.72592762886598, -26.32123122238586]], [[-48.724455700325734, -26.32576270358306], [-48.7241, -26.3264], [-48.723112301013025, -26.326847756874095], [-48.724455700325734, -26.32576270358306]]], [[[-48.6186, -26.7091], [-48.6178, -26.7099], [-48.6182, -26.7104], [-48.6187, -26.7094], [-48.6186, -26.7091]]], [[[-48.6753, -26.6957], [-48.6766, -26.6949], [-48.6754, -26.6938], [-48.6742, -26.6954], [-48.6753, -26.6957]]], [[[-48.6713, -26.6358], [-48.6727, -26.6325], [-48.6713, -26.6331], [-48.6701, -26.6336], [-48.6713, -26.6358]]], [[[-48.5846, -26.4973], [-48.5835, -26.497], [-48.5833, -26.4984], [-48.5847, -26.498], [-48.5846, -26.4973]]], [[[-48.581, -26.4661], [-48.5791, -26.4682], [-48.5801, -26.4689], [-48.5821, -26.4682], [-48.581, -26.4661]]], [[[-48.5665, -26.4613], [-48.5706, -26.4603], [-48.5669, -26.4581], [-48.5646, -26.4607], [-48.5665, -26.4613]]], [[[-48.5788, -26.4616], [-48.5834, -26.4599], [-48.579, -26.4543], [-48.5775, -26.4591], [-48.5788, -26.4616]]], [[[-48.5912, -25.9775], [-48.592, -25.977], [-48.5908, -25.9761], [-48.5897, -25.9762], [-48.5912, -25.9775]]], [[[-48.5617, -26.5133], [-48.5611, -26.5135], [-48.5615, -26.5146], [-48.5622, -26.5144], [-48.5617, -26.5133]]], [[[-48.5247, -26.385], [-48.5242, -26.3868], [-48.5256, -26.3872], [-48.5255, -26.3855], [-48.5247, -26.385]]], [[[-48.5246, -26.3807], [-48.5229, -26.381], [-48.5233, -26.383], [-48.5248, -26.3838], [-48.525, -26.3826], [-48.5246, -26.3807]]], [[[-48.5206, -26.3717], [-48.5224, -26.3743], [-48.5231, -26.3742], [-48.5221, -26.3707], [-48.5204, -26.3703], [-48.5206, -26.3717]]], [[[-48.5228, -26.3678], [-48.5213, -26.3683], [-48.5219, -26.3699], [-48.5232, -26.3691], [-48.5228, -26.3678]]], [[[-48.4932, -26.2028], [-48.4933, -26.2022], [-48.4912, -26.2016], [-48.491, -26.2031], [-48.4932, -26.2028]]], [[[-48.487, -26.1847], [-48.4875, -26.1852], [-48.4874, -26.1849], [-48.4873, -26.1847], [-48.487, -26.1847]]], [[[-48.4891, -26.1812], [-48.487, -26.18], [-48.4869, -26.1816], [-48.4885, -26.182], [-48.4891, -26.1812]]], [[[-48.487, -26.1792], [-48.4872, -26.1794], [-48.4874, -26.1793], [-48.4872, -26.179], [-48.487, -26.1792]]], [[[-48.4844, -26.1741], [-48.4819, -26.175], [-48.4829, -26.1763], [-48.4833, -26.1783], [-48.4813, -26.1798], [-48.4839, -26.1795], [-48.484, -26.1827], [-48.4861, -26.1765], [-48.4844, -26.1741]]], [[[-48.4756, -26.1672], [-48.4758, -26.1672], [-48.4762, -26.1669], [-48.4759, -26.1669], [-48.4756, -26.1672]]], [[[-48.4823, -26.165], [-48.4809, -26.1647], [-48.4808, -26.1663], [-48.4815, -26.1667], [-48.4823, -26.165]]], [[[-48.4861, -26.1642], [-48.4844, -26.1636], [-48.4835, -26.164], [-48.4849, -26.1657], [-48.4861, -26.1642]]], [[[-48.4783, -26.1638], [-48.4783, -26.1635], [-48.4781, -26.1634], [-48.4779, -26.1635], [-48.4783, -26.1638]]]]}}, {"type": "Feature", "properties": {"metro_id": "BRM21", "metro_name": "Baixada Santista RM", "n_members": 9, "n_missing": 0, "n_states": 1, "states": "SãoPaulo"}, "geometry": {"type": "MultiPolygon", "coordinates": [[[[-47.0312, -24.4284], [-47.031, -24.4287], [-47.0313, -24.4288], [-47.0314, -24.4286], [-47.0312, -24.4284]]], [[[-46.994, -24.4115], [-46.9945, -24.4112], [-46.9937, -24.411], [-46.9936, -24.4112], [-46.994, -24.4115]]], [[[-47.0017, -24.4106], [-47.0034, -24.4098], [-47.0006, -24.4085], [-47.0004, -24.4095], [-47.0017, -24.4106]]], [[[-46.9992, -24.4081], [-46.9995, -24.4085], [-46.9996, -24.4083], [-46.9995, -24.408], [-46.9992, -24.4081]]], [[[-47.0077, -24.3962], [-47.0074, -24.3961], [-47.0073, -24.3964], [-47.0077, -24.3964], [-47.0077, -24.3962]]], [[[-46.9865, -24.3847], [-46.9885, -24.3853], [-46.9883, -24.384], [-46.9872, -24.3842], [-46.9865, -24.3847]]], [[[-46.9876, -24.3815], [-46.9872, -24.3797], [-46.9846, -24.3793], [-46.9846, -24.3824], [-46.9876, -24.3815]]], [[[-46.808, -24.3759], [-46.808, -24.3744], [-46.8058, -24.3744], [-46.8056, -24.3759], [-46.808, -24.3759]]], [[[-46.8048, -24.3745], [-46.8033, -24.3738], [-46.804, -24.3753], [-46.8051, -24.3751], [-46.8048, -24.3745]]], [[[-47.0049, -24.3673], [-47.0046, -24.3675], [-47.005, -24.3678], [-47.0052, -24.3678], [-47.0049, -24.3673]]], [[[-46.981, -24.3627], [-46.9811, -24.3616], [-46.9793, -24.3612], [-46.9796, -24.362], [-46.981, -24.3627]]], [[[-47.1081, -24.4298], [-47.108, -24.4269], [-47.1118, -24.426], [-47.1144, -24.42], [-47.1177, -24.4176], [-47.1166, -24.4128], [-47.1137, -24.4104], [-47.1123, -24.3997], [-47.1006, -24.3915], [-47.1129, -24.3863], [-47.111, -24.3826], [-47.1162, -24.379], [-47.1142, -24.3717], [-47.1208, -24.3648], [-47.1096, -24.3512], [-47.1077, -24.3508], [-47.1025, -24.354], [-47.0959, -24.3539], [-47.0904, -24.3524], [-47.0863, -24.348], [-47.0749, -24.3431], [-47.0644, -24.3438], [-47.0629, -24.3379], [-47.0562, -24.3388], [-47.0517, -24.3358], [-47.045, -24.3344], [-47.0346, -24.3215], [-47.0211, -24.2831], [-47.028, -24.278], [-47.0334, -24.2792], [-47.0403, -24.2736], [-47.049, -24.2766], [-47.0571, -24.2642], [-47.0548, -24.2579], [-47.0485, -24.2522], [-47.0495, -24.2497], [-47.0444, -24.2491], [-47.0463, -24.2453], [-47.0439, -24.2429], [-47.0434, -24.2392], [-47.0386, -24.2337], [-47.0313, -24.2317], [-47.0291, -24.2198], [-47.0328, -24.219], [-47.0355, -24.2223], [-47.0394, -24.2221], [-47.0404, -24.2185], [-47.0429, -24.2167], [-47.0487, -24.2166], [-47.0552, -24.2113], [-47.0594, -24.2111], [-47.0649, -24.2029], [-47.0681, -24.2008], [-47.0672, -24.1975], [-47.0708, -24.1952], [-47.065, -24.1923], [-47.0646, -24.187], [-47.0578, -24.185], [-47.0544, -24.1817], [-47.0492, -24.1816], [-47.042, -24.1771], [-47.0409, -24.1705], [-47.031, -24.1576], [-47.0338, -24.1472], [-47.0311, -24.1483], [-47.0184, -24.1419], [-47.0131, -24.1412], [-47.0099, -24.1376], [-47.0103, -24.1319], [-47.0054, -24.1277], [-46.9919, -24.122], [-46.9878, -24.1227], [-46.9862, -24.1251], [-46.9832, -24.1233], [-46.9782, -24.1223], [-46.9747, -24.1172], [-46.9754, -24.1153], [-46.9724, -24.1139], [-46.9719, -24.1103], [-46.9683, -24.1075], [-46.9698, -24.0916], [-46.9787, -24.0864], [-46.9782, -24.0812], [-46.9809, -24.0806], [-46.9833, -24.0761], [-46.9786, -24.0643], [-46.9734, -24.0611], [-46.9707, -24.0616], [-46.9647, -24.0584], [-46.9636, -24.0563], [-46.9673, -24.0532], [-46.965, -24.0484], [-46.9682, -24.0462], [-46.9667, -24.0438], [-46.965, -24.0433], [-46.9631, -24.0458], [-46.9608, -24.0459], [-46.954, -24.0438], [-46.953, -24.0452], [-46.9505, -24.0425], [-46.9461, -24.0436], [-46.9458, -24.0406], [-46.9397, -24.0388], [-46.9419, -24.0364], [-46.9362, -24.0334], [-46.9303, -24.0445], [-46.9282, -24.045], [-46.9206, -24.0415], [-46.9166, -24.0437], [-46.9113, -24.0415], [-46.9084, -24.045], [-46.9003, -24.0461], [-46.8979, -24.0416], [-46.894, -24.0417], [-46.8893, -24.0386], [-46.8882, -24.0367], [-46.8933, -24.0361], [-46.893, -24.0342], [-46.8855, -24.0286], [-46.8853, -24.0244], [-46.8826, -24.0233], [-46.876, -24.0242], [-46.8747, -24.0227], [-46.8719, -24.0239], [-46.8677, -24.0192], [-46.8694, -24.0165], [-46.8733, -24.0161], [-46.8734, -24.014], [-46.8685, -24.0096], [-46.8707, -24.0025], [-46.8692, -24.0007], [-46.871, -23.9986], [-46.8751, -24.0018], [-46.883, -23.9896], [-46.8825, -23.984], [-46.8736, -23.9786], [-46.8676, -23.9801], [-46.8623, -23.9742], [-46.8553, -23.9735], [-46.8486, -23.9651], [-46.8452, -23.9627], [-46.8396, -23.962], [-46.8386, -23.9586], [-46.8348, -23.9563], [-46.8263, -23.9583], [-46.823, -23.9552], [-46.8286, -23.9505], [-46.8299, -23.9473], [-46.8202, -23.9422], [-46.8172, -23.9435], [-46.8136, -23.9398], [-46.8072, -23.9399], [-46.8069, -23.9382], [-46.8001, -23.938], [-46.7933, -23.9431], [-46.7896, -23.9408], [-46.7862, -23.9419], [-46.7811, -23.9487], [-46.7742, -23.9503], [-46.7751, -23.9568], [-46.7713, -23.9613], [-46.7649, -23.9617], [-46.7626, -23.9644], [-46.7629, -23.9681], [-46.7582, -23.9725], [-46.7549, -23.9728], [-46.755, -23.9756], [-46.7591, -23.9787], [-46.7582, -23.9806], [-46.7623, -23.988], [-46.7646, -23.9886], [-46.7664, -23.9917], [-46.7681, -23.9987], [-46.7747, -24.003], [-46.7715, -24.008], [-46.7692, -24.0083], [-46.7669, -24.0053], [-46.763, -24.0062], [-46.755, -23.9968], [-46.7509, -23.9965], [-46.7495, -23.9944], [-46.7447, -23.9938], [-46.7433, -23.9919], [-46.7377, -23.9918], [-46.7311, -23.9955], [-46.7209, -23.993], [-46.7195, -23.995], [-46.7145, -23.9961], [-46.7079, -23.9909], [-46.7029, -23.9916], [-46.6987, -23.99], [-46.6923, -23.9845], [-46.6878, -23.9848], [-46.6833, -23.9824], [-46.6803, -23.987], [-46.6754, -23.9894], [-46.6619, -23.9881], [-46.653, -23.9967], [-46.64965807228916, -24.00218674698795], [-46.6476, -23.9999], [-46.6397, -23.9974], [-46.6379, -23.9943], [-46.6349, -23.9947], [-46.6292, -23.9909], [-46.6333, -23.9878], [-46.6358, -23.9775], [-46.6296, -23.9732], [-46.6205, -23.9708], [-46.6158, -23.9673], [-46.6125, -23.9699], [-46.6119, -23.9678], [-46.6003, -23.9636], [-46.5949, -23.9652], [-46.5853, -23.9608], [-46.5803, -23.9558], [-46.5772, -23.9569], [-46.5753, -23.9539], [-46.5713, -23.9525], [-46.5697, -23.9468], [-46.5662, -23.9496], [-46.5678, -23.9534], [-46.5658, -23.9538], [-46.5635, -23.9486], [-46.5587, -23.9463], [-46.5564, -23.9415], [-46.5522, -23.9404], [-46.5522, -23.937], [-46.5484, -23.9332], [-46.5483, -23.9297], [-46.5457, -23.9301], [-46.5407, -23.9236], [-46.5353, -23.9233], [-46.5323, -23.9176], [-46.526, -23.9158], [-46.5213, -23.9123], [-46.5209, -23.911], [-46.5227, -23.9112], [-46.5224, -23.9077], [-46.5199, -23.9053], [-46.5038, -23.9048], [-46.4962, -23.8996], [-46.4939, -23.9003], [-46.4923, -23.9003], [-46.4962, -23.8993], [-46.4931, -23.896], [-46.4926, -23.8904], [-46.4879, -23.8847], [-46.4853, -23.8835], [-46.4835, -23.8841], [-46.4844, -23.8857], [-46.4826, -23.8857], [-46.4781, -23.8792], [-46.4753, -23.8788], [-46.4728, -23.8746], [-46.4694, -23.8729], [-46.4664, -23.8658], [-46.4681, -23.8647], [-46.4658, -23.861], [-46.4586, -23.8661], [-46.4597, -23.8632], [-46.4546, -23.8539], [-46.4514, -23.8514], [-46.4437, -23.8502], [-46.4412, -23.8474], [-46.4379, -23.8424], [-46.4393, -23.8396], [-46.4426, -23.8417], [-46.4439, -23.841], [-46.4394, -23.8332], [-46.441, -23.8333], [-46.4388, -23.8314], [-46.4415, -23.8298], [-46.4439, -23.8307], [-46.4445, -23.8291], [-46.4374, -23.8293], [-46.4378, -23.8263], [-46.4342, -23.8241], [-46.4317, -23.826], [-46.4266, -23.8253], [-46.4197, -23.8195], [-46.4119, -23.8168], [-46.4057, -23.8123], [-46.3961, -23.8118], [-46.3943, -23.8144], [-46.3894, -23.8099], [-46.3834, -23.8096], [-46.3776, -23.8041], [-46.3733, -23.7955], [-46.3771, -23.795], [-46.3771, -23.7936], [-46.3723, -23.7897], [-46.3674, -23.7925], [-46.3624, -23.7912], [-46.3587, -23.7922], [-46.3564, -23.7906], [-46.3544, -23.7915], [-46.3535, -23.7884], [-46.3454, -23.7876], [-46.3423, -23.7838], [-46.3356, -23.7812], [-46.3318, -23.7813], [-46.3234, -23.7854], [-46.3204, -23.7851], [-46.3203, -23.8031], [-46.321279899497505, -23.803524623115585], [-46.3165, -23.802], [-46.3026, -23.7879], [-46.2967, -23.7877], [-46.2913, -23.7812], [-46.2846, -23.7767], [-46.2737, -23.7661], [-46.2598, -23.7677], [-46.2556, -23.7636], [-46.2557, -23.76], [-46.2489, -23.7569], [-46.2467, -23.7524], [-46.2479, -23.7463], [-46.242, -23.7411], [-46.2388, -23.7354], [-46.2349, -23.7372], [-46.227, -23.737], [-46.2252, -23.7405], [-46.2226, -23.7405], [-46.2177, -23.7441], [-46.2102, -23.7417], [-46.208, -23.7455], [-46.2083, -23.7511], [-46.2024, -23.7513], [-46.1931, -23.7539], [-46.1903, -23.7506], [-46.1899, -23.7476], [-46.1864, -23.7447], [-46.1784, -23.7457], [-46.1764, -23.7355], [-46.1743, -23.7359], [-46.1699, -23.7322], [-46.1657, -23.7344], [-46.1602, -23.7319], [-46.1575, -23.7328], [-46.1557, -23.7362], [-46.1502, -23.7325], [-46.1478, -23.7283], [-46.1378, -23.7264], [-46.1362, -23.7247], [-46.1317, -23.7248], [-46.1261, -23.7129], [-46.1224, -23.7149], [-46.1236, -23.7171], [-46.1227, -23.7187], [-46.1182, -23.7158], [-46.1139, -23.7178], [-46.1115, -23.7149], [-46.1085, -23.7151], [-46.1064, -23.7115], [-46.1038, -23.7117], [-46.104, -23.7153], [-46.1002, -23.7199], [-46.1016, -23.7227], [-46.097, -23.7259], [-46.0998, -23.7291], [-46.1072, -23.7311], [-46.1024, -23.7363], [-46.0956, -23.7338], [-46.0774, -23.7326], [-46.0677, -23.729], [-46.0651, -23.7223], [-46.0569, -23.7161], [-46.0438, -23.72], [-46.0309, -23.7201], [-46.0269, -23.718], [-46.0258, -23.7156], [-46.0167, -23.7148], [-46.0085, -23.7087], [-45.9969, -23.7045], [-45.9922, -23.7056], [-45.9871, -23.6994], [-45.9765, -23.694], [-45.9713, -23.6947], [-45.9695, -23.6969], [-45.955, -23.6941], [-45.9541, -23.6956], [-45.9562, -23.6973], [-45.9566, -23.7006], [-45.9519, -23.6996], [-45.9505, -23.7023], [-45.9418, -23.6999], [-45.9401, -23.7015], [-45.9361, -23.7012], [-45.926, -23.6937], [-45.924, -23.6896], [-45.9198, -23.6884], [-45.9244, -23.6813], [-45.9182, -23.6776], [-45.9175, -23.6692], [-45.9148, -23.6654], [-45.9056, -23.6643], [-45.9055, -23.6608], [-45.9007, -23.659], [-45.8996, -23.6559], [-45.8929, -23.6555], [-45.8871, -23.6573], [-45.883, -23.6533], [-45.8756, -23.6542], [-45.8732, -23.6526], [-45.87, -23.6552], [-45.8627, -23.6521], [-45.8577, -23.6553], [-45.8554, -23.6533], [-45.8565, -23.6506], [-45.8547, -23.6493], [-45.8547, -23.6467], [-45.8507, -23.6477], [-45.8504, -23.6442], [-45.8473, -23.6456], [-45.8455, -23.6435], [-45.842, -23.6485], [-45.8339, -23.6484], [-45.831, -23.6518], [-45.8331, -23.6564], [-45.8317, -23.6573], [-45.8311, -23.6631], [-45.8352, -23.6649], [-45.8377, -23.6698], [-45.8326, -23.6699], [-45.8294, -23.6724], [-45.8302, -23.6747], [-45.8257, -23.6745], [-45.8233, -23.6762], [-45.8211, -23.6749], [-45.8141, -23.6769], [-45.7982, -23.6754], [-45.794, -23.6805], [-45.7996, -23.6931], [-45.7981, -23.694], [-45.7966, -23.7004], [-45.7971, -23.7052], [-45.7949, -23.7157], [-45.7993, -23.7206], [-45.8073, -23.7248], [-45.8424, -23.7582], [-45.8459, -23.7585], [-45.8983, -23.7654], [-45.9412, -23.7757], [-45.9726, -23.7854], [-45.9906, -23.793], [-45.9928, -23.7957], [-45.9916, -23.7972], [-45.9928, -23.8003], [-45.9978, -23.8032], [-46.0002, -23.8036], [-46.0021, -23.7999], [-46.0081, -23.8003], [-46.0235, -23.8051], [-46.0343, -23.8106], [-46.0393, -23.8178], [-46.0385, -23.8201], [-46.035, -23.8214], [-46.0385, -23.822], [-46.0398, -23.8238], [-46.039, -23.8259], [-46.0471, -23.832], [-46.0516, -23.8292], [-46.0471, -23.8281], [-46.045, -23.8254], [-46.0455, -23.8224], [-46.0501, -23.8174], [-46.0575, -23.8143], [-46.0662, -23.8146], [-46.085, -23.8207], [-46.1124, -23.8335], [-46.1253, -23.8417], [-46.1307, -23.8468], [-46.1329, -23.8514], [-46.1332, -23.8565], [-46.1331, -23.858], [-46.1251, -23.8574], [-46.1238, -23.8608], [-46.133, -23.8643], [-46.139, -23.8743], [-46.1394, -23.876], [-46.1376, -23.8772], [-46.1409, -23.8815], [-46.1374, -23.8855], [-46.1382, -23.8903], [-46.1482, -23.8938], [-46.1515, -23.8987], [-46.1512, -23.9053], [-46.1462, -23.9058], [-46.1557, -23.9093], [-46.1565, -23.907], [-46.1607, -23.9065], [-46.1671, -23.911], [-46.1686, -23.9151], [-46.1789, -23.9242], [-46.1805, -23.9331], [-46.1784, -23.939], [-46.1739, -23.9416], [-46.1683, -23.9377], [-46.1656, -23.9442], [-46.1604, -23.9455], [-46.167, -23.947], [-46.1726, -23.9579], [-46.1819, -23.9612], [-46.1847, -23.9654], [-46.1846, -23.9713], [-46.187, -23.9728], [-46.1858, -23.975], [-46.1872, -23.9774], [-46.1848, -23.9788], [-46.1866, -23.9826], [-46.1842, -23.983], [-46.1863, -23.9871], [-46.1817, -23.9891], [-46.1822, -23.9911], [-46.1853, -23.9921], [-46.1879, -23.9899], [-46.1913, -23.9899], [-46.1957, -23.994], [-46.2004, -23.9951], [-46.1997, -23.9977], [-46.2025, -24.0006], [-46.2078, -23.999], [-46.2027, -23.9941], [-46.2037, -23.9913], [-46.2119, -23.9864], [-46.2279, -23.9882], [-46.2474, -23.9939], [-46.2481, -23.9958], [-46.2524, -23.9966], [-46.2652, -24.0041], [-46.2674, -24.0091], [-46.263, -24.0141], [-46.2704, -24.0137], [-46.2792, -24.0213], [-46.2803, -24.0269], [-46.2777, -24.0303], [-46.278, -24.0361], [-46.282, -24.0384], [-46.2826, -24.043], [-46.2875, -24.0451], [-46.2893, -24.0448], [-46.2876, -24.0425], [-46.2898, -24.0398], [-46.2869, -24.0385], [-46.2892, -24.0369], [-46.2847, -24.0324], [-46.2845, -24.0293], [-46.2858, -24.0285], [-46.2841, -24.0265], [-46.2861, -24.0242], [-46.2893, -24.0257], [-46.2921, -24.0231], [-46.2908, -24.0197], [-46.295, -24.016], [-46.2995, -24.0161], [-46.3046, -24.0195], [-46.3112, -24.0287], [-46.3127, -24.027], [-46.312, -24.0226], [-46.3134, -24.0206], [-46.3153, -24.0203], [-46.3193, -24.0246], [-46.3243, -24.0225], [-46.3223, -24.0097], [-46.3235, -24.0091], [-46.3201, -24.003], [-46.3222, -24.0005], [-46.3212, -23.9988], [-46.3162, -23.997], [-46.3138, -23.9984], [-46.3063, -23.9931], [-46.3057, -23.9912], [-46.315, -23.9812], [-46.3255, -23.9747], [-46.3473, -23.9706], [-46.3497, -23.9708], [-46.3503, -23.9725], [-46.3551, -23.9711], [-46.3634, -23.972], [-46.3679, -23.9741], [-46.3698, -23.9776], [-46.3677, -23.9787], [-46.3683, -23.9818], [-46.3724, -23.9803], [-46.3717, -23.9749], [-46.3757, -23.9696], [-46.3817, -23.9707], [-46.3858, -23.9744], [-46.3886, -23.9748], [-46.3887, -23.9763], [-46.3856, -23.978], [-46.381, -23.9773], [-46.3785, -23.9799], [-46.3788, -23.9842], [-46.3747, -23.9852], [-46.3745, -23.9867], [-46.378, -23.9938], [-46.3869, -23.9952], [-46.3919, -23.9986], [-46.39265555555554, -23.995829629629668], [-46.3915, -24.0018], [-46.3887, -24.0052], [-46.3923, -24.0079], [-46.3912, -24.013], [-46.3886, -24.0132], [-46.3836, -24.0177], [-46.3849, -24.0189], [-46.3901, -24.017], [-46.3916, -24.0215], [-46.3903, -24.0238], [-46.3993, -24.0337], [-46.4017, -24.0322], [-46.3994, -24.0284], [-46.3994, -24.0192], [-46.4081, -24.0158], [-46.4248, -24.0167], [-46.455, -24.0239], [-46.5204, -24.0505], [-46.6044, -24.0897], [-46.6507, -24.1125], [-46.7094, -24.1441], [-46.7888, -24.1872], [-46.7939, -24.1939], [-46.8003, -24.1951], [-46.8016, -24.1976], [-46.8045, -24.1984], [-46.8048, -24.2004], [-46.8107, -24.2006], [-46.812, -24.2026], [-46.812, -24.2013], [-46.8146, -24.2013], [-46.8203, -24.2042], [-46.8976, -24.2529], [-46.9316, -24.2747], [-46.9631, -24.2981], [-46.9904, -24.3219], [-47.0007, -24.3338], [-47.0025, -24.3374], [-46.9994, -24.3414], [-47.0016, -24.3455], [-47.0001, -24.3465], [-46.9992, -24.3507], [-46.996, -24.3505], [-46.9987, -24.3516], [-47.0025, -24.3621], [-47.0069, -24.3669], [-47.0093, -24.3672], [-47.0182, -24.3788], [-47.0163, -24.3874], [-47.0085, -24.3887], [-47.0108, -24.3904], [-47.0094, -24.3966], [-47.0013, -24.3983], [-47.0017, -24.4005], [-47.005, -24.4016], [-47.0037, -24.4095], [-47.0093, -24.4102], [-47.0076, -24.4139], [-47.0112, -24.4145], [-47.0153, -24.4125], [-47.0215, -24.417], [-47.0203, -24.42], [-47.025, -24.425], [-47.0302, -24.4274], [-47.0372, -24.4269], [-47.0469, -24.4299], [-47.049, -24.4315], [-47.0483, -24.4326], [-47.0533, -24.4331], [-47.0779, -24.4482], [-47.0785, -24.443], [-47.0813, -24.4341], [-47.0858, -24.4307], [-47.0929, -24.4355], [-47.102, -24.4333], [-47.1081, -24.4298]], [[-46.2035, -23.7525], [-46.2063, -23.7573], [-46.2024, -23.7513], [-46.2035, -23.7525]], [[-46.6463, -24.0077], [-46.64256395039858, -24.010157927369352], [-46.64254886251236, -24.010154269699967], [-46.647796557332605, -24.005242965573334], [-46.6463, -24.0077]], [[-46.634, -24.0101], [-46.63222375215147, -24.009907573149743], [-46.6368, -24.0091], [-46.637573255813955, -24.0092492248062], [-46.634, -24.0101]], [[-46.622, -24.0088], [-46.62137204301075, -24.008172043010752], [-46.62952738990333, -24.009615467239527], [-46.622, -24.0088]], [[-46.591854684512434, -24.001427533460785], [-46.5925, -23.9942], [-46.5931, -23.9975], [-46.591854684512434, -24.001427533460785]], [[-46.5841, -23.9857], [-46.5883, -23.989], [-46.5925, -23.9942], [-46.5841, -23.9857]], [[-46.5892, -24.0098], [-46.5895, -24.0067], [-46.590360215053764, -24.00614086021506], [-46.5892, -24.0098]], [[-46.69130236645803, -24.031519891966045], [-46.6935, -24.0325], [-46.6982, -24.0371], [-46.69130236645803, -24.031519891966045]], [[-46.70056129032258, -24.045364516129037], [-46.7011466395112, -24.046117107942973], [-46.7008, -24.0462], [-46.70056129032258, -24.045364516129037]], [[-46.724629574169406, -24.049831726719706], [-46.7254, -24.0501], [-46.7422, -24.0634], [-46.724629574169406, -24.049831726719706]], [[-46.7445, -24.0719], [-46.7486, -24.0748], [-46.748398924731184, -24.075056272401433], [-46.7445, -24.0719]], [[-46.73578033898305, -24.105898983050842], [-46.7368, -24.1066], [-46.7363704745167, -24.107293848857648], [-46.73578033898305, -24.105898983050842]], [[-46.736107493188015, -24.107718664850136], [-46.7355, -24.1087], [-46.7322, -24.1089], [-46.736107493188015, -24.107718664850136]], [[-46.7291, -24.1241], [-46.7266, -24.1305], [-46.726268651488624, -24.13076199649737], [-46.7291, -24.1241]], [[-46.9817, -24.1301], [-46.9736, -24.1383], [-46.98213947198969, -24.128107726980044], [-46.9817, -24.1301]], [[-46.9515, -24.1923], [-46.9486, -24.194], [-46.951631737193765, -24.19115200445434], [-46.9515, -24.1923]], [[-46.9333, -24.2131], [-46.9386, -24.2023], [-46.938814669187146, -24.20216741020794], [-46.9333, -24.2131]], [[-46.9995, -24.3495], [-46.9995, -24.3494], [-46.9998, -24.3495], [-46.9997, -24.3496], [-46.9995, -24.3495]], [[-46.2388, -23.7795], [-46.24251128404669, -23.776081712062258], [-46.2426, -23.7762], [-46.2388, -23.7795]], [[-46.234, -23.7875], [-46.237715068493145, -23.785023287671237], [-46.2377, -23.7851], [-46.234, -23.7875]], [[-46.1735, -23.8875], [-46.17327101631116, -23.88726185696361], [-46.1778, -23.8889], [-46.1897, -23.8938], [-46.1735, -23.8875]], [[-46.2067, -23.9152], [-46.20608135426889, -23.914755348380766], [-46.2119, -23.9159], [-46.2067, -23.9152]], [[-46.2895, -23.9763], [-46.2916, -23.9713], [-46.29223928371572, -23.970552602126475], [-46.28947415185783, -23.977088368336027], [-46.2895, -23.9763]], [[-46.2893, -23.9824], [-46.28943517241379, -23.978277241379306], [-46.2909, -23.9867], [-46.2893, -23.9824]], [[-46.298488595744686, -23.99230110638298], [-46.2975, -23.9922], [-46.2909, -23.9867], [-46.298488595744686, -23.99230110638298]], [[-46.517989130434785, -23.95104347826086], [-46.517606666666666, -23.952573333333355], [-46.5177, -23.9515], [-46.517989130434785, -23.95104347826086]], [[-46.517522691292875, -23.95353905013192], [-46.5219, -23.9585], [-46.5175, -23.9538], [-46.517522691292875, -23.95353905013192]], [[-46.483609333333334, -24.006035999999995], [-46.4836, -24.0064], [-46.48346304347826, -24.006255434782606], [-46.483609333333334, -24.006035999999995]], [[-46.47623896470588, -24.005127858823528], [-46.4756, -24.0052], [-46.4735, -24.0022], [-46.47623896470588, -24.005127858823528]], [[-46.46864, -24.001839999999998], [-46.4681, -24.0018], [-46.4703, -23.9952], [-46.46864, -24.001839999999998]], [[-46.446, -23.982], [-46.4415, -23.9847], [-46.440379368932035, -23.984719660194173], [-46.446, -23.982]], [[-46.43776751269036, -23.984765482233502], [-46.4358, -23.9848], [-46.43537257142857, -23.984489142857143], [-46.43776751269036, -23.984765482233502]], [[-46.434392, -23.983776000000002], [-46.4336, -23.9832], [-46.4334243902439, -23.9808731707317], [-46.434392, -23.983776000000002]], [[-46.432457079646014, -23.977971238938053], [-46.4259, -23.9786], [-46.4323, -23.9775], [-46.432457079646014, -23.977971238938053]], [[-46.42258455882353, -23.977679044117647], [-46.42144774774775, -23.97868468468468], [-46.4223, -23.9776], [-46.42258455882353, -23.977679044117647]], [[-46.414218161925604, -23.985080087527354], [-46.4125, -23.9866], [-46.4085, -23.988], [-46.414218161925604, -23.985080087527354]], [[-46.40152274368231, -23.984919133574007], [-46.40048354080221, -23.985247302904565], [-46.4008, -23.9846], [-46.40152274368231, -23.984919133574007]], [[-46.3964, -23.9936], [-46.39272132564842, -23.995588472622476], [-46.3928, -23.9953], [-46.3964, -23.9936]], [[-46.3867, -23.9363], [-46.38667864205669, -23.936123796967696], [-46.38757662337664, -23.937106493506505], [-46.3867, -23.9363]], [[-46.3899385103011, -23.9420351822504], [-46.39128656860381, -23.941166433566433], [-46.3915, -23.9414], [-46.3899385103011, -23.9420351822504]], [[-46.3827, -23.9467], [-46.382948571428564, -23.946539809523816], [-46.38272845673506, -23.946767261373772], [-46.3827, -23.9467]], [[-46.3624, -23.9526], [-46.38288238897397, -23.949441500765698], [-46.3829, -23.9496], [-46.3624, -23.9526]], [[-46.3323, -23.8127], [-46.328732432432425, -23.80675405405405], [-46.3293, -23.807], [-46.3323, -23.8127]]], [[[-46.8901, -24.2538], [-46.8895, -24.2545], [-46.8909, -24.2544], [-46.8905, -24.2537], [-46.8901, -24.2538]]], [[[-46.7916, -24.1948], [-46.7923, -24.1952], [-46.7933, -24.1937], [-46.7923, -24.194], [-46.7916, -24.1948]]], [[[-46.6765, -24.4886], [-46.6779, -24.4847], [-46.6774, -24.478], [-46.6762, -24.476], [-46.6765, -24.4779], [-46.6752, -24.4781], [-46.6747, -24.4839], [-46.6716, -24.4857], [-46.6714, -24.4887], [-46.6762, -24.492], [-46.6775, -24.4909], [-46.6765, -24.4886]]], [[[-46.6911, -24.2368], [-46.6904, -24.2366], [-46.6903, -24.2376], [-46.6909, -24.2374], [-46.6911, -24.2368]]], [[[-46.2704, -24.0495], [-46.2707, -24.0499], [-46.271, -24.0499], [-46.271, -24.0497], [-46.2704, -24.0495]]], [[[-46.2606, -24.0455], [-46.2626, -24.0484], [-46.2608, -24.0524], [-46.2674, -24.0502], [-46.2628, -24.0453], [-46.2606, -24.0455]]], [[[-46.2942, -24.0275], [-46.2941, -24.0281], [-46.295, -24.0284], [-46.2946, -24.0276], [-46.2942, -24.0275]]], [[[-46.2937, -24.0258], [-46.2927, -24.0246], [-46.2921, -24.0248], [-46.2929, -24.0261], [-46.2937, -24.0258]]], [[[-46.3242, -24.0094], [-46.3254, -24.0094], [-46.3251, -24.0082], [-46.3242, -24.0081], [-46.3242, -24.0094]]], [[[-46.2536, -24.0027], [-46.2559, -24.0012], [-46.2552, -24.0008], [-46.254, -24.0018], [-46.2536, -24.0027]]], [[[-46.3682, -23.982], [-46.3676, -23.9821], [-46.3679, -23.9825], [-46.3683, -23.9823], [-46.3682, -23.982]]], [[[-46.3515, -23.9731], [-46.3525, -23.9749], [-46.3531, -23.975], [-46.3534, -23.9739], [-46.3515, -23.9731]]], [[[-46.1618, -24.3281], [-46.1607, -24.3277], [-46.1624, -24.3311], [-46.1633, -24.3305], [-46.1618, -24.3281]]], [[[-46.1798, -24.3183], [-46.182, -24.321], [-46.1834, -24.3207], [-46.1811, -24.3186], [-46.1798, -24.3183]]], [[[-46.2195, -24.0105], [-46.2165, -24.0076], [-46.2173, -24.0093], [-46.2177, -24.0103], [-46.2195, -24.0105]]], [[[-46.1814, -23.9753], [-46.1842, -23.975], [-46.1835, -23.972], [-46.1801, -23.9709], [-46.1814, -23.9753]]], [[[-46.1772, -23.9706], [-46.1759, -23.9697], [-46.1759, -23.9701], [-46.1767, -23.9704], [-46.1772, -23.9706]]], [[[-46.1658, -23.9674], [-46.1681, -23.9678], [-46.1678, -23.9664], [-46.1672, -23.9663], [-46.1658, -23.9674]]], [[[-46.1705, -23.9279], [-46.17, -23.9271], [-46.1696, -23.9273], [-46.17, -23.9278], [-46.1705, -23.9279]]], [[[-46.1665, -23.9157], [-46.1681, -23.9159], [-46.1683, -23.9147], [-46.167, -23.915], [-46.1665, -23.9157]]], [[[-46.1376, -23.8924], [-46.1359, -23.8919], [-46.1361, -23.8926], [-46.1368, -23.8934], [-46.1376, -23.8924]]], [[[-46.1304, -23.8849], [-46.1292, -23.8838], [-46.1285, -23.8853], [-46.1302, -23.8848], [-46.1304, -23.8849]]], [[[-46.1351, -23.8725], [-46.1359, -23.8726], [-46.1353, -23.8714], [-46.134, -23.8719], [-46.1351, -23.8725]]], [[[-46.0268, -23.8267], [-46.0261, -23.8256], [-46.0251, -23.8256], [-46.0258, -23.8269], [-46.0268, -23.8267]]]]}}, {"type": "Feature", "properties": {"metro_id": "BRM22", "metro_name": "Ribeirao Prêto", "n_members": 1, "n_missing": 0, "n_states": 1, "states": "SãoPaulo"}, "geometry": {"type": "Polygon", "coordinates": [[[-47.7191, -21.1201], [-47.7006, -21.1305], [-47.691, -21.1321], [-47.6729, -21.1227], [-47.6694, -21.1185], [-47.6655, -21.1205], [-47.6591, -21.1333], [-47.6502, -21.1407], [-47.6467, -21.1481], [-47.6497, -21.1499], [-47.6505, -21.1527], [-47.6528, -21.1529], [-47.6534, -21.1551], [-47.6579, -21.1545], [-47.6651, -21.1606], [-47.6635, -21.1682], [-47.666, -21.1769], [-47.6644, -21.1833], [-47.6586, -21.1866], [-47.6599, -21.1912], [-47.6591, -21.1958], [-47.6653, -21.2], [-47.668, -21.2116], [-47.6761, -21.2175], [-47.6811, -21.2192], [-47.6829, -21.2181], [-47.6859, -21.2214], [-47.6972, -21.2253], [-47.7055, -21.2375], [-47.719, -21.2461], [-47.7256, -21.2521], [-47.733, -21.2639], [-47.7554, -21.2704], [-47.7577, -21.272], [-47.7578, -21.2762], [-47.7629, -21.284], [-47.7677, -21.2852], [-47.7734, -21.2844], [-47.7758, -21.2862], [-47.7871, -21.298], [-47.7854, -21.2997], [-47.7877, -21.3039], [-47.7898, -21.3227], [-47.7924, -21.3225], [-47.7981, -21.3168], [-47.8036, -21.3174], [-47.8093, -21.3327], [-47.8163, -21.3422], [-47.8252, -21.3454], [-47.8322, -21.3455], [-47.8408, -21.353], [-47.851, -21.3585], [-47.8603, -21.3599], [-47.8657, -21.3567], [-47.8841, -21.3583], [-47.9041, -21.3693], [-47.908, -21.3649], [-47.9107, -21.3646], [-47.9102, -21.3627], [-47.9131, -21.3599], [-47.9183, -21.3592], [-47.92, -21.3564], [-47.9238, -21.3575], [-47.93, -21.3561], [-47.9328, -21.3584], [-47.94, -21.3587], [-47.9422, -21.3565], [-47.9411, -21.3551], [-47.9434, -21.3535], [-47.9446, -21.3447], [-47.9623, -21.3422], [-47.9647, -21.3381], [-47.9639, -21.3303], [-47.9669, -21.3252], [-47.9715, -21.3262], [-47.9732, -21.3249], [-47.9752, -21.3263], [-47.9795, -21.3223], [-47.9812, -21.3153], [-47.9876, -21.313], [-47.9892, -21.3094], [-47.9573, -21.292], [-47.9488, -21.2839], [-47.9331, -21.2756], [-47.9277, -21.2681], [-47.9198, -21.2656], [-47.9161, -21.2617], [-47.91, -21.2612], [-47.9064, -21.2589], [-47.9075, -21.2555], [-47.9126, -21.2524], [-47.9229, -21.2405], [-47.9212, -21.229], [-47.9268, -21.2214], [-47.9318, -21.2037], [-47.9353, -21.2008], [-47.9434, -21.2003], [-47.9166, -21.2007], [-47.9179, -21.1885], [-47.9103, -21.1849], [-47.9044, -21.1781], [-47.9016, -21.1603], [-47.9099, -21.1576], [-47.9062, -21.1487], [-47.9114, -21.1341], [-47.9091, -21.1233], [-47.9131, -21.1184], [-47.9049, -21.1041], [-47.9036, -21.0974], [-47.8829, -21.0978], [-47.8799, -21.0871], [-47.8722, -21.0748], [-47.8738, -21.0706], [-47.872, -21.0643], [-47.8498, -21.0639], [-47.8216, -21.0682], [-47.8104, -21.0657], [-47.8018, -21.0668], [-47.7951, -21.0595], [-47.7909, -21.0614], [-47.7786, -21.0618], [-47.7772, -21.0631], [-47.7764, -21.0718], [-47.7843, -21.0794], [-47.7848, -21.0877], [-47.779, -21.0892], [-47.7694, -21.0821], [-47.7639, -21.0804], [-47.7557, -21.0821], [-47.755, -21.0857], [-47.7628, -21.0957], [-47.7532, -21.1112], [-47.739, -21.1154], [-47.7301, -21.1154], [-47.7191, -21.1201]]]}}, {"type": "Feature", "properties": {"metro_id": "BRM23", "metro_name": "Sao José dos Campos", "n_members": 1, "n_missing": 0, "n_states": 1, "states": "SãoPaulo"}, "geometry": {"type": "Polygon", "coordinates": [[[-46.0507, -22.897], [-46.0473, -22.8958], [-46.042, -22.8907], [-46.0272, -22.8849], [-46.0187, -22.8885], [-46.0128, -22.886], [-46.0077, -22.8894], [-46.0015, -22.88], [-45.9991, -22.8787], [-45.9938, -22.8791], [-45.9904, -22.876], [-45.9931, -22.8698], [-45.9804, -22.867], [-45.9745, -22.868], [-45.9735, -22.8631], [-45.9681, -22.86], [-45.9642, -22.8554], [-45.9603, -22.8582], [-45.9565, -22.8498], [-45.9517, -22.8489], [-45.9511, -22.8459], [-45.9393, -22.8467], [-45.9353, -22.8421], [-45.9325, -22.8416], [-45.9285, -22.8355], [-45.9238, -22.8319], [-45.9236, -22.8256], [-45.919, -22.8207], [-45.9142, -22.8192], [-45.9118, -22.8163], [-45.9048, -22.8193], [-45.9048, -22.8236], [-45.9074, -22.8255], [-45.909, -22.8296], [-45.9039, -22.8369], [-45.901, -22.8361], [-45.8966, -22.8398], [-45.8937, -22.839], [-45.8943, -22.842], [-45.8912, -22.8458], [-45.8942, -22.8489], [-45.8923, -22.8526], [-45.8943, -22.8569], [-45.8902, -22.8582], [-45.8894, -22.8606], [-45.8873, -22.872], [-45.889, -22.8758], [-45.8798, -22.8755], [-45.871, -22.8715], [-45.87, -22.882], [-45.8655, -22.8855], [-45.8638, -22.8924], [-45.8687, -22.8954], [-45.8741, -22.9025], [-45.8783, -22.9118], [-45.876, -22.9164], [-45.8773, -22.9209], [-45.8812, -22.9232], [-45.8838, -22.9295], [-45.8906, -22.9338], [-45.8956, -22.9339], [-45.8937, -22.9419], [-45.8826, -22.9512], [-45.8876, -22.9582], [-45.8806, -22.9657], [-45.8905, -22.9715], [-45.8947, -22.9856], [-45.8997, -22.9897], [-45.9074, -22.9914], [-45.9078, -22.9951], [-45.9101, -22.9953], [-45.9111, -22.9978], [-45.917, -23.0004], [-45.9197, -23.0033], [-45.9195, -23.0061], [-45.9284, -23.0133], [-45.9324, -23.0204], [-45.9303, -23.023], [-45.9314, -23.0258], [-45.9289, -23.027], [-45.9319, -23.0301], [-45.9271, -23.0313], [-45.9233, -23.0361], [-45.9183, -23.031], [-45.9074, -23.0255], [-45.9049, -23.0214], [-45.8949, -23.0179], [-45.891, -23.013], [-45.8852, -23.0095], [-45.8841, -23.0121], [-45.8863, -23.0171], [-45.8789, -23.0284], [-45.8702, -23.0318], [-45.8614, -23.0378], [-45.8581, -23.0376], [-45.8554, -23.0432], [-45.8527, -23.0446], [-45.8477, -23.0454], [-45.8418, -23.0412], [-45.8025, -23.0913], [-45.8028, -23.0934], [-45.7986, -23.1001], [-45.7996, -23.1018], [-45.7955, -23.103], [-45.7935, -23.107], [-45.7903, -23.1068], [-45.7902, -23.1032], [-45.7881, -23.1024], [-45.7883, -23.1069], [-45.786, -23.1094], [-45.7872, -23.1115], [-45.7796, -23.1099], [-45.7786, -23.111], [-45.7799, -23.1145], [-45.7786, -23.1153], [-45.777, -23.1145], [-45.776, -23.105], [-45.7726, -23.1072], [-45.7717, -23.1139], [-45.7682, -23.1163], [-45.7653, -23.1154], [-45.7652, -23.1108], [-45.763, -23.1112], [-45.7608, -23.1145], [-45.7579, -23.1115], [-45.7554, -23.1119], [-45.7549, -23.1159], [-45.7522, -23.118], [-45.7565, -23.119], [-45.7604, -23.1287], [-45.757, -23.1319], [-45.7561, -23.1349], [-45.7602, -23.1433], [-45.7594, -23.1535], [-45.7566, -23.158], [-45.7592, -23.1615], [-45.7599, -23.1667], [-45.7521, -23.1781], [-45.7503, -23.1941], [-45.7476, -23.1991], [-45.7416, -23.1992], [-45.7386, -23.2046], [-45.7396, -23.2068], [-45.7377, -23.2102], [-45.7375, -23.2168], [-45.7344, -23.2193], [-45.7305, -23.2292], [-45.727, -23.231], [-45.7213, -23.2379], [-45.7222, -23.239], [-45.7302, -23.239], [-45.736, -23.2445], [-45.7416, -23.2458], [-45.7434, -23.2473], [-45.7444, -23.2519], [-45.7476, -23.2523], [-45.7483, -23.2551], [-45.7495, -23.2537], [-45.751, -23.2549], [-45.7539, -23.2536], [-45.7574, -23.2554], [-45.7637, -23.2516], [-45.7657, -23.2536], [-45.7665, -23.2585], [-45.7706, -23.2611], [-45.7737, -23.2606], [-45.7763, -23.2632], [-45.7761, -23.2674], [-45.7785, -23.2679], [-45.7816, -23.2759], [-45.785, -23.277], [-45.7901, -23.2827], [-45.7937, -23.292], [-45.8049, -23.2934], [-45.8124, -23.2892], [-45.8164, -23.2926], [-45.8216, -23.2936], [-45.8232, -23.2954], [-45.8301, -23.2931], [-45.8345, -23.2938], [-45.8348, -23.2972], [-45.838, -23.2976], [-45.8388, -23.3001], [-45.8422, -23.3002], [-45.8433, -23.3037], [-45.8473, -23.3067], [-45.853, -23.3044], [-45.8581, -23.3055], [-45.8614, -23.3041], [-45.8631, -23.3001], [-45.8669, -23.3007], [-45.8692, -23.2981], [-45.8756, -23.3002], [-45.879, -23.2981], [-45.8849, -23.2995], [-45.8907, -23.2962], [-45.8962, -23.2969], [-45.9041, -23.2948], [-45.9104, -23.2873], [-45.9126, -23.2765], [-45.9212, -23.2631], [-45.9305, -23.2571], [-45.9408, -23.2599], [-45.954, -23.2559], [-45.9642, -23.2443], [-45.9652, -23.2395], [-45.9631, -23.2388], [-45.9633, -23.2372], [-45.9714, -23.2337], [-45.9645, -23.2309], [-45.9641, -23.2286], [-45.9661, -23.226], [-45.9613, -23.2252], [-45.9605, -23.22], [-45.9583, -23.2194], [-45.9554, -23.2211], [-45.9542, -23.2161], [-45.9493, -23.2155], [-45.9481, -23.2131], [-45.9491, -23.2093], [-45.9535, -23.2081], [-45.9537, -23.2043], [-45.9624, -23.2056], [-45.9651, -23.202], [-45.9671, -23.2021], [-45.9694, -23.1998], [-45.9813, -23.2047], [-45.9831, -23.1979], [-45.992, -23.1928], [-45.9923, -23.1897], [-45.9944, -23.1897], [-45.9936, -23.1911], [-45.995, -23.192], [-45.9977, -23.1864], [-46.0009, -23.1901], [-46.0087, -23.1946], [-46.0063, -23.1962], [-46.0074, -23.1998], [-46.0158, -23.1998], [-46.0193, -23.198], [-46.0177, -23.2013], [-46.0201, -23.2027], [-46.0233, -23.1986], [-46.0258, -23.1983], [-46.0372, -23.1895], [-46.0527, -23.1884], [-46.0551, -23.1846], [-46.0535, -23.1793], [-46.0512, -23.1779], [-46.0579, -23.1725], [-46.0641, -23.1722], [-46.0699, -23.18], [-46.0748, -23.1809], [-46.0752, -23.1776], [-46.0736, -23.1748], [-46.0774, -23.1695], [-46.0805, -23.1694], [-46.0874, -23.1729], [-46.0937, -23.171], [-46.1026, -23.1568], [-46.0998, -23.1549], [-46.0914, -23.1429], [-46.0976, -23.1371], [-46.0959, -23.1325], [-46.1011, -23.1256], [-46.0983, -23.1216], [-46.0932, -23.1204], [-46.0965, -23.1183], [-46.0982, -23.1197], [-46.1039, -23.1173], [-46.1016, -23.1159], [-46.0998, -23.1095], [-46.1006, -23.1079], [-46.103, -23.1079], [-46.1013, -23.1039], [-46.1076, -23.0978], [-46.1078, -23.0949], [-46.1044, -23.0905], [-46.1049, -23.0845], [-46.1018, -23.0833], [-46.0999, -23.0846], [-46.0942, -23.0843], [-46.0939, -23.0818], [-46.0907, -23.0789], [-46.0921, -23.0782], [-46.0895, -23.0745], [-46.0897, -23.068], [-46.0917, -23.0662], [-46.0888, -23.0636], [-46.0859, -23.0526], [-46.0817, -23.0511], [-46.0824, -23.0461], [-46.0783, -23.0431], [-46.0789, -23.0399], [-46.0762, -23.0372], [-46.0791, -23.0344], [-46.0825, -23.0338], [-46.0803, -23.0292], [-46.0808, -23.0256], [-46.0779, -23.0191], [-46.0709, -23.0144], [-46.0713, -23.0067], [-46.0655, -22.9981], [-46.0667, -22.9941], [-46.0703, -22.9935], [-46.0705, -22.989], [-46.076, -22.9859], [-46.0808, -22.9874], [-46.0826, -22.9855], [-46.0776, -22.9772], [-46.0733, -22.9799], [-46.0672, -22.9802], [-46.064, -22.9749], [-46.057, -22.9731], [-46.0559, -22.9701], [-46.0507, -22.9662], [-46.0516, -22.9592], [-46.0491, -22.9549], [-46.0532, -22.95], [-46.0504, -22.9438], [-46.0512, -22.9407], [-46.0486, -22.9328], [-46.0426, -22.9264], [-46.041, -22.9154], [-46.0439, -22.9114], [-46.0443, -22.9053], [-46.0507, -22.9023], [-46.0507, -22.897]]]}}, {"type": "Feature", "properties": {"metro_id": "BRM24", "metro_name": "Sorocaba", "n_members": 1, "n_missing": 0, "n_states": 1, "states": "SãoPaulo"}, "geometry": {"type": "Polygon", "coordinates": [[[-47.317, -23.4634], [-47.3205, -23.4688], [-47.3178, -23.4742], [-47.3203, -23.4759], [-47.3191, -23.4823], [-47.3179, -23.4819], [-47.3187, -23.4853], [-47.3252, -23.4905], [-47.3226, -23.4945], [-47.3249, -23.5021], [-47.3225, -23.5118], [-47.3243, -23.5135], [-47.3179, -23.5155], [-47.3131, -23.5138], [-47.3096, -23.5151], [-47.3094, -23.5188], [-47.306, -23.5211], [-47.3033, -23.5207], [-47.3038, -23.5256], [-47.3093, -23.5282], [-47.308, -23.5315], [-47.3052, -23.5318], [-47.304, -23.5348], [-47.3064, -23.5402], [-47.304, -23.5495], [-47.3085, -23.5575], [-47.3075, -23.561], [-47.3116, -23.5614], [-47.3143, -23.5599], [-47.3209, -23.561], [-47.3228, -23.5597], [-47.3277, -23.5606], [-47.3297, -23.5579], [-47.3387, -23.5583], [-47.3422, -23.5567], [-47.3448, -23.5599], [-47.3504, -23.5613], [-47.3553, -23.5606], [-47.3586, -23.5527], [-47.3576, -23.5491], [-47.3623, -23.5453], [-47.3608, -23.5429], [-47.3624, -23.5406], [-47.3611, -23.5385], [-47.3652, -23.5365], [-47.3649, -23.5334], [-47.3626, -23.5318], [-47.3655, -23.5279], [-47.3647, -23.524], [-47.3681, -23.5221], [-47.3736, -23.5229], [-47.3748, -23.519], [-47.3789, -23.5223], [-47.3846, -23.5208], [-47.3925, -23.5231], [-47.3949, -23.5222], [-47.4, -23.5267], [-47.4061, -23.5236], [-47.4149, -23.526], [-47.4161, -23.5241], [-47.4207, -23.5229], [-47.4241, -23.5243], [-47.4288, -23.5223], [-47.4338, -23.525], [-47.4399, -23.5253], [-47.4436, -23.5218], [-47.4518, -23.5312], [-47.4581, -23.5299], [-47.4653, -23.5338], [-47.4673, -23.5459], [-47.4714, -23.5472], [-47.4725, -23.5493], [-47.4757, -23.5496], [-47.4807, -23.5464], [-47.4834, -23.547], [-47.488, -23.5399], [-47.4941, -23.5415], [-47.5016, -23.5359], [-47.5078, -23.5406], [-47.511, -23.5394], [-47.5179, -23.5415], [-47.5182, -23.5437], [-47.51, -23.5438], [-47.5062, -23.5479], [-47.504, -23.5463], [-47.5017, -23.5494], [-47.5027, -23.5513], [-47.5009, -23.5573], [-47.4986, -23.5568], [-47.4959, -23.5588], [-47.4937, -23.5579], [-47.491, -23.5701], [-47.4936, -23.5802], [-47.4924, -23.5839], [-47.4946, -23.5855], [-47.5014, -23.5865], [-47.5133, -23.5834], [-47.5195, -23.5893], [-47.5294, -23.5875], [-47.534, -23.585], [-47.5363, -23.5784], [-47.5418, -23.578], [-47.5492, -23.574], [-47.5513, -23.5742], [-47.5528, -23.5766], [-47.5554, -23.5755], [-47.5572, -23.5714], [-47.5542, -23.5635], [-47.5592, -23.5541], [-47.5637, -23.5524], [-47.5654, -23.5446], [-47.5644, -23.5392], [-47.5578, -23.5342], [-47.5547, -23.5293], [-47.5549, -23.5231], [-47.5495, -23.506], [-47.5514, -23.5029], [-47.5502, -23.5015], [-47.5509, -23.4973], [-47.5546, -23.4922], [-47.5522, -23.4876], [-47.5538, -23.4844], [-47.5556, -23.4841], [-47.5553, -23.4822], [-47.5633, -23.4757], [-47.565, -23.4675], [-47.5627, -23.4616], [-47.5602, -23.4604], [-47.5476, -23.4613], [-47.543, -23.4388], [-47.5402, -23.4368], [-47.5344, -23.4253], [-47.5383, -23.4262], [-47.5401, -23.4251], [-47.5429, -23.4184], [-47.541, -23.4147], [-47.5413, -23.4102], [-47.55, -23.4081], [-47.5495, -23.4059], [-47.5443, -23.4038], [-47.543, -23.3998], [-47.552, -23.3987], [-47.5529, -23.3938], [-47.5501, -23.3915], [-47.5457, -23.3926], [-47.5461, -23.3906], [-47.5539, -23.3883], [-47.5666, -23.392], [-47.5705, -23.388], [-47.565, -23.3827], [-47.5619, -23.3826], [-47.5584, -23.3852], [-47.5478, -23.3792], [-47.5436, -23.381], [-47.5382, -23.3792], [-47.5313, -23.3761], [-47.5275, -23.3689], [-47.5245, -23.3669], [-47.5122, -23.3652], [-47.5041, -23.3596], [-47.4984, -23.3603], [-47.4918, -23.3581], [-47.4866, -23.3615], [-47.4753, -23.3624], [-47.4719, -23.359], [-47.4711, -23.3539], [-47.465, -23.3508], [-47.4617, -23.3532], [-47.4473, -23.352], [-47.4395, -23.3566], [-47.4371, -23.3543], [-47.4345, -23.3545], [-47.4233, -23.3589], [-47.4174, -23.3579], [-47.4129, -23.3612], [-47.4062, -23.3545], [-47.4026, -23.3582], [-47.3998, -23.3645], [-47.3977, -23.3758], [-47.3908, -23.3815], [-47.3849, -23.3932], [-47.381, -23.3895], [-47.3719, -23.3897], [-47.3684, -23.3876], [-47.3638, -23.3881], [-47.3611, -23.3907], [-47.3578, -23.3913], [-47.3509, -23.3901], [-47.3526, -23.394], [-47.3675, -23.4009], [-47.3693, -23.4041], [-47.3677, -23.4084], [-47.3586, -23.4197], [-47.3535, -23.4206], [-47.351, -23.4281], [-47.3433, -23.4322], [-47.3405, -23.4367], [-47.3372, -23.4374], [-47.3331, -23.4358], [-47.3277, -23.4379], [-47.3222, -23.4502], [-47.3242, -23.4557], [-47.3217, -23.4551], [-47.3214, -23.4601], [-47.3174, -23.4609], [-47.317, -23.4634]]]}}, {"type": "Feature", "properties": {"metro_id": "BRM25", "metro_name": "São Paulo RM", "n_members": 39, "n_missing": 1, "n_states": 1, "states": "SãoPaulo"}, "geometry": {"type": "Polygon", "coordinates": [[[-46.8172, -23.9435], [-46.8202, -23.9422], [-46.8299, -23.9473], [-46.8286, -23.9505], [-46.823, -23.9552], [-46.8263, -23.9583], [-46.8348, -23.9563], [-46.8386, -23.9586], [-46.8396, -23.962], [-46.8452, -23.9627], [-46.8486, -23.9651], [-46.8553, -23.9735], [-46.8623, -23.9742], [-46.8676, -23.9801], [-46.8736, -23.9786], [-46.8825, -23.984], [-46.883, -23.9896], [-46.8751, -24.0018], [-46.871, -23.9986], [-46.8692, -24.0007], [-46.8707, -24.0025], [-46.8685, -24.0096], [-46.8734, -24.014], [-46.8733, -24.0161], [-46.8694, -24.0165], [-46.8677, -24.0192], [-46.8719, -24.0239], [-46.8747, -24.0227], [-46.876, -24.0242], [-46.8826, -24.0233], [-46.8853, -24.0244], [-46.8855, -24.0286], [-46.893, -24.0342], [-46.8933, -24.0361], [-46.8882, -24.0367], [-46.8893, -24.0386], [-46.894, -24.0417], [-46.8979, -24.0416], [-46.9003, -24.0461], [-46.9084, -24.045], [-46.9113, -24.0415], [-46.9166, -24.0437], [-46.9206, -24.0415], [-46.9282, -24.045], [-46.9326, -24.0422], [-46.9342, -24.0357], [-46.9362, -24.0334], [-46.938, -24.0337], [-46.9419, -24.0364], [-46.9397, -24.0388], [-46.9405, -24.04], [-46.9458, -24.0406], [-46.9461, -24.0436], [-46.9505, -24.0425], [-46.953, -24.0452], [-46.954, -24.0438], [-46.9608, -24.0459], [-46.9631, -24.0458], [-46.965, -24.0433], [-46.9667, -24.0438], [-46.9682, -24.0462], [-46.965, -24.0484], [-46.9673, -24.0532], [-46.9638, -24.0551], [-46.9647, -24.0584], [-46.9786, -24.0643], [-46.9836, -24.0581], [-46.9914, -24.0585], [-46.9966, -24.0521], [-47.0022, -24.0563], [-47.0067, -24.0641], [-47.0165, -24.0569], [-47.0197, -24.0583], [-47.0212, -24.0555], [-47.0272, -24.0516], [-47.0267, -24.043], [-47.0299, -24.0422], [-47.0343, -24.0308], [-47.0393, -24.0283], [-47.0407, -24.0243], [-47.0462, -24.0256], [-47.0463, -24.0182], [-47.0539, -24.0108], [-47.0575, -24.0102], [-47.0617, -24.0167], [-47.0648, -24.0183], [-47.0644, -24.0227], [-47.0676, -24.0252], [-47.0743, -24.0239], [-47.0884, -24.0174], [-47.0919, -24.0175], [-47.0926, -24.0098], [-47.0945, -24.0099], [-47.0958, -24.0065], [-47.0994, -24.0055], [-47.0998, -24.0002], [-47.0984, -23.9983], [-47.104, -23.997], [-47.1071, -23.9938], [-47.1184, -23.9979], [-47.1234, -23.9968], [-47.1247, -23.998], [-47.1225, -24.0007], [-47.1227, -24.0082], [-47.1306, -24.0092], [-47.1394, -24.0142], [-47.1424, -24.0114], [-47.1504, -24.0107], [-47.153, -24.0064], [-47.1575, -24.0064], [-47.162, -24.0031], [-47.1692, -24.0021], [-47.1717, -24.0036], [-47.1781, -24.0034], [-47.1831, -24.0008], [-47.1875, -24.0026], [-47.1902, -23.9991], [-47.1935, -23.998], [-47.1968, -24.0013], [-47.2, -24.0006], [-47.2005, -23.9984], [-47.1971, -23.9963], [-47.195, -23.9923], [-47.19, -23.9919], [-47.1887, -23.9904], [-47.1946, -23.9821], [-47.1934, -23.9803], [-47.194, -23.9747], [-47.1968, -23.976], [-47.1978, -23.9729], [-47.2011, -23.9734], [-47.1997, -23.9697], [-47.2008, -23.9689], [-47.2047, -23.9714], [-47.2059, -23.9662], [-47.2085, -23.9649], [-47.2032, -23.9594], [-47.1956, -23.9582], [-47.1937, -23.9534], [-47.197, -23.9534], [-47.1987, -23.9486], [-47.2009, -23.9491], [-47.2016, -23.9439], [-47.2001, -23.9387], [-47.1943, -23.942], [-47.189, -23.9396], [-47.1893, -23.9347], [-47.1917, -23.9336], [-47.1919, -23.9283], [-47.188, -23.9311], [-47.1827, -23.9303], [-47.1794, -23.9373], [-47.178, -23.9363], [-47.179, -23.9335], [-47.1757, -23.9318], [-47.1708, -23.9346], [-47.1627, -23.9341], [-47.1608, -23.9358], [-47.1592, -23.9346], [-47.1562, -23.9213], [-47.1506, -23.9184], [-47.1467, -23.913], [-47.1427, -23.9118], [-47.1427, -23.9087], [-47.1385, -23.9049], [-47.1382, -23.9031], [-47.1443, -23.9014], [-47.1391, -23.8999], [-47.1349, -23.8944], [-47.1353, -23.8912], [-47.1377, -23.891], [-47.1369, -23.8896], [-47.1398, -23.8906], [-47.1369, -23.8884], [-47.1369, -23.8857], [-47.1335, -23.8835], [-47.1325, -23.8844], [-47.1347, -23.8818], [-47.1342, -23.8803], [-47.1319, -23.8784], [-47.1296, -23.8788], [-47.1266, -23.8748], [-47.1331, -23.8733], [-47.1319, -23.8726], [-47.1323, -23.8694], [-47.13, -23.8693], [-47.1298, -23.8613], [-47.1247, -23.8599], [-47.1251, -23.8579], [-47.1229, -23.8567], [-47.1239, -23.8539], [-47.1181, -23.8498], [-47.1177, -23.8421], [-47.1155, -23.8401], [-47.113, -23.8434], [-47.1103, -23.8424], [-47.1075, -23.8483], [-47.103, -23.8488], [-47.1019, -23.8472], [-47.0961, -23.8459], [-47.094, -23.8472], [-47.089, -23.847], [-47.0726, -23.8419], [-47.0659, -23.8435], [-47.066, -23.838], [-47.0596, -23.843], [-47.0567, -23.8416], [-47.0553, -23.844], [-47.0511, -23.8442], [-47.0474, -23.8409], [-47.0432, -23.8407], [-47.0445, -23.8373], [-47.0408, -23.838], [-47.0424, -23.8361], [-47.0379, -23.8354], [-47.0352, -23.8377], [-47.0358, -23.8405], [-47.0299, -23.8448], [-47.02857704918033, -23.84771049180328], [-47.0276, -23.8439], [-47.0258, -23.844], [-47.025, -23.8412], [-47.0226, -23.8402], [-47.0219, -23.8363], [-47.0148, -23.8356], [-47.0146, -23.8309], [-47.0126, -23.8307], [-47.0143, -23.828], [-47.013, -23.8251], [-47.0176, -23.8213], [-47.0158, -23.8201], [-47.0174, -23.8178], [-47.0151, -23.8145], [-47.0071, -23.8156], [-47.0012, -23.8127], [-46.9944, -23.8116], [-46.9919, -23.8092], [-46.9865, -23.8084], [-46.984, -23.803], [-46.9856, -23.8006], [-46.9889, -23.8008], [-46.987031506849306, -23.797997260273963], [-46.9929, -23.8034], [-47.0005, -23.8017], [-47.0054, -23.7973], [-47.0086, -23.7918], [-47.0141, -23.7922], [-47.0193, -23.7886], [-47.0236, -23.7797], [-47.0232, -23.7751], [-47.0335, -23.7675], [-47.0329, -23.7643], [-47.0288, -23.7616], [-47.0286, -23.7574], [-47.0326, -23.7564], [-47.0347, -23.7579], [-47.0363, -23.7536], [-47.0351, -23.7506], [-47.0361, -23.7484], [-47.0336, -23.7474], [-47.0322, -23.743], [-47.0333, -23.7375], [-47.0344, -23.7356], [-47.0387, -23.7351], [-47.0441, -23.7368], [-47.0491, -23.7325], [-47.0526, -23.7204], [-47.0563, -23.7187], [-47.0577, -23.7127], [-47.0625, -23.7086], [-47.0614, -23.7039], [-47.0594, -23.702], [-47.063, -23.6898], [-47.0622, -23.6825], [-47.0694, -23.6803], [-47.076, -23.6808], [-47.078, -23.6762], [-47.0767, -23.6733], [-47.0819, -23.671], [-47.0848, -23.6672], [-47.0819, -23.6643], [-47.0834, -23.6614], [-47.0819, -23.6606], [-47.0833, -23.658], [-47.0811, -23.6544], [-47.0823, -23.6536], [-47.0791, -23.6539], [-47.0779, -23.6526], [-47.0765, -23.6537], [-47.0738, -23.652], [-47.0727, -23.6454], [-47.0669, -23.6462], [-47.062, -23.6439], [-47.0581, -23.6357], [-47.0598, -23.629], [-47.05749783861671, -23.628645821325648], [-47.059, -23.6283], [-47.0556, -23.618], [-47.0528, -23.6172], [-47.0494, -23.6188], [-47.047, -23.6165], [-47.0473, -23.614], [-47.0412, -23.6106], [-47.0409, -23.6073], [-47.0364, -23.6012], [-47.0373, -23.5989], [-47.0348, -23.597], [-47.0312, -23.589], [-47.0323, -23.5855], [-47.0311, -23.5822], [-47.02294925373134, -23.582010447761196], [-47.0281, -23.5813], [-47.0248, -23.58], [-47.0246, -23.5767], [-47.0293, -23.5718], [-47.0302, -23.5687], [-47.0246, -23.5668], [-47.0205, -23.5674], [-47.0189, -23.5643], [-47.0144, -23.5634], [-47.0154, -23.5602], [-47.0061, -23.5544], [-47.0072, -23.5514], [-47.0122, -23.5501], [-47.0132, -23.5364], [-46.9969, -23.5321], [-46.9916, -23.5294], [-46.9921, -23.5251], [-46.997, -23.522], [-46.9965, -23.5149], [-46.9936, -23.5109], [-46.995, -23.507], [-47.0013, -23.5053], [-47.0039, -23.4994], [-47.0089, -23.4947], [-47.0133, -23.4855], [-47.0178, -23.4837], [-47.0137, -23.4781], [-47.0172, -23.4726], [-47.0117, -23.4643], [-47.0112, -23.4603], [-47.014, -23.4576], [-47.0132, -23.4545], [-47.0104, -23.4548], [-47.0121, -23.4527], [-47.0106, -23.4497], [-47.0123, -23.4482], [-47.0105, -23.4457], [-47.0141, -23.4458], [-47.0155, -23.444], [-47.0168, -23.4457], [-47.0242, -23.4408], [-47.0293, -23.4425], [-47.0329, -23.438], [-47.0375, -23.4356], [-47.0351, -23.432], [-47.0355, -23.4272], [-47.0385, -23.4234], [-47.0407, -23.4238], [-47.0415, -23.4171], [-47.0389, -23.4154], [-47.0374, -23.4118], [-47.0398, -23.4099], [-47.0372, -23.407], [-47.0396, -23.4038], [-47.0369, -23.4023], [-47.0361, -23.3991], [-47.0383, -23.394], [-47.0411, -23.3932], [-47.0426, -23.3867], [-47.0379, -23.3826], [-47.037, -23.3791], [-47.0305, -23.3789], [-47.029, -23.3755], [-47.0306, -23.3717], [-47.0341, -23.3711], [-47.0362, -23.3688], [-47.0387, -23.369], [-47.0396, -23.3591], [-47.0429, -23.3523], [-47.0312, -23.346], [-47.0212, -23.3441], [-47.0173, -23.3454], [-47.0154, -23.3403], [-47.0078, -23.3374], [-47.0027, -23.3369], [-47.0005, -23.3381], [-47.0, -23.3332], [-46.9957, -23.331], [-46.9928, -23.3338], [-46.9915, -23.3327], [-46.989, -23.3342], [-46.9876, -23.3327], [-46.9837, -23.3336], [-46.9782, -23.3296], [-46.9744, -23.33], [-46.9703, -23.3262], [-46.964, -23.3236], [-46.9592, -23.328], [-46.9585, -23.3264], [-46.954, -23.3248], [-46.9502, -23.3242], [-46.9487, -23.3263], [-46.9453, -23.3252], [-46.9449, -23.3228], [-46.9414, -23.3203], [-46.9392, -23.3235], [-46.9379, -23.3219], [-46.9309, -23.3117], [-46.9266, -23.3109], [-46.9224, -23.3079], [-46.9184, -23.3107], [-46.9154, -23.3083], [-46.9081, -23.309], [-46.9019, -23.3076], [-46.901, -23.3052], [-46.89, -23.2998], [-46.887, -23.2962], [-46.8856, -23.2905], [-46.8816, -23.2891], [-46.8772, -23.2909], [-46.8778, -23.2876], [-46.8758, -23.2837], [-46.8696, -23.2822], [-46.8675, -23.2779], [-46.8648, -23.2797], [-46.8625, -23.2785], [-46.861, -23.2818], [-46.8499, -23.2856], [-46.8444, -23.282], [-46.8381, -23.2878], [-46.84188641686181, -23.291183606557368], [-46.8345, -23.2862], [-46.8342, -23.2801], [-46.8317, -23.279], [-46.8229, -23.2802], [-46.8159, -23.2826], [-46.8137, -23.2809], [-46.8138, -23.2767], [-46.8097, -23.2746], [-46.8055, -23.2747], [-46.8059, -23.2725], [-46.8031, -23.2704], [-46.8024, -23.257], [-46.7928, -23.2612], [-46.7913, -23.2667], [-46.7855, -23.265], [-46.78246724738676, -23.26623205574913], [-46.7843, -23.2622], [-46.7786, -23.2565], [-46.7715, -23.2599], [-46.7608, -23.2584], [-46.7572, -23.2535], [-46.7526, -23.2557], [-46.7512, -23.2532], [-46.7446, -23.2503], [-46.7328, -23.2534], [-46.7254, -23.2485], [-46.7185, -23.2533], [-46.7041, -23.2521], [-46.6979, -23.2536], [-46.6972, -23.255], [-46.6988, -23.2569], [-46.6957, -23.2572], [-46.6942, -23.2592], [-46.6909, -23.257], [-46.6866, -23.259], [-46.6843, -23.2571], [-46.6758, -23.2616], [-46.6721, -23.256], [-46.6691, -23.2564], [-46.6667, -23.2588], [-46.6563, -23.2599], [-46.6513, -23.2595], [-46.6437, -23.2546], [-46.6384, -23.2577], [-46.63713424657534, -23.25833287671233], [-46.6371, -23.2581], [-46.6297, -23.2591], [-46.6264, -23.2562], [-46.6228, -23.2569], [-46.622, -23.2424], [-46.6176, -23.2403], [-46.617, -23.2333], [-46.6145, -23.2307], [-46.6155, -23.2276], [-46.6099, -23.2258], [-46.6053, -23.2285], [-46.6041, -23.2352], [-46.6012, -23.2342], [-46.5937, -23.2365], [-46.5899, -23.2367], [-46.5834, -23.2328], [-46.5753, -23.2325], [-46.5683, -23.2337], [-46.5668, -23.2359], [-46.5636, -23.2365], [-46.559, -23.2352], [-46.5535, -23.2362], [-46.5515, -23.2393], [-46.5462, -23.2414], [-46.5396, -23.2398], [-46.529, -23.2415], [-46.5238, -23.2381], [-46.5154, -23.2375], [-46.5142, -23.2502], [-46.5031, -23.2479], [-46.4999, -23.2528], [-46.4918, -23.2553], [-46.4829, -23.2653], [-46.4831, -23.2669], [-46.4785, -23.2694], [-46.4762, -23.2749], [-46.4727, -23.2766], [-46.4708, -23.2827], [-46.4606, -23.2781], [-46.4618, -23.2724], [-46.4594, -23.2703], [-46.454, -23.2731], [-46.4479, -23.27], [-46.4397, -23.2734], [-46.4343, -23.2796], [-46.4375, -23.2844], [-46.4275, -23.2916], [-46.4276, -23.2949], [-46.4254, -23.2974], [-46.4259, -23.3018], [-46.4216, -23.3076], [-46.41853533794572, -23.31540095795636], [-46.4171, -23.3151], [-46.4105, -23.3058], [-46.412, -23.3017], [-46.4051, -23.301], [-46.4027, -23.2991], [-46.4034, -23.2962], [-46.4006, -23.2953], [-46.4, -23.2888], [-46.3962, -23.2858], [-46.3874, -23.2869], [-46.3817, -23.2782], [-46.3761, -23.2783], [-46.3655, -23.2738], [-46.36258571428572, -23.27600779220779], [-46.3642, -23.2741], [-46.3569, -23.2726], [-46.3593, -23.2711], [-46.3598, -23.2678], [-46.3579, -23.2656], [-46.3538, -23.265], [-46.3539, -23.2627], [-46.3502, -23.2584], [-46.3481, -23.2526], [-46.3372, -23.2506], [-46.3329, -23.2469], [-46.3297, -23.2463], [-46.3267, -23.2408], [-46.3115, -23.2274], [-46.3055, -23.213], [-46.31, -23.2048], [-46.3077, -23.2031], [-46.309, -23.2], [-46.3079, -23.1982], [-46.2969, -23.197], [-46.286, -23.191], [-46.2822, -23.1834], [-46.2758, -23.1849], [-46.2681, -23.1906], [-46.2622, -23.1864], [-46.2583, -23.1857], [-46.2506, -23.189], [-46.2442, -23.1859], [-46.2389, -23.1875], [-46.2352, -23.1867], [-46.2326, -23.1897], [-46.2279, -23.1892], [-46.2247, -23.1962], [-46.2186, -23.1974], [-46.2171, -23.2], [-46.2079, -23.205], [-46.2049, -23.2097], [-46.2024, -23.2078], [-46.1961, -23.2103], [-46.1963, -23.2188], [-46.1909, -23.2212], [-46.1891, -23.2244], [-46.184, -23.2242], [-46.1744, -23.2311], [-46.1702, -23.2302], [-46.165, -23.2351], [-46.1536, -23.2354], [-46.1545, -23.2404], [-46.1575, -23.2423], [-46.1582, -23.2466], [-46.156, -23.2507], [-46.1569, -23.2549], [-46.152, -23.2573], [-46.1457, -23.2568], [-46.1506, -23.2615], [-46.1507, -23.2642], [-46.1535, -23.2658], [-46.152, -23.2675], [-46.151, -23.2743], [-46.1452, -23.2737], [-46.1442, -23.2764], [-46.1395, -23.2798], [-46.1392, -23.285], [-46.1367, -23.2875], [-46.1273, -23.2872], [-46.1234, -23.2902], [-46.1194, -23.2855], [-46.1142, -23.2854], [-46.1127, -23.2886], [-46.1151, -23.2943], [-46.1138, -23.2993], [-46.1103, -23.3018], [-46.1028, -23.3029], [-46.1007, -23.3056], [-46.10164368421052, -23.308688421052626], [-46.1015, -23.3086], [-46.099, -23.3089], [-46.0979, -23.3195], [-46.099, -23.326], [-46.08, -23.3415], [-46.0737, -23.3422], [-46.068, -23.3488], [-46.0678, -23.355], [-46.0635, -23.3588], [-46.0606, -23.3578], [-46.0559, -23.3662], [-46.0514, -23.3686], [-46.0479, -23.3762], [-46.0384, -23.387], [-46.0362, -23.3882], [-46.0346, -23.3872], [-46.0295, -23.3918], [-46.0263, -23.3921], [-46.0222, -23.3876], [-46.0184, -23.3881], [-46.0157, -23.3912], [-46.0137, -23.3875], [-46.0109, -23.3871], [-46.0105, -23.3843], [-46.0065, -23.3837], [-46.0014, -23.3861], [-45.9983, -23.3914], [-45.9971, -23.4021], [-45.9912, -23.4175], [-45.9839, -23.4205], [-45.9797, -23.4184], [-45.9783, -23.4262], [-45.9765, -23.4285], [-45.9697, -23.4265], [-45.967, -23.4274], [-45.9653, -23.4296], [-45.9655, -23.433], [-45.9596, -23.4425], [-45.9539, -23.4474], [-45.9519, -23.4514], [-45.9528, -23.4566], [-45.9575, -23.4652], [-45.9569, -23.4686], [-45.96, -23.4682], [-45.9618, -23.4718], [-45.9685, -23.4761], [-45.962, -23.4809], [-45.9572, -23.4881], [-45.9558, -23.4938], [-45.9752, -23.5035], [-45.9619, -23.4971], [-45.961, -23.4988], [-45.9497, -23.5005], [-45.9466, -23.496], [-45.9394, -23.4944], [-45.9342, -23.4972], [-45.9304, -23.4973], [-45.9288, -23.4992], [-45.9215, -23.5005], [-45.9175, -23.5058], [-45.9139, -23.5051], [-45.9113, -23.5068], [-45.9031, -23.5051], [-45.899, -23.4986], [-45.8901, -23.4964], [-45.8877, -23.4925], [-45.8827, -23.4954], [-45.8776, -23.49], [-45.8716, -23.4899], [-45.8658, -23.4833], [-45.8521, -23.4808], [-45.849, -23.4785], [-45.8467, -23.4741], [-45.8431, -23.4743], [-45.8403, -23.4721], [-45.8365, -23.4753], [-45.8373, -23.4793], [-45.8354, -23.4829], [-45.8241, -23.4889], [-45.8183, -23.4896], [-45.8133, -23.4997], [-45.8042, -23.4943], [-45.8001, -23.4947], [-45.7982, -23.492], [-45.7952, -23.4912], [-45.788, -23.4936], [-45.7876, -23.4958], [-45.7899, -23.4972], [-45.7886, -23.5019], [-45.7911, -23.5063], [-45.7884, -23.5092], [-45.7824, -23.5099], [-45.7721, -23.5072], [-45.7636, -23.5112], [-45.756, -23.5112], [-45.7593, -23.513], [-45.7619, -23.5185], [-45.7597, -23.5205], [-45.7605, -23.524], [-45.7542, -23.5262], [-45.754, -23.532], [-45.7461, -23.5398], [-45.7471, -23.5546], [-45.7412, -23.5614], [-45.7461, -23.5661], [-45.7415, -23.5722], [-45.7334, -23.5721], [-45.7309, -23.5745], [-45.7317, -23.577], [-45.7356, -23.5783], [-45.7404, -23.585], [-45.7382, -23.5869], [-45.7339, -23.5867], [-45.7341, -23.5931], [-45.7393, -23.596], [-45.74, -23.5988], [-45.7438, -23.6021], [-45.7404, -23.6039], [-45.7334, -23.6032], [-45.7239, -23.5982], [-45.7215, -23.5999], [-45.7215, -23.6063], [-45.7153, -23.6088], [-45.7058, -23.6017], [-45.703, -23.6042], [-45.7018, -23.6092], [-45.7035, -23.6112], [-45.6975, -23.6202], [-45.6978, -23.625], [-45.6948, -23.6308], [-45.7017, -23.6355], [-45.7075, -23.6448], [-45.7103, -23.6453], [-45.7114, -23.6422], [-45.7138, -23.643], [-45.7278, -23.6557], [-45.7337, -23.6564], [-45.7417, -23.6682], [-45.7535, -23.6713], [-45.7635, -23.6711], [-45.7694, -23.6785], [-45.7777, -23.6831], [-45.7844, -23.6816], [-45.7864, -23.6784], [-45.7914, -23.6831], [-45.7961, -23.683], [-45.794, -23.6802], [-45.7978, -23.6755], [-45.8141, -23.6769], [-45.8211, -23.6749], [-45.8233, -23.6762], [-45.8257, -23.6745], [-45.8302, -23.6747], [-45.8294, -23.6724], [-45.8326, -23.6699], [-45.8377, -23.6698], [-45.8352, -23.6649], [-45.8311, -23.6631], [-45.8317, -23.6573], [-45.8331, -23.6564], [-45.831, -23.6518], [-45.8339, -23.6484], [-45.842, -23.6485], [-45.8454, -23.6435], [-45.8473, -23.6456], [-45.8504, -23.6442], [-45.8507, -23.6477], [-45.8547, -23.6467], [-45.8547, -23.6493], [-45.8565, -23.6506], [-45.8554, -23.6533], [-45.8577, -23.6553], [-45.8627, -23.6521], [-45.87, -23.6552], [-45.8732, -23.6526], [-45.8756, -23.6542], [-45.883, -23.6533], [-45.8871, -23.6573], [-45.8929, -23.6555], [-45.8996, -23.6559], [-45.9007, -23.659], [-45.9055, -23.6608], [-45.9056, -23.6643], [-45.9119, -23.6644], [-45.9161, -23.6669], [-45.9182, -23.6776], [-45.9244, -23.6813], [-45.9198, -23.6884], [-45.924, -23.6896], [-45.926, -23.6937], [-45.9361, -23.7012], [-45.9401, -23.7015], [-45.9418, -23.6999], [-45.9505, -23.7023], [-45.9519, -23.6996], [-45.9566, -23.7006], [-45.9562, -23.6973], [-45.9541, -23.6956], [-45.955, -23.6941], [-45.9695, -23.6969], [-45.9713, -23.6947], [-45.9765, -23.694], [-45.9871, -23.6994], [-45.9922, -23.7056], [-45.9969, -23.7045], [-46.0085, -23.7087], [-46.0167, -23.7148], [-46.0258, -23.7156], [-46.0269, -23.718], [-46.0309, -23.7201], [-46.0438, -23.72], [-46.0569, -23.7161], [-46.0651, -23.7223], [-46.0677, -23.729], [-46.0774, -23.7326], [-46.0944, -23.7336], [-46.103, -23.7361], [-46.1073, -23.7312], [-46.0998, -23.7291], [-46.097, -23.7263], [-46.1016, -23.7227], [-46.1002, -23.7202], [-46.1009, -23.7184], [-46.1039, -23.7155], [-46.1031, -23.7127], [-46.1048, -23.7112], [-46.1085, -23.7151], [-46.1115, -23.7149], [-46.1139, -23.7178], [-46.1182, -23.7158], [-46.1225, -23.7187], [-46.1236, -23.7171], [-46.1224, -23.7149], [-46.1261, -23.7129], [-46.1318, -23.7249], [-46.1362, -23.7247], [-46.1378, -23.7264], [-46.1478, -23.7283], [-46.1502, -23.7325], [-46.1559, -23.7362], [-46.1586, -23.7322], [-46.164, -23.7327], [-46.1658, -23.7344], [-46.1703, -23.7323], [-46.1742, -23.7358], [-46.1769, -23.7359], [-46.1784, -23.7457], [-46.1864, -23.7447], [-46.1941, -23.7542], [-46.2011, -23.7513], [-46.2081, -23.7513], [-46.208, -23.7455], [-46.2102, -23.7417], [-46.2177, -23.7441], [-46.2226, -23.7405], [-46.2252, -23.7405], [-46.227, -23.737], [-46.2349, -23.7372], [-46.2388, -23.7354], [-46.242, -23.7411], [-46.2479, -23.7463], [-46.2467, -23.7524], [-46.2489, -23.7569], [-46.2557, -23.76], [-46.2553, -23.763], [-46.258, -23.7662], [-46.2603, -23.7679], [-46.2734, -23.766], [-46.2784, -23.7703], [-46.2913, -23.7812], [-46.2963, -23.7874], [-46.3026, -23.7879], [-46.3163, -23.8018], [-46.3203, -23.8031], [-46.3203, -23.7852], [-46.3356, -23.7812], [-46.3423, -23.7838], [-46.3454, -23.7876], [-46.3535, -23.7884], [-46.3544, -23.7915], [-46.3564, -23.7906], [-46.3587, -23.7922], [-46.3624, -23.7912], [-46.3674, -23.7925], [-46.3724, -23.7897], [-46.3771, -23.7936], [-46.3771, -23.795], [-46.3733, -23.7956], [-46.3778, -23.8044], [-46.3833, -23.8096], [-46.3894, -23.8099], [-46.3943, -23.8143], [-46.3962, -23.8118], [-46.4042, -23.8119], [-46.4077, -23.813], [-46.4089, -23.8151], [-46.411434722222225, -23.815505555555557], [-46.4103, -23.8154], [-46.4192, -23.8192], [-46.4266, -23.8253], [-46.4317, -23.826], [-46.4342, -23.8241], [-46.4378, -23.8263], [-46.4374, -23.8293], [-46.4446, -23.8292], [-46.4439, -23.8307], [-46.4415, -23.8298], [-46.4388, -23.8314], [-46.441, -23.8333], [-46.4394, -23.8332], [-46.4439, -23.8411], [-46.4393, -23.8396], [-46.4379, -23.8426], [-46.4435, -23.8502], [-46.4514, -23.8514], [-46.4546, -23.8539], [-46.4597, -23.8632], [-46.4585, -23.866], [-46.4658, -23.861], [-46.4681, -23.8647], [-46.4664, -23.8658], [-46.4694, -23.8729], [-46.4728, -23.8746], [-46.4753, -23.8788], [-46.4781, -23.8792], [-46.4826, -23.8857], [-46.4844, -23.8857], [-46.4835, -23.8841], [-46.4853, -23.8835], [-46.4879, -23.8847], [-46.4926, -23.8904], [-46.4933, -23.8962], [-46.4981, -23.9019], [-46.5038, -23.9048], [-46.5199, -23.9053], [-46.5224, -23.9077], [-46.5227, -23.9112], [-46.5209, -23.911], [-46.5213, -23.9123], [-46.526, -23.9158], [-46.5323, -23.9176], [-46.5353, -23.9233], [-46.5407, -23.9236], [-46.5457, -23.9301], [-46.5483, -23.9297], [-46.5484, -23.9332], [-46.5522, -23.937], [-46.5522, -23.9404], [-46.5564, -23.9415], [-46.5587, -23.9463], [-46.5635, -23.9486], [-46.5647, -23.9531], [-46.5676, -23.9539], [-46.5662, -23.9497], [-46.5697, -23.9468], [-46.5713, -23.9525], [-46.5753, -23.9539], [-46.5774, -23.957], [-46.5803, -23.9558], [-46.5853, -23.9608], [-46.5953, -23.9654], [-46.5973, -23.9634], [-46.6003, -23.9636], [-46.611752957746475, -23.96774676056338], [-46.6125, -23.9699], [-46.6153, -23.9675], [-46.618, -23.9678], [-46.6205, -23.9708], [-46.6296, -23.9732], [-46.6357, -23.9773], [-46.6333, -23.9878], [-46.6292, -23.9901], [-46.6295, -23.9912], [-46.6335, -23.9926], [-46.6349, -23.9947], [-46.6379, -23.9943], [-46.6404, -23.9978], [-46.6499, -24.0016], [-46.6619, -23.9881], [-46.6754, -23.9894], [-46.6803, -23.987], [-46.6829, -23.9826], [-46.6851, -23.9824], [-46.6878, -23.9848], [-46.6926, -23.9846], [-46.6989, -23.9901], [-46.7033, -23.9916], [-46.7079, -23.9909], [-46.7145, -23.9961], [-46.7195, -23.995], [-46.7209, -23.993], [-46.7311, -23.9955], [-46.7377, -23.9918], [-46.7433, -23.9919], [-46.7447, -23.9938], [-46.7495, -23.9944], [-46.7509, -23.9965], [-46.755, -23.9968], [-46.763, -24.0062], [-46.7669, -24.0053], [-46.7692, -24.0083], [-46.7712, -24.0082], [-46.7747, -24.003], [-46.7681, -23.9987], [-46.7664, -23.9917], [-46.7646, -23.9886], [-46.7623, -23.988], [-46.7582, -23.9806], [-46.7591, -23.9787], [-46.755, -23.9756], [-46.7549, -23.9728], [-46.7582, -23.9725], [-46.7629, -23.9681], [-46.7626, -23.9644], [-46.7649, -23.9617], [-46.7713, -23.9613], [-46.7751, -23.9568], [-46.7742, -23.9503], [-46.7811, -23.9487], [-46.7862, -23.9419], [-46.7896, -23.9408], [-46.7933, -23.9431], [-46.8001, -23.938], [-46.806, -23.9387], [-46.80694915254237, -23.937513559322035], [-46.8067, -23.9394], [-46.8136, -23.9398], [-46.8172, -23.9435]], [[-45.98403235025844, -23.517889784128915], [-45.984, -23.5179], [-45.9752, -23.5035], [-45.98403235025844, -23.517889784128915]], [[-46.643, -23.2654], [-46.6381, -23.2649], [-46.63803306169965, -23.264444819557625], [-46.643, -23.2654]], [[-46.6562, -23.2784], [-46.6478, -23.2755], [-46.647802552204176, -23.27543619489559], [-46.6562, -23.2784]], [[-46.6592, -23.2779], [-46.66004210526316, -23.279847368421052], [-46.658860377358494, -23.277956603773582], [-46.6592, -23.2779]], [[-46.6608, -23.2816], [-46.6594, -23.2833], [-46.66058728323699, -23.281108092485546], [-46.6608, -23.2816]], [[-46.635955919153034, -23.305396150144368], [-46.6358, -23.3053], [-46.6387, -23.3003], [-46.635955919153034, -23.305396150144368]], [[-46.67115900383142, -23.363788505747127], [-46.67013092833093, -23.36337381983096], [-46.6702, -23.3631], [-46.66970352112676, -23.361605281690146], [-46.67115900383142, -23.363788505747127]], [[-46.6725, -23.4192], [-46.66936810957051, -23.418931552248903], [-46.6698, -23.4186], [-46.6725, -23.4192]], [[-46.6823, -23.4177], [-46.6840140311804, -23.418952561247217], [-46.677, -23.4154], [-46.6823, -23.4177]], [[-46.6849, -23.4196], [-46.6866, -23.427], [-46.68474631322364, -23.419487690432664], [-46.6849, -23.4196]], [[-46.819756396866836, -23.41797049608355], [-46.8197, -23.4179], [-46.8224, -23.4119], [-46.819756396866836, -23.41797049608355]], [[-46.82334250881316, -23.422445240893065], [-46.82320558139536, -23.422791162790684], [-46.82329288256228, -23.422429486527708], [-46.82334250881316, -23.422445240893065]], [[-46.8215, -23.4271], [-46.8169, -23.4297], [-46.822042, -23.425730736842105], [-46.8215, -23.4271]], [[-46.800539808682856, -23.468040618101547], [-46.8008, -23.4672], [-46.8054, -23.4625], [-46.800539808682856, -23.468040618101547]], [[-46.801303628117914, -23.471543424036287], [-46.8002, -23.4706], [-46.79923125000001, -23.4746041666666], [-46.7997, -23.472], [-46.7971, -23.4698], [-46.7995, -23.4714], [-46.800442175360715, -23.468356048834625], [-46.801303628117914, -23.471543424036287]], [[-46.7748, -23.4644], [-46.7693, -23.4585], [-46.770298188405796, -23.45863768115942], [-46.7748, -23.4644]], [[-46.79987878787879, -23.583136363636363], [-46.798, -23.5837], [-46.795, -23.5825], [-46.79987878787879, -23.583136363636363]], [[-46.8065, -23.584], [-46.80706666666667, -23.585133333333346], [-46.8064, -23.584], [-46.80633802816901, -23.583978873239435], [-46.8065, -23.584]], [[-46.8074, -23.5858], [-46.8051, -23.5888], [-46.80737012987013, -23.58574025974026], [-46.8074, -23.5858]], [[-46.8187, -23.6134], [-46.8226, -23.6191], [-46.8395, -23.6273], [-46.8488, -23.6195], [-46.8541, -23.6198], [-46.8561, -23.6131], [-46.8576, -23.6123], [-46.8646, -23.6168], [-46.8698, -23.6242], [-46.8725, -23.6218], [-46.8778, -23.6214], [-46.8802, -23.6192], [-46.8856, -23.6199], [-46.8878, -23.6245], [-46.8959, -23.6286], [-46.9003, -23.628], [-46.9021, -23.6303], [-46.9079, -23.6308], [-46.907, -23.6328], [-46.9092, -23.639], [-46.9087, -23.6424], [-46.9156, -23.6496], [-46.915, -23.6524], [-46.9183, -23.6568], [-46.9177, -23.6599], [-46.9115, -23.6632], [-46.9034, -23.6648], [-46.9011, -23.6695], [-46.8938, -23.6696], [-46.8906, -23.6675], [-46.8875, -23.6678], [-46.88769612590799, -23.667907869249394], [-46.88, -23.6759], [-46.8738, -23.6785], [-46.8716, -23.6832], [-46.8626, -23.6816], [-46.8602, -23.6834], [-46.8543, -23.6827], [-46.8493, -23.6853], [-46.8457, -23.6808], [-46.8329, -23.6785], [-46.8268, -23.6758], [-46.8228, -23.678], [-46.8228, -23.6833], [-46.8199, -23.6877], [-46.8142, -23.6882], [-46.8015, -23.6854], [-46.797, -23.6954], [-46.8015, -23.6847], [-46.7996, -23.6813], [-46.7999, -23.6782], [-46.7954, -23.6702], [-46.7919, -23.652], [-46.7927, -23.6472], [-46.8216, -23.6359], [-46.8166, -23.6351], [-46.8157, -23.6319], [-46.8094, -23.6259], [-46.8121, -23.624], [-46.8094, -23.6181], [-46.8127, -23.6134], [-46.8102, -23.6101], [-46.7999, -23.6077], [-46.8078, -23.6091], [-46.8187, -23.6134]], [[-46.77577959183674, -23.752853061224485], [-46.777, -23.7506], [-46.78, -23.7494], [-46.77577959183674, -23.752853061224485]], [[-46.7756, -23.753], [-46.77194316666667, -23.752011666666665], [-46.7722, -23.7519], [-46.77562775229357, -23.75297729357798], [-46.7756, -23.753]], [[-46.76951739130435, -23.75438260869565], [-46.7699, -23.7529], [-46.771846153846155, -23.752053846153842], [-46.76951739130435, -23.75438260869565]], [[-46.77048746177369, -23.760429204892933], [-46.7691, -23.756], [-46.76930960960961, -23.75518776276277], [-46.77048746177369, -23.760429204892933]], [[-46.77626535947712, -23.766541176470586], [-46.7717, -23.7643], [-46.77154313539193, -23.76379923990499], [-46.77626535947712, -23.766541176470586]], [[-46.7774, -23.7672], [-46.7815, -23.7721], [-46.7773385377943, -23.767164312267656], [-46.7774, -23.7672]], [[-46.8019, -23.8079], [-46.801655, -23.80853000000001], [-46.8005, -23.8016], [-46.8019, -23.8079]], [[-46.8012, -23.8097], [-46.7968, -23.811], [-46.80151826923077, -23.808881593406593], [-46.8012, -23.8097]], [[-46.77095209424083, -23.820159554973827], [-46.7738, -23.8177], [-46.7823, -23.8133], [-46.77095209424083, -23.820159554973827]], [[-46.7654, -23.8349], [-46.7643958677686, -23.8345652892562], [-46.7656, -23.8334], [-46.7654, -23.8349]], [[-46.762704221251816, -23.836968267831136], [-46.7625, -23.8364], [-46.762635945363044, -23.83626843997125], [-46.762704221251816, -23.836968267831136]], [[-46.764986428571426, -23.84282142857143], [-46.7648, -23.8428], [-46.7647842645382, -23.842756214367164], [-46.764986428571426, -23.84282142857143]], [[-46.77572562442183, -23.842800740055505], [-46.7735, -23.8438], [-46.769775762859624, -23.843371926765474], [-46.77572562442183, -23.842800740055505]], [[-46.7876, -23.8948], [-46.7768, -23.8931], [-46.77679822217881, -23.893016220176317], [-46.7876, -23.8948]], [[-46.8074, -23.8865], [-46.80734777070064, -23.886959617834396], [-46.8021, -23.8882], [-46.8074, -23.8865]], [[-46.8060378389316, -23.899215418858745], [-46.8049, -23.8971], [-46.804, -23.8928], [-46.8060378389316, -23.899215418858745]], [[-46.8116, -23.9077], [-46.811641123244925, -23.9096327925117], [-46.808243347193354, -23.903315800415808], [-46.8116, -23.9077]], [[-46.8118, -23.9171], [-46.8107, -23.9112], [-46.81166032258064, -23.910535161290323], [-46.8118, -23.9171]], [[-46.9652, -23.4984], [-46.9652, -23.497770000000013], [-46.9663, -23.5014], [-46.964593877551025, -23.49884081632653], [-46.9652, -23.4984]], [[-46.9456, -23.5047], [-46.94563739837398, -23.50470433604336], [-46.9439, -23.5076], [-46.9456, -23.5047]], [[-46.9225, -23.523], [-46.922867924528305, -23.523028301886793], [-46.92218181818182, -23.523500000000002], [-46.9225, -23.523]], [[-46.9157, -23.5382], [-46.919806463878324, -23.53199467680609], [-46.9199, -23.5324], [-46.9157, -23.5382]], [[-46.9089, -23.5519], [-46.9111, -23.5523], [-46.908254070981215, -23.552744676409187], [-46.9089, -23.5519]], [[-46.9076, -23.5536], [-46.9079, -23.553207692307698], [-46.9079, -23.5585], [-46.9076, -23.5536]], [[-46.9111, -23.5631], [-46.91083279678068, -23.562715895372232], [-46.91742638436482, -23.564965472312704], [-46.9111, -23.5631]], [[-46.90387977602108, -23.5681790513834], [-46.9084, -23.5668], [-46.9044, -23.5682], [-46.90387977602108, -23.5681790513834]], [[-46.8912, -23.5675], [-46.89415140478668, -23.56778730489074], [-46.89057339514979, -23.567643223965764], [-46.8912, -23.5675]], [[-46.884999200355395, -23.568917325633052], [-46.8885893442623, -23.568096721311473], [-46.8862, -23.5694], [-46.884999200355395, -23.568917325633052]], [[-46.85369634146341, -23.582798323170728], [-46.8591, -23.58], [-46.8537, -23.5828], [-46.85369634146341, -23.582798323170728]], [[-46.82057807308969, -23.58390132890365], [-46.821438674033146, -23.584273480662983], [-46.8212, -23.5843], [-46.82057807308969, -23.58390132890365]], [[-46.81751406727829, -23.581598318042815], [-46.81761958206152, -23.582004860295843], [-46.817365677626306, -23.581842101042504], [-46.81751406727829, -23.581598318042815]], [[-46.81596993865031, -23.588250306748463], [-46.8167, -23.588], [-46.8166, -23.5831], [-46.81728306451613, -23.581977822580644], [-46.8167, -23.5881], [-46.81596993865031, -23.588250306748463]], [[-46.81565, -23.596700000000002], [-46.8133, -23.5935], [-46.8132, -23.5892], [-46.8133, -23.589165714285716], [-46.8133, -23.5932], [-46.81565, -23.596700000000002]], [[-46.816, -23.6031], [-46.81790289256198, -23.60005537190083], [-46.818, -23.6002], [-46.816, -23.6031]], [[-46.986811409395976, -23.79779463087248], [-46.9836, -23.7976], [-46.9866, -23.7976], [-46.986811409395976, -23.79779463087248]], [[-46.97993164556962, -23.7902582278481], [-46.9799, -23.7901], [-46.9824, -23.787], [-46.97993164556962, -23.7902582278481]], [[-46.98210195845698, -23.783920237388728], [-46.9822, -23.784], [-46.9824, -23.787], [-46.98210195845698, -23.783920237388728]], [[-46.9723, -23.779], [-46.96752417840376, -23.774701760563378], [-46.9676, -23.7746], [-46.9723, -23.779]], [[-46.95788099905153, -23.79223414479924], [-46.9578, -23.7924], [-46.957431955307264, -23.79226368715084], [-46.95788099905153, -23.79223414479924]], [[-46.9478, -23.7872], [-46.9402, -23.7858], [-46.94011365242531, -23.78523154513331], [-46.9478, -23.7872]], [[-46.9341, -23.7717], [-46.939, -23.7779], [-46.936386627906984, -23.776728488372093], [-46.9378, -23.7766], [-46.9341, -23.7717]], [[-46.92952303921568, -23.75875392156863], [-46.9293, -23.7585], [-46.9316, -23.7546], [-46.92952303921568, -23.75875392156863]], [[-46.84459653179191, -23.935005202312137], [-46.8446, -23.935], [-46.8491, -23.9362], [-46.84459653179191, -23.935005202312137]], [[-46.81269192348565, -23.919685122210414], [-46.8129, -23.9196], [-46.813424272533716, -23.92014953867992], [-46.81269192348565, -23.919685122210414]], [[-46.93170079365079, -23.77793888888889], [-46.9323, -23.7771], [-46.935375925925925, -23.77682037037037], [-46.93170079365079, -23.77793888888889]], [[-46.88089588235294, -23.791140588235294], [-46.8816, -23.7899], [-46.88169833055092, -23.789950751252086], [-46.88089588235294, -23.791140588235294]], [[-46.8719, -23.79952727272727], [-46.8719, -23.7972], [-46.879113848920866, -23.793782913669066], [-46.8789, -23.7941], [-46.872, -23.7972], [-46.8722, -23.7995], [-46.8719, -23.79952727272727]], [[-46.879, -23.7985], [-46.87913995907629, -23.79876492253727], [-46.872, -23.7972], [-46.879, -23.7985]], [[-46.8818, -23.8038], [-46.88173086647353, -23.80394221754016], [-46.880503703703724, -23.801346296296344], [-46.8818, -23.8038]], [[-46.8813, -23.8933], [-46.88167600330989, -23.893702482416217], [-46.8701, -23.8949], [-46.8813, -23.8933]], [[-46.89033485714286, -23.916624], [-46.8903, -23.9166], [-46.8888, -23.9122], [-46.89033485714286, -23.916624]], [[-46.89834248210024, -23.92727494033413], [-46.898, -23.9273], [-46.8964, -23.9208], [-46.89834248210024, -23.92727494033413]], [[-47.0256, -23.8484], [-47.028529999999996, -23.847814], [-47.0284, -23.8481], [-47.0256, -23.8484]], [[-46.983, -23.8936], [-46.983, -23.895], [-46.98153859649123, -23.893252046783626], [-46.983, -23.8936]], [[-46.9813, -23.8914], [-46.981012331233124, -23.892622592259226], [-46.978719159292034, -23.889879778761063], [-46.9813, -23.8914]], [[-46.974, -23.8871], [-46.97416394260761, -23.887196568933252], [-46.97368786127167, -23.887391329479772], [-46.974, -23.8871]], [[-46.9124, -23.9345], [-46.9131, -23.937], [-46.91224048934491, -23.934516969218627], [-46.9124, -23.9345]], [[-46.867, -23.8004], [-46.86760353940538, -23.800301462954224], [-46.8655, -23.8046], [-46.867, -23.8004]], [[-46.8626, -23.802], [-46.86375555555556, -23.8046], [-46.8635, -23.8046], [-46.8626, -23.802]], [[-46.823, -23.7681], [-46.823375679347826, -23.76863260869565], [-46.82203910149751, -23.767942762063228], [-46.823, -23.7681]], [[-46.8175, -23.7672], [-46.8193860619469, -23.767508628318584], [-46.8147, -23.7687], [-46.8175, -23.7672]], [[-46.7881, -23.7651], [-46.7931, -23.7662], [-46.78735965123271, -23.76556758869513], [-46.7881, -23.7651]], [[-47.0524, -23.6307], [-47.0451, -23.6315], [-47.05446259027444, -23.629344583533943], [-47.0524, -23.6307]], [[-46.9945, -23.6708], [-46.9923, -23.6668], [-46.99458169014085, -23.670697887323943], [-46.9945, -23.6708]], [[-46.98988052805281, -23.60940602310231], [-46.9907, -23.6098], [-46.9881, -23.6127], [-46.98988052805281, -23.60940602310231]], [[-46.9815, -23.6022], [-46.9775, -23.6016], [-46.9824, -23.6012], [-46.98270523917995, -23.601272892938496], [-46.9815, -23.6022]], [[-46.95672233009709, -23.59065631067961], [-46.9568, -23.5907], [-46.9577, -23.5975], [-46.95672233009709, -23.59065631067961]], [[-46.9296, -23.5658], [-46.9401, -23.5711], [-46.94010470932853, -23.57129779179811], [-46.9296, -23.5658]], [[-46.9189, -23.5654], [-46.9188164556962, -23.56537536514119], [-46.9291, -23.5632], [-46.9189, -23.5654]], [[-47.0223, -23.5821], [-47.0224547752809, -23.582078651685393], [-47.0218534562212, -23.583124423963135], [-47.0223, -23.5821]], [[-47.0153, -23.5812], [-47.02033697270472, -23.585761786600496], [-47.0202, -23.586], [-47.0153, -23.5812]], [[-46.9968, -23.5795], [-46.9970667535854, -23.579560625814864], [-47.0002, -23.5871], [-46.9968, -23.5795]], [[-46.98916873977087, -23.602614402618656], [-46.9894488372093, -23.601858139534883], [-46.9895, -23.6026], [-46.98916873977087, -23.602614402618656]], [[-46.98298260869565, -23.60133913043478], [-46.98845310344828, -23.602645517241378], [-46.9849, -23.6028], [-46.98298260869565, -23.60133913043478]], [[-46.98640908108108, -23.433225945945946], [-46.9852, -23.4331], [-46.975, -23.4264], [-46.98640908108108, -23.433225945945946]], [[-46.9709, -23.4255], [-46.96478137880275, -23.41148638370952], [-46.9651, -23.4115], [-46.9709, -23.4255]], [[-46.957300000000004, -23.411166666666666], [-46.9536, -23.4111], [-46.95349011553274, -23.411003851091145], [-46.957300000000004, -23.411166666666666]], [[-46.953317842323656, -23.410853112033195], [-46.9512, -23.409], [-46.9501, -23.4051], [-46.953317842323656, -23.410853112033195]], [[-46.94498762886598, -23.40151237113402], [-46.9444, -23.4011], [-46.94723333333333, -23.399266666666673], [-46.94498762886598, -23.40151237113402]], [[-46.947655319148936, -23.398993617021276], [-46.9478, -23.3989], [-46.9548, -23.3987], [-46.947655319148936, -23.398993617021276]], [[-46.95494615384615, -23.3968], [-46.9524, -23.3968], [-46.955, -23.3961], [-46.95494615384615, -23.3968]], [[-46.9357, -23.3851], [-46.929159167569246, -23.38740311001083], [-46.92916962327134, -23.387371435383884], [-46.9357, -23.3851]], [[-46.927807805596466, -23.389448453608246], [-46.9277, -23.3897], [-46.92683020637898, -23.38951688555347], [-46.927807805596466, -23.389448453608246]], [[-46.836802240325866, -23.426040325865582], [-46.83411859296483, -23.428414321608038], [-46.8354, -23.4263], [-46.836802240325866, -23.426040325865582]], [[-46.83272569105691, -23.42964650406504], [-46.8321, -23.4302], [-46.83069441340782, -23.429786592178772], [-46.83272569105691, -23.42964650406504]], [[-46.83048617511521, -23.42972534562212], [-46.8304, -23.4297], [-46.8295, -23.4244], [-46.83048617511521, -23.42972534562212]], [[-46.8282, -23.5172], [-46.82594742951907, -23.517870978441128], [-46.830126666666665, -23.51499138211382], [-46.8282, -23.5172]], [[-46.8214, -23.5217], [-46.82065909090909, -23.521514772727272], [-46.82228384360015, -23.520395278495016], [-46.8214, -23.5217]], [[-46.8999, -23.5239], [-46.8953, -23.5246], [-46.8918, -23.5315], [-46.8953, -23.5245], [-46.8999, -23.5239]], [[-46.888, -23.5525], [-46.88769596928983, -23.552495393474086], [-46.891, -23.5498], [-46.888, -23.5525]], [[-46.862252399999996, -23.5473272], [-46.8606, -23.5448], [-46.8623, -23.5473], [-46.862252399999996, -23.5473272]], [[-46.8755, -23.561], [-46.87552152641879, -23.561185127201565], [-46.87444782608696, -23.56109565217391], [-46.8755, -23.561]], [[-46.8726, -23.5583], [-46.87137131782946, -23.560839276485787], [-46.8709, -23.5608], [-46.8726, -23.5583]], [[-46.8723, -23.5541], [-46.872251831298556, -23.554206659267482], [-46.86794999999993, -23.554400000000005], [-46.8723, -23.5541]], [[-46.8612, -23.5518], [-46.863516623085545, -23.554599252895034], [-46.8635, -23.5546], [-46.8612, -23.5518]], [[-46.861020251396646, -23.549583100558657], [-46.861083984375, -23.550369140625], [-46.8606, -23.5503], [-46.861020251396646, -23.549583100558657]], [[-46.8139, -23.5141], [-46.81439206642066, -23.515027896678962], [-46.812561922365994, -23.513466173752313], [-46.8139, -23.5141]], [[-46.80828069815195, -23.507660780287466], [-46.809549115913555, -23.510895245579565], [-46.8085, -23.51], [-46.80828069815195, -23.507660780287466]], [[-46.8121, -23.5016], [-46.80822154696133, -23.507029834254148], [-46.8082, -23.5068], [-46.8121, -23.5016]], [[-46.8018, -23.4807], [-46.7998, -23.4837], [-46.80128983543079, -23.480058180058084], [-46.8018, -23.4807]], [[-46.798810889005786, -23.47693950552341], [-46.798969920844314, -23.477139577836404], [-46.7988, -23.477], [-46.798810889005786, -23.47693950552341]], [[-46.96443167259786, -23.495234519572946], [-46.96411025641026, -23.49470512820513], [-46.9643, -23.4948], [-46.96443167259786, -23.495234519572946]], [[-46.9542, -23.4861], [-46.95330639534884, -23.48381634366925], [-46.9534, -23.4838], [-46.9542, -23.4861]], [[-46.81428404907976, -23.485747239263805], [-46.8141, -23.4861], [-46.8126, -23.4844], [-46.81428404907976, -23.485747239263805]], [[-46.8064, -23.4759], [-46.8082, -23.4846], [-46.80842564102564, -23.484684615384616], [-46.8082, -23.4847], [-46.8064, -23.4759]], [[-46.9409, -23.3523], [-46.9373, -23.359], [-46.94079838709678, -23.35210040322581], [-46.9409, -23.3523]], [[-46.9347, -23.3644], [-46.934479189944135, -23.36427877094972], [-46.9347, -23.364118181818185], [-46.9347, -23.3644]], [[-46.7429, -23.355], [-46.7249, -23.3572], [-46.74298113207547, -23.354756603773588], [-46.7429, -23.355]], [[-46.7222, -23.3569], [-46.7222, -23.356589285714286], [-46.7249, -23.3572], [-46.7222, -23.3569]], [[-46.71631329787235, -23.35541010638298], [-46.7165, -23.3553], [-46.71709881188119, -23.355435445544554], [-46.71631329787235, -23.35541010638298]], [[-46.69898304239401, -23.361764588528676], [-46.6992, -23.3616], [-46.7007, -23.3631], [-46.69898304239401, -23.361764588528676]], [[-46.6897, -23.3683], [-46.68950136798906, -23.368160054719564], [-46.68987428243398, -23.36817497129736], [-46.6897, -23.3683]], [[-46.6816, -23.368], [-46.6851, -23.3652], [-46.68518615384615, -23.365286153846156], [-46.6816, -23.368]], [[-46.84266278026906, -23.292791031390124], [-46.84277535683076, -23.29197797844451], [-46.8428, -23.292], [-46.84266278026906, -23.292791031390124]], [[-46.840870488230166, -23.302043679163027], [-46.84137763819094, -23.300199497487483], [-46.8411, -23.3018], [-46.840870488230166, -23.302043679163027]], [[-46.8363, -23.3056], [-46.840247368421046, -23.3027052631579], [-46.833, -23.3104], [-46.8363, -23.3056]], [[-46.8246, -23.3213], [-46.8259, -23.32], [-46.825293333333335, -23.32303333333333], [-46.8246, -23.3213]], [[-46.6056, -23.7314], [-46.6114, -23.7374], [-46.6055, -23.7313], [-46.607, -23.728], [-46.6056, -23.7314]], [[-46.6246, -23.736], [-46.6192, -23.7391], [-46.6191611961057, -23.739065507649514], [-46.6246, -23.736]], [[-46.6365, -23.7253], [-46.652, -23.7308], [-46.650976707699726, -23.73087548877625], [-46.6365, -23.7253]], [[-46.61643477477477, -23.658015855855854], [-46.6172, -23.6573], [-46.61855070422535, -23.658264788732396], [-46.61643477477477, -23.658015855855854]], [[-46.6131, -23.6635], [-46.6161187902188, -23.65831145431144], [-46.616118790218806, -23.658311454311438], [-46.6131, -23.6635]], [[-46.6144, -23.4122], [-46.61282121786198, -23.417429715832206], [-46.6126, -23.4174], [-46.6144, -23.4122]], [[-46.5494, -23.3563], [-46.5602, -23.3687], [-46.54931861907759, -23.35632118133597], [-46.5494, -23.3563]], [[-46.5205, -23.3545], [-46.5354, -23.3633], [-46.535412346625776, -23.363316104294483], [-46.5205, -23.3545]], [[-46.5372, -23.3696], [-46.53652100840336, -23.364762184873946], [-46.5377, -23.3663], [-46.5372, -23.3696]], [[-46.566512680115274, -23.41586023054755], [-46.5564, -23.4096], [-46.5667, -23.4155], [-46.566512680115274, -23.41586023054755]], [[-46.56846500326158, -23.432531213307243], [-46.5656, -23.4269], [-46.5685, -23.4325], [-46.56846500326158, -23.432531213307243]], [[-46.570679948849104, -23.45683948849105], [-46.5651, -23.44], [-46.5707, -23.4568], [-46.570679948849104, -23.45683948849105]], [[-46.5555, -23.5101], [-46.5580699658703, -23.507958361774747], [-46.558, -23.5081], [-46.5555, -23.5101]], [[-46.5337, -23.4933], [-46.54629035486806, -23.50598871701547], [-46.5459, -23.5059], [-46.5337, -23.4933]], [[-46.5115, -23.4789], [-46.5225, -23.4847], [-46.511165583756345, -23.478833942470388], [-46.5115, -23.4789]], [[-46.5034, -23.4773], [-46.5105118, -23.4787048], [-46.4938, -23.476], [-46.5034, -23.4773]], [[-46.4107, -23.4704], [-46.41127672849916, -23.470681956155147], [-46.40859014925373, -23.471897313432834], [-46.4107, -23.4704]], [[-46.4076, -23.4726], [-46.40782159344751, -23.47244274013403], [-46.41, -23.475], [-46.4076, -23.4726]], [[-46.404, -23.4811], [-46.40407376033058, -23.48101756198347], [-46.40505, -23.48125], [-46.404, -23.4811]], [[-46.405944444444444, -23.48542098765432], [-46.40625317073171, -23.48456341463414], [-46.4063, -23.4855], [-46.405944444444444, -23.48542098765432]], [[-46.4037, -23.4849], [-46.403758823529415, -23.484935294117648], [-46.40367668161435, -23.484917040358745], [-46.4037, -23.4849]], [[-46.40128091822095, -23.486667790530845], [-46.40319019607842, -23.485272549019616], [-46.4014, -23.4869], [-46.40128091822095, -23.486667790530845]], [[-46.3997, -23.4831], [-46.4004, -23.48495], [-46.399496096096094, -23.48318738738739], [-46.3997, -23.4831]], [[-46.392, -23.4806], [-46.3969, -23.4843], [-46.391929004908526, -23.480621463632307], [-46.392, -23.4806]], [[-46.386645129224654, -23.47534473161032], [-46.3877, -23.4819], [-46.3863, -23.4794], [-46.386645129224654, -23.47534473161032]], [[-46.3865416487763, -23.47470167453843], [-46.386547703809185, -23.47473930224279], [-46.386326241134775, -23.4747964539007], [-46.3865416487763, -23.47470167453843]], [[-46.38393218390805, -23.474835632183908], [-46.384292884764115, -23.475321191028616], [-46.3836, -23.4755], [-46.38393218390805, -23.474835632183908]], [[-46.3654, -23.503], [-46.3773, -23.4842], [-46.36542942961165, -23.50327075242718], [-46.3654, -23.503]], [[-46.3754, -23.513], [-46.37335689922481, -23.511514108527134], [-46.3735, -23.5115], [-46.3754, -23.513]], [[-46.39939519230769, -23.60590658444816], [-46.3949, -23.6019], [-46.3994, -23.6059], [-46.39939519230769, -23.60590658444816]], [[-46.3962, -23.6091], [-46.39749781312127, -23.60850516898609], [-46.39508328445748, -23.61181202346041], [-46.3962, -23.6091]], [[-46.39789406001225, -23.61726387017759], [-46.3948, -23.6125], [-46.39488192457737, -23.612301040312094], [-46.3978, -23.6159], [-46.39789406001225, -23.61726387017759]], [[-46.3834, -23.6177], [-46.383067304015306, -23.617315678776293], [-46.3839, -23.6177], [-46.3783, -23.6361], [-46.3834, -23.6177]], [[-46.355, -23.5765], [-46.3558, -23.5817], [-46.353119331742235, -23.574055131264902], [-46.355, -23.5765]], [[-46.3424, -23.5615], [-46.35, -23.5735], [-46.353, -23.5739], [-46.35307637231504, -23.57399928400955], [-46.3498, -23.5739], [-46.3424, -23.5615]], [[-46.3279, -23.5105], [-46.32787458893871, -23.510483557548582], [-46.32800638297872, -23.51024468085107], [-46.3279, -23.5105]], [[-46.330484256559764, -23.500149562682218], [-46.3299, -23.5057], [-46.32946201550388, -23.506751162790696], [-46.3304, -23.5001], [-46.330484256559764, -23.500149562682218]], [[-46.33356132075472, -23.50044528301887], [-46.33265518913676, -23.500313482056256], [-46.3333, -23.4994], [-46.33356132075472, -23.50044528301887]], [[-46.331, -23.4889], [-46.33101390728477, -23.48891986754967], [-46.3142, -23.4928], [-46.331, -23.4889]], [[-46.2678, -23.4858], [-46.2717, -23.4851], [-46.27284955231517, -23.485415425940136], [-46.26771016949153, -23.485889830508476], [-46.2678, -23.4858]], [[-46.2654, -23.4882], [-46.26680000000001, -23.486799999999988], [-46.26536934306569, -23.488409489051097], [-46.2654, -23.4882]], [[-46.2712, -23.5448], [-46.2705, -23.5399], [-46.2712843803056, -23.544802376910017], [-46.2712, -23.5448]], [[-46.280023385939735, -23.547277331420368], [-46.27892832244009, -23.5458302832244], [-46.2795, -23.5459], [-46.280023385939735, -23.547277331420368]], [[-46.2811, -23.551384615384606], [-46.2811, -23.550110526315798], [-46.2814, -23.5509], [-46.2811, -23.551384615384606]], [[-46.2635, -23.6307], [-46.2647, -23.6285], [-46.26441124260355, -23.63088224852071], [-46.2635, -23.6307]], [[-46.2592, -23.6349], [-46.26439993706734, -23.63097551919446], [-46.2643, -23.6318], [-46.2592, -23.6349]], [[-46.25817038834951, -23.64269757281554], [-46.2571, -23.6402], [-46.2584, -23.6418], [-46.25817038834951, -23.64269757281554]], [[-46.25637440414508, -23.647408601036272], [-46.257800443131465, -23.64414372230427], [-46.2573, -23.6461], [-46.25637440414508, -23.647408601036272]], [[-46.2545, -23.6517], [-46.254822779922776, -23.65096100386101], [-46.2579, -23.6565], [-46.2545, -23.6517]], [[-46.2571, -23.6669], [-46.259, -23.6663], [-46.25731640378549, -23.66779652996845], [-46.2571, -23.6669]], [[-46.2578, -23.6698], [-46.257501470588245, -23.668563235294137], [-46.25804946236559, -23.6697688172043], [-46.2578, -23.6698]], [[-46.2661, -23.6848], [-46.26617891373802, -23.684690734824283], [-46.26641438848921, -23.685073381294963], [-46.2661, -23.6848]], [[-46.308, -23.7359], [-46.3068, -23.732], [-46.31089999999999, -23.73879999999999], [-46.308, -23.7359]], [[-46.3127, -23.7406], [-46.31090000000001, -23.73880000000001], [-46.314698620689654, -23.741425517241378], [-46.3127, -23.7406]], [[-46.32134066767829, -23.744694385432474], [-46.32157753521127, -23.744569718309858], [-46.3217, -23.7447], [-46.32134066767829, -23.744694385432474]], [[-46.6088, -23.9413], [-46.6071, -23.9389], [-46.60718956097561, -23.938836975609757], [-46.6088, -23.9413]], [[-46.616819961977185, -23.86288041825095], [-46.6169, -23.862], [-46.6318, -23.8526], [-46.616819961977185, -23.86288041825095]], [[-46.5965, -23.6528], [-46.5847, -23.6453], [-46.584686461612975, -23.645255219181397], [-46.5965, -23.6528]], [[-46.5834, -23.641], [-46.583377272727276, -23.64102272727272], [-46.583522950819635, -23.640500000000138], [-46.5834, -23.641]], [[-46.5741, -23.6503], [-46.57098544726302, -23.649229372496663], [-46.5711, -23.6492], [-46.5741, -23.6503]], [[-46.56957391304347, -23.64959130434783], [-46.566867796610175, -23.650389830508473], [-46.5672, -23.6502], [-46.56957391304347, -23.64959130434783]], [[-46.5503, -23.6058], [-46.548, -23.6061], [-46.546645566090355, -23.605738817624093], [-46.5467, -23.6057], [-46.5503, -23.6058]], [[-46.5345, -23.6144], [-46.52159581673307, -23.613903685258965], [-46.5216, -23.6139], [-46.5345, -23.6144]], [[-46.4867, -23.6228], [-46.4932, -23.6254], [-46.48534122628195, -23.62341163556531], [-46.48548328173375, -23.62304334365325], [-46.4867, -23.6228]], [[-46.480308638420404, -23.680712381735912], [-46.4833, -23.685], [-46.4803, -23.6808], [-46.480308638420404, -23.680712381735912]], [[-46.4891, -23.6949], [-46.4911, -23.6979], [-46.49109876390606, -23.6979457354759], [-46.4891, -23.6949]], [[-46.48987890979883, -23.711300324464634], [-46.4898, -23.7114], [-46.4834, -23.7114], [-46.48987890979883, -23.711300324464634]], [[-46.4834, -23.716], [-46.48330200501253, -23.7161037593985], [-46.4834, -23.7114], [-46.4834, -23.716]], [[-46.47713114840063, -23.719193707393813], [-46.4831358974359, -23.71627963800905], [-46.4817, -23.7178], [-46.4781, -23.7196], [-46.47713114840063, -23.719193707393813]], [[-46.475, -23.7183], [-46.47347411598301, -23.720010042432833], [-46.475579603399446, -23.717298866855504], [-46.475, -23.7183]], [[-46.4760447111778, -23.716495498874718], [-46.4693, -23.7163], [-46.4761, -23.7164], [-46.4760447111778, -23.716495498874718]], [[-46.37349500805153, -23.642990177133658], [-46.373, -23.6437], [-46.36982641509434, -23.643645283018866], [-46.37349500805153, -23.642990177133658]], [[-46.367793640278244, -23.64361023517721], [-46.3672, -23.6436], [-46.3571, -23.6385], [-46.367793640278244, -23.64361023517721]], [[-46.354023456790124, -23.641928148148143], [-46.35383432518597, -23.64323315621679], [-46.3536, -23.6424], [-46.354023456790124, -23.641928148148143]], [[-46.3307, -23.7089], [-46.3323, -23.7039], [-46.3308, -23.7095], [-46.3287, -23.7074], [-46.3307, -23.7089]], [[-46.3343, -23.7045], [-46.33443880196692, -23.70468104604381], [-46.3308, -23.7095], [-46.3343, -23.7045]], [[-46.32634792396198, -23.721377188594314], [-46.32657574503311, -23.72466432119205], [-46.326, -23.724], [-46.32634792396198, -23.721377188594314]], [[-46.32675284552845, -23.727219628339142], [-46.32679236016371, -23.7277897680764], [-46.3266, -23.7277], [-46.32675284552845, -23.727219628339142]], [[-46.3281, -23.7284], [-46.326949950149555, -23.727863310069793], [-46.33005501618123, -23.72710355987055], [-46.327897, -23.728644999999997], [-46.3281, -23.7284]], [[-46.3223, -23.7354], [-46.31759661016949, -23.73690508474576], [-46.318, -23.7363], [-46.3223, -23.7354]], [[-46.31725333333333, -23.737419999999993], [-46.31713218390805, -23.738510344827585], [-46.3168, -23.7381], [-46.31725333333333, -23.737419999999993]], [[-46.5641216374269, -23.651959064327485], [-46.5532, -23.6674], [-46.5532, -23.6673], [-46.5637, -23.6522], [-46.5641216374269, -23.651959064327485]], [[-46.4849, -23.7617], [-46.4972, -23.7474], [-46.498397029702964, -23.746872277227723], [-46.4849, -23.7617]], [[-46.4327, -23.8078], [-46.43263809808612, -23.807919677033492], [-46.4304, -23.8014], [-46.4327, -23.8078]], [[-46.4146, -23.8158], [-46.414103602941175, -23.815753823529413], [-46.4178, -23.8131], [-46.4146, -23.8158]], [[-46.4282, -23.7618], [-46.42802244897959, -23.765173469387754], [-46.4274, -23.7648], [-46.4282, -23.7618]], [[-46.3862, -23.7243], [-46.38595862068966, -23.724106896551724], [-46.3882, -23.7233], [-46.3862, -23.7243]], [[-46.3842, -23.7227], [-46.3824, -23.7174], [-46.385462019230765, -23.723709615384614], [-46.3842, -23.7227]], [[-46.381, -23.7083], [-46.3845, -23.7082], [-46.38453023255814, -23.7083], [-46.381, -23.7083]], [[-46.3557, -23.7172], [-46.35526825969342, -23.717192290351665], [-46.3584, -23.7136], [-46.3557, -23.7172]], [[-46.3501, -23.7171], [-46.3473, -23.7154], [-46.35377388535031, -23.71716560509554], [-46.3501, -23.7171]], [[-46.34393162583519, -23.716640979955457], [-46.3435, -23.7168], [-46.34121937842779, -23.715522851919562], [-46.3423, -23.7151], [-46.34393162583519, -23.716640979955457]], [[-46.339888888888886, -23.714777777777776], [-46.336, -23.7126], [-46.33602535211268, -23.712384507042252], [-46.3398, -23.7138], [-46.339888888888886, -23.714777777777776]], [[-46.33151551155115, -23.72674620462046], [-46.3362, -23.7256], [-46.336288951160924, -23.725834507606084], [-46.3329, -23.7273], [-46.33151551155115, -23.72674620462046]], [[-46.3435, -23.7353], [-46.34351926605505, -23.735839449541267], [-46.34342272727273, -23.735240909090912], [-46.3435, -23.7353]], [[-46.3502, -23.7356], [-46.3439, -23.7382], [-46.34386752648549, -23.737998664210043], [-46.3502, -23.7356]], [[-46.3602, -23.7397], [-46.360397841726616, -23.740148441247005], [-46.3569, -23.7397], [-46.3602, -23.7397]], [[-46.415201367053996, -23.76921066302119], [-46.4153, -23.7692], [-46.41579652627008, -23.773072904906645], [-46.4157, -23.7731], [-46.415201367053996, -23.76921066302119]], [[-46.42598151260504, -23.773936974789915], [-46.4259, -23.7741], [-46.4214, -23.7715], [-46.42598151260504, -23.773936974789915]], [[-46.4254, -23.7694], [-46.42553599182004, -23.769256237218816], [-46.4271, -23.7717], [-46.4254, -23.7694]], [[-46.42880780487805, -23.765797463414632], [-46.42915731597846, -23.7658828994614], [-46.42612787610621, -23.76863053097344], [-46.42880780487805, -23.765797463414632]], [[-46.4689, -23.7259], [-46.46914718167072, -23.725581711273314], [-46.4687, -23.7322], [-46.4689, -23.7259]], [[-46.45850697674419, -23.750179069767437], [-46.4678, -23.7408], [-46.4635, -23.7465], [-46.45850697674419, -23.750179069767437]], [[-46.457, -23.7517], [-46.45780377563986, -23.750888781993105], [-46.4579, -23.7557], [-46.457, -23.7517]], [[-46.4529, -23.7592], [-46.4529765606596, -23.75907043580683], [-46.4579, -23.7636], [-46.4529, -23.7592]], [[-46.45099393939394, -23.7707], [-46.457110801393725, -23.76754599303136], [-46.4571, -23.7676], [-46.45099393939394, -23.7707]], [[-46.4421, -23.7692], [-46.45079777550499, -23.77079959089747], [-46.4506, -23.7709], [-46.4421, -23.7692]], [[-46.4363661971831, -23.767645070422535], [-46.43686821705426, -23.767767786391044], [-46.4368, -23.7678], [-46.4363661971831, -23.767645070422535]], [[-46.5849, -23.6349], [-46.58487674418605, -23.634994573643407], [-46.5814, -23.6292], [-46.5849, -23.6349]], [[-46.4011, -23.6222], [-46.40016556447803, -23.620761265942363], [-46.40200990516333, -23.622431612223394], [-46.4011, -23.6222]], [[-46.4156, -23.6403], [-46.4138, -23.636], [-46.41587114503817, -23.640339541984734], [-46.4156, -23.6403]], [[-46.4211, -23.6437], [-46.42046166666667, -23.64123785714286], [-46.4208, -23.6413], [-46.4211, -23.6437]], [[-46.42335168539326, -23.644133016421783], [-46.4233, -23.6443], [-46.4211, -23.6437], [-46.42335168539326, -23.644133016421783]], [[-46.48525882352942, -23.623088235294116], [-46.4773, -23.626], [-46.4822, -23.6237], [-46.48525882352942, -23.623088235294116]], [[-46.0991, -23.7128], [-46.09969979064899, -23.716065526866707], [-46.095636877689, -23.708162937922562], [-46.0991, -23.7128]], [[-46.0898, -23.695], [-46.09167221664995, -23.700451454363073], [-46.0827, -23.683], [-46.0898, -23.695]], [[-46.108, -23.5114], [-46.10723636363636, -23.512354545454542], [-46.10783917814616, -23.511443147326638], [-46.108, -23.5114]], [[-46.10311258572005, -23.507360467930617], [-46.1035, -23.5074], [-46.10387708422403, -23.512207823856347], [-46.1035, -23.5123], [-46.10311258572005, -23.507360467930617]], [[-46.0986, -23.5069], [-46.099074193548375, -23.506948387096774], [-46.09859312977099, -23.506918320610687], [-46.0986, -23.5069]], [[-46.097423904382474, -23.510036254980083], [-46.09784594594595, -23.508910810810804], [-46.0976, -23.51], [-46.097423904382474, -23.510036254980083]], [[-46.09400888888889, -23.510584444444444], [-46.096466666666664, -23.510233333333336], [-46.0942, -23.5107], [-46.09400888888889, -23.510584444444444]], [[-46.0881, -23.508], [-46.08856187989556, -23.508207049608355], [-46.087956951423784, -23.508255443886096], [-46.0881, -23.508]], [[-46.07474186046512, -23.521083720930232], [-46.0753, -23.5182], [-46.0749, -23.521], [-46.07474186046512, -23.521083720930232]], [[-46.0714, -23.523], [-46.07152575558476, -23.52293521681997], [-46.07157624309392, -23.5232002762431], [-46.0714, -23.523]], [[-46.056731848284166, -23.542155749548467], [-46.0712, -23.5373], [-46.0569, -23.5422], [-46.056731848284166, -23.542155749548467]], [[-46.0511, -23.539], [-46.05635225225226, -23.542055855855857], [-46.0531, -23.5412], [-46.0511, -23.539]], [[-46.0344, -23.5255], [-46.0361, -23.5283], [-46.03408543046358, -23.52551797540208], [-46.0344, -23.5255]], [[-46.0309, -23.5257], [-46.033314492753625, -23.525562028985508], [-46.02914376590331, -23.52654783715013], [-46.0309, -23.5257]], [[-46.0223, -23.5313], [-46.0219156019656, -23.53107119164619], [-46.0262, -23.5303], [-46.028, -23.5271], [-46.0283625, -23.526925], [-46.0263, -23.5303], [-46.0223, -23.5313]], [[-45.9984, -23.5192], [-46.0056, -23.5253], [-45.99829213780919, -23.51925883392226], [-45.9984, -23.5192]], [[-45.98541873905429, -23.528056392294218], [-45.9857, -23.5244], [-45.98589405940594, -23.524275247524752], [-45.9856, -23.528], [-45.98541873905429, -23.528056392294218]], [[-45.9816, -23.5331], [-45.9815799270073, -23.53295145985402], [-45.9888, -23.5376], [-45.9816, -23.5331]], [[-45.945, -23.5816], [-45.94582121495326, -23.581567476635517], [-45.94343500967119, -23.582374081237905], [-45.945, -23.5816]], [[-45.9357, -23.5862], [-45.938482051282044, -23.584823931623937], [-45.93475468443747, -23.587591219129752], [-45.9357, -23.5862]], [[-45.9304, -23.594], [-45.932924208860754, -23.59028512658228], [-45.92991451612903, -23.59710709677419], [-45.9304, -23.594]], [[-45.955, -23.6348], [-45.96001386138614, -23.63354653465347], [-45.9601, -23.6336], [-45.955, -23.6348]], [[-46.3664, -23.5122], [-46.36640697959184, -23.512245918367345], [-46.3536, -23.5048], [-46.3664, -23.5122]], [[-46.397145303867404, -23.446558011049724], [-46.3909, -23.4489], [-46.3972, -23.4464], [-46.397145303867404, -23.446558011049724]], [[-46.240997052886556, -23.392480554434126], [-46.2321, -23.3908], [-46.241, -23.3924], [-46.240997052886556, -23.392480554434126]], [[-46.0759046875, -23.50987578125], [-46.0762, -23.5097], [-46.07765384615385, -23.511500000000005], [-46.0759046875, -23.50987578125]], [[-46.07827711171662, -23.51227166212534], [-46.0783, -23.5123], [-46.07826462585034, -23.512365306122447], [-46.07827711171662, -23.51227166212534]], [[-46.35594607329844, -23.534154973821963], [-46.3564, -23.5329], [-46.35659596059113, -23.532814581280793], [-46.35594607329844, -23.534154973821963]], [[-46.3542, -23.5435], [-46.3547, -23.5376], [-46.354995397008054, -23.536783314154206], [-46.3542, -23.5435]], [[-46.28616638537272, -23.481891983122363], [-46.2863, -23.4819], [-46.2899, -23.4857], [-46.289749420849425, -23.486026254826257], [-46.28616638537272, -23.481891983122363]], [[-46.2815, -23.4759], [-46.28131361981063, -23.48121183539694], [-46.2812, -23.4812], [-46.2815, -23.4759]], [[-46.3721, -23.3677], [-46.37, -23.3785], [-46.371962466487936, -23.367608310991955], [-46.3721, -23.3677]], [[-46.3621891402715, -23.276476470588236], [-46.3618, -23.2828], [-46.36160527577938, -23.283015587529977], [-46.362, -23.2767], [-46.3621891402715, -23.276476470588236]], [[-46.3588, -23.3053], [-46.35875855944746, -23.30535683275777], [-46.3564, -23.3029], [-46.3588, -23.3053]], [[-46.35534456233422, -23.31041936339523], [-46.3553, -23.3103], [-46.3553233463035, -23.3102673151751], [-46.35534456233422, -23.31041936339523]], [[-46.3582, -23.3172], [-46.35805502524094, -23.317679531895358], [-46.357606057385766, -23.31647693942615], [-46.3582, -23.3172]], [[-46.3569, -23.3215], [-46.3538, -23.3267], [-46.357882514450864, -23.318250144508678], [-46.3569, -23.3215]], [[-46.35, -23.3292], [-46.3365, -23.3292], [-46.35030185348632, -23.329001412180055], [-46.35, -23.3292]], [[-46.3365, -23.3348], [-46.3399, -23.3351], [-46.3348, -23.3347], [-46.33478895027624, -23.33461988950276], [-46.3365, -23.3348]], [[-46.2998, -23.324], [-46.299831809145125, -23.324007157057657], [-46.2964, -23.3294], [-46.2998, -23.324]]]}}, {"type": "Feature", "properties": {"metro_id": "BRM26", "metro_name": "Aracaju RM", "n_members": 4, "n_missing": 0, "n_states": 1, "states": "Sergipe"}, "geometry": {"type": "MultiPolygon", "coordinates": [[[[-37.0335, -10.9713], [-37.0354, -10.9798], [-37.0633, -11.0129], [-37.1257, -11.1031], [-37.144, -11.1339], [-37.1532, -11.1607], [-37.1554, -11.1611], [-37.1634, -11.1524], [-37.1655, -11.1433], [-37.1643, -11.1169], [-37.1664, -11.1054], [-37.1835, -11.0937], [-37.202, -11.0877], [-37.2192, -11.0765], [-37.2247, -11.0661], [-37.2256, -11.0434], [-37.2272, -11.0406], [-37.2503, -11.0352], [-37.2591, -11.0355], [-37.2706, -11.0288], [-37.2762, -11.0308], [-37.282, -11.0265], [-37.284, -11.0187], [-37.2874, -11.0142], [-37.2898, -11.0136], [-37.2924, -11.0158], [-37.2914, -11.0177], [-37.2949, -11.018], [-37.2955, -11.0156], [-37.2974, -11.0153], [-37.2944, -11.0144], [-37.3021, -11.0082], [-37.3006, -11.0047], [-37.3011, -10.9996], [-37.3026, -10.9947], [-37.3054, -10.992], [-37.3029, -10.9868], [-37.3086, -10.9828], [-37.3199, -10.9809], [-37.3252, -10.9766], [-37.3275, -10.9767], [-37.3281, -10.9742], [-37.3264, -10.9714], [-37.3233, -10.9698], [-37.327, -10.9684], [-37.3276, -10.9654], [-37.3325, -10.9634], [-37.3318, -10.9586], [-37.3338, -10.9516], [-37.3327, -10.9502], [-37.3351, -10.944], [-37.3277, -10.9331], [-37.3304, -10.9305], [-37.3181, -10.8322], [-37.3073, -10.8329], [-37.3184, -10.8321], [-37.2354, -10.8348], [-37.222, -10.8411], [-37.2149, -10.8481], [-37.2084, -10.8465], [-37.2036, -10.8486], [-37.2014, -10.8477], [-37.2004, -10.8501], [-37.198, -10.85], [-37.196, -10.8526], [-37.1938, -10.8514], [-37.1902, -10.8538], [-37.1878, -10.8528], [-37.1792, -10.8552], [-37.177, -10.8517], [-37.1772, -10.8473], [-37.1737, -10.8421], [-37.1692, -10.84], [-37.1671, -10.841], [-37.1669, -10.8392], [-37.1578, -10.836], [-37.1586, -10.8338], [-37.1567, -10.8319], [-37.1526, -10.8323], [-37.1516, -10.8347], [-37.1495, -10.8351], [-37.143, -10.832], [-37.1378, -10.8349], [-37.1332, -10.8351], [-37.1179, -10.832], [-37.1116, -10.8293], [-37.1088, -10.8268], [-37.1073, -10.8212], [-37.1015, -10.8181], [-37.0911, -10.8234], [-37.0843, -10.8219], [-37.0756, -10.8234], [-37.0573, -10.823], [-37.0458, -10.8259], [-37.0382, -10.8311], [-37.031, -10.84], [-37.0284, -10.8474], [-37.0339, -10.8701], [-37.0364, -10.8779], [-37.0435, -10.8898], [-37.0398, -10.8841], [-37.0316, -10.8864], [-37.028, -10.8852], [-37.0154, -10.8732], [-37.0157, -10.864], [-37.0092, -10.8649], [-37.0061, -10.8593], [-37.0023, -10.8612], [-36.9985, -10.8607], [-36.9935, -10.8568], [-36.993, -10.8528], [-36.9833, -10.849], [-36.9812, -10.8449], [-36.9824, -10.8408], [-36.9878, -10.8371], [-36.9851, -10.8328], [-36.9833, -10.8322], [-36.9841, -10.8345], [-36.9827, -10.8358], [-36.9787, -10.8321], [-36.9684, -10.8329], [-36.9653, -10.8205], [-36.9593, -10.8171], [-36.961, -10.8114], [-36.9592, -10.8073], [-36.956, -10.8089], [-36.9544, -10.8053], [-36.9498, -10.8022], [-36.9473, -10.7979], [-36.9384, -10.7953], [-36.9367, -10.7912], [-36.9373, -10.7873], [-36.936, -10.7869], [-36.9347, -10.7891], [-36.9327, -10.7863], [-36.9281, -10.7902], [-36.9272, -10.7865], [-36.925, -10.788], [-36.9246, -10.7859], [-36.9214, -10.7855], [-36.9161, -10.7805], [-36.9103, -10.7773], [-36.9051, -10.7765], [-36.904, -10.7736], [-36.8994, -10.7726], [-36.886, -10.7545], [-36.8822, -10.7444], [-36.8762, -10.7382], [-36.8692, -10.7438], [-36.865, -10.7411], [-36.862, -10.7429], [-36.8546, -10.7426], [-36.8527, -10.7442], [-36.8675, -10.7581], [-36.9138, -10.8084], [-36.9316, -10.832], [-36.9389, -10.8367], [-36.9531, -10.8515], [-37.0079, -10.9212], [-37.0261, -10.9514], [-37.03474862385321, -10.95690366972477], [-37.0346, -10.9573], [-37.0362, -10.9627], [-37.0335, -10.9713]], [[-37.0445, -10.9042], [-37.044308858465875, -10.905078437688733], [-37.0435, -10.8898], [-37.0445, -10.9042]], [[-37.161, -10.9235], [-37.16065524861878, -10.92342044198895], [-37.16108347826087, -10.923320521739129], [-37.161, -10.9235]], [[-37.0914, -10.941], [-37.1075, -10.9048], [-37.1021, -10.9171], [-37.0914, -10.941]], [[-37.1050800180018, -10.890773537353738], [-37.1051, -10.891], [-37.1021, -10.8926], [-37.1050800180018, -10.890773537353738]], [[-37.104594382022476, -10.887325842696638], [-37.1048, -10.8876], [-37.10495123966942, -10.889314049586732], [-37.104594382022476, -10.887325842696638]], [[-37.10289139784946, -10.885664516129031], [-37.1033, -10.8856], [-37.10386249999999, -10.886349999999991], [-37.10289139784946, -10.885664516129031]], [[-37.0986, -10.8869], [-37.098042105263154, -10.886430193905817], [-37.10227933884298, -10.885761157024792], [-37.0986, -10.8869]], [[-37.0967, -10.8853], [-37.09684887218045, -10.88458045112782], [-37.097341979522184, -10.885840614334475], [-37.0967, -10.8853]], [[-37.0973, -10.8824], [-37.10101900826447, -10.879300826446274], [-37.096997377269666, -10.883862676529926], [-37.0973, -10.8824]], [[-37.1029, -10.876266666666664], [-37.1034, -10.8766], [-37.103126959247646, -10.87690971786834], [-37.1029, -10.876266666666664]], [[-37.0925, -10.8743], [-37.1013, -10.8752], [-37.101881481481485, -10.875587654320988], [-37.0925, -10.8743]], [[-37.08204215573456, -10.862767050249328], [-37.0828, -10.8628], [-37.0925, -10.8743], [-37.08204215573456, -10.862767050249328]], [[-37.077584236453205, -10.862883251231526], [-37.0782, -10.8626], [-37.07989117647059, -10.862673529411765], [-37.077584236453205, -10.862883251231526]], [[-37.073079536679536, -10.865272019077901], [-37.0732, -10.8649], [-37.07663612334799, -10.863319383259928], [-37.073079536679536, -10.865272019077901]], [[-37.0705, -10.8739], [-37.07017758444217, -10.874233930399186], [-37.070951002227176, -10.87184543429843], [-37.0705, -10.8739]], [[-37.1723, -11.0837], [-37.1715999397953, -11.08439319686936], [-37.172748314606736, -11.082611235955062], [-37.1723, -11.0837]], [[-37.1737, -11.0803], [-37.1734207253886, -11.080978238341961], [-37.173477617328516, -11.079271480144406], [-37.1737, -11.0803]], [[-37.1729, -11.0766], [-37.173190909090906, -11.077945454545457], [-37.17163206239167, -11.074644367417669], [-37.1729, -11.0766]], [[-37.1611, -11.0584], [-37.165704046242766, -11.065501156069358], [-37.15931413807359, -11.05692666391071], [-37.1611, -11.0584]], [[-37.1571, -11.0551], [-37.15739007633588, -11.055339312977098], [-37.15679477911647, -11.05512670682731], [-37.1571, -11.0551]]], [[[-36.9169, -10.8419], [-36.917, -10.8435], [-36.9185, -10.8462], [-36.9195, -10.8466], [-36.9169, -10.8419]]]]}}]}