{"type": "FeatureCollection", "features": [{"type": "Feature", "properties": {"metro_id": "JPM01", "metro_name": "Tokyo (Kanto MMA)", "n_members": 215, "n_missing": 0, "n_prefs": 9, "prefs": "Chiba、Gunma、Ibaraki、Kanagawa、Saitama、Shizuoka、Tochigi、Tokyo、Yamanashi"}, "geometry": {"type": "MultiPolygon", "coordinates": [[[[139.1733, 35.0428], [139.1772, 35.0386], [139.1686, 35.0361], [139.1636, 35.0425], [139.1644, 35.0439], [139.1676, 35.0433], [139.1733, 35.0428]]], [[[139.0828, 35.1012], [139.0763, 35.0973], [139.0753, 35.0914], [139.0775, 35.0897], [139.0769, 35.0919], [139.0805, 35.0934], [139.0828, 35.0861], [139.0747, 35.0803], [139.0793, 35.0691], [139.0764, 35.0663], [139.0741, 35.06], [139.0689, 35.0559], [139.0741, 35.0473], [139.0796, 35.0479], [139.0856, 35.0453], [139.0928, 35.05], [139.1, 35.0461], [139.1011, 35.0439], [139.0983, 35.0336], [139.099, 35.0302], [139.0849, 35.0349], [139.0796, 35.0352], [139.0759, 35.034], [139.0659, 35.0255], [139.045, 35.0263], [139.0388, 35.0286], [139.0304, 35.0357], [139.0294, 35.0595], [139.0245, 35.0723], [139.0231, 35.0823], [139.0293, 35.0989], [139.0296, 35.1171], [139.0322, 35.1267], [139.031, 35.1433], [139.03288365424007, 35.1465716099959], [139.0266, 35.1741], [139.0393, 35.1759], [139.0476, 35.1835], [139.0552, 35.1867], [139.0763, 35.2006], [139.0834, 35.2058], [139.0891, 35.216], [139.0967, 35.222], [139.1076, 35.2268], [139.1166, 35.2272], [139.1192, 35.2302], [139.1171, 35.2327], [139.0961, 35.2417], [139.0927, 35.2413], [139.0889, 35.2358], [139.0853, 35.2351], [139.078, 35.2392], [139.0641, 35.2436], [139.0626, 35.2488], [139.0665, 35.2559], [139.0612, 35.2711], [139.0555, 35.2768], [139.049, 35.2806], [139.0368, 35.2762], [139.0281, 35.2751], [139.0196, 35.2806], [139.0134, 35.2825], [139.0082, 35.2884], [139.017, 35.3169], [139.0216, 35.3266], [139.0206, 35.3282], [139.0136, 35.3391], [139.0131, 35.3505], [139.0089, 35.3722], [139.0024, 35.3799], [139.0042, 35.3901], [138.9966, 35.4002], [138.975, 35.4018], [138.9414, 35.3959], [138.9196, 35.3987], [138.9224, 35.4087], [138.9333, 35.4175], [138.9297, 35.4275], [138.9403, 35.4457], [138.9422813384113, 35.446934276387374], [138.9256, 35.4483], [138.9369, 35.4766], [138.9425, 35.4844], [138.9601, 35.4935], [138.9814, 35.5122], [138.9899, 35.5159], [139.0031, 35.519], [139.0145, 35.5332], [139.0274, 35.5446], [139.0241, 35.5528], [139.00719388275277, 35.573882922684795], [138.9745, 35.567], [138.9662, 35.5672], [138.9602, 35.5702], [138.9561, 35.5764], [138.9519, 35.5917], [138.9459, 35.5948], [138.9404, 35.5933], [138.9312, 35.5868], [138.9212, 35.5847], [138.8833, 35.5712], [138.8611, 35.5706], [138.8412, 35.5761], [138.8282, 35.5765], [138.8216, 35.5746], [138.8086, 35.5663], [138.8011, 35.5636], [138.7958, 35.5636], [138.7868, 35.5739], [138.7732, 35.5842], [138.7712, 35.5906], [138.7711, 35.6039], [138.8148, 35.6224], [138.8333, 35.6275], [138.8459, 35.6383], [138.8494, 35.6495], [138.8507, 35.6688], [138.8591, 35.684], [138.8571, 35.7072], [138.8599, 35.7188], [138.8636, 35.7262], [138.8948, 35.7338], [138.9171, 35.7341], [138.9388, 35.7295], [138.9497, 35.7254], [138.9675, 35.7141], [138.9773, 35.7042], [138.9986, 35.7115], [139.0196, 35.7296], [139.0269, 35.7179], [139.045, 35.7072], [139.0746, 35.6933], [139.0859, 35.6916], [139.0958, 35.688], [139.106, 35.6883], [139.1335, 35.67], [139.1641, 35.6646], [139.1751, 35.6471], [139.1649, 35.6635], [139.1702, 35.6744], [139.1728, 35.6877], [139.1722, 35.7074], [139.1698, 35.7181], [139.1703, 35.7283], [139.1678, 35.7347], [139.1608, 35.7424], [139.156, 35.7439], [139.1454, 35.751], [139.1439, 35.7621], [139.1337, 35.7636], [139.1338, 35.7648], [139.1375, 35.7717], [139.1415, 35.7741], [139.1426, 35.7725], [139.1418, 35.7747], [139.1507, 35.7872], [139.1635, 35.7952], [139.1765, 35.7999], [139.1801, 35.8065], [139.1802, 35.8118], [139.1779, 35.8187], [139.1792, 35.828], [139.1706, 35.8385], [139.1646, 35.8503], [139.1868, 35.8403], [139.1465, 35.8601], [139.1147, 35.8616], [139.1013, 35.8651], [139.1072, 35.8714], [139.1107, 35.8785], [139.1163, 35.8849], [139.1178, 35.8898], [139.1108, 35.9106], [139.1049, 35.9228], [139.0975, 35.9335], [139.0991, 35.9444], [139.09, 35.9532], [139.0886, 35.957], [139.0897, 35.9803], [139.0986, 35.9986], [139.1047, 36.0016], [139.109, 36.0019], [139.1211, 35.9954], [139.1371, 35.9963], [139.1659, 35.9892], [139.1737, 35.985], [139.178, 35.991], [139.1618, 36.0193], [139.1587, 36.0217], [139.1606, 36.0564], [139.1644, 36.073], [139.1638, 36.076], [139.1591, 36.0822], [139.1527, 36.0857], [139.1498, 36.088], [139.1479, 36.096], [139.1442, 36.1022], [139.1432, 36.1075], [139.1449, 36.1148], [139.152, 36.1226], [139.1635, 36.1248], [139.1681, 36.1299], [139.164, 36.1357], [139.1573, 36.1367], [139.1453, 36.1414], [139.14669999999998, 36.142799999999994], [139.1434, 36.1417], [139.1354, 36.1449], [139.1272, 36.143], [139.1074, 36.1328], [139.0871, 36.1176], [139.076, 36.1165], [139.0706, 36.1175], [139.0661, 36.123], [139.0668, 36.1271], [139.0713, 36.1351], [139.0847, 36.1404], [139.0843, 36.1432], [139.0782, 36.1467], [139.0761, 36.1527], [139.0851, 36.1597], [139.0867, 36.1738], [139.0949, 36.1869], [139.0993, 36.1897], [139.1065, 36.1879], [139.1128, 36.1899], [139.1157, 36.1931], [139.1176, 36.2023], [139.1201, 36.2039], [139.1237, 36.203], [139.1313, 36.1951], [139.1365, 36.1951], [139.1402, 36.201], [139.1381, 36.2075], [139.1483, 36.2141], [139.1476, 36.2209], [139.1738, 36.2289], [139.1413, 36.2198], [139.1324, 36.2154], [139.1259, 36.2176], [139.1207, 36.225], [139.1163, 36.2278], [139.093, 36.2265], [139.1017, 36.2385], [139.1108, 36.2581], [139.1211, 36.2657], [139.1303, 36.2759], [139.1656, 36.2737], [139.1761, 36.2691], [139.1806, 36.2672], [139.215, 36.256], [139.2516, 36.2384], [139.2534, 36.2388], [139.2819, 36.2445], [139.3095, 36.2345], [139.3313, 36.2329], [139.3365, 36.2359], [139.3405, 36.2382], [139.3639, 36.2434], [139.375, 36.2414], [139.3916, 36.2297], [139.4155, 36.217], [139.4456, 36.1949], [139.4569, 36.1885], [139.4669, 36.1861], [139.5000829619921, 36.18881072083879], [139.4963, 36.1887], [139.4955, 36.2065], [139.4796, 36.2111], [139.4644, 36.2125], [139.4622, 36.2161], [139.4641, 36.2229], [139.4676, 36.2237], [139.4785, 36.2246], [139.4973, 36.2204], [139.5067, 36.2224], [139.5097, 36.2259], [139.5086, 36.2291], [139.4908, 36.2359], [139.4872, 36.2421], [139.4863, 36.247], [139.4879, 36.2504], [139.5005, 36.2623], [139.5004, 36.2673], [139.4972, 36.2746], [139.5078, 36.2777], [139.5191, 36.2781], [139.5294, 36.2815], [139.5398, 36.2788], [139.5572, 36.2715], [139.5656, 36.2639], [139.6085, 36.2655], [139.6222, 36.2716], [139.6329, 36.2684], [139.6413, 36.2617], [139.6369, 36.25], [139.6441, 36.2399], [139.6534, 36.2354], [139.6611, 36.2283], [139.6625, 36.2176], [139.6469, 36.1936], [139.6354, 36.1925], [139.622, 36.1864], [139.6253, 36.1879], [139.6453, 36.1728], [139.6407, 36.1609], [139.6413, 36.1571], [139.6453, 36.1533], [139.6476, 36.1474], [139.6471, 36.1334], [139.6441, 36.1277], [139.6441, 36.1242], [139.6489, 36.1203], [139.6665, 36.115], [139.668, 36.1106], [139.6716, 36.1076], [139.6526, 36.0989], [139.6434, 36.0894], [139.6498, 36.0832], [139.6629, 36.0759], [139.6746, 36.0789], [139.6951, 36.0752], [139.7074, 36.077], [139.7107, 36.0819], [139.7106, 36.0848], [139.7076, 36.0869], [139.7012, 36.0875], [139.6998, 36.0892], [139.7011, 36.0942], [139.7039, 36.0972], [139.7335, 36.095], [139.7404, 36.0833], [139.7306, 36.1009], [139.7255, 36.1146], [139.7176, 36.122], [139.7149, 36.1285], [139.7003, 36.1518], [139.6965, 36.1641], [139.6946, 36.177], [139.6974, 36.189], [139.7053, 36.2007], [139.693, 36.205], [139.6987, 36.2103], [139.699, 36.2235], [139.6963, 36.2284], [139.6959, 36.2352], [139.6989, 36.2452], [139.7129, 36.2501], [139.7324, 36.2616], [139.7302, 36.2716], [139.7335, 36.2845], [139.7278, 36.298], [139.7288, 36.3004], [139.7349, 36.3044], [139.7373, 36.317], [139.746, 36.3206], [139.7506, 36.3244], [139.7547, 36.3399], [139.7667, 36.3498], [139.7728, 36.3577], [139.7867, 36.3692], [139.7934, 36.3727], [139.8039, 36.3742], [139.8075, 36.3821], [139.8104, 36.384], [139.8104, 36.3897], [139.815, 36.4003], [139.8217, 36.3981], [139.8262, 36.3985], [139.8343, 36.405], [139.835, 36.4238], [139.8401, 36.4438], [139.8374, 36.454], [139.8494, 36.4631], [139.8485, 36.4821], [139.8637, 36.4752], [139.8739, 36.4759], [139.8783, 36.4689], [139.8798, 36.4617], [139.8722, 36.4524], [139.8769, 36.4337], [139.8696, 36.418], [139.8695, 36.4145], [139.8907, 36.4129], [139.9199, 36.3965], [139.9387, 36.3983], [139.9232, 36.3744], [139.9165, 36.3571], [139.9205, 36.3349], [139.9174, 36.3332], [139.9112, 36.297], [139.8926, 36.3076], [139.88, 36.3107], [139.8537, 36.3085], [139.8399, 36.2924], [139.8413, 36.2699], [139.8348, 36.2612], [139.8321, 36.25], [139.8257, 36.2389], [139.8160046232965, 36.235092244793], [139.8191, 36.2299], [139.8208, 36.207], [139.823, 36.2038], [139.8325, 36.2038], [139.8377, 36.2101], [139.8479, 36.2179], [139.8531, 36.2177], [139.8573, 36.2141], [139.8688, 36.188], [139.8702, 36.1781], [139.8684, 36.175], [139.8615, 36.1736], [139.8584, 36.1712], [139.8571, 36.1635], [139.8674, 36.15], [139.8528, 36.1472], [139.8497, 36.1484], [139.8453, 36.1541], [139.8412, 36.1553], [139.8389, 36.1529], [139.8392, 36.1464], [139.8357, 36.1426], [139.8378, 36.1365], [139.8459, 36.1282], [139.8458, 36.1174], [139.838, 36.1034], [139.8372, 36.0988], [139.8407, 36.0838], [139.8458, 36.0736], [139.8463, 36.0649], [139.8431, 36.0608], [139.8373, 36.0578], [139.8215111171249, 36.0552018294003], [139.8399, 36.0385], [139.8501, 36.0309], [139.8595, 36.0266], [139.8733, 36.0129], [139.8827, 36.0], [139.892, 35.9826], [139.9009, 35.9752], [139.9121, 35.9706], [139.9169956656347, 35.96955092879257], [139.9158, 35.9836], [139.9169, 35.993], [139.9219, 36.0046], [139.9231, 36.0153], [139.9418, 36.0232], [139.9478, 36.0285], [139.9499, 36.0334], [139.9484, 36.0469], [139.9393, 36.068], [139.9437, 36.0829], [139.9372, 36.0913], [139.9146, 36.102], [139.9053, 36.1096], [139.897, 36.1199], [139.8904, 36.1246], [139.8932, 36.1321], [139.8962, 36.1368], [139.8996, 36.1384], [139.9401, 36.1371], [139.9559, 36.1416], [139.9624, 36.142], [139.976, 36.1381], [139.9843, 36.132], [139.9883, 36.1314], [140.004, 36.1406], [140.004, 36.1432], [140.007, 36.1567], [140.0255, 36.1871], [140.0397, 36.1973], [140.0451, 36.206], [140.0532, 36.2137], [140.0561, 36.2209], [140.057, 36.2366], [140.0643, 36.2333], [140.076, 36.2246], [140.1128, 36.2243], [140.129, 36.204], [140.1379, 36.1824], [140.1389, 36.1698], [140.1751, 36.1716], [140.2134, 36.187], [140.2172, 36.1958], [140.2143, 36.2038], [140.2157, 36.2082], [140.226, 36.2081], [140.2329, 36.2057], [140.2369, 36.2027], [140.2501, 36.1821], [140.2568, 36.1772], [140.2685, 36.1745], [140.2727, 36.171], [140.2725, 36.161], [140.2591, 36.1493], [140.2533, 36.1421], [140.2535, 36.1362], [140.272, 36.1351], [140.3079, 36.1254], [140.3171, 36.1213], [140.3243, 36.1216], [140.3339, 36.1266], [140.3412, 36.122], [140.3577, 36.116], [140.3718, 36.1087], [140.3781, 36.1027], [140.3794, 36.093], [140.3849, 36.0886], [140.3921, 36.0868], [140.3928, 36.0814], [140.3854, 36.0714], [140.3724, 36.0604], [140.368, 36.0584], [140.348, 36.0582], [140.3399, 36.0603], [140.3055, 36.0615], [140.299, 36.0603], [140.2926, 36.056], [140.2852, 36.0581], [140.2713, 36.0639], [140.246, 36.066], [140.2417, 36.0732], [140.2405, 36.0791], [140.2367, 36.0837], [140.2156, 36.0833], [140.215, 36.0761], [140.2229, 36.0713], [140.2263, 36.0656], [140.2264, 36.0568], [140.2249, 36.0532], [140.2397, 36.0359], [140.2527, 36.0309], [140.2714, 36.0316], [140.2786, 36.0289], [140.2938, 36.0264], [140.3509, 36.0236], [140.3694, 36.0089], [140.3735, 36.0017], [140.371, 35.9975], [140.3609, 35.9948], [140.3558, 35.9959], [140.3482, 36.0017], [140.3432, 36.0015], [140.3383, 35.9991], [140.3166, 35.9807], [140.3065, 35.9754], [140.302, 35.9753], [140.2954, 35.9779], [140.2834, 35.9853], [140.275, 35.9803], [140.2604, 35.9773], [140.273, 35.9591], [140.276, 35.9505], [140.2757, 35.9464], [140.2672, 35.9367], [140.2613, 35.9324], [140.2444, 35.8948], [140.24085000000002, 35.8944], [140.2585, 35.8944], [140.2743, 35.8919], [140.2801, 35.8832], [140.2932, 35.8822], [140.3017, 35.8783], [140.3073, 35.8777], [140.3163, 35.882], [140.3182, 35.8913], [140.3213, 35.8949], [140.3257, 35.8942], [140.3309, 35.8881], [140.3368, 35.8881], [140.3512, 35.8997], [140.3742, 35.9107], [140.3786, 35.911], [140.3817, 35.9088], [140.38033058103977, 35.89960532983836], [140.3931, 35.904], [140.4047, 35.9062], [140.4259, 35.9034], [140.4383, 35.9085], [140.454, 35.9144], [140.4662, 35.9165], [140.4761, 35.9143], [140.4852, 35.9078], [140.4992, 35.9035], [140.5092, 35.8982], [140.5213, 35.895], [140.5316, 35.8993], [140.5436, 35.8998], [140.5576, 35.8992], [140.5674, 35.8966], [140.5885, 35.884], [140.6049, 35.8686], [140.6153, 35.8614], [140.625, 35.8565], [140.6488, 35.8505], [140.6483, 35.8076], [140.6461, 35.8036], [140.6369, 35.7975], [140.6318, 35.7898], [140.6231, 35.7832], [140.6147, 35.7735], [140.585, 35.7664], [140.5663, 35.751], [140.5668, 35.7463], [140.5643, 35.7364], [140.566, 35.733], [140.5736, 35.7288], [140.5809, 35.7275], [140.5955, 35.7327], [140.598, 35.7306], [140.5976, 35.725], [140.5952, 35.7205], [140.5856, 35.7164], [140.5849, 35.7129], [140.5997, 35.7043], [140.6138, 35.6778], [140.6224, 35.6707], [140.559, 35.6284], [140.5352, 35.6102], [140.5305, 35.6115], [140.5336, 35.6083], [140.5237, 35.6018], [140.4936, 35.5761], [140.4919, 35.5728], [140.4764, 35.5586], [140.4722, 35.5517], [140.4654, 35.5454], [140.4614, 35.5406], [140.4652, 35.5365], [140.4575, 35.5408], [140.4603, 35.5383], [140.4597, 35.5358], [140.4617, 35.5372], [140.4622, 35.5361], [140.4605, 35.5343], [140.4553, 35.5336], [140.4456, 35.5222], [140.4274, 35.4943], [140.4225, 35.4878], [140.4227, 35.4851], [140.4183, 35.48], [140.4119, 35.4657], [140.4061, 35.4536], [140.3953, 35.4189], [140.3928, 35.3969], [140.3908, 35.3933], [140.3914, 35.3853], [140.3908, 35.3672], [140.3925, 35.3458], [140.3959, 35.3325], [140.3984, 35.3294], [140.3958927765237, 35.32850662151994], [140.4018, 35.3297], [140.4105, 35.3196], [140.4141, 35.3118], [140.4149, 35.3047], [140.409, 35.2968], [140.4074, 35.2972], [140.4097, 35.3005], [140.4069, 35.3006], [140.4058, 35.2969], [140.4019, 35.2969], [140.3961, 35.2989], [140.3894, 35.3051], [140.3914, 35.3011], [140.3956, 35.2979], [140.4051, 35.2941], [140.4079, 35.2955], [140.4081, 35.2936], [140.4012, 35.2778], [140.399, 35.2674], [140.3992, 35.2581], [140.4055, 35.2561], [140.4024, 35.2562], [140.405, 35.253], [140.401, 35.255], [140.4072, 35.2497], [140.4043, 35.2494], [140.406, 35.2383], [140.3997, 35.2302], [140.4007, 35.2269], [140.3979, 35.2232], [140.3956, 35.2132], [140.3923, 35.2093], [140.394, 35.2024], [140.3875, 35.1966], [140.385, 35.1922], [140.3849, 35.1883], [140.3769, 35.1804], [140.3718, 35.1787], [140.3676, 35.1787], [140.3628, 35.1825], [140.3572, 35.1839], [140.3514, 35.1822], [140.3443, 35.172], [140.3397, 35.1703], [140.3331, 35.1639], [140.332, 35.161], [140.3331, 35.1575], [140.3272, 35.1494], [140.3259, 35.1389], [140.3152, 35.138], [140.3109, 35.1349], [140.3127, 35.1419], [140.3119, 35.1475], [140.3064, 35.1508], [140.2991, 35.1512], [140.2949, 35.1459], [140.2906, 35.1447], [140.2914, 35.1416], [140.2903, 35.1389], [140.2924, 35.1377], [140.2903, 35.1362], [140.2872, 35.1369], [140.2858, 35.1339], [140.2842, 35.1355], [140.2814, 35.1334], [140.28, 35.1347], [140.2801, 35.1335], [140.2781, 35.1333], [140.278, 35.1311], [140.2744, 35.1303], [140.2736, 35.1319], [140.2767, 35.135], [140.2725, 35.1383], [140.2689, 35.1365], [140.2687, 35.1347], [140.2666, 35.1357], [140.2658, 35.1336], [140.2622, 35.1344], [140.2631, 35.1369], [140.2619, 35.1381], [140.2577, 35.1379], [140.2567, 35.1339], [140.2528, 35.1333], [140.2511, 35.1353], [140.248, 35.1342], [140.2489, 35.1283], [140.245, 35.1247], [140.2414, 35.1253], [140.2364, 35.1211], [140.2345, 35.1215], [140.2379, 35.1185], [140.2367, 35.1167], [140.2255, 35.1142], [140.2229, 35.1163], [140.2178, 35.1153], [140.2179, 35.1355], [140.2162, 35.1427], [140.2104, 35.1521], [140.1924, 35.1677], [140.1736, 35.1621], [140.1665, 35.1632], [140.1633, 35.1661], [140.1524, 35.1865], [140.1317, 35.1862], [140.0949, 35.1718], [140.0711, 35.1697], [140.0413, 35.1587], [140.037, 35.159], [140.0315, 35.1644], [140.0291, 35.1649], [140.0176, 35.1577], [139.9923, 35.1538], [139.9751, 35.1528], [139.9358906582008, 35.144738266172126], [139.9301, 35.1292], [139.9144, 35.1135], [139.8634, 35.1086], [139.8456, 35.0944], [139.8406, 35.0924], [139.836, 35.0991], [139.828, 35.0995], [139.8286, 35.1022], [139.8244, 35.1015], [139.8272, 35.1051], [139.8247, 35.1068], [139.8276, 35.1106], [139.825, 35.1135], [139.8316, 35.1195], [139.8309, 35.1239], [139.8356, 35.1245], [139.8353, 35.1296], [139.8393, 35.1306], [139.8363, 35.1341], [139.8363, 35.1397], [139.8301, 35.1461], [139.8299, 35.1492], [139.8216, 35.154], [139.8232, 35.1526], [139.8185, 35.1544], [139.8189, 35.1617], [139.8221, 35.1657], [139.817, 35.1686], [139.8177, 35.1702], [139.816, 35.1723], [139.8184, 35.1733], [139.8164, 35.1768], [139.8188, 35.1813], [139.8176, 35.1849], [139.8185, 35.1885], [139.8245, 35.1981], [139.8282, 35.1994], [139.8308, 35.2038], [139.8438, 35.2082], [139.8503, 35.2135], [139.8623, 35.2176], [139.8703, 35.2149], [139.8656, 35.2188], [139.8706, 35.2228], [139.8682, 35.2461], [139.8646, 35.2541], [139.8594, 35.2606], [139.8473, 35.2719], [139.8488, 35.2735], [139.8481, 35.2767], [139.8505, 35.2767], [139.8529, 35.2805], [139.8524, 35.2856], [139.8448, 35.2922], [139.83, 35.3001], [139.8172, 35.304], [139.8123, 35.307], [139.7843, 35.3134], [139.7983, 35.3136], [139.8186, 35.3163], [139.8196, 35.3196], [139.8166, 35.3243], [139.8222, 35.3272], [139.8203, 35.3245], [139.8223, 35.3236], [139.8277, 35.3288], [139.8395, 35.3345], [139.837, 35.3371], [139.8291, 35.3368], [139.823, 35.3438], [139.831, 35.3526], [139.8327, 35.3525], [139.8355, 35.3484], [139.8428, 35.3529], [139.847, 35.3473], [139.8493, 35.347], [139.854, 35.3502], [139.8553, 35.3469], [139.8586, 35.3481], [139.8517, 35.3575], [139.8394, 35.3665], [139.8456, 35.3751], [139.8595, 35.3688], [139.8709, 35.3663], [139.8794, 35.3625], [139.8915, 35.3611], [139.895, 35.3582], [139.8957, 35.3519], [139.8959, 35.3601], [139.8878, 35.3699], [139.8895, 35.3719], [139.8961, 35.3702], [139.8996, 35.3721], [139.9021, 35.3684], [139.9058, 35.3695], [139.9045, 35.3746], [139.8988, 35.3727], [139.8984, 35.3757], [139.9105, 35.3807], [139.9139, 35.3769], [139.9142, 35.3806], [139.9126, 35.3828], [139.9169, 35.3812], [139.9166, 35.3845], [139.9186, 35.3884], [139.9116, 35.391], [139.9055, 35.3897], [139.8991, 35.4078], [139.906, 35.4125], [139.9072, 35.4156], [139.8992, 35.4097], [139.8962, 35.4104], [139.8978, 35.4179], [139.8969, 35.4238], [139.9006, 35.424], [139.9036, 35.4316], [139.9182, 35.4379], [139.9204, 35.4405], [139.9255, 35.4398], [139.9381, 35.4425], [139.9404, 35.4442], [139.9466, 35.4429], [139.9501, 35.4425], [139.9487, 35.4438], [139.9509, 35.4561], [139.9603, 35.4586], [139.9622, 35.4585], [139.9649, 35.4501], [139.9557, 35.448], [139.953, 35.4531], [139.9552, 35.4463], [139.9543, 35.4439], [139.9576, 35.4464], [139.9653, 35.4478], [139.9689, 35.4461], [139.9728, 35.4479], [139.9729, 35.4508], [139.9661, 35.4646], [139.966, 35.4686], [139.9728, 35.4718], [139.9762, 35.4718], [139.9806, 35.4743], [139.9835, 35.4736], [139.9924, 35.4581], [139.9893, 35.4531], [139.9899, 35.4518], [139.9964, 35.4579], [139.9937, 35.4596], [139.9896, 35.4703], [139.9943, 35.4723], [140.0, 35.4664], [140.0032, 35.4687], [139.9978, 35.4747], [140.0061, 35.4796], [140.0132, 35.4771], [140.0191, 35.4683], [140.02188932912009, 35.46781908118619], [140.0188, 35.4723], [140.01872385706778, 35.47258139779298], [140.0183, 35.4732], [140.01866990950225, 35.47278076923078], [140.0165, 35.4808], [140.011, 35.4838], [140.0217, 35.4967], [140.0274, 35.4951], [140.0299, 35.4972], [140.0286, 35.4945], [140.0316, 35.4929], [140.0336, 35.4936], [140.0342, 35.4959], [140.0264, 35.5003], [140.0252, 35.5026], [140.0333, 35.5115], [140.035, 35.5118], [140.0417, 35.508], [140.0441, 35.5099], [140.0452, 35.5114], [140.0378, 35.5162], [140.0496, 35.5308], [140.0583, 35.5285], [140.0585, 35.5303], [140.054, 35.5346], [140.0608, 35.5435], [140.0654, 35.5423], [140.0659, 35.5389], [140.0699, 35.5381], [140.0765, 35.533], [140.0802, 35.5265], [140.0808, 35.5204], [140.08, 35.5298], [140.0687, 35.5434], [140.0688, 35.5484], [140.0734, 35.5504], [140.0792, 35.5471], [140.095, 35.5367], [140.0964, 35.5331], [140.0953, 35.5306], [140.0978, 35.5297], [140.0965, 35.5363], [140.0999, 35.5389], [140.0977, 35.5411], [140.0949, 35.5401], [140.0899, 35.5425], [140.0931, 35.5458], [140.0907, 35.547], [140.0879, 35.5459], [140.0859, 35.5476], [140.0877, 35.5521], [140.0945, 35.5553], [140.112, 35.5505], [140.1124, 35.5485], [140.1096, 35.5441], [140.1158, 35.5398], [140.116, 35.5413], [140.1109, 35.5454], [140.1151, 35.5517], [140.1074, 35.5557], [140.0925, 35.5605], [140.091, 35.5616], [140.091, 35.565], [140.0978, 35.5668], [140.1265, 35.5687], [140.1113, 35.5705], [140.0858, 35.5696], [140.0812, 35.5854], [140.0829, 35.5891], [140.0869, 35.5875], [140.1026, 35.5875], [140.1052, 35.5822], [140.1051, 35.578], [140.1087, 35.5766], [140.1121, 35.5727], [140.1133, 35.5747], [140.1102, 35.5898], [140.1149, 35.5935], [140.116, 35.5928], [140.1167, 35.5963], [140.1118, 35.5928], [140.1069, 35.592], [140.1052, 35.5939], [140.1081, 35.5998], [140.1062, 35.6012], [140.1022, 35.5942], [140.0891, 35.5943], [140.091, 35.5982], [140.0959, 35.5984], [140.0992, 35.6052], [140.0978, 35.606], [140.0945, 35.6031], [140.0832, 35.6131], [140.0796, 35.6103], [140.0871, 35.6014], [140.0835, 35.5967], [140.0702, 35.6103], [140.0444, 35.6312], [140.0487, 35.6357], [140.0437, 35.632], [140.0372, 35.6358], [140.0322, 35.6422], [140.0255, 35.6468], [140.0138, 35.6573], [140.0073, 35.6579], [140.0012, 35.6556], [139.9872, 35.6545], [139.9871, 35.6603], [139.9952, 35.6612], [139.9969, 35.6591], [140.0, 35.6597], [140.0021, 35.661], [140.0026, 35.6647], [139.9965, 35.6663], [139.9945, 35.6645], [139.9859, 35.6641], [139.9849, 35.6724], [139.9909, 35.6726], [139.9894, 35.6753], [139.9842, 35.6774], [139.9872, 35.6894], [139.9849, 35.6903], [139.9837, 35.6887], [139.9852, 35.6851], [139.9828, 35.6817], [139.9766, 35.6826], [139.9681, 35.6944], [139.9765, 35.6827], [139.9642, 35.6817], [139.9594, 35.6792], [139.9556, 35.6856], [139.9579, 35.6768], [139.9531, 35.672], [139.9389, 35.6928], [139.9325, 35.7], [139.9296, 35.7008], [139.9272, 35.7031], [139.9253, 35.7022], [139.931, 35.6974], [139.9303, 35.6964], [139.9378, 35.6872], [139.9428, 35.6778], [139.9366, 35.6731], [139.9323, 35.675], [139.933, 35.6722], [139.9297, 35.6702], [139.9445, 35.6733], [139.9473, 35.671], [139.9473, 35.6692], [139.9296, 35.6659], [139.9222, 35.6611], [139.919, 35.6559], [139.9369, 35.6432], [139.9387, 35.6398], [139.9272, 35.6332], [139.9246, 35.6342], [139.9237, 35.6334], [139.9249, 35.6321], [139.9101, 35.6245], [139.9047, 35.6283], [139.9057, 35.632], [139.9023, 35.6296], [139.8983, 35.6306], [139.9064, 35.6228], [139.8974, 35.6164], [139.8933, 35.6245], [139.8908, 35.6249], [139.8884, 35.6218], [139.8848, 35.6221], [139.8746, 35.6247], [139.8723, 35.6276], [139.8742, 35.6368], [139.885, 35.6444], [139.8886, 35.655], [139.8872, 35.6631], [139.8861, 35.6547], [139.8828, 35.6464], [139.8736, 35.6422], [139.8708, 35.6391], [139.8601, 35.6383], [139.8554, 35.6393], [139.8495, 35.6429], [139.8502, 35.6589], [139.8483, 35.6606], [139.8499, 35.6768], [139.8571, 35.6876], [139.8596, 35.6967], [139.8561, 35.7071], [139.8335, 35.7282], [139.8319, 35.7269], [139.8371, 35.7218], [139.8428, 35.7164], [139.8517, 35.7071], [139.8541, 35.7022], [139.8548, 35.6953], [139.8502, 35.6861], [139.8443, 35.6759], [139.8404, 35.6345], [139.8216, 35.6311], [139.82, 35.6389], [139.8235, 35.6431], [139.8217, 35.6452], [139.8206, 35.6537], [139.8301, 35.6546], [139.8363, 35.6511], [139.8389, 35.6558], [139.8068, 35.6551], [139.8033, 35.6527], [139.8069, 35.6377], [139.8052, 35.6364], [139.7977, 35.6362], [139.8023, 35.6276], [139.8016, 35.6238], [139.7982, 35.6218], [139.7941, 35.6273], [139.7895, 35.6288], [139.7977, 35.6184], [139.7969, 35.6154], [139.7937, 35.614], [139.7853, 35.624], [139.7866, 35.6274], [139.7828, 35.6306], [139.7791, 35.6375], [139.7802, 35.6386], [139.7839, 35.6367], [139.7869, 35.6375], [139.7978, 35.6444], [139.7976, 35.6483], [139.7935, 35.6511], [139.7943, 35.6475], [139.786, 35.6427], [139.7795, 35.6396], [139.7764, 35.6422], [139.7905, 35.6525], [139.7899, 35.659], [139.7933, 35.6647], [139.791, 35.6667], [139.7878, 35.6748], [139.786, 35.6753], [139.7847, 35.6728], [139.7814, 35.6714], [139.7771, 35.6648], [139.7699, 35.6599], [139.7675, 35.6603], [139.7624, 35.6568], [139.7644, 35.6556], [139.7595, 35.6461], [139.7608, 35.6432], [139.7587, 35.6413], [139.7598, 35.638], [139.759, 35.6368], [139.755, 35.6382], [139.753, 35.6351], [139.7516, 35.626], [139.7503, 35.626], [139.7513, 35.6235], [139.7413, 35.627], [139.7518, 35.6229], [139.7507, 35.6053], [139.7484, 35.6023], [139.7459, 35.6022], [139.7475, 35.5993], [139.747, 35.5923], [139.7402, 35.5884], [139.7471, 35.5897], [139.7506, 35.5826], [139.7521, 35.5783], [139.7501, 35.5758], [139.7547, 35.5747], [139.7563, 35.5692], [139.7492, 35.5675], [139.7531, 35.5631], [139.7514, 35.5584], [139.7527, 35.5545], [139.7539, 35.5619], [139.7563, 35.5637], [139.7596, 35.5638], [139.7632, 35.5611], [139.7711, 35.5688], [139.7729, 35.5671], [139.7761, 35.5672], [139.7798, 35.5635], [139.7812, 35.565], [139.7911, 35.5525], [139.7923, 35.5465], [139.7986, 35.5375], [139.79, 35.5333], [139.782, 35.5383], [139.7761, 35.5379], [139.758, 35.5455], [139.7433, 35.5439], [139.7386, 35.5456], [139.7225, 35.5442], [139.7169, 35.5392], [139.7076, 35.5355], [139.7172, 35.5369], [139.7258, 35.5408], [139.7422, 35.5419], [139.7554, 35.5414], [139.7663, 35.5372], [139.7605, 35.5315], [139.7569, 35.5303], [139.7528, 35.525], [139.7536, 35.5242], [139.7567, 35.5269], [139.7599, 35.5258], [139.7657, 35.5159], [139.7649, 35.5121], [139.7524, 35.5085], [139.7499, 35.5128], [139.7492, 35.5189], [139.7475, 35.52], [139.7381, 35.5133], [139.745, 35.5161], [139.7484, 35.5124], [139.7491, 35.5076], [139.7456, 35.5048], [139.7345, 35.5009], [139.7331, 35.5021], [139.7328, 35.5125], [139.7313, 35.5155], [139.7298, 35.5151], [139.7318, 35.4992], [139.7199, 35.494], [139.7139, 35.5025], [139.7161, 35.5056], [139.7128, 35.5047], [139.7117, 35.5031], [139.7166, 35.495], [139.7134, 35.491], [139.7056, 35.4869], [139.6961, 35.4845], [139.695, 35.4869], [139.6973, 35.4903], [139.6946, 35.4896], [139.6915, 35.4914], [139.6898, 35.4893], [139.6882, 35.4917], [139.6888, 35.4877], [139.6927, 35.4819], [139.6901, 35.4795], [139.6845, 35.4794], [139.6811, 35.4853], [139.6772, 35.4989], [139.6803, 35.5042], [139.6842, 35.5058], [139.6822, 35.5067], [139.6769, 35.5019], [139.6761, 35.4975], [139.68, 35.4819], [139.6819, 35.4794], [139.6817, 35.4733], [139.6686, 35.4672], [139.6683, 35.4733], [139.6731, 35.4758], [139.669, 35.4805], [139.674, 35.4832], [139.6684, 35.4821], [139.6655, 35.4863], [139.6683, 35.4881], [139.6664, 35.4882], [139.6636, 35.487], [139.6646, 35.4853], [139.6626, 35.4845], [139.666, 35.4844], [139.6681, 35.4775], [139.6533, 35.4767], [139.651, 35.4796], [139.6514, 35.4817], [139.6486, 35.48], [139.6517, 35.4767], [139.645, 35.4753], [139.6533, 35.4725], [139.6489, 35.4682], [139.6529, 35.4639], [139.6467, 35.4682], [139.6424, 35.4682], [139.6424, 35.4704], [139.6404, 35.4718], [139.641, 35.4698], [139.6381, 35.4665], [139.6348, 35.4656], [139.632, 35.4667], [139.6304, 35.4649], [139.6327, 35.4647], [139.6316, 35.4616], [139.637, 35.462], [139.6378, 35.4572], [139.6365, 35.4561], [139.6377, 35.455], [139.6419, 35.4578], [139.6455, 35.4557], [139.6444, 35.4506], [139.6472, 35.4497], [139.6494, 35.4463], [139.6536, 35.4474], [139.6568, 35.4513], [139.6616, 35.4481], [139.6651, 35.449], [139.6636, 35.4461], [139.6564, 35.4436], [139.6608, 35.4424], [139.6637, 35.4445], [139.6658, 35.4415], [139.6647, 35.445], [139.6698, 35.4511], [139.6742, 35.4494], [139.6683, 35.4383], [139.6643, 35.4354], [139.6652, 35.4337], [139.6751, 35.446], [139.6769, 35.4442], [139.672, 35.4352], [139.675, 35.4352], [139.6792, 35.4422], [139.6815, 35.4407], [139.6762, 35.4311], [139.6794, 35.4328], [139.6852, 35.4418], [139.69, 35.4389], [139.6864, 35.4272], [139.6817, 35.4258], [139.6794, 35.422], [139.6758, 35.4235], [139.6782, 35.4209], [139.6772, 35.4181], [139.6807, 35.4143], [139.6805, 35.4125], [139.6692, 35.4022], [139.6664, 35.4033], [139.6681, 35.4064], [139.6669, 35.4075], [139.6608, 35.4073], [139.6517, 35.4128], [139.6435, 35.4119], [139.6335, 35.4081], [139.6311, 35.4107], [139.6278, 35.4093], [139.6304, 35.4056], [139.6417, 35.4072], [139.6456, 35.4031], [139.6361, 35.4006], [139.6257, 35.4005], [139.6228, 35.3931], [139.6254, 35.3921], [139.6327, 35.3944], [139.6367, 35.3904], [139.6284, 35.3864], [139.6291, 35.3838], [139.6324, 35.3827], [139.6384, 35.3851], [139.6461, 35.3909], [139.6528, 35.3873], [139.6475, 35.3825], [139.6519, 35.3778], [139.6488, 35.3749], [139.6513, 35.3737], [139.6543, 35.3751], [139.657, 35.3718], [139.6562, 35.3668], [139.6514, 35.3652], [139.651, 35.3619], [139.6526, 35.3571], [139.6572, 35.3515], [139.6569, 35.3428], [139.6447, 35.3395], [139.6398, 35.3441], [139.6389, 35.3408], [139.6367, 35.3405], [139.6341, 35.3374], [139.6354, 35.3351], [139.6343, 35.3318], [139.6291, 35.3294], [139.6224, 35.332], [139.6335, 35.3219], [139.6414, 35.3302], [139.6479, 35.3275], [139.6604, 35.3281], [139.661, 35.3221], [139.6543, 35.3215], [139.65, 35.3184], [139.6509, 35.3147], [139.6453, 35.3117], [139.6426, 35.3069], [139.6364, 35.3109], [139.6419, 35.3043], [139.6386, 35.2999], [139.6313, 35.3012], [139.6312, 35.2999], [139.6347, 35.298], [139.6335, 35.2954], [139.6438, 35.2983], [139.6478, 35.2939], [139.6492, 35.2886], [139.6606, 35.2832], [139.6572, 35.2903], [139.6613, 35.292], [139.6643, 35.2895], [139.665, 35.2917], [139.6628, 35.2943], [139.6612, 35.3005], [139.6722, 35.3013], [139.6794, 35.2955], [139.6772, 35.2929], [139.6802, 35.2901], [139.6776, 35.2881], [139.6718, 35.2876], [139.6747, 35.2839], [139.6787, 35.2851], [139.6776, 35.2794], [139.6851, 35.2763], [139.6849, 35.2734], [139.6877, 35.2699], [139.69, 35.2708], [139.6903, 35.2677], [139.6923, 35.2659], [139.704, 35.2633], [139.7143, 35.263], [139.7244, 35.2634], [139.7318, 35.2659], [139.7325, 35.2647], [139.731, 35.2638], [139.7334, 35.2617], [139.7368, 35.2622], [139.7467, 35.2564], [139.7458, 35.2528], [139.7388, 35.2497], [139.7373, 35.2471], [139.7343, 35.2474], [139.7326, 35.2406], [139.727, 35.2395], [139.7264, 35.2414], [139.7252, 35.2396], [139.7228, 35.2401], [139.7177, 35.2467], [139.7165, 35.2464], [139.716, 35.245], [139.7227, 35.2384], [139.7237, 35.2348], [139.7295, 35.2329], [139.7282, 35.2238], [139.7234, 35.224], [139.7198, 35.2277], [139.714, 35.2252], [139.7143, 35.2214], [139.7168, 35.2204], [139.7157, 35.217], [139.7233, 35.2187], [139.7252, 35.2143], [139.7243, 35.2117], [139.689, 35.2085], [139.6704, 35.1979], [139.664, 35.1926], [139.6556, 35.1851], [139.6549, 35.1754], [139.6592, 35.171], [139.6601, 35.1638], [139.663, 35.1597], [139.6665, 35.1596], [139.6679, 35.1576], [139.6789, 35.1571], [139.6803, 35.1512], [139.6789, 35.1477], [139.6801, 35.1461], [139.6765, 35.1446], [139.6772, 35.1396], [139.672, 35.1416], [139.6715, 35.1394], [139.6699, 35.1394], [139.6677, 35.1428], [139.6682, 35.1452], [139.6658, 35.1464], [139.6616, 35.1443], [139.6647, 35.1425], [139.6638, 35.1396], [139.6578, 35.1392], [139.6568, 35.137], [139.6497, 35.1422], [139.6486, 35.1416], [139.6499, 35.1399], [139.6462, 35.1376], [139.6395, 35.1381], [139.6395, 35.1403], [139.6375, 35.1411], [139.6308, 35.1396], [139.6273, 35.1366], [139.6226, 35.1386], [139.6178, 35.1381], [139.6119, 35.1414], [139.6092, 35.1403], [139.6158, 35.1477], [139.6077, 35.1531], [139.6069, 35.1559], [139.61, 35.1547], [139.6169, 35.1555], [139.6139, 35.1594], [139.6108, 35.1578], [139.6106, 35.1629], [139.6166, 35.1617], [139.6219, 35.1636], [139.626, 35.1618], [139.6276, 35.1635], [139.6249, 35.1631], [139.617, 35.1666], [139.6166, 35.1712], [139.6195, 35.1723], [139.6201, 35.175], [139.6143, 35.1828], [139.619, 35.1838], [139.6164, 35.1857], [139.6158, 35.1902], [139.6093, 35.1904], [139.60810532938564, 35.19288889711325], [139.6078, 35.1929], [139.6061, 35.1947], [139.6009, 35.1935], [139.5989, 35.1958], [139.6055, 35.2001], [139.6045, 35.2028], [139.6077, 35.2066], [139.6111, 35.2063], [139.61, 35.2093], [139.6142, 35.2099], [139.6195, 35.2073], [139.6231, 35.2077], [139.627, 35.2139], [139.6267, 35.2158], [139.6205, 35.2206], [139.6133, 35.223], [139.6086, 35.2219], [139.6061, 35.2235], [139.6041, 35.2207], [139.6021, 35.2212], [139.6032, 35.2308], [139.5987, 35.2353], [139.5997, 35.2386], [139.5961, 35.2406], [139.5936, 35.2444], [139.5914, 35.2446], [139.591, 35.2477], [139.58129725448788, 35.25340749736009], [139.5806, 35.2534], [139.5778, 35.2533], [139.5796, 35.2563], [139.578, 35.2596], [139.5752, 35.2601], [139.5769, 35.2622], [139.5753, 35.2646], [139.5672, 35.2672], [139.5702, 35.2698], [139.5687, 35.2727], [139.5711, 35.2754], [139.5675, 35.2826], [139.5676, 35.2853], [139.56918307254622, 35.28407439544808], [139.569, 35.2856], [139.5735, 35.2884], [139.5733, 35.2908], [139.5703, 35.2936], [139.5585, 35.2915], [139.5564, 35.2964], [139.5526, 35.2942], [139.5506, 35.2967], [139.5522, 35.3008], [139.55315585416162, 35.30122084445524], [139.5519, 35.3039], [139.5459, 35.3085], [139.5401, 35.3096], [139.5349, 35.3088], [139.532, 35.3043], [139.5262, 35.3015], [139.4986, 35.3066], [139.4938, 35.3052], [139.4911, 35.3075], [139.4833, 35.3072], [139.4808, 35.305], [139.4742, 35.3142], [139.4617, 35.3158], [139.4572, 35.3179], [139.4396, 35.3191], [139.4102, 35.3169], [139.3997, 35.3176], [139.3986, 35.3155], [139.3961, 35.3151], [139.389, 35.3165], [139.3805, 35.3145], [139.373, 35.3162], [139.3664, 35.3161], [139.3671, 35.3143], [139.3656, 35.3131], [139.3607, 35.3147], [139.348, 35.3151], [139.3356, 35.3128], [139.3319, 35.3157], [139.3315, 35.3206], [139.3313, 35.3154], [139.3328, 35.3139], [139.3244, 35.3103], [139.3205, 35.3102], [139.3171, 35.3053], [139.3085, 35.3057], [139.2688, 35.2971], [139.2499, 35.2929], [139.237, 35.2873], [139.2095, 35.278], [139.185, 35.2603], [139.1805, 35.2635], [139.1827, 35.2596], [139.1819, 35.2581], [139.1698, 35.2531], [139.1506, 35.2394], [139.1442, 35.2328], [139.1417, 35.2245], [139.1431, 35.2192], [139.1417, 35.2154], [139.1424, 35.2084], [139.1384, 35.1982], [139.1403, 35.1883], [139.1361, 35.1833], [139.1386, 35.1771], [139.1458, 35.1681], [139.1403, 35.1623], [139.1444, 35.1597], [139.1453, 35.1533], [139.1422, 35.1526], [139.1485, 35.15], [139.1509, 35.1471], [139.1578, 35.1472], [139.1608, 35.1428], [139.1606, 35.1406], [139.1562, 35.1418], [139.1511, 35.1406], [139.1474, 35.1444], [139.1433, 35.1449], [139.13160466321244, 35.151517098445595], [139.1335, 35.1502], [139.1208, 35.1494], [139.116, 35.1464], [139.1159, 35.1441], [139.1099, 35.1379], [139.1088, 35.1299], [139.0975, 35.1171], [139.0898, 35.1142], [139.087, 35.1111], [139.0871, 35.107], [139.0828, 35.1012]], [[139.0299, 35.3309], [139.03118430232558, 35.331856395348844], [139.0206, 35.3282], [139.0299, 35.3309]], [[139.16853018867926, 36.08797358490566], [139.1675, 36.0879], [139.1591, 36.0822], [139.16853018867926, 36.08797358490566]], [[139.34337827911858, 36.22639711437563], [139.3418, 36.2301], [139.3365, 36.2359], [139.34337827911858, 36.22639711437563]], [[139.6056, 36.2011], [139.6083, 36.1983], [139.622, 36.1864], [139.6056, 36.2011]], [[140.23400868073423, 35.93880410018871], [140.2342, 35.9387], [140.2613, 35.9324], [140.23400868073423, 35.93880410018871]], [[140.368, 35.212], [140.36512941984208, 35.213163748712674], [140.3875, 35.1966], [140.368, 35.212]], [[139.9542875658588, 35.70040126448893], [139.9545, 35.7], [139.9681, 35.6944], [139.9542875658588, 35.70040126448893]], [[139.3265, 35.3245], [139.32598292682928, 35.3245], [139.3315, 35.3206], [139.3265, 35.3245]], [[139.6205818087318, 36.25068139293139], [139.6206, 36.2515], [139.6129, 36.2569], [139.6205818087318, 36.25068139293139]], [[139.6045787564767, 36.248224870466316], [139.6125, 36.2458], [139.61475270758123, 36.246137906137186], [139.6045787564767, 36.248224870466316]], [[139.6008, 36.249], [139.59837744, 36.24845616], [139.60203346980552, 36.24874698055272], [139.6008, 36.249]], [[139.591, 36.2468], [139.5907424103036, 36.246428334866614], [139.5917716535433, 36.246973228346455], [139.591, 36.2468]], [[139.6095, 36.1608], [139.6136, 36.162], [139.61379367088605, 36.16294683544304], [139.6095, 36.1608]], [[139.57156310408925, 36.13639721189593], [139.5731, 36.1376], [139.5759, 36.1443], [139.57156310408925, 36.13639721189593]], [[139.5548, 36.1344], [139.5708, 36.1358], [139.5711507123604, 36.13607447054293], [139.5548, 36.1344]], [[139.52768667891593, 36.140471520440975], [139.5286, 36.1401], [139.5374, 36.14], [139.52768667891593, 36.140471520440975]], [[139.5328, 36.1187], [139.5361, 36.1103], [139.5406, 36.1053], [139.5487, 36.0996], [139.558, 36.0966], [139.5477, 36.0849], [139.5642, 36.0729], [139.5695, 36.0626], [139.5691, 36.0594], [139.5622, 36.0563], [139.5614, 36.054], [139.5668, 36.0451], [139.5681, 36.04], [139.5722, 36.0335], [139.5775, 36.0308], [139.5867, 36.0287], [139.5998, 36.0294], [139.6014, 36.033], [139.607, 36.0372], [139.6078, 36.04], [139.613, 36.0451], [139.6313, 36.0462], [139.6395, 36.0483], [139.6481, 36.0577], [139.6461, 36.0633], [139.6274, 36.0755], [139.6201, 36.0799], [139.6035, 36.0941], [139.6012, 36.0998], [139.6033, 36.1096], [139.5949, 36.1168], [139.5804, 36.1217], [139.5643, 36.1219], [139.5526, 36.1191], [139.5483, 36.1196], [139.5393, 36.123], [139.5328, 36.1187]], [[139.5628, 36.0355], [139.56258666666668, 36.03448666666667], [139.5681, 36.04], [139.5628, 36.0355]], [[139.5391977178423, 35.95553838174276], [139.5359, 35.96], [139.5334, 35.961], [139.5391977178423, 35.95553838174276]], [[139.5412, 35.9453], [139.5424, 35.9375], [139.541, 35.9531], [139.54035106853354, 35.95397796610168], [139.5412, 35.9453]], [[139.5526, 35.8916], [139.554, 35.8956], [139.5537069767442, 35.89737209302325], [139.5526, 35.8916]], [[139.5674972413793, 35.819245379310345], [139.5695, 35.8193], [139.5749, 35.8227], [139.5674972413793, 35.819245379310345]], [[139.573, 35.792], [139.5748, 35.789], [139.5697, 35.8005], [139.573, 35.792]], [[139.5791, 35.7867], [139.5816058823529, 35.785864705882375], [139.5748, 35.789], [139.5791, 35.7867]], [[139.5911, 35.7827], [139.5964, 35.7827], [139.58536557377053, 35.784611475409825], [139.5911, 35.7827]], [[139.5871, 35.7717], [139.59613679245282, 35.774946226415096], [139.596, 35.775], [139.5871, 35.7717]], [[139.5835, 35.7119], [139.5976, 35.7078], [139.58323114431772, 35.71209069996068], [139.5835, 35.7119]], [[139.6024, 35.6962], [139.6028, 35.702], [139.60267021630617, 35.70214475873544], [139.6024, 35.6962]], [[139.59864825174824, 35.68554125874126], [139.5989, 35.6868], [139.5971, 35.6901], [139.59864825174824, 35.68554125874126]], [[139.5938, 35.677], [139.5982, 35.6833], [139.59832372881354, 35.68391864406781], [139.5938, 35.677]], [[139.656, 35.6691], [139.66161885245901, 35.6702237704918], [139.6455, 35.6689], [139.656, 35.6691]], [[139.668, 35.6715], [139.6717, 35.6755], [139.66698157894737, 35.671296315789476], [139.668, 35.6715]], [[139.6917, 35.6853], [139.6965684210526, 35.68802631578946], [139.6717, 35.6755], [139.6917, 35.6853]], [[139.6964, 35.6809], [139.69679854014598, 35.68082250608273], [139.69530613810744, 35.68192404092071], [139.6964, 35.6809]], [[139.7, 35.6802], [139.70074489311165, 35.680276009501185], [139.69865263157894, 35.680461988304096], [139.7, 35.6802]], [[139.7049, 35.6807], [139.7122, 35.6847], [139.70210626865673, 35.680414925373135], [139.7049, 35.6807]], [[139.71550008250827, 35.68434323432343], [139.7153, 35.6845], [139.7122, 35.6847], [139.71550008250827, 35.68434323432343]], [[139.726712164297, 35.670286334913115], [139.7385, 35.6758], [139.7389680851064, 35.67549787234041], [139.738, 35.6763], [139.7278, 35.6713], [139.726712164297, 35.670286334913115]], [[139.7574, 35.6684], [139.75549200000003, 35.6683576], [139.7608448275862, 35.66805172413793], [139.758, 35.669], [139.7664, 35.6775], [139.7574, 35.6684]], [[139.76570689655173, 35.66618965517242], [139.7655, 35.6665], [139.76516037735848, 35.666613207547165], [139.76570689655173, 35.66618965517242]], [[139.42532274052476, 36.190534110787155], [139.4279, 36.1944], [139.4253, 36.1918], [139.42532274052476, 36.190534110787155]], [[139.4475, 36.1008], [139.44980832000002, 36.10521054000002], [139.43845525267994, 36.089277542113315], [139.43845773575563, 36.08927359722694], [139.4475, 36.1008]], [[139.4493, 36.0813], [139.43859135908193, 36.089061308555294], [139.4397, 36.0873], [139.4493, 36.0813]], [[139.44, 36.0719], [139.44213899999994, 36.07406199999995], [139.4395552631579, 36.071847368421054], [139.44, 36.0719]], [[139.38398636363635, 36.088156198347065], [139.3891, 36.0989], [139.3853, 36.0915], [139.38398636363635, 36.088156198347065]], [[139.37995860349127, 36.071103990024945], [139.3793807725322, 36.07643287553646], [139.3787, 36.0747], [139.37995860349127, 36.071103990024945]], [[139.3995, 35.9816], [139.3841, 35.981], [139.38071040166423, 35.979801952312364], [139.3995, 35.9816]], [[139.35265515111402, 35.96820127950584], [139.37226716025017, 35.97681770319188], [139.3609, 35.9728], [139.35265515111402, 35.96820127950584]], [[139.3549, 35.9592], [139.3484398744924, 35.96585012919897], [139.3484398744924, 35.96585012919896], [139.3549, 35.9592]], [[139.3598, 35.9503], [139.3595041509434, 35.95083735849057], [139.35932985781992, 35.94926872037915], [139.3598, 35.9503]], [[139.3567, 35.9435], [139.35737913411455, 35.944989713541624], [139.3482, 35.9332], [139.3567, 35.9435]], [[139.3709, 35.9398], [139.3576, 35.9285], [139.35733024535656, 35.927770075670715], [139.3709, 35.9398]], [[139.3719, 35.9235], [139.37143809591984, 35.92345318539728], [139.37363688833128, 35.92221442910914], [139.3719, 35.9235]], [[139.3954, 35.8935], [139.39497746478875, 35.89442957746476], [139.3948, 35.886], [139.3954, 35.8935]], [[139.41177292637465, 35.89728564771668], [139.4092, 35.8974], [139.3954, 35.8935], [139.41177292637465, 35.89728564771668]], [[139.3597, 35.8566], [139.35748524590167, 35.854701639344285], [139.3746, 35.8644], [139.3856, 35.8728], [139.3727, 35.864], [139.3597, 35.8566]], [[139.3821, 35.7966], [139.3840820224719, 35.80179101123595], [139.3837, 35.8016], [139.3821, 35.7966]], [[139.3925, 35.7638], [139.3842, 35.7715], [139.3723, 35.7802], [139.3925, 35.7638]], [[139.3994825726141, 35.76240497925311], [139.3994825726141, 35.76240497925312], [139.3953, 35.7636], [139.3994825726141, 35.76240497925311]], [[139.35910542168673, 35.749216265060184], [139.3684, 35.7632], [139.3594, 35.7501], [139.35910542168673, 35.749216265060184]], [[139.3579, 35.72591304347827], [139.3579, 35.72690963855421], [139.3574, 35.7265], [139.3579, 35.72591304347827]], [[139.3623900886565, 35.72112625596726], [139.36110915492958, 35.72214577464787], [139.362, 35.7211], [139.3623900886565, 35.72112625596726]], [[139.3761, 35.7214], [139.3739077782679, 35.721301102779], [139.386, 35.7173], [139.3761, 35.7214]], [[139.4037, 35.7077], [139.40357050340847, 35.708241531200834], [139.398, 35.6988], [139.4037, 35.7077]], [[139.3554, 35.6883], [139.3792, 35.688], [139.3855648736228, 35.68807906675308], [139.3548965077233, 35.68849462726662], [139.3554, 35.6883]], [[139.3713137861466, 35.64330411903162], [139.3663, 35.6488], [139.3708, 35.6435], [139.3713137861466, 35.64330411903162]], [[139.41205923115834, 35.642164238745586], [139.4004, 35.6352], [139.4043, 35.6365], [139.41205923115834, 35.642164238745586]], [[139.4411, 35.6444], [139.4216, 35.6452], [139.4153, 35.6441], [139.41490612380446, 35.64386473166844], [139.4246, 35.6449], [139.4411, 35.6444]], [[139.4256, 35.6401], [139.4267956577267, 35.63909719029374], [139.4246, 35.6449], [139.4256, 35.6401]], [[139.4322, 35.6344], [139.43193845355475, 35.634568915412544], [139.43249393468116, 35.63324059097986], [139.4322, 35.6344]], [[139.434, 35.6273], [139.43368425925925, 35.62854542181069], [139.4328796714579, 35.626891546885695], [139.434, 35.6273]], [[139.4453, 35.6133], [139.4444559327264, 35.61312348403024], [139.4539, 35.6103], [139.4453, 35.6133]], [[139.45710132890372, 35.61253122923593], [139.4672, 35.6212], [139.4539, 35.6103], [139.45710132890372, 35.61253122923593]], [[139.4773, 35.6164], [139.4689, 35.6204], [139.4672, 35.6212], [139.4773, 35.6164]], [[139.4959, 35.5854], [139.4991, 35.5766], [139.4961, 35.5858], [139.4894, 35.5735], [139.4959, 35.5854]], [[139.4705, 35.5027], [139.4713, 35.5009], [139.4672, 35.5107], [139.4705, 35.5027]], [[139.4576, 35.5177], [139.4592, 35.5165], [139.4672, 35.5107], [139.4576, 35.5177]], [[139.4817, 35.4436], [139.4737, 35.4734], [139.48162721257236, 35.4427811414392], [139.4817, 35.4436]], [[139.4813, 35.4391], [139.48157815384616, 35.44222923076924], [139.47788081180812, 35.43401291512912], [139.4813, 35.4391]], [[139.47627713004485, 35.428693273542635], [139.47699545454546, 35.43204545454547], [139.4763, 35.4305], [139.47627713004485, 35.428693273542635]], [[139.4793, 35.4143], [139.47624828341856, 35.42641439006571], [139.4762, 35.4226], [139.4793, 35.4143]], [[139.4851, 35.3874], [139.4793, 35.399579999999986], [139.4793, 35.3991], [139.4851, 35.3874]], [[139.49172694300518, 35.36804455958571], [139.49188016726401, 35.37057275985658], [139.4917, 35.3702], [139.49172694300518, 35.36804455958571]], [[139.4942, 35.3588], [139.49472539562925, 35.358631122833465], [139.49177989930288, 35.363808055770704], [139.4918, 35.3622], [139.4942, 35.3588]], [[139.5036, 35.3626], [139.4998, 35.357], [139.50528782334388, 35.36296921135647], [139.5036, 35.3626]], [[139.5068, 35.3633], [139.50619018867923, 35.363166603773585], [139.50752249925793, 35.36310213713268], [139.5068, 35.3633]], [[139.5309, 35.3567], [139.52083905233818, 35.35945528027253], [139.5377, 35.3531], [139.5309, 35.3567]], [[139.6152, 35.3127], [139.600165, 35.313282], [139.6004, 35.313], [139.6152, 35.3127]], [[139.6013284289277, 35.29018952618454], [139.60507463976947, 35.290737752161384], [139.6047, 35.291], [139.6013284289277, 35.29018952618454]], [[139.583, 35.2829], [139.59563946360151, 35.28882198644267], [139.5943, 35.2885], [139.583, 35.2829]], [[139.5704636081835, 35.283083013019215], [139.5707, 35.2829], [139.583, 35.2829], [139.5704636081835, 35.283083013019215]], [[139.1542, 35.7711], [139.16384400785856, 35.77360373280943], [139.1624, 35.7737], [139.1542, 35.7711]], [[139.16688203592815, 35.77340119760479], [139.17147544757037, 35.772598465473145], [139.1699, 35.7732], [139.16688203592815, 35.77340119760479]], [[139.1883, 35.7819], [139.19372372881355, 35.78215423728814], [139.1933, 35.7824], [139.1883, 35.7819]], [[139.2692, 35.7556], [139.26828101265824, 35.755182278481016], [139.298, 35.7538], [139.2814, 35.7556], [139.2692, 35.7556]], [[139.2988, 35.7665], [139.30211071428573, 35.77330535714286], [139.3011, 35.7728], [139.2988, 35.7665]], [[139.30470869565218, 35.774604347826084], [139.30757384615384, 35.77547846153846], [139.3069, 35.7757], [139.30470869565218, 35.774604347826084]], [[139.32214887144258, 35.77098949950932], [139.323, 35.7707], [139.32755438596496, 35.77173508771931], [139.32214887144258, 35.77098949950932]], [[139.3378, 35.7926], [139.3658, 35.7887], [139.3262, 35.7951], [139.3378, 35.7926]], [[139.4285, 35.5101], [139.4223, 35.51], [139.42218977719529, 35.50990878112713], [139.4285, 35.5101]], [[139.4165, 35.5052], [139.4106830508475, 35.494826440678], [139.4124, 35.4962], [139.4165, 35.5052]], [[139.4102597285068, 35.49448778280543], [139.3987, 35.4939], [139.4099, 35.4942], [139.4102597285068, 35.49448778280543]], [[139.38508279932546, 35.48981483979764], [139.386, 35.4896], [139.3987, 35.4939], [139.38508279932546, 35.48981483979764]], [[139.0346, 35.3344], [139.03518333333335, 35.33534444444447], [139.03247969924809, 35.33282105263155], [139.0346, 35.3344]], [[139.04329136316335, 35.34819771071798], [139.04831568123393, 35.35160706940874], [139.0479, 35.3515], [139.0434, 35.3484], [139.04329136316335, 35.34819771071798]], [[139.05545263786584, 35.35324774039419], [139.0545, 35.3532], [139.05118479262663, 35.35234608294928], [139.05545263786584, 35.35324774039419]], [[139.09865762811202, 35.35518063348878], [139.0984, 35.3554], [139.06199246064566, 35.35357547638771], [139.09865762811202, 35.35518063348878]], [[139.12665919392882, 35.36408522202852], [139.1085, 35.3468], [139.10831259218142, 35.34695957497423], [139.10889050553843, 35.34589930873657], [139.1152, 35.3524], [139.1266, 35.363], [139.12665919392882, 35.36408522202852]], [[139.1269, 35.3685], [139.1237, 35.3766], [139.1267680525164, 35.366080962800844], [139.1269, 35.3685]], [[139.1046071688943, 35.41806488456862], [139.1045, 35.4156], [139.1075, 35.4102], [139.1046071688943, 35.41806488456862]], [[139.10787253521127, 35.42146901408451], [139.1047, 35.4202], [139.10465456379225, 35.41915496722139], [139.10787253521127, 35.42146901408451]], [[139.1211178852782, 35.323908702609515], [139.11677396694205, 35.331435950413415], [139.1205, 35.3246], [139.1211178852782, 35.323908702609515]], [[139.15046875000002, 35.3152984375], [139.14928037383177, 35.31618971962617], [139.1499, 35.3154], [139.15046875000002, 35.3152984375]], [[139.1562, 35.31461111111111], [139.15346774193546, 35.31476290322581], [139.1555, 35.3144], [139.1562, 35.31461111111111]], [[139.1748, 35.3206], [139.16904179970976, 35.318484034833105], [139.176473, 35.32072519047619], [139.1748, 35.3206]], [[139.20605454545455, 35.30989090909091], [139.20382775705914, 35.310021896643576], [139.2041, 35.3098], [139.20605454545455, 35.30989090909091]], [[139.2146, 35.3138], [139.20791012658228, 35.309977215189875], [139.2084, 35.31], [139.2146, 35.3138]], [[139.1306, 35.3133], [139.13325739612188, 35.3030369529086], [139.1334, 35.3041], [139.1306, 35.3133]], [[139.127862455516, 35.15411761565837], [139.12695483870968, 35.15647741935482], [139.1276, 35.1543], [139.127862455516, 35.15411761565837]], [[139.1272370720189, 35.16598051948053], [139.126, 35.1597], [139.12618189845475, 35.15908609271523], [139.1275, 35.1653], [139.1272370720189, 35.16598051948053]], [[139.12676974595843, 35.16719006928405], [139.1258, 35.1697], [139.1247652094718, 35.17055482695808], [139.12676974595843, 35.16719006928405]], [[139.123731887456, 35.171408440797215], [139.1212, 35.1735], [139.1119, 35.1777], [139.123731887456, 35.171408440797215]], [[139.1114, 35.2786], [139.11372885973765, 35.279154490413724], [139.0907, 35.2779], [139.1114, 35.2786]], [[139.1198, 35.2806], [139.12213323699422, 35.28275375722544], [139.1177462992126, 35.28011102362205], [139.1198, 35.2806]], [[139.1289, 35.289], [139.129502955665, 35.29022364532018], [139.127352892562, 35.28757190082646], [139.1289, 35.289]], [[139.1323, 35.2959], [139.13276597222222, 35.29937361111107], [139.1312655860349, 35.293800748129705], [139.1323, 35.2959]], [[139.3165, 35.3213], [139.32515882352942, 35.3245], [139.3224, 35.3245], [139.3165, 35.3213]], [[139.13624323284148, 35.33648370750493], [139.1368297029708, 35.33548415841497], [139.1363, 35.3364], [139.13624323284148, 35.33648370750493]], [[139.174, 35.3533], [139.1809, 35.3466], [139.18144983240225, 35.346793184357544], [139.174, 35.3533]], [[139.21503225806453, 35.35226774193548], [139.2152, 35.352], [139.2153761904762, 35.351923809523804], [139.21503225806453, 35.35226774193548]], [[139.21722266666666, 35.351125333333336], [139.2189, 35.3504], [139.22052332814928, 35.35065381026439], [139.21722266666666, 35.351125333333336]], [[139.2431058139535, 35.33880116279071], [139.2429, 35.3384], [139.24315679012346, 35.33793456790122], [139.2431058139535, 35.33880116279071]], [[139.1949, 35.3341], [139.19217379790942, 35.3242292682927], [139.1932, 35.3252], [139.1949, 35.3341]], [[139.1944, 35.3442], [139.19765190747972, 35.33893956142986], [139.1978, 35.3392], [139.1944, 35.3442]], [[139.2847, 35.3629], [139.28489867476532, 35.36328315847597], [139.2695, 35.3588], [139.2847, 35.3629]], [[139.2861, 35.3656], [139.2867, 35.3777], [139.28537931034484, 35.36421009852219], [139.2861, 35.3656]], [[139.29462206405697, 35.374685409252656], [139.2848082781457, 35.379396026490056], [139.2867, 35.3777], [139.29462206405697, 35.374685409252656]], [[139.298, 35.3734], [139.29827323420074, 35.373709665427505], [139.2976812320092, 35.37352130109384], [139.298, 35.3734]], [[139.30678201834863, 35.38144458715597], [139.3053, 35.3813], [139.30464708571427, 35.38048948571428], [139.30678201834863, 35.38144458715597]], [[139.315, 35.3791], [139.3094, 35.3817], [139.30853203342616, 35.38161532033426], [139.315, 35.3791]], [[139.3183, 35.3732], [139.31858, 35.37334], [139.31813958333333, 35.37348680555556], [139.3183, 35.3732]], [[139.3211, 35.3746], [139.3243, 35.3804], [139.3194076923077, 35.37375384615384], [139.3211, 35.3746]], [[139.3487, 35.3754], [139.34882150537635, 35.3755], [139.3435, 35.3755], [139.3487, 35.3754]], [[139.36, 35.3847], [139.3601526666667, 35.38561600000003], [139.35158471544696, 35.3777741463413], [139.36, 35.3847]], [[139.25696087751373, 35.38237312614258], [139.25581403056526, 35.38388860246733], [139.2558, 35.383], [139.25696087751373, 35.38237312614258]], [[139.2757493243243, 35.38165135135135], [139.25940801781735, 35.38105167037862], [139.2608, 35.3803], [139.2757493243243, 35.38165135135135]], [[139.2798, 35.3818], [139.27893624744377, 35.381768302658486], [139.2814419491525, 35.381011864406794], [139.2798, 35.3818]], [[139.022, 35.577], [139.00896936708858, 35.57425670886075], [139.042659517481, 35.578883173175214], [139.022, 35.577]], [[139.0639, 35.5818], [139.0679, 35.584], [139.06848015963513, 35.584942759407085], [139.06144898974517, 35.58146341760585], [139.0639, 35.5818]], [[139.07027636958298, 35.5906883892069], [139.0692196261682, 35.58614439252332], [139.0703, 35.5879], [139.07027636958298, 35.5906883892069]], [[139.06949784172662, 35.601060431654695], [139.0702179675994, 35.5975798232695], [139.0702, 35.5997], [139.06949784172662, 35.601060431654695]], [[139.06550550795592, 35.60695018359855], [139.06802325581398, 35.60391744186043], [139.067, 35.6059], [139.06550550795592, 35.60695018359855]], [[139.06161461595823, 35.608447874720355], [139.0640909174312, 35.607944220183484], [139.0633, 35.6085], [139.06161461595823, 35.608447874720355]], [[139.2729, 35.6065], [139.2728401732786, 35.60647289101687], [139.2924, 35.6087], [139.2729, 35.6065]], [[139.37415047984638, 35.598394241842605], [139.36918867403315, 35.59809561464088], [139.3699, 35.5979], [139.37415047984638, 35.598394241842605]], [[139.39642051048313, 35.60142912488605], [139.39392687813023, 35.6006938230384], [139.3957, 35.6009], [139.39642051048313, 35.60142912488605]], [[139.1151, 35.5395], [139.1152, 35.5328], [139.115, 35.5465], [139.1151, 35.5395]], [[139.0808, 35.5078], [139.0714090510949, 35.506519416058396], [139.0719, 35.5065], [139.0808, 35.5078]], [[139.1556857142857, 35.47401428571428], [139.156, 35.4737], [139.15669034482758, 35.47379103448276], [139.1556857142857, 35.47401428571428]], [[139.16134296365328, 35.4744045666356], [139.1651, 35.4749], [139.16581451612902, 35.47561451612903], [139.16134296365328, 35.4744045666356]], [[139.37981124540198, 35.510190751445094], [139.38, 35.505], [139.3801, 35.5101], [139.37981124540198, 35.510190751445094]], [[139.2904, 35.4569], [139.2432, 35.4585], [139.24255549295776, 35.4580813458529], [139.2904, 35.4569]], [[139.2544, 35.5428], [139.25329313186816, 35.541801648351665], [139.26219671150972, 35.54648774289985], [139.2614, 35.5465], [139.2544, 35.5428]], [[139.3063, 35.5471], [139.2984, 35.5522], [139.29808188277087, 35.552164653641206], [139.3063, 35.5471]], [[139.3485, 35.5988], [139.3381, 35.6007], [139.3703, 35.5937], [139.3485, 35.5988]], [[139.1786757352941, 35.7698492647059], [139.18168457059681, 35.768135371179014], [139.1809, 35.769], [139.1786757352941, 35.7698492647059]], [[139.22595697329382, 35.740092284866435], [139.228, 35.7387], [139.2354, 35.7358], [139.22595697329382, 35.740092284866435]], [[139.27266978884677, 35.73241044937737], [139.275, 35.7324], [139.27726403846157, 35.732993846153846], [139.27266978884677, 35.73241044937737]], [[139.2776, 35.7481], [139.2678054559626, 35.750500623538585], [139.268, 35.7503], [139.2776, 35.7481]], [[139.3362, 35.7094], [139.3353, 35.7072], [139.3418, 35.7133], [139.3362, 35.7094]], [[139.1813, 35.6849], [139.18613, 35.68499], [139.18071672623302, 35.685092137240886], [139.1813, 35.6849]], [[139.1974, 35.6852], [139.19892108843533, 35.686403498542255], [139.1968617687075, 35.685189970845485], [139.1974, 35.6852]], [[139.2065, 35.6924], [139.20652643289426, 35.69253705945176], [139.20573936170214, 35.691798176291805], [139.2065, 35.6924]], [[139.20973846153848, 35.707194871794876], [139.2096, 35.7071], [139.2095686117647, 35.70694414117645], [139.20973846153848, 35.707194871794876]], [[139.32616490735543, 35.71000460415497], [139.3257, 35.7102], [139.3077, 35.7102], [139.32616490735543, 35.71000460415497]], [[139.3307, 35.7076], [139.3321956521739, 35.707469943289226], [139.32767987152036, 35.70936788008565], [139.3307, 35.7076]], [[139.3435, 35.6929], [139.35220958904105, 35.68953326810178], [139.3425608913999, 35.69388606403011], [139.3435, 35.6929]], [[139.1964, 36.135], [139.1965536585366, 36.1339243902439], [139.1992, 36.1371], [139.1964, 36.135]], [[139.1967, 36.1329], [139.2152, 36.1315], [139.19662061068703, 36.133455725190835], [139.1967, 36.1329]], [[139.27819116022098, 36.11031325966851], [139.2763, 36.105], [139.27650681818182, 36.10432045454545], [139.2784, 36.11], [139.27819116022098, 36.11031325966851]], [[139.277, 36.1027], [139.2779148179509, 36.10270626587638], [139.2767868312757, 36.10340041152264], [139.277, 36.1027]], [[139.3183, 36.1255], [139.31804783599088, 36.130711389521636], [139.3165, 36.1174], [139.3183, 36.1255]], [[139.3177, 36.1379], [139.31739652941178, 36.13833482352939], [139.31773427299703, 36.13719169139469], [139.3177, 36.1379]], [[139.298083481153, 36.15272239467849], [139.2985, 36.1508], [139.29923350253807, 36.15060635532995], [139.298083481153, 36.15272239467849]], [[139.29772047643183, 36.15722468322351], [139.2972, 36.1568], [139.29734096385542, 36.15614939759037], [139.29772047643183, 36.15722468322351]], [[139.3444, 36.224], [139.3441, 36.224703846153865], [139.3441, 36.2171], [139.3444, 36.224]], [[139.2037845581234, 35.960999671081105], [139.2035, 35.9612], [139.1902, 35.9641], [139.18739800637957, 35.96416834130782], [139.2037845581234, 35.960999671081105]], [[139.2917, 35.9915], [139.29761612903224, 35.99445806451613], [139.2968, 35.9946], [139.2854, 35.9882], [139.2917, 35.9915]], [[139.3072298969072, 35.97652474226807], [139.3027, 35.9821], [139.2917, 35.9915], [139.3072298969072, 35.97652474226807]], [[139.3197, 35.9645], [139.3285, 35.9588], [139.32993171036205, 35.95861722846441], [139.31604538152612, 35.96802409638553], [139.3197, 35.9645]], [[139.33400855944058, 35.95863412587413], [139.33156887298748, 35.95840822898032], [139.3332, 35.9582], [139.33400855944058, 35.95863412587413]], [[139.1369, 35.9337], [139.1606, 35.9404], [139.1619829154129, 35.941803711133396], [139.1369, 35.9337]], [[139.17144683544308, 35.9514099457505], [139.1739, 35.9539], [139.17401860465117, 35.954211337209294], [139.17144683544308, 35.9514099457505]], [[139.2369804922701, 35.930162611879595], [139.2377, 35.9294], [139.2484, 35.9223], [139.2369804922701, 35.930162611879595]], [[139.269, 35.9142], [139.27381387987012, 35.907115422077965], [139.2736, 35.9086], [139.269, 35.9142]], [[139.3027699680511, 35.90395766773163], [139.3015, 35.904], [139.27546449081342, 35.896845203582316], [139.275464767613, 35.89684293240621], [139.3027699680511, 35.90395766773163]], [[139.2782, 35.8744], [139.2918, 35.8638], [139.29211881188118, 35.863813861386134], [139.2782, 35.8744]], [[139.3219, 35.8057], [139.3185, 35.8213], [139.31841267296286, 35.82129610147156], [139.3219, 35.8057]], [[139.3495, 35.8321], [139.3464623762376, 35.82812772277227], [139.3475, 35.8285], [139.3495, 35.8321]], [[139.3511919340055, 35.84770339138409], [139.3501, 35.8446], [139.3495, 35.8321], [139.3511919340055, 35.84770339138409]], [[139.352, 35.85], [139.3516821133737, 35.84909653274628], [139.35517611940293, 35.852722388059654], [139.352, 35.85]], [[139.2746, 35.9468], [139.2627, 35.9313], [139.26299162104385, 35.93070434850618], [139.2746, 35.9468]], [[139.2986, 35.9451], [139.29952571428572, 35.9454], [139.2898, 35.9454], [139.2986, 35.9451]], [[139.3094, 35.9486], [139.3095484288355, 35.948750462107206], [139.30781070234116, 35.948084949832776], [139.3094, 35.9486]], [[139.3167, 35.956], [139.3169703488372, 35.95676598837208], [139.31328157099702, 35.95253474320247], [139.3167, 35.956]], [[139.31465867158673, 35.900077490774905], [139.3075, 35.9038], [139.314, 35.9], [139.31465867158673, 35.900077490774905]], [[139.32291067073172, 35.902451829268294], [139.31606203703703, 35.90024259259259], [139.3208, 35.9008], [139.32291067073172, 35.902451829268294]], [[139.3353, 35.9168], [139.32562867707475, 35.90457896466721], [139.3277, 35.9062], [139.3353, 35.9168]], [[139.16914970760234, 36.08801783625731], [139.17928912348043, 36.080621049264266], [139.1703, 36.0881], [139.16914970760234, 36.08801783625731]], [[139.1815529500107, 36.07873754559107], [139.18452222222217, 36.075050427350476], [139.1828, 36.0777], [139.1815529500107, 36.07873754559107]], [[139.1894938636364, 36.06887685064934], [139.1902, 36.068], [139.19122120736967, 36.06792504900039], [139.1894938636364, 36.06887685064934]], [[139.2011, 36.0672], [139.2130147568013, 36.07949002473205], [139.2118, 36.0789], [139.2011, 36.0672]], [[139.21610769230773, 36.08099230769232], [139.22414883720927, 36.08340465116278], [139.2188, 36.0823], [139.21610769230773, 36.08099230769232]], [[139.2273261277356, 36.084060830728006], [139.2423, 36.0801], [139.228, 36.0842], [139.2273261277356, 36.084060830728006]], [[139.26937617021278, 36.09309404255319], [139.27202857142856, 36.09375714285714], [139.2701, 36.0938], [139.26937617021278, 36.09309404255319]], [[139.28858411920027, 36.08839883062996], [139.2746, 36.0937], [139.27368548387096, 36.093720322580644], [139.2855, 36.0889], [139.28858411920027, 36.08839883062996]], [[139.29210645161294, 36.0878264516129], [139.2935, 36.0876], [139.29761428571422, 36.08764285714285], [139.29210645161294, 36.0878264516129]], [[139.29831764705884, 36.07510980392156], [139.2989, 36.0736], [139.30011410788384, 36.07271452282156], [139.29831764705884, 36.07510980392156]], [[139.30503846153832, 36.06912307692318], [139.31095165843334, 36.06481044460124], [139.3103, 36.0658], [139.30503846153832, 36.06912307692318]], [[139.3122877164056, 36.06278161582853], [139.31251367781155, 36.05990060790274], [139.313, 36.0617], [139.3122877164056, 36.06278161582853]], [[139.30403695968917, 36.05265893637688], [139.312, 36.058], [139.3121393672407, 36.058515658790554], [139.3045, 36.0538], [139.30403695968917, 36.05265893637688]], [[139.3031736842105, 36.050531578947314], [139.3017, 36.0469], [139.3010777777778, 36.04394444444452], [139.3031736842105, 36.050531578947314]], [[139.30038064516128, 36.040633064516136], [139.3001, 36.0393], [139.3011, 36.0329], [139.30038064516128, 36.040633064516136]], [[139.2946119236884, 36.02674896661367], [139.2961, 36.0274], [139.3011, 36.0329], [139.2946119236884, 36.02674896661367]], [[139.25536768707482, 36.029112585034014], [139.2546, 36.0291], [139.25394705882354, 36.0284668449198], [139.25536768707482, 36.029112585034014]], [[139.2607, 36.0292], [139.25717728771642, 36.0291422506183], [139.2729, 36.0257], [139.27799329829176, 36.025366510230896], [139.2607, 36.0292]], [[139.2897, 36.0246], [139.2917044198895, 36.025476933701654], [139.28440180806675, 36.0249469054242], [139.2897, 36.0246]], [[139.2364, 36.0494], [139.2331, 36.053], [139.23642927781393, 36.048141054001285], [139.2364, 36.0494]], [[139.2365, 36.0451], [139.2364581081081, 36.04690135135139], [139.2345, 36.0429], [139.2365, 36.0451]], [[139.3031, 36.0877], [139.30354000000003, 36.08820285714287], [139.3023483985765, 36.08769217081851], [139.3031, 36.0877]], [[139.3052, 36.0901], [139.30463615136875, 36.09042391304349], [139.30467055837562, 36.08949492385785], [139.3052, 36.0901]], [[139.3296240302513, 36.08142137106611], [139.32819019011407, 36.08304897338403], [139.3288, 36.0817], [139.3296240302513, 36.08142137106611]], [[139.3428, 36.0766], [139.342624400945, 36.076652244346946], [139.3422, 36.0747], [139.3428, 36.0766]], [[139.33448854961833, 36.070415267175555], [139.33532783216782, 36.07191398601399], [139.3348, 36.0717], [139.33448854961833, 36.070415267175555]], [[139.3344, 36.065], [139.33422358078604, 36.06932227074237], [139.334, 36.0684], [139.3344, 36.065]], [[139.1964, 36.1742], [139.1953, 36.1703], [139.19687109004738, 36.17445876777251], [139.1964, 36.1742]], [[139.2008140621696, 36.205865679847754], [139.2003, 36.2054], [139.2036, 36.1977], [139.2008140621696, 36.205865679847754]], [[139.252, 36.2207], [139.25203969754253, 36.22121323251418], [139.2448, 36.2188], [139.252, 36.2207]], [[139.1497, 36.1458], [139.1541, 36.1536], [139.14739444444444, 36.14349444444444], [139.1497, 36.1458]], [[139.1753323178808, 36.206153377483446], [139.1747, 36.2062], [139.1743781520693, 36.20571299326275], [139.1753323178808, 36.206153377483446]], [[139.1885, 36.2042], [139.19410053428317, 36.20476954585931], [139.18051154791155, 36.205771498771504], [139.1885, 36.2042]], [[139.2124, 36.1802], [139.2175, 36.1878], [139.21121514349684, 36.17978453083655], [139.2124, 36.1802]], [[139.19836132596686, 36.175277348066295], [139.2080593137255, 36.178677941176474], [139.2035, 36.1781], [139.19836132596686, 36.175277348066295]], [[139.1678, 36.2455], [139.1689, 36.2394], [139.1679766590389, 36.24614038901603], [139.1678, 36.2455]], [[139.4355, 35.507], [139.4442, 35.4753], [139.44472574257426, 35.47056831683165], [139.4449, 35.4734], [139.4355, 35.507]], [[139.5165455681142, 35.33771070791195], [139.5142, 35.3332], [139.5167, 35.3371], [139.5165455681142, 35.33771070791195]], [[139.5134356164384, 35.346610958904094], [139.51577187499998, 35.340770312500034], [139.5145, 35.3458], [139.5134356164384, 35.346610958904094]], [[139.4146, 35.4176], [139.4167, 35.4172], [139.437, 35.4156], [139.4146, 35.4176]], [[139.4148, 35.4334], [139.41433092150172, 35.41688843686004], [139.4146, 35.4176], [139.4148, 35.4334]], [[139.4453, 35.4069], [139.4532, 35.4048], [139.4535796870711, 35.404996623661816], [139.4453, 35.4069]], [[139.45699935691323, 35.406767524115786], [139.4588, 35.4077], [139.4588972644377, 35.40794924012157], [139.45699935691323, 35.406767524115786]], [[139.44459500509683, 35.468443832823674], [139.44346444444443, 35.466382222222215], [139.4445, 35.4669], [139.44459500509683, 35.468443832823674]], [[139.42639642248722, 35.461970187393526], [139.4393, 35.4643], [139.44202842105264, 35.46566421052631], [139.4273, 35.4627], [139.42639642248722, 35.461970187393526]], [[139.3909, 35.3491], [139.3948685204617, 35.34988069254984], [139.3796, 35.3497], [139.3909, 35.3491]], [[139.397, 35.3503], [139.39711150845253, 35.35070461638489], [139.3967695451041, 35.35025466461064], [139.397, 35.3503]], [[139.4331, 35.379], [139.43284224316682, 35.37908891611687], [139.4355, 35.3721], [139.4331, 35.379]], [[139.44201612349914, 35.36898782161235], [139.4418, 35.3693], [139.4355, 35.3721], [139.44201612349914, 35.36898782161235]], [[139.4436, 35.3667], [139.44235384615388, 35.368499999999976], [139.44402352941177, 35.36415882352941], [139.4436, 35.3667]], [[139.4442, 35.3631], [139.44412164179104, 35.36357014925373], [139.4407, 35.3579], [139.4442, 35.3631]], [[139.39197594149908, 35.40021396709324], [139.4013, 35.3956], [139.3928, 35.4002], [139.39197594149908, 35.40021396709324]], [[139.45258051464637, 35.440129486971934], [139.4563, 35.4531], [139.4525, 35.4424], [139.45258051464637, 35.440129486971934]], [[139.5099, 35.6449], [139.485212633833, 35.64548779443255], [139.4861, 35.6452], [139.5099, 35.6449]], [[139.4787, 35.6476], [139.474, 35.6521], [139.4728753472222, 35.65237430555555], [139.4787, 35.6476]], [[139.3657, 35.7333], [139.3744, 35.7305], [139.3853972277228, 35.72923108910891], [139.3657, 35.7333]], [[139.6278, 35.2775], [139.64066451612902, 35.269459677419356], [139.6405, 35.2702], [139.6278, 35.2775]], [[139.4108, 35.9878], [139.4275, 35.9899], [139.42795882352942, 35.990139839572194], [139.4108, 35.9878]], [[139.43043999999995, 35.99439000000008], [139.42771304347826, 35.999332608695646], [139.4275, 35.9988], [139.43043999999995, 35.99439000000008]], [[139.42819859154932, 36.000546478873254], [139.4291294117647, 36.0013], [139.4285, 36.0013], [139.42819859154932, 36.000546478873254]], [[139.4417, 36.0013], [139.4465, 36.0007], [139.44955, 36.0013], [139.4417, 36.0013]], [[139.45172346041053, 36.00172756598241], [139.4526, 36.0019], [139.4541029925187, 36.00296309226933], [139.45172346041053, 36.00172756598241]], [[139.45630512295082, 36.0045206967213], [139.4567, 36.0048], [139.4567609597925, 36.00567782101171], [139.45630512295082, 36.0045206967213]], [[139.4722974025974, 36.0195], [139.4876, 36.0195], [139.4727, 36.0197], [139.4722974025974, 36.0195]], [[139.5233, 36.0247], [139.52891530192855, 36.05297353778058], [139.5281, 36.0521], [139.5233, 36.0247]], [[139.52928658536587, 36.05337134146342], [139.535, 36.0528], [139.5295, 36.0536], [139.52928658536587, 36.05337134146342]], [[139.55193734939763, 36.04364698795178], [139.5516, 36.0439], [139.535, 36.0528], [139.55193734939763, 36.04364698795178]], [[139.5933, 35.6672], [139.5933146757679, 35.66748764505119], [139.5870042918455, 35.667066952789696], [139.5881, 35.6664], [139.5933, 35.6672]], [[139.58492857142858, 35.66692857142857], [139.5845, 35.6669], [139.58468039215686, 35.66668039215686], [139.58492857142858, 35.66692857142857]], [[139.5948, 35.6572], [139.597061760841, 35.64937082785802], [139.597, 35.6532], [139.5948, 35.6572]], [[139.59708759061834, 35.64776938166314], [139.5937, 35.6431], [139.5971, 35.647], [139.59708759061834, 35.64776938166314]], [[139.59397876049064, 35.636409748224644], [139.594, 35.6359], [139.6009, 35.6213], [139.59397876049064, 35.636409748224644]], [[139.6022, 35.6149], [139.5774, 35.6196], [139.624, 35.6092], [139.6022, 35.6149]], [[139.5308001905917, 35.639410006064274], [139.5313824849826, 35.66998046158713], [139.5306, 35.6664], [139.5307999249966, 35.639410125460245], [139.5308001905917, 35.639410006064274]], [[139.44794447380008, 35.76588549831205], [139.4421, 35.7663], [139.4187627124292, 35.76512372542486], [139.44794447380008, 35.76588549831205]], [[139.47235593220339, 35.73998983050848], [139.472, 35.7403], [139.47179914575548, 35.740187399893216], [139.47235593220339, 35.73998983050848]], [[139.4899, 35.731], [139.49019194312797, 35.73147440758294], [139.48946625322998, 35.731127338501295], [139.4899, 35.731]], [[139.49226404494382, 35.73484157303371], [139.4963, 35.7414], [139.49760283775447, 35.74368661320172], [139.4932, 35.7382], [139.49226404494382, 35.73484157303371]], [[139.52545549076774, 35.72903119533528], [139.52994807184365, 35.73206545166403], [139.5285, 35.7316], [139.52545549076774, 35.72903119533528]], [[139.53438965731112, 35.73506526593265], [139.5414, 35.7398], [139.5515, 35.7489], [139.5517880921895, 35.74951075544175], [139.53438965731112, 35.73506526593265]], [[139.4464, 35.7303], [139.4592, 35.7366], [139.44276602475924, 35.72917221458046], [139.4464, 35.7303]], [[139.4495, 35.6991], [139.44883183498447, 35.698811474197846], [139.4655, 35.6912], [139.4495, 35.6991]], [[139.46943243243243, 35.69705495495495], [139.4677, 35.6959], [139.4655, 35.6912], [139.46943243243243, 35.69705495495495]], [[139.4707, 35.6979], [139.47038723404256, 35.6976914893617], [139.4726, 35.6965], [139.4707, 35.6979]], [[139.47518915075173, 35.68778545306786], [139.47430208333333, 35.68888541666667], [139.4745, 35.688], [139.47518915075173, 35.68778545306786]], [[139.48576666666665, 35.68483333333334], [139.4802076923077, 35.68622307692308], [139.4851, 35.6847], [139.48576666666665, 35.68483333333334]], [[139.5158, 35.6817], [139.51090765124556, 35.68154946619217], [139.5113, 35.6814], [139.5158, 35.6817]], [[139.5231, 35.6854], [139.52274944015923, 35.68522231898482], [139.5304, 35.6839], [139.5231, 35.6854]], [[139.5394, 35.6898], [139.5381, 35.6846], [139.54045583272193, 35.69030836390314], [139.5394, 35.6898]], [[139.5632, 35.6999], [139.5609, 35.6992], [139.56388545303406, 35.69974280964256], [139.5632, 35.6999]], [[139.5898, 35.6938], [139.56562620232177, 35.699343615257035], [139.5767, 35.6958], [139.5898, 35.6938]], [[139.5366844036697, 35.66632018348625], [139.5374, 35.6657], [139.5377328436516, 35.66568363064008], [139.5366844036697, 35.66632018348625]], [[139.4448952440551, 35.646197747184], [139.4449, 35.6462], [139.44499473684144, 35.64634947368318], [139.4448952440551, 35.646197747184]], [[139.46632671999998, 35.65278928], [139.47185823905556, 35.65262238071815], [139.4699, 35.6531], [139.46632671999998, 35.65278928]], [[139.45645952380954, 35.67037619047619], [139.43424138404882, 35.67000894849668], [139.4342449455298, 35.670002477025136], [139.4557, 35.6701], [139.45645952380954, 35.67037619047619]], [[139.4601, 35.6717], [139.46034081632655, 35.67256961451248], [139.4588519230769, 35.67124615384615], [139.4601, 35.6717]], [[139.387114, 35.729033], [139.3874, 35.729], [139.3888, 35.731], [139.387114, 35.729033]], [[139.4050364071474, 35.728974409700065], [139.4054, 35.7287], [139.41936309963094, 35.728620664206645], [139.4050364071474, 35.728974409700065]], [[139.42299999999997, 35.7286], [139.4406, 35.7285], [139.4409222222222, 35.7286], [139.42299999999997, 35.7286]], [[139.53144078308088, 35.71368699628466], [139.5387, 35.7067], [139.5325, 35.7132], [139.53144078308088, 35.71368699628466]], [[139.43922031379026, 35.71159611890999], [139.4391, 35.7116], [139.4326, 35.7004], [139.43922031379026, 35.71159611890999]], [[139.52237267027644, 35.72643006554574], [139.5221, 35.7262], [139.5238, 35.7172], [139.52237267027644, 35.72643006554574]], [[139.46276838046273, 35.83408329048843], [139.4559, 35.837], [139.4621, 35.8341], [139.46276838046273, 35.83408329048843]], [[139.47102036092585, 35.834265437426446], [139.46560488599346, 35.834012377850165], [139.4701, 35.8339], [139.47102036092585, 35.834265437426446]], [[139.51974550173009, 35.84313685121107], [139.5128, 35.8437], [139.5193, 35.8427], [139.51974550173009, 35.84313685121107]], [[139.5424, 35.7866], [139.5469, 35.7787], [139.54143472750314, 35.79015944233206], [139.5424, 35.7866]], [[139.54093015384615, 35.792020057692305], [139.54324850299398, 35.795244011975996], [139.5408, 35.7925], [139.54093015384615, 35.792020057692305]], [[139.54679627118645, 35.80017762711866], [139.5471, 35.8006], [139.54690869565218, 35.80085217391305], [139.54679627118645, 35.80017762711866]], [[139.54840388349515, 35.81595145631068], [139.5502, 35.8157], [139.55245609756096, 35.81606097560975], [139.54840388349515, 35.81595145631068]], [[139.55430813308686, 35.8163573012939], [139.5552, 35.8165], [139.5585, 35.819], [139.55430813308686, 35.8163573012939]], [[139.5534, 35.825], [139.5469, 35.8316], [139.5585, 35.819], [139.5534, 35.825]], [[139.50172585365854, 35.77704195121951], [139.50172337662337, 35.77704112554112], [139.5068530075188, 35.764122055137854], [139.507, 35.7652], [139.50172585365854, 35.77704195121951]], [[139.5508, 35.7601], [139.5392, 35.772], [139.5453, 35.7657], [139.5508, 35.7601]], [[139.5025, 35.7539], [139.50081276595742, 35.74932036474162], [139.50603506024095, 35.75848602409636], [139.5025, 35.7539]], [[139.49754154193732, 35.815291725501254], [139.485, 35.8343], [139.4971, 35.8155], [139.49754154193732, 35.815291725501254]], [[139.5120635768262, 35.815687455919395], [139.50978848022206, 35.814632338653716], [139.511, 35.8149], [139.5120635768262, 35.815687455919395]], [[139.5206, 35.8222], [139.51841931464176, 35.82039314641745], [139.52096553524805, 35.822278328981724], [139.5206, 35.8222]], [[139.5248, 35.8231], [139.5223962264151, 35.82258490566038], [139.5259153800825, 35.822531585150266], [139.5248, 35.8231]], [[139.391, 35.9482], [139.4042, 35.945], [139.40467765567766, 35.94536677132392], [139.391, 35.9482]], [[139.4098, 35.9493], [139.4143857740586, 35.957038493723864], [139.4132, 35.9564], [139.4098, 35.9493]], [[139.41512342007434, 35.95743568773234], [139.41749082125602, 35.957597101449274], [139.4158, 35.9578], [139.41512342007434, 35.95743568773234]], [[139.41973253968254, 35.9573280952381], [139.4255, 35.9544], [139.4208, 35.9572], [139.41973253968254, 35.9573280952381]], [[139.43913333333333, 35.95656666666667], [139.43988, 35.95581999999999], [139.4398, 35.9565], [139.43913333333333, 35.95656666666667]], [[139.44004210526316, 35.954442105263176], [139.4347, 35.9456], [139.4402, 35.9531], [139.44004210526316, 35.954442105263176]], [[139.43592990654207, 35.94322803738318], [139.4361, 35.9429], [139.43643882978725, 35.943024468085106], [139.43592990654207, 35.94322803738318]], [[139.41416923076923, 35.896669565217394], [139.4137, 35.8972], [139.41319072356217, 35.897222634508346], [139.41416923076923, 35.896669565217394]], [[139.45632608695652, 35.88300434782608], [139.4561, 35.8834], [139.4525, 35.8853], [139.45632608695652, 35.88300434782608]], [[139.4561, 35.875], [139.4573, 35.8813], [139.45692397820164, 35.88195803814715], [139.4561, 35.875]], [[139.4743516129032, 35.854425806451616], [139.4731, 35.8538], [139.47302857142856, 35.853057142857146], [139.4743516129032, 35.854425806451616]], [[139.5119450151057, 35.879347129909355], [139.5106, 35.8787], [139.51053339048437, 35.87853437633948], [139.5119450151057, 35.879347129909355]], [[139.52741627906977, 35.88436511627907], [139.5212, 35.8838], [139.51860342741935, 35.88255070564516], [139.52741627906977, 35.88436511627907]], [[139.5328611111111, 35.88452777777778], [139.5322, 35.8848], [139.53171874999998, 35.884756249999995], [139.5328611111111, 35.88452777777778]], [[139.4445, 35.9795], [139.4388758865248, 35.98348014184396], [139.4391, 35.9832], [139.4445, 35.9795]], [[139.56122352941176, 36.02801176470586], [139.5603805825243, 36.0240077669903], [139.5608, 36.0248], [139.56122352941176, 36.02801176470586]], [[139.4558129230769, 36.113637454545426], [139.45613384379786, 36.11389030117407], [139.456, 36.1139], [139.4558129230769, 36.113637454545426]], [[139.51489082726104, 36.122371538791256], [139.51595947930574, 36.12206281708945], [139.5153, 36.1225], [139.51489082726104, 36.122371538791256]], [[139.52134878387767, 36.11849013203615], [139.5231, 36.1167], [139.52382397707584, 36.116849273623885], [139.52134878387767, 36.11849013203615]], [[139.4268, 36.026], [139.42852029147986, 36.02487163677128], [139.4253847953216, 36.02877894736845], [139.4268, 36.026]], [[139.65536191408984, 35.20428104799216], [139.6552, 35.2045], [139.6411, 35.2077], [139.65536191408984, 35.20428104799216]], [[139.5934790087465, 35.253538483965016], [139.5965, 35.2535], [139.59677479912344, 35.25357392257122], [139.5934790087465, 35.253538483965016]], [[139.6409581395349, 35.26813837209301], [139.6401012025902, 35.266467345050884], [139.6411, 35.2675], [139.6409581395349, 35.26813837209301]], [[139.66, 35.5887], [139.6528, 35.5907], [139.6666, 35.5868], [139.66, 35.5887]], [[139.6661501525941, 35.591588708036625], [139.6651, 35.5916], [139.66, 35.5887], [139.6661501525941, 35.591588708036625]], [[139.6744, 35.5915], [139.66808888888886, 35.5915678614098], [139.6808535052377, 35.5895776792909], [139.6744, 35.5915]], [[139.687, 35.5906], [139.6843579560735, 35.58903128641865], [139.6852, 35.5889], [139.687, 35.5906]], [[139.6691, 35.6147], [139.6879, 35.5985], [139.68842942655934, 35.59847882293763], [139.6691, 35.6147]], [[139.6978205405405, 35.60531459459456], [139.68952457912457, 35.59843501683502], [139.6904, 35.5984], [139.6978205405405, 35.60531459459456]], [[139.514, 35.567], [139.5212, 35.5662], [139.52266944140197, 35.56646374589266], [139.514, 35.567]], [[139.52431819235224, 35.5667596755504], [139.5251, 35.5669], [139.52747450980397, 35.568596078431405], [139.52431819235224, 35.5667596755504]], [[139.5293631372549, 35.56994509803921], [139.53, 35.5704], [139.53154666666666, 35.57456410256405], [139.5293631372549, 35.56994509803921]], [[139.53464180790962, 35.58289717514128], [139.53616091180865, 35.58698707025411], [139.535, 35.5863], [139.53464180790962, 35.58289717514128]], [[139.55657728826438, 35.58369734143561], [139.56043817427383, 35.581945643153546], [139.5596, 35.5827], [139.55657728826438, 35.58369734143561]], [[139.5706895522392, 35.57271940298471], [139.5799, 35.5641], [139.58032773352642, 35.56404503982622], [139.5706895522392, 35.57271940298471]], [[139.66708461538462, 35.62578461538461], [139.6689, 35.6335], [139.6669, 35.6268], [139.66708461538462, 35.62578461538461]], [[139.6792, 35.6684], [139.67884954367668, 35.66849700130378], [139.6873, 35.6623], [139.7033, 35.6521], [139.6792, 35.6684]], [[139.7519705882353, 35.668558823529416], [139.74800987770462, 35.669661806208836], [139.7495, 35.6687], [139.7519705882353, 35.668558823529416]], [[139.71996885245903, 35.65526065573769], [139.7201, 35.6549], [139.72029823008847, 35.65481150442478], [139.71996885245903, 35.65526065573769]], [[139.7185695652174, 35.661808695652226], [139.7181, 35.6604], [139.7184756521739, 35.659366956521716], [139.7185695652174, 35.661808695652226]], [[139.72092044198916, 35.66488950276265], [139.719, 35.6631], [139.7189476821192, 35.66294304635759], [139.72092044198916, 35.66488950276265]], [[139.7811, 36.1149], [139.7721, 36.1221], [139.78158302300113, 36.11415476451257], [139.7811, 36.1149]], [[139.8161, 36.0359], [139.7995365607477, 36.05083667289717], [139.8033, 36.0467], [139.8161, 36.0359]], [[139.7554, 36.0012], [139.7775, 36.0096], [139.7549214938544, 36.00123038134257], [139.7554, 36.0012]], [[139.7296239401496, 35.994545137157075], [139.7305012048193, 35.99546626506025], [139.73, 35.9952], [139.7296239401496, 35.994545137157075]], [[139.71442932330828, 35.94847669172929], [139.7147, 35.9538], [139.7137, 35.9503], [139.71442932330828, 35.94847669172929]], [[139.7185, 35.9465], [139.7147011299435, 35.94779717514125], [139.7149, 35.9473], [139.7185, 35.9465]], [[139.7411, 35.9513], [139.74019658617817, 35.95130971412712], [139.74532535211264, 35.948436150234755], [139.7411, 35.9513]], [[139.7591, 35.9439], [139.75144906196704, 35.94500513549365], [139.7536, 35.9438], [139.7591, 35.9439]], [[139.7621, 35.939], [139.76507677767776, 35.93686282628263], [139.7591, 35.9439], [139.7621, 35.939]], [[139.755, 35.8968], [139.7550197440585, 35.89759963436928], [139.7538904109589, 35.89598630136985], [139.755, 35.8968]], [[139.752, 35.8946], [139.75242253521128, 35.894909859154936], [139.7394, 35.8934], [139.752, 35.8946]], [[139.762309859944, 35.85784784313728], [139.7633418604651, 35.8594790697674], [139.7623, 35.8584], [139.762309859944, 35.85784784313728]], [[139.7839, 35.8318], [139.7847, 35.8376], [139.78421491712706, 35.83832762430937], [139.783612360082, 35.8314412580798], [139.7839, 35.8318]], [[139.7436, 35.8367], [139.7252, 35.8407], [139.7234, 35.8399], [139.7219, 35.836], [139.7226, 35.8228], [139.7355, 35.8156], [139.7465, 35.8146], [139.7571, 35.81], [139.7587, 35.8081], [139.7703, 35.8144], [139.7683, 35.8135], [139.7651, 35.8146], [139.7553, 35.821], [139.7436, 35.8367]], [[139.8192, 35.8223], [139.8194, 35.8085], [139.8194, 35.82286250000002], [139.8192, 35.8223]], [[139.8279, 35.8308], [139.82515544096725, 35.829253769559024], [139.8427, 35.8355], [139.8279, 35.8308]], [[139.8597, 35.8219], [139.85889736282425, 35.8224495533816], [139.85974900847384, 35.82176337031535], [139.8597, 35.8219]], [[139.8594, 35.8025], [139.8594813559322, 35.80273050847454], [139.85923453815263, 35.80237791164661], [139.8594, 35.8025]], [[139.9292, 35.8393], [139.92878941483414, 35.83865594483787], [139.93026838709676, 35.83892838709678], [139.9292, 35.8393]], [[139.9623, 35.8322], [139.9629505622189, 35.833156709145435], [139.94865665665012, 35.82660917820747], [139.9494, 35.8263], [139.9623, 35.8322]], [[139.9622, 35.8052], [139.9638075829384, 35.80411990521328], [139.9494, 35.8263], [139.9622, 35.8052]], [[140.00186109979634, 35.81077515274949], [140.0006, 35.8106], [139.9822964258555, 35.79634247908746], [139.9835, 35.7963], [140.00186109979634, 35.81077515274949]], [[140.0042, 35.8111], [140.00343278688524, 35.81099344262295], [140.00443724394788, 35.810792551210426], [140.0042, 35.8111]], [[140.0147, 35.7321], [140.0149022775801, 35.732534199288274], [140.01450626029654, 35.732120181219116], [140.0147, 35.7321]], [[140.0099, 35.7326], [140.01019878738887, 35.73256887631366], [140.00955266304342, 35.73317331521744], [140.0099, 35.7326]], [[139.9835, 35.7431], [139.99550457665904, 35.7485118993135], [139.9951, 35.7485], [139.9835, 35.7431]], [[139.98332093023257, 35.74522325581394], [139.9824, 35.742], [139.9587, 35.7159], [139.95814107485603, 35.71473557261673], [139.9835, 35.7431], [139.98332093023257, 35.74522325581394]], [[139.7486396644609, 35.78381470320533], [139.74137885010256, 35.7856266940452], [139.7486, 35.7838], [139.7486396644609, 35.78381470320533]], [[139.7473, 35.7757], [139.7475890625, 35.77488536931817], [139.7486, 35.7838], [139.7473, 35.7757]], [[139.74825, 35.77302272727271], [139.7495, 35.7695], [139.7523828510938, 35.76708645024706], [139.74825, 35.77302272727271]], [[139.765, 35.7655], [139.75347474496147, 35.766172306543915], [139.7538, 35.7659], [139.76480008126777, 35.76522455641338], [139.765, 35.7655]], [[139.76090704529116, 35.75890366642703], [139.7607, 35.7586], [139.7643, 35.7556], [139.76090704529116, 35.75890366642703]], [[139.7765, 35.7216], [139.7769, 35.7084], [139.77718829134025, 35.70793250052935], [139.7765, 35.7216]], [[139.6468637554585, 35.95976768558964], [139.6469, 35.961], [139.64674180432021, 35.961206709021575], [139.6468637554585, 35.95976768558964]], [[139.6692, 35.963], [139.6758, 35.9722], [139.6684644408689, 35.962934030571205], [139.6692, 35.963]], [[139.6868, 35.9747], [139.68727457200404, 35.975092749244716], [139.6758, 35.9722], [139.6868, 35.9747]], [[139.6897, 35.9771], [139.69035840179234, 35.97864383868553], [139.6882232830821, 35.975877889447254], [139.6897, 35.9771]], [[139.6955, 35.9907], [139.69547130701963, 35.993626683999075], [139.69337787823991, 35.985723990355666], [139.6955, 35.9907]], [[139.70337160326093, 35.99862826086952], [139.6987, 36.0017], [139.69811391402715, 36.00155791855203], [139.70337160326093, 35.99862826086952]], [[139.62506164915814, 35.76380489279033], [139.625, 35.7636], [139.6313, 35.7643], [139.62506164915814, 35.76380489279033]], [[139.6742, 35.7533], [139.67355172413792, 35.7535827586207], [139.6778, 35.7496], [139.6742, 35.7533]], [[139.7168, 35.7394], [139.7124, 35.733], [139.71728275862068, 35.7393851458886], [139.7168, 35.7394]], [[139.7233, 35.7392], [139.72012431171257, 35.73929771348577], [139.72457591397847, 35.738411935483875], [139.7233, 35.7392]], [[139.7233, 35.7557], [139.72644691943128, 35.751136966824646], [139.7263, 35.7529], [139.7233, 35.7557]], [[139.6952, 35.7833], [139.6967, 35.7803], [139.69561889117043, 35.78528973305956], [139.6952, 35.7833]], [[139.6013, 35.714], [139.6124365257259, 35.72045211411105], [139.6108, 35.72], [139.6013, 35.714]], [[139.723, 35.7107], [139.7348, 35.7037], [139.72307762803234, 35.71073342318059], [139.723, 35.7107]], [[139.6992, 35.6895], [139.6999799227799, 35.693165637065555], [139.69874586330937, 35.689245683453244], [139.6992, 35.6895]], [[139.70056616161608, 35.69469797979789], [139.7004, 35.6945], [139.70038458549223, 35.69445103626945], [139.70056616161608, 35.69469797979789]], [[139.7052, 35.701], [139.70412450331125, 35.70174294179156], [139.70484903181188, 35.700522683264175], [139.7052, 35.701]], [[139.68778017241377, 35.71629482758626], [139.6895, 35.7122], [139.68975159481926, 35.71203655519042], [139.68778017241377, 35.71629482758626]], [[139.6878821428572, 35.7191928571431], [139.6874, 35.7172], [139.68750738636365, 35.71694431818181], [139.6878821428572, 35.7191928571431]], [[139.64057719869706, 35.80514592833875], [139.6404, 35.8056], [139.6377, 35.8075], [139.64057719869706, 35.80514592833875]], [[139.642, 35.7903], [139.642, 35.8015], [139.6410617801047, 35.803904188481695], [139.642, 35.7903]], [[139.6284, 35.7749], [139.6422228941685, 35.7903816414687], [139.642, 35.7903], [139.6284, 35.7749]], [[139.7045, 35.8169], [139.70533076923078, 35.8184076923077], [139.6986, 35.8136], [139.7045, 35.8169]], [[139.67852155376596, 35.84699583135952], [139.6775, 35.8442], [139.6778, 35.835], [139.67852155376596, 35.84699583135952]], [[139.6804294595887, 35.84912620755619], [139.6794, 35.8494], [139.67907674591382, 35.84851530460624], [139.6804294595887, 35.84912620755619]], [[139.686, 35.8468], [139.6888, 35.8469], [139.68393204118718, 35.848194669897026], [139.686, 35.8468]], [[139.7072, 35.8218], [139.70621351161154, 35.82260295566502], [139.70667387925883, 35.82084518828452], [139.7072, 35.8218]], [[139.59, 35.952], [139.5971, 35.9457], [139.5896033778476, 35.953101728201105], [139.59, 35.952]], [[139.5891, 35.9545], [139.589240625, 35.954109375], [139.5893358490566, 35.95553773584902], [139.5891, 35.9545]], [[139.5901, 35.9589], [139.5899865131579, 35.95840065789476], [139.59166453488368, 35.959782558139516], [139.5901, 35.9589]], [[139.594, 35.9611], [139.5937306847732, 35.96094807859], [139.6159, 35.9649], [139.594, 35.9611]], [[139.6304, 35.954], [139.63119066183137, 35.953909836808705], [139.6159, 35.9649], [139.6304, 35.954]], [[139.64408666666668, 35.9534], [139.63566153846153, 35.9534], [139.6418, 35.9527], [139.64408666666668, 35.9534]], [[139.6467210526316, 35.954915789473695], [139.64626044852193, 35.95406544342507], [139.6467, 35.9542], [139.6467210526316, 35.954915789473695]], [[139.6662, 36.0485], [139.67436139784948, 36.046334731182796], [139.6718, 36.0476], [139.6662, 36.0485]], [[139.69148927090953, 36.058860375518165], [139.69277414021164, 36.05942810846561], [139.6917, 36.0593], [139.69148927090953, 36.058860375518165]], [[139.70155857478466, 36.04952302270944], [139.7015, 36.0489], [139.70182262773722, 36.04849981751828], [139.70155857478466, 36.04952302270944]], [[139.70452070351783, 36.04515316582887], [139.7119, 36.036], [139.71320338461538, 36.03505866666667], [139.70452070351783, 36.04515316582887]], [[139.71502338028168, 36.033744225352116], [139.7155, 36.0334], [139.7253, 36.0318], [139.71502338028168, 36.033744225352116]], [[139.6262, 36.03], [139.6358, 36.0283], [139.62585423940152, 36.030176558603486], [139.6262, 36.03]], [[139.64559725054062, 35.998247049737415], [139.6454, 35.9801], [139.6459, 35.9981], [139.64559725054062, 35.998247049737415]], [[139.6073, 36.022], [139.61129746628527, 36.01963653453207], [139.60547297850562, 36.0238026612078], [139.6073, 36.022]], [[139.7124, 36.0198], [139.71166372443486, 36.020097093649085], [139.7124399113082, 36.019347671840336], [139.7124, 36.0198]], [[139.7127, 36.0164], [139.71252242074928, 36.01841256484153], [139.7085, 36.0099], [139.7127, 36.0164]], [[139.7293735083532, 36.06054892601434], [139.7293, 36.061], [139.7290784989858, 36.060954563894526], [139.7293735083532, 36.06054892601434]], [[139.7396, 36.0391], [139.74265479402112, 36.03771669704704], [139.7315, 36.0475], [139.7396, 36.0391]], [[139.7449, 36.0367], [139.74564819277109, 36.03697710843374], [139.74451545741326, 36.036874132492116], [139.7449, 36.0367]], [[139.7813, 36.042], [139.7839, 36.0449], [139.781, 36.042], [139.7813, 36.042]], [[139.8197490630324, 35.68985792163544], [139.8071, 35.6843], [139.8197, 35.6898], [139.8197490630324, 35.68985792163544]], [[139.82665238361525, 35.69800767510136], [139.826, 35.698], [139.82228790035583, 35.692855160142294], [139.82665238361525, 35.69800767510136]], [[139.8345, 35.6981], [139.842, 35.6905], [139.8351, 35.6987], [139.8357, 35.7094], [139.8345, 35.6981]], [[139.80098116462975, 35.68595111430626], [139.7978, 35.688], [139.8008, 35.686], [139.80098116462975, 35.68595111430626]], [[139.8741, 35.721], [139.87272041763342, 35.71203271461718], [139.8732, 35.7125], [139.8741, 35.721]], [[139.88866371911573, 35.76814356306893], [139.886, 35.764], [139.88866371911573, 35.76814356306892], [139.88866371911573, 35.76814356306893]], [[139.9168, 35.7247], [139.9021, 35.7413], [139.9029, 35.7393], [139.8949, 35.7465], [139.9168, 35.7247]], [[139.7868, 35.7523], [139.7948, 35.7458], [139.79612136279925, 35.74517707182321], [139.7868, 35.7523]], [[139.79886480304955, 35.74388373570521], [139.8018, 35.7425], [139.8037273396183, 35.74283386985514], [139.79886480304955, 35.74388373570521]], [[139.81220983606556, 35.74430327868852], [139.8145, 35.7447], [139.81505, 35.745250000000006], [139.81220983606556, 35.74430327868852]], [[139.81568, 35.74587999999998], [139.8166, 35.7468], [139.8185, 35.7534], [139.81568, 35.74587999999998]], [[139.83596580493537, 35.793907128868], [139.8432043478261, 35.79469130434782], [139.8378, 35.7945], [139.83596580493537, 35.793907128868]], [[139.8036, 35.7263], [139.78973563260453, 35.725330463818494], [139.7902, 35.7251], [139.8036, 35.7263]], [[139.98077999999998, 35.76078000000001], [139.98216125, 35.75897374999999], [139.9821, 35.7597], [139.98077999999998, 35.76078000000001]], [[140.0056, 35.7854], [139.9827, 35.7842], [139.98195238095238, 35.78396390977444], [140.0056, 35.7854]], [[140.0099, 35.7898], [140.01131929978118, 35.792777067833725], [140.0056, 35.7854], [140.0099, 35.7898]], [[139.71296875, 36.22858124999998], [139.71208620689657, 36.22805172413794], [139.7128, 36.2283], [139.71296875, 36.22858124999998]], [[139.7169, 36.2369], [139.71432571428576, 36.23084285714295], [139.7191918918919, 36.238953153153155], [139.7169, 36.2369]], [[139.7217, 36.2412], [139.71992608695652, 36.23961086956521], [139.73133333333345, 36.24635151515159], [139.7217, 36.2412]], [[139.7404, 36.2512], [139.73991724947194, 36.25094184463741], [139.74284051446944, 36.250704823151125], [139.7404, 36.2512]], [[139.7473, 36.2498], [139.74670071713146, 36.249921593625494], [139.7482, 36.2428], [139.7473, 36.2498]], [[140.0477, 35.4191], [140.0394, 35.4154], [140.0521652134832, 35.42001393258428], [140.0477, 35.4191]], [[140.0648, 35.4226], [140.0598914352528, 35.421595323004965], [140.0819, 35.4227], [140.0648, 35.4226]], [[140.09242945252944, 35.37765100485101], [140.0922, 35.3778], [140.09146392199352, 35.3779397616468], [140.09242945252944, 35.37765100485101]], [[140.1122, 35.3769], [140.11123653846155, 35.37657884615385], [140.11254427529337, 35.37640212496036], [140.1122, 35.3769]], [[140.1187, 35.3675], [140.11502061068705, 35.3728209630064], [140.1206452914798, 35.36144798206283], [140.1187, 35.3675]], [[140.125, 35.3479], [140.12492941176475, 35.348119607842975], [140.12501266747867, 35.34779768574917], [140.125, 35.3479]], [[140.1263, 35.3374], [140.12545511265165, 35.344224090121166], [140.12568524590162, 35.335555737704944], [140.1263, 35.3374]], [[140.1247, 35.3326], [140.12538085106382, 35.33464255319148], [140.1182, 35.3266], [140.1247, 35.3326]], [[140.1124476510067, 35.30351328859061], [140.11188268251271, 35.304304244482175], [140.1119, 35.3036], [140.1124476510067, 35.30351328859061]], [[139.9021, 35.3376], [139.9065, 35.3337], [139.9074872180451, 35.33364937343359], [139.9021, 35.3376]], [[139.9745787058956, 35.31909591928757], [139.9748, 35.319], [139.9905, 35.3178], [139.9745787058956, 35.31909591928757]], [[140.0202056423611, 35.31704496527778], [140.0208, 35.3169], [140.0272, 35.3232], [140.0202056423611, 35.31704496527778]], [[140.04790263522884, 35.34299611650483], [140.05093226744185, 35.34852848837209], [140.0498, 35.3477], [140.04790263522884, 35.34299611650483]], [[140.05280000000002, 35.34989512195123], [140.0547825882353, 35.350813882352945], [140.0539, 35.3507], [140.05280000000002, 35.34989512195123]], [[140.05656869565217, 35.35104434782609], [140.06154766101696, 35.35080725423729], [140.0601, 35.3515], [140.05656869565217, 35.35104434782609]], [[140.09850784798738, 35.32690094445696], [140.10479678368313, 35.322122180819726], [140.1017, 35.325], [140.09850784798738, 35.32690094445696]], [[139.88428372093023, 35.316418604651176], [139.8836, 35.3179], [139.8812227722772, 35.319916831683194], [139.88428372093023, 35.316418604651176]], [[139.8994, 35.2899], [139.90164648715563, 35.287993098112096], [139.892, 35.2997], [139.8994, 35.2899]], [[139.9252, 35.268], [139.9260651075538, 35.267503626813394], [139.9141927765239, 35.27734334085762], [139.9252, 35.268]], [[139.9313, 35.2645], [139.93568886363641, 35.26345095454544], [139.92993315889626, 35.265284253092304], [139.9313, 35.2645]], [[139.95111503579952, 35.25976372315036], [139.95, 35.2606], [139.94530591016547, 35.26115224586288], [139.95111503579952, 35.25976372315036]], [[139.95327378694927, 35.256888232013345], [139.9532, 35.2582], [139.95212110091742, 35.25900917431194], [139.95327378694927, 35.256888232013345]], [[139.99850524109016, 35.19146687631027], [139.9982, 35.1925], [139.99752820053718, 35.1929812891674], [139.99850524109016, 35.19146687631027]], [[139.9969, 35.1668], [139.9995, 35.1881], [139.99893852642023, 35.190000372116124], [139.9969, 35.1668]], [[139.9527, 35.4132], [139.9594, 35.412], [139.95251673228347, 35.413508661417325], [139.9527, 35.4132]], [[139.997, 35.381], [139.99689600470037, 35.38009240465764], [140.0075, 35.3906], [139.997, 35.381]], [[139.9959, 35.3714], [139.99606428571428, 35.369329999999955], [139.99629674306394, 35.3748624849215], [139.9959, 35.3714]], [[140.00402446043162, 35.345367985611574], [139.99623866481224, 35.36713282336583], [139.9964, 35.3651], [140.0038, 35.3457], [140.00402446043162, 35.345367985611574]], [[140.0086, 35.3386], [140.00977999999998, 35.3386], [140.00830713547055, 35.339033195449844], [140.0086, 35.3386]], [[140.01567441978656, 35.341978807386084], [140.01119749999998, 35.3386], [140.0124, 35.3386], [140.0155, 35.3411], [140.01567441978656, 35.341978807386084]], [[140.00408479198228, 36.118808460552366], [140.0041, 36.1149], [140.0074, 36.1035], [140.00408479198228, 36.118808460552366]], [[140.00143661294882, 36.08909612666099], [140.0009, 36.0878], [140.0014894409938, 36.086349068323], [140.00143661294882, 36.08909612666099]], [[140.00227906647808, 36.08440537482317], [140.0048, 36.0782], [140.0096, 36.0713], [140.00227906647808, 36.08440537482317]], [[140.0284, 36.0329], [140.005, 36.0142], [140.00380919540228, 36.012839080459756], [140.0284, 36.0329]], [[140.00078564102563, 36.009383589743585], [139.9994, 36.0078], [139.9987055472264, 36.00565877061471], [140.00078564102563, 36.009383589743585]], [[140.0049, 35.9072], [140.0004, 35.9068], [140.0175, 35.9082], [140.0049, 35.9072]], [[139.9465, 35.8695], [139.9407, 35.8643], [139.9407, 35.86360491803277], [139.9465, 35.8695]], [[139.9407, 35.86313548387098], [139.9407, 35.8625], [139.9466, 35.8599], [139.9407, 35.86313548387098]], [[139.949, 35.8482], [139.96080140703518, 35.841004020100506], [139.9602, 35.8418], [139.949, 35.8482]], [[139.96215300261093, 35.83921514360317], [139.96372684824905, 35.836475486381296], [139.9636, 35.8373], [139.96215300261093, 35.83921514360317]], [[139.96391235955056, 35.83526966292137], [139.96381057142855, 35.83442142857142], [139.964, 35.8347], [139.96391235955056, 35.83526966292137]], [[139.9183, 35.9144], [139.9104121266161, 35.912612082032986], [139.9376, 35.9161], [139.9183, 35.9144]], [[139.7672808259587, 35.936163053097346], [139.76550621683091, 35.936554510993176], [139.766, 35.9362], [139.7672808259587, 35.936163053097346]], [[139.7766564516129, 35.93628467741936], [139.77529906790943, 35.935931757656455], [139.7764, 35.9359], [139.7766564516129, 35.93628467741936]], [[139.78, 35.9413], [139.77760336647086, 35.95270797559874], [139.7773, 35.9523], [139.7797923566879, 35.94098853503184], [139.78, 35.9413]], [[139.7802, 35.9562], [139.78008400000002, 35.956044000000006], [139.78062274247492, 35.95609297658863], [139.7802, 35.9562]], [[139.7881, 35.9542], [139.78580447696945, 35.954781145071024], [139.8047, 35.9449], [139.7881, 35.9542]], [[139.8436, 35.9467], [139.8387, 35.9594], [139.8254, 35.9844], [139.8329, 35.9703], [139.8436, 35.9467]], [[139.9033, 35.911], [139.8836, 35.9015], [139.9058062297533, 35.91156807874408], [139.9033, 35.911]], [[139.7803, 35.8638], [139.7902, 35.8576], [139.79705187969924, 35.85516231203008], [139.7803, 35.8638]], [[139.80001030927835, 35.85410979381444], [139.8006, 35.8539], [139.8085, 35.8576], [139.80001030927835, 35.85410979381444]], [[139.841, 35.8691], [139.84075249999998, 35.85944749999922], [139.8414, 35.881], [139.841, 35.8691]], [[139.9022, 35.8647], [139.9038, 35.8602], [139.8968, 35.882], [139.9022, 35.8647]], [[139.8094, 35.9191], [139.8095910892857, 35.918996035714294], [139.80957343966713, 35.919384327323144], [139.8094, 35.9191]], [[139.8351, 35.8968], [139.83561212333566, 35.89551562718992], [139.83527017114915, 35.9002459657702], [139.8351, 35.8968]], [[139.77077857142856, 36.134057142857145], [139.772, 36.1356], [139.77441875, 36.141337500000006], [139.77077857142856, 36.134057142857145]], [[139.77681578947366, 36.14613157894737], [139.77823268292684, 36.147042439024396], [139.7771, 36.1467], [139.77681578947366, 36.14613157894737]], [[139.78690701754383, 36.14966491228069], [139.79737288135595, 36.151567796610166], [139.7943, 36.1519], [139.78690701754383, 36.14966491228069]], [[139.8000688604841, 36.151276339407126], [139.81119027384332, 36.14329348441921], [139.8017, 36.1511], [139.8000688604841, 36.151276339407126]], [[139.81491323048152, 36.140621178120625], [139.8155, 36.1402], [139.81597653186273, 36.14025661764706], [139.81491323048152, 36.140621178120625]], [[139.8181, 36.0583], [139.82146992066987, 36.05523924636405], [139.811, 36.0689], [139.8181, 36.0583]], [[139.8202, 36.3725], [139.8458, 36.3596], [139.81983936548667, 36.37292319356155], [139.8202, 36.3725]], [[140.0341, 35.6629], [140.046237273111, 35.673496032081026], [140.0457, 35.6733], [140.0341, 35.6629]], [[140.11137859103385, 35.69813714547118], [140.11561421800945, 35.698701895734594], [140.1129, 35.6988], [140.11137859103385, 35.69813714547118]], [[140.11830402173914, 35.698604673913046], [140.1383, 35.6937], [140.1212, 35.6985], [140.11830402173914, 35.698604673913046]], [[140.14684635761589, 35.68368013245034], [140.1558, 35.6687], [140.1499, 35.6801], [140.14684635761589, 35.68368013245034]], [[140.1584, 35.6495], [140.15981253692155, 35.647169314079456], [140.1558, 35.6687], [140.1584, 35.6495]], [[140.16015056689344, 35.64661156462584], [140.1604, 35.6462], [140.16133741677763, 35.646192676431426], [140.16015056689344, 35.64661156462584]], [[140.1881, 35.64], [140.19266116504855, 35.637803883495145], [140.1919, 35.639], [140.1881, 35.64]], [[140.19358767123288, 35.63634794520546], [140.19372919847328, 35.634649618320665], [140.194, 35.6357], [140.19358767123288, 35.63634794520546]], [[140.19209670014342, 35.62831750358664], [140.1906, 35.6235], [140.19077891023127, 35.62320607604861], [140.19209670014342, 35.62831750358664]], [[140.1911161103048, 35.622652104499274], [140.192, 35.6212], [140.1954, 35.6201], [140.1911161103048, 35.622652104499274]], [[140.1993, 35.6216], [140.2002209977662, 35.62286760982874], [140.1954, 35.6201], [140.1993, 35.6216]], [[140.2244, 35.6433], [140.2253, 35.6304], [140.22583107789143, 35.62994327301338], [140.2244, 35.6433]], [[140.2299078431373, 35.6264372549019], [140.2303, 35.6261], [140.23042783505153, 35.62606583210604], [140.2299078431373, 35.6264372549019]], [[140.24298758959657, 35.62270884702027], [140.252, 35.6203], [140.2673, 35.6182], [140.24298758959657, 35.62270884702027]], [[140.27054763973928, 35.608281532688096], [140.2705, 35.6106], [140.263, 35.6349], [140.2673, 35.6182], [140.27054763973928, 35.608281532688096]], [[140.2539687367078, 35.644311527009776], [140.2543, 35.6426], [140.263, 35.6349], [140.2539687367078, 35.644311527009776]], [[140.33289165359272, 35.57890106683401], [140.3332, 35.5791], [140.3291, 35.5862], [140.33289165359272, 35.57890106683401]], [[140.3295, 35.622], [140.3338, 35.6117], [140.3279617647059, 35.62771344537809], [140.3295, 35.622]], [[140.32583918918914, 35.63559729729743], [140.32533211267605, 35.638076338028135], [140.3253, 35.6376], [140.32583918918914, 35.63559729729743]], [[140.3466, 35.6543], [140.349, 35.6578], [140.3509347193347, 35.66435654885656], [140.3466, 35.6543]], [[140.35955376, 35.67963128], [140.3606142857143, 35.6798], [140.3598, 35.6798], [140.35955376, 35.67963128]], [[140.4426953066513, 35.6532226317305], [140.444, 35.6518], [140.44625731462926, 35.65174869739479], [140.4426953066513, 35.6532226317305]], [[140.4480402017291, 35.65170817723343], [140.4484, 35.6517], [140.4651, 35.6573], [140.4480402017291, 35.65170817723343]], [[140.31164666666672, 35.19311142857128], [140.31136812227075, 35.19466331877736], [140.3113, 35.1943], [140.31164666666672, 35.19311142857128]], [[140.3127, 35.1895], [140.318, 35.1821], [140.31219267676767, 35.19123939393941], [140.3127, 35.1895]], [[140.3039, 35.2224], [140.30602898550723, 35.22102463768117], [140.30363870967741, 35.22311612903226], [140.3039, 35.2224]], [[140.2404, 35.4988], [140.23415954198475, 35.5027106870229], [140.2349, 35.5016], [140.2404, 35.4988]], [[140.18150046765393, 35.424436788776255], [140.1813856936416, 35.4276791546243], [140.1812, 35.4265], [140.18150046765393, 35.424436788776255]], [[140.1904366542749, 35.40245643122713], [140.18255402047626, 35.41720239272977], [140.1827, 35.4162], [140.1904366542749, 35.40245643122713]], [[140.2673, 35.4157], [140.26198523002418, 35.422370036319656], [140.26720548977394, 35.4149202906351], [140.2673, 35.4157]], [[140.2669, 35.4124], [140.26707777777779, 35.41386666666664], [140.2601, 35.4034], [140.2669, 35.4124]], [[140.29687302778666, 35.363030645161295], [140.2972, 35.3632], [140.30999844065852, 35.380181345654215], [140.3036, 35.3726], [140.29687302778666, 35.363030645161295]], [[140.3211, 35.3978], [140.3166917586069, 35.38906223581014], [140.3177, 35.3904], [140.3211, 35.3978]], [[140.3219, 35.4065], [140.32184256870443, 35.40587543466071], [140.32268234295412, 35.40752139219011], [140.3219, 35.4065]], [[140.34197887323944, 35.432714084507026], [140.32990869565225, 35.41695579710153], [140.3385, 35.4268], [140.34197887323944, 35.432714084507026]], [[140.2731783783784, 35.34846093366094], [140.2765309912171, 35.3519006273526], [140.2752, 35.3508], [140.2731783783784, 35.34846093366094]], [[140.27845311203316, 35.35349007341204], [140.2907141998908, 35.359840688148566], [140.2804, 35.3551], [140.27845311203316, 35.35349007341204]], [[140.324, 35.3439], [140.32312368162465, 35.34360491320013], [140.341, 35.3437], [140.324, 35.3439]], [[140.3626124941287, 35.214184124001875], [140.3606, 35.215], [140.3429, 35.2168], [140.3626124941287, 35.214184124001875]], [[140.28387174598822, 35.26593777259635], [140.2828, 35.2665], [140.2604, 35.2668], [140.28387174598822, 35.26593777259635]], [[140.2915, 35.2603], [140.2889, 35.2633], [140.28644877300613, 35.26458588957057], [140.2915, 35.2603]], [[140.3053, 35.3348], [140.2985, 35.3185], [140.30580537810536, 35.335129347529346], [140.3053, 35.3348]], [[140.3142, 35.3406], [140.3089625208681, 35.337186811352254], [140.32012792792793, 35.342596138996136], [140.3142, 35.3406]], [[140.2717, 35.4968], [140.2739, 35.498], [140.2779411257897, 35.5008747846065], [140.2717, 35.4968]], [[140.2970240891789, 35.514450063440286], [140.2985, 35.5155], [140.29931728395061, 35.518224279835366], [140.2970240891789, 35.514450063440286]], [[140.30039375, 35.52181250000001], [140.3006, 35.5225], [140.3001141955836, 35.52301059035601], [140.30039375, 35.52181250000001]], [[140.2908, 35.5328], [140.29464995425437, 35.543291125343124], [140.2943, 35.5429], [140.2908, 35.5328]], [[140.29528267195764, 35.54399828042326], [140.30205427061932, 35.548182976225426], [140.2977, 35.5467], [140.29528267195764, 35.54399828042326]], [[140.306325, 35.549637499999996], [140.3159676258993, 35.551244604316544], [140.3115, 35.5514], [140.306325, 35.549637499999996]], [[140.320229179911, 35.55109637635093], [140.3263, 35.5487], [140.323, 35.551], [140.320229179911, 35.55109637635093]], [[140.3363, 35.5304], [140.3314, 35.5412], [140.3263, 35.5487], [140.3363, 35.5304]], [[140.3511, 35.4536], [140.3507177923021, 35.452649509803926], [140.3582, 35.4577], [140.3511, 35.4536]], [[140.34426254180605, 35.436596321070276], [140.3465, 35.4404], [140.34891374939053, 35.44816313993169], [140.34426254180605, 35.436596321070276]], [[140.39639560085837, 35.52196266094422], [140.3966, 35.5206], [140.408, 35.5037], [140.39639560085837, 35.52196266094422]], [[140.3381, 35.6066], [140.352, 35.6057], [140.3376488222698, 35.60713511777302], [140.3381, 35.6066]], [[140.4282455782313, 35.579958503401365], [140.4267, 35.5802], [140.4178, 35.5777], [140.4282455782313, 35.579958503401365]], [[140.4310988130564, 35.57844124629078], [140.4299, 35.5797], [140.42930751604032, 35.579792575618704], [140.4310988130564, 35.57844124629078]], [[140.43594978962133, 35.57284733520338], [140.4359, 35.5734], [140.4355098901099, 35.57380961538462], [140.43594978962133, 35.57284733520338]], [[140.396, 35.5246], [140.3961678723404, 35.523480851063816], [140.39726516034983, 35.52521341107872], [140.396, 35.5246]], [[140.3993, 35.5262], [140.3986923129484, 35.525905363853774], [140.4162, 35.526], [140.3993, 35.5262]], [[140.0319, 35.9275], [140.03350062402495, 35.926877535101404], [140.0207, 35.9381], [140.0319, 35.9275]], [[140.0496, 35.8191], [140.0445, 35.8126], [140.03611764705886, 35.79862941176477], [140.0496, 35.8191]], [[140.13152499999998, 35.8372], [140.0966, 35.846], [140.1181, 35.8399], [140.13152499999998, 35.8372]], [[140.136, 35.8363], [140.13706666666664, 35.83673809523809], [140.1351693735499, 35.83646705336427], [140.136, 35.8363]], [[140.173, 35.8171], [140.1722, 35.8094], [140.1766, 35.8004], [140.1792, 35.7889], [140.1731, 35.7832], [140.1654, 35.7711], [140.1507, 35.7705], [140.14229339604532, 35.764122576310236], [140.1604, 35.7497], [140.1783, 35.7433], [140.1914, 35.7411], [140.2017, 35.7458], [140.2059, 35.753], [140.2137, 35.7582], [140.2225, 35.7553], [140.2366, 35.7436], [140.2533, 35.7384], [140.26, 35.7309], [140.2715, 35.7518], [140.275, 35.7667], [140.2736, 35.7717], [140.2679, 35.7792], [140.2475, 35.7886], [140.2561, 35.795], [140.2687, 35.811], [140.2624, 35.8117], [140.2527, 35.8144], [140.2371, 35.8325], [140.222, 35.8325], [140.2094, 35.8289], [140.205, 35.8205], [140.2006, 35.817], [140.1799, 35.8198], [140.173, 35.8171]], [[140.2914, 35.751], [140.3018090909091, 35.751], [140.3015, 35.7512], [140.2715, 35.7518], [140.2914, 35.751]], [[140.29, 35.8211], [140.29015961995248, 35.822037767220884], [140.2849, 35.8163], [140.29, 35.8211]], [[140.2908, 35.8258], [140.288, 35.8357], [140.29029963636364, 35.8228603636364], [140.2908, 35.8258]], [[140.3021, 35.8638], [140.2906, 35.8691], [140.2958, 35.8667], [140.3021, 35.8638]], [[140.39955290663534, 35.86873270698764], [140.4, 35.8712], [140.3986, 35.8785], [140.39955290663534, 35.86873270698764]], [[140.3997, 35.8525], [140.4195, 35.8526], [140.3993321145487, 35.853082485297875], [140.3997, 35.8525]], [[140.46321643835614, 35.85754246575344], [140.462, 35.8582], [140.46136280902903, 35.85823095664636], [140.46321643835614, 35.85754246575344]], [[140.46959665003564, 35.85369251603704], [140.4694, 35.8542], [140.46864988610477, 35.8546054669704], [140.46959665003564, 35.85369251603704]], [[140.472179728419, 35.8452309731652], [140.4725, 35.8462], [140.47038900804287, 35.85164772117971], [140.472179728419, 35.8452309731652]], [[140.4701, 35.8155], [140.455, 35.795], [140.4486, 35.7824], [140.4562, 35.7963], [140.4701, 35.8155]], [[140.1439, 35.744], [140.1411, 35.736], [140.1441592964824, 35.744188117055856], [140.1439, 35.744]], [[140.25344587628865, 35.71379381443305], [140.2539992684711, 35.71760607168981], [140.2535, 35.7165], [140.25344587628865, 35.71379381443305]], [[140.25408721528285, 35.71110631888318], [140.25340735524256, 35.711867762128314], [140.2534, 35.7115], [140.25408721528285, 35.71110631888318]], [[140.2677, 35.7042], [140.2616677145285, 35.70676372132538], [140.2733, 35.7001], [140.2677, 35.7042]], [[140.2957, 35.718], [140.3035, 35.7114], [140.29521851851854, 35.7192962962963], [140.2957, 35.718]], [[140.2918, 35.7285], [140.29357755102046, 35.72371428571412], [140.29178599059068, 35.729288029273434], [140.2918, 35.7285]], [[140.319, 35.7639], [140.3189691689008, 35.763452949061644], [140.3200555555556, 35.76473333333336], [140.319, 35.7639]], [[140.335, 35.7684], [140.333908, 35.7684], [140.34004176285413, 35.765363483735584], [140.335, 35.7684]], [[140.3438, 35.7631], [140.3437188801639, 35.76314885626493], [140.3483, 35.7574], [140.3438, 35.7631]], [[140.3689, 35.7335], [140.36856884176186, 35.73393050570959], [140.36973282051272, 35.731383247863455], [140.3689, 35.7335]], [[140.3829, 35.7098], [140.38220242766877, 35.71066278683073], [140.3841, 35.6933], [140.3829, 35.7098]], [[140.25381530758227, 35.645104244158325], [140.2592, 35.6503], [140.2537, 35.6457], [140.25381530758227, 35.645104244158325]], [[140.28169564356438, 35.66602534653465], [140.282, 35.6657], [140.2858, 35.6662], [140.28169564356438, 35.66602534653465]], [[140.2892, 35.669], [140.28991472340425, 35.670695716312046], [140.2858, 35.6662], [140.2892, 35.669]], [[140.3185, 35.7033], [140.32103153564898, 35.70164140767825], [140.321, 35.7019], [140.3185, 35.7033]], [[140.3178, 35.6881], [140.3211, 35.6807], [140.32187616807778, 35.680326842270304], [140.3178, 35.6881]], [[140.32351335559264, 35.67953973288816], [140.3263, 35.6782], [140.3374, 35.676], [140.32351335559264, 35.67953973288816]], [[140.2023646119569, 35.70347133308578], [140.20428728971962, 35.70290859813085], [140.2035, 35.7039], [140.2023646119569, 35.70347133308578]], [[140.20531794871798, 35.701610731244024], [140.2104, 35.6842], [140.2062, 35.7005], [140.20531794871798, 35.701610731244024]], [[140.4262, 35.6829], [140.42583921568627, 35.68217843137252], [140.4418, 35.6956], [140.4262, 35.6829]], [[140.4683131067961, 35.688757242193645], [140.46686404639175, 35.68840476804124], [140.468, 35.6881], [140.4683131067961, 35.688757242193645]], [[140.49455943396228, 35.7102841981132], [140.4996, 35.7003], [140.4948, 35.7102], [140.49455943396228, 35.7102841981132]], [[140.0117, 35.6883], [140.01139815157114, 35.68772255083178], [140.01419331103685, 35.68920234113714], [140.0117, 35.6883]], [[140.0222, 35.6921], [140.01949412945308, 35.691120732563974], [140.03059465081728, 35.69229078751858], [140.0222, 35.6921]], [[140.0991695623987, 35.78355092382496], [140.1049, 35.785], [140.10836498481663, 35.78761060499883], [140.0991695623987, 35.78355092382496]], [[140.0885203808543, 35.76859876479665], [140.0892, 35.7694], [140.08930336832898, 35.77003845144362], [140.0885203808543, 35.76859876479665]], [[140.0799, 35.7588], [140.07985739393263, 35.75838555916267], [140.08124268656715, 35.760018746268635], [140.0799, 35.7588]], [[140.0659, 35.7287], [140.06613221425877, 35.72777544322898], [140.06604898186606, 35.72892405024821], [140.0659, 35.7287]], [[140.1127, 35.814], [140.1139, 35.8088], [140.11277044025155, 35.81444779874214], [140.1127, 35.814]], [[140.11740538172717, 35.799084313725515], [140.1179, 35.7999], [140.1177, 35.8037], [140.11740538172717, 35.799084313725515]], [[140.11034149081942, 35.78909975335709], [140.1122, 35.7905], [140.11709399260621, 35.79857079482429], [140.11034149081942, 35.78909975335709]], [[140.3842, 35.7317], [140.3853, 35.7272], [140.38586693306692, 35.72679180819182], [140.3842, 35.7317]], [[140.3868579710145, 35.726078260869556], [140.3878, 35.7254], [140.38896170212763, 35.72528936170213], [140.3868579710145, 35.726078260869556]], [[140.39095, 35.7251], [140.392, 35.725], [140.39267007575756, 35.725462121212125], [140.39095, 35.7251]], [[140.3940343283582, 35.72640298507462], [140.3949, 35.727], [140.39493000000002, 35.72909000000004], [140.3940343283582, 35.72640298507462]], [[140.39155023584905, 35.764193396226425], [140.39215885992044, 35.76700243040207], [140.3915, 35.7656], [140.39155023584905, 35.764193396226425]], [[140.398738347007, 35.78052473412337], [140.3985, 35.7805], [140.39465770171154, 35.77232139364312], [140.3961, 35.7744], [140.398738347007, 35.78052473412337]], [[140.4097128795142, 35.78119945669544], [140.4091, 35.7816], [140.40812580645164, 35.78149890444309], [140.4097128795142, 35.78119945669544]], [[140.424, 35.7727], [140.42574927395933, 35.772753823814135], [140.423417104177, 35.773076357932965], [140.424, 35.7727]], [[140.437, 35.7731], [140.4374763759526, 35.77348192209992], [140.4356878251821, 35.77305962539022], [140.437, 35.7731]], [[140.0464, 35.9252], [140.03761067193676, 35.92527918313571], [140.0391, 35.9247], [140.0464, 35.9252]], [[140.202, 35.8657], [140.1957, 35.8681], [140.2138, 35.8591], [140.202, 35.8657]], [[140.2065, 35.8584], [140.2172, 35.8594], [140.2138, 35.8591], [140.2065, 35.8584]], [[140.2373, 35.894], [140.2222, 35.8886], [140.23867235594454, 35.894154631655724], [140.2373, 35.894]], [[140.00380345356868, 35.863031619339985], [140.0041, 35.8622], [140.0053929060937, 35.86186860529728], [140.00380345356868, 35.863031619339985]], [[140.12176602052452, 35.96212787913339], [140.12167368421052, 35.96492105263158], [140.1216, 35.9626], [140.12176602052452, 35.96212787913339]], [[140.12196038394416, 35.97395209424086], [140.1252, 35.9783], [140.122, 35.9752], [140.12196038394416, 35.97395209424086]], [[140.1925, 35.9727], [140.1983, 35.9677], [140.2017365758755, 35.96630544747081], [140.1925, 35.9727]], [[140.2037214285714, 35.9655], [140.2052, 35.9649], [140.2114, 35.9655], [140.2037214285714, 35.9655]], [[140.15135942760944, 35.9403803030303], [140.14626536427414, 35.94093267134377], [140.1482, 35.9398], [140.15135942760944, 35.9403803030303]], [[140.1524409356725, 35.94057894736842], [140.1531, 35.9407], [140.1602877338877, 35.94667422037422], [140.1598, 35.9466], [140.1524409356725, 35.94057894736842]], [[140.1644, 35.9473], [140.16308571428573, 35.9471], [140.16466896551725, 35.9471], [140.1644, 35.9473]], [[140.17797153284673, 35.93266934306569], [140.1723, 35.9351], [140.1774, 35.9325], [140.17797153284673, 35.93266934306569]], [[140.2058, 35.9527], [140.20416375, 35.9525796875], [140.2138, 35.9498], [140.2058, 35.9527]], [[140.0484548387097, 36.009461290322534], [140.0507, 36.0205], [140.05043485714285, 36.02086114285715], [140.0481, 36.0123], [140.0484548387097, 36.009461290322534]], [[140.04856666666666, 36.008566666666674], [140.0486, 36.0083], [140.04996764705885, 36.00786617647057], [140.04856666666666, 36.008566666666674]], [[140.1424583359014, 36.0392332511556], [140.1425, 36.0379], [140.1527, 36.0221], [140.1424583359014, 36.0392332511556]], [[140.1369, 36.1303], [140.1437, 36.1407], [140.14346626968882, 36.1412750507656], [140.1369, 36.1303]], [[140.1233, 36.1295], [140.1233, 36.128540909090916], [140.1252, 36.1307], [140.1233, 36.1295]], [[140.1233, 36.1274], [140.1341, 36.1128], [140.1233, 36.12778378378377], [140.1233, 36.1274]], [[140.1424, 36.0411], [140.14241570093458, 36.040597570093475], [140.14297128463474, 36.04139622166246], [140.1424, 36.0411]], [[140.2078, 36.1587], [140.2043, 36.1615], [140.20810515021458, 36.157089484978535], [140.2078, 36.1587]], [[140.21100273227668, 36.12695701969626], [140.2062, 36.1349], [140.2102, 36.1271], [140.21100273227668, 36.12695701969626]], [[140.26705498857578, 36.08522153465346], [140.2684, 36.0885], [140.2669, 36.086], [140.26705498857578, 36.08522153465346]]], [[[139.4825, 35.3028], [139.4883, 35.2989], [139.4836, 35.2967], [139.4742, 35.2986], [139.4825, 35.3028]]], [[[139.6166, 35.1324], [139.6116, 35.1323], [139.6085, 35.1343], [139.6104, 35.1369], [139.6162, 35.137], [139.6263, 35.1349], [139.6274, 35.134], [139.6259, 35.1318], [139.6293, 35.1293], [139.6279, 35.1284], [139.6213, 35.1322], [139.6178, 35.1309], [139.6166, 35.1324]]], [[[139.6936, 35.2847], [139.693, 35.2863], [139.6954, 35.2873], [139.6954, 35.2863], [139.6936, 35.2847]]], [[[139.6517, 35.3079], [139.6567, 35.3019], [139.6526, 35.2993], [139.6527, 35.2967], [139.6483, 35.2945], [139.6443, 35.3003], [139.6517, 35.3079]]], [[[139.7422, 35.3108], [139.7403, 35.3114], [139.74, 35.3119], [139.7439, 35.3122], [139.7422, 35.3108]]], [[[139.6333, 35.3237], [139.6299, 35.3288], [139.6337, 35.3307], [139.6375, 35.3273], [139.6333, 35.3237]]], [[[139.6475, 35.3388], [139.6492, 35.3347], [139.6472, 35.3336], [139.6432, 35.3338], [139.641, 35.3371], [139.6475, 35.3388]]], [[[139.6761, 35.4571], [139.673, 35.4601], [139.6732, 35.4648], [139.6792, 35.469], [139.6917, 35.4719], [139.6955, 35.4672], [139.6945, 35.4639], [139.6854, 35.4587], [139.6886, 35.4575], [139.6983, 35.4614], [139.7016, 35.4561], [139.6959, 35.4494], [139.6789, 35.4575], [139.6761, 35.4571]]], [[[139.76, 35.4919], [139.76, 35.4944], [139.7583, 35.495], [139.7564, 35.4933], [139.7575, 35.49], [139.7542, 35.4881], [139.7492, 35.4872], [139.7464, 35.4886], [139.7444, 35.4869], [139.7425, 35.4886], [139.7373, 35.4887], [139.7363, 35.4864], [139.7419, 35.4791], [139.7392, 35.4748], [139.7327, 35.4736], [139.7134, 35.4643], [139.7069, 35.4726], [139.7004, 35.4774], [139.7039, 35.4817], [139.7185, 35.4891], [139.7334, 35.4947], [139.7372, 35.4942], [139.7578, 35.505], [139.76, 35.5042], [139.7636, 35.5064], [139.7672, 35.5064], [139.7772, 35.5047], [139.7767, 35.5028], [139.7789, 35.4994], [139.7767, 35.4975], [139.7744, 35.4981], [139.7669, 35.495], [139.7628, 35.4914], [139.76, 35.4919]]], [[[139.7658, 35.5646], [139.7573, 35.5696], [139.7567, 35.5735], [139.7579, 35.5746], [139.7702, 35.5751], [139.7736, 35.5742], [139.7658, 35.5646]]], [[[139.7524, 35.62], [139.7535, 35.6317], [139.7569, 35.6341], [139.7592, 35.6322], [139.759, 35.6189], [139.7532, 35.6189], [139.7524, 35.62]]], [[[139.7656, 35.6272], [139.7661, 35.6289], [139.7678, 35.6297], [139.7667, 35.6275], [139.7656, 35.6272]]], [[[139.7672, 35.6339], [139.7669, 35.6328], [139.7653, 35.6328], [139.7653, 35.6344], [139.7672, 35.6339]]], [[[139.8147, 35.1083], [139.813, 35.1094], [139.8136, 35.1111], [139.816, 35.1103], [139.8147, 35.1083]]], [[[139.7694, 35.3139], [139.7672, 35.3144], [139.7673, 35.3157], [139.7709, 35.3147], [139.7694, 35.3139]]], [[[139.9117, 35.3842], [139.9114, 35.3847], [139.9097, 35.3858], [139.9117, 35.3858], [139.9117, 35.3842]]], [[[139.7888, 35.5134], [139.7839, 35.5136], [139.7829, 35.5115], [139.7802, 35.513], [139.7755, 35.5092], [139.7717, 35.5122], [139.7733, 35.5147], [139.7708, 35.5125], [139.7692, 35.5134], [139.7661, 35.5188], [139.7682, 35.5231], [139.765, 35.522], [139.7607, 35.5305], [139.7683, 35.5368], [139.7877, 35.5246], [139.7886, 35.5226], [139.7889, 35.5206], [139.7923, 35.5196], [139.7921, 35.5183], [139.7887, 35.5194], [139.7834, 35.5159], [139.7861, 35.5145], [139.7896, 35.5165], [139.7888, 35.5134]]], [[[139.8046, 35.5861], [139.8086, 35.5914], [139.8111, 35.5895], [139.8105, 35.5882], [139.8046, 35.5861]]], [[[139.7863, 35.5803], [139.7831, 35.5776], [139.7741, 35.5764], [139.7643, 35.5781], [139.7627, 35.5767], [139.7553, 35.5767], [139.7537, 35.578], [139.7498, 35.5864], [139.7483, 35.5971], [139.7489, 35.6014], [139.7513, 35.6046], [139.7526, 35.6173], [139.7574, 35.6175], [139.7595, 35.6174], [139.7625, 35.6142], [139.7643, 35.6082], [139.7757, 35.593], [139.7766, 35.5908], [139.7749, 35.5871], [139.7813, 35.5858], [139.7863, 35.5803]]], [[[139.8203, 35.6072], [139.8264, 35.5967], [139.8189, 35.5928], [139.813, 35.5897], [139.8053, 35.5997], [139.8203, 35.6072]]], [[[139.795, 35.5972], [139.7928, 35.5989], [139.7936, 35.6011], [139.8019, 35.6092], [139.8097, 35.6131], [139.8169, 35.6097], [139.8019, 35.5994], [139.7958, 35.5961], [139.795, 35.5972]]], [[[139.7701, 35.6191], [139.7671, 35.6227], [139.7675, 35.6261], [139.777, 35.6314], [139.775, 35.6353], [139.7761, 35.6361], [139.7817, 35.6306], [139.7833, 35.6289], [139.7793, 35.6263], [139.7796, 35.6244], [139.7928, 35.61], [139.7869, 35.6017], [139.7747, 35.6156], [139.7736, 35.6197], [139.7701, 35.6191]]], [[[139.8273, 35.6311], [139.8388, 35.6316], [139.8401, 35.6282], [139.8388, 35.6161], [139.8354, 35.6121], [139.8304, 35.618], [139.8319, 35.6202], [139.8277, 35.6206], [139.8251, 35.6298], [139.8273, 35.6311]]], [[[139.7697, 35.6325], [139.7703, 35.6319], [139.7681, 35.6297], [139.7681, 35.6314], [139.7697, 35.6325]]], [[[139.7709, 35.6329], [139.7712, 35.6345], [139.7734, 35.6341], [139.7721, 35.6324], [139.7709, 35.6329]]], [[[139.8089, 35.6378], [139.812, 35.6394], [139.8136, 35.6386], [139.8103, 35.6374], [139.8103, 35.6292], [139.8089, 35.6378]]], [[[139.8173, 35.6484], [139.8202, 35.6486], [139.8217, 35.6435], [139.8205, 35.642], [139.8082, 35.6407], [139.808, 35.6467], [139.8056, 35.6515], [139.8069, 35.6531], [139.8162, 35.6539], [139.8173, 35.6484]]], [[[139.7699, 35.6543], [139.7687, 35.6565], [139.7698, 35.6579], [139.7792, 35.6642], [139.7844, 35.6711], [139.7866, 35.6702], [139.7872, 35.6625], [139.7887, 35.6558], [139.773, 35.6456], [139.7694, 35.6494], [139.7729, 35.653], [139.7681, 35.6501], [139.7668, 35.6509], [139.7673, 35.6552], [139.7699, 35.6543]]], [[[139.7894, 35.6636], [139.7917, 35.6644], [139.7922, 35.6633], [139.7897, 35.6614], [139.7894, 35.6636]]], [[[139.9628, 35.6714], [139.9589, 35.6742], [139.96, 35.6783], [139.9622, 35.6803], [139.9736, 35.6806], [139.9775, 35.6792], [139.9778, 35.6761], [139.9722, 35.6769], [139.9714, 35.6761], [139.9735, 35.6741], [139.9778, 35.6742], [139.9794, 35.6694], [139.9628, 35.6714]]], [[[139.9309, 35.6977], [139.9311, 35.6975], [139.931, 35.6974], [139.9309, 35.6977]]]]}}]}