{"type": "FeatureCollection", "features": [{"type": "Feature", "properties": {"metro_id": "JPM01", "metro_name": "Tokyo (Kanto MMA)", "n_members": 215, "n_missing": 0, "n_prefs": 9, "prefs": "Chiba、Gunma、Ibaraki、Kanagawa、Saitama、Shizuoka、Tochigi、Tokyo、Yamanashi"}, "geometry": {"type": "MultiPolygon", "coordinates": [[[[139.1733, 35.0428], [139.1772, 35.0386], [139.1686, 35.0361], [139.1636, 35.0425], [139.1644, 35.0439], [139.1676, 35.0433], [139.1733, 35.0428]]], [[[139.0828, 35.1012], [139.0763, 35.0973], [139.0753, 35.0914], [139.0775, 35.0897], [139.0769, 35.0919], [139.0805, 35.0934], [139.0828, 35.0861], [139.0747, 35.0803], [139.0793, 35.0691], [139.0764, 35.0663], [139.0741, 35.06], [139.0689, 35.0559], [139.0741, 35.0473], [139.0796, 35.0479], [139.0856, 35.0453], [139.0928, 35.05], [139.1, 35.0461], [139.1011, 35.0439], [139.0983, 35.0336], [139.099, 35.0302], [139.0849, 35.0349], [139.0796, 35.0352], [139.0759, 35.034], [139.0659, 35.0255], [139.045, 35.0263], [139.0388, 35.0286], [139.0304, 35.0357], [139.0294, 35.0595], [139.0245, 35.0723], [139.0231, 35.0823], [139.0293, 35.0989], [139.0296, 35.1171], [139.0322, 35.1267], [139.031, 35.1433], [139.03288365424007, 35.1465716099959], [139.0266, 35.1741], [139.0393, 35.1759], [139.0476, 35.1835], [139.0552, 35.1867], [139.0763, 35.2006], [139.0834, 35.2058], [139.0891, 35.216], [139.0967, 35.222], [139.1076, 35.2268], [139.1166, 35.2272], [139.1192, 35.2302], [139.1171, 35.2327], [139.0961, 35.2417], [139.0927, 35.2413], [139.0889, 35.2358], [139.0853, 35.2351], [139.078, 35.2392], [139.0641, 35.2436], [139.0626, 35.2488], [139.0665, 35.2559], [139.0612, 35.2711], [139.0555, 35.2768], [139.049, 35.2806], [139.0368, 35.2762], [139.0281, 35.2751], [139.0196, 35.2806], [139.0134, 35.2825], [139.0082, 35.2884], [139.017, 35.3169], [139.0216, 35.3266], [139.0206, 35.3282], [139.0136, 35.3391], [139.0131, 35.3505], [139.0089, 35.3722], [139.0024, 35.3799], [139.0042, 35.3901], [138.9966, 35.4002], [138.975, 35.4018], [138.9414, 35.3959], [138.9196, 35.3987], [138.9224, 35.4087], [138.9333, 35.4175], [138.9297, 35.4275], [138.9403, 35.4457], [138.9422813384113, 35.446934276387374], [138.9256, 35.4483], [138.9369, 35.4766], [138.9425, 35.4844], [138.9601, 35.4935], [138.9814, 35.5122], [138.9899, 35.5159], [139.0031, 35.519], [139.0145, 35.5332], [139.0274, 35.5446], [139.0241, 35.5528], [139.00719388275277, 35.573882922684795], [138.9745, 35.567], [138.9662, 35.5672], [138.9602, 35.5702], [138.9561, 35.5764], [138.9519, 35.5917], [138.9459, 35.5948], [138.9404, 35.5933], [138.9312, 35.5868], [138.9212, 35.5847], [138.8833, 35.5712], [138.8611, 35.5706], [138.8412, 35.5761], [138.8282, 35.5765], [138.8216, 35.5746], [138.8086, 35.5663], [138.8011, 35.5636], [138.7958, 35.5636], [138.7868, 35.5739], [138.7732, 35.5842], [138.7712, 35.5906], [138.7711, 35.6039], [138.8148, 35.6224], [138.8333, 35.6275], [138.8459, 35.6383], [138.8494, 35.6495], [138.8507, 35.6688], [138.8591, 35.684], [138.8571, 35.7072], [138.8599, 35.7188], [138.8636, 35.7262], [138.8948, 35.7338], [138.9171, 35.7341], [138.9388, 35.7295], [138.9497, 35.7254], [138.9675, 35.7141], [138.9773, 35.7042], [138.9986, 35.7115], [139.0196, 35.7296], [139.0269, 35.7179], [139.045, 35.7072], [139.0746, 35.6933], [139.0859, 35.6916], [139.0958, 35.688], [139.106, 35.6883], [139.1335, 35.67], [139.1641, 35.6646], [139.1751, 35.6471], [139.1649, 35.6635], [139.1702, 35.6744], [139.1728, 35.6877], [139.1722, 35.7074], [139.1698, 35.7181], [139.1703, 35.7283], [139.1678, 35.7347], [139.1608, 35.7424], [139.156, 35.7439], [139.1454, 35.751], [139.1439, 35.7621], [139.1337, 35.7636], [139.1338, 35.7648], [139.1375, 35.7717], [139.1415, 35.7741], [139.1426, 35.7725], [139.1418, 35.7747], [139.1507, 35.7872], [139.1635, 35.7952], [139.1765, 35.7999], [139.1801, 35.8065], [139.1802, 35.8118], [139.1779, 35.8187], [139.1792, 35.828], [139.1706, 35.8385], [139.1646, 35.8503], [139.1868, 35.8403], [139.1465, 35.8601], [139.1147, 35.8616], [139.1013, 35.8651], [139.1072, 35.8714], [139.1107, 35.8785], [139.1163, 35.8849], [139.1178, 35.8898], [139.1108, 35.9106], [139.1049, 35.9228], [139.0975, 35.9335], [139.0991, 35.9444], [139.09, 35.9532], [139.0886, 35.957], [139.0897, 35.9803], [139.0986, 35.9986], [139.1047, 36.0016], [139.109, 36.0019], [139.1211, 35.9954], [139.1371, 35.9963], [139.1659, 35.9892], [139.1737, 35.985], [139.178, 35.991], [139.1618, 36.0193], [139.1587, 36.0217], [139.1606, 36.0564], [139.1644, 36.073], [139.1638, 36.076], [139.1591, 36.0822], [139.1527, 36.0857], [139.1498, 36.088], [139.1479, 36.096], [139.1442, 36.1022], [139.1432, 36.1075], [139.1449, 36.1148], [139.152, 36.1226], [139.1635, 36.1248], [139.1681, 36.1299], [139.164, 36.1357], [139.1573, 36.1367], [139.1453, 36.1414], [139.14669999999998, 36.142799999999994], [139.1434, 36.1417], [139.1354, 36.1449], [139.1272, 36.143], [139.1074, 36.1328], [139.0871, 36.1176], [139.076, 36.1165], [139.0706, 36.1175], [139.0661, 36.123], [139.0668, 36.1271], [139.0713, 36.1351], [139.0847, 36.1404], [139.0843, 36.1432], [139.0782, 36.1467], [139.0761, 36.1527], [139.0851, 36.1597], [139.0867, 36.1738], [139.0949, 36.1869], [139.0993, 36.1897], [139.1065, 36.1879], [139.1128, 36.1899], [139.1157, 36.1931], [139.1176, 36.2023], [139.1201, 36.2039], [139.1237, 36.203], [139.1313, 36.1951], [139.1365, 36.1951], [139.1402, 36.201], [139.1381, 36.2075], [139.1483, 36.2141], [139.1476, 36.2209], [139.1738, 36.2289], [139.1413, 36.2198], [139.1324, 36.2154], [139.1259, 36.2176], [139.1207, 36.225], [139.1163, 36.2278], [139.093, 36.2265], [139.1017, 36.2385], [139.1108, 36.2581], [139.1211, 36.2657], [139.1303, 36.2759], [139.1656, 36.2737], [139.1761, 36.2691], [139.1806, 36.2672], [139.215, 36.256], [139.2516, 36.2384], [139.2534, 36.2388], [139.2819, 36.2445], [139.3095, 36.2345], [139.3313, 36.2329], [139.3365, 36.2359], [139.3405, 36.2382], [139.3639, 36.2434], [139.375, 36.2414], [139.3916, 36.2297], [139.4155, 36.217], [139.4456, 36.1949], [139.4569, 36.1885], [139.4669, 36.1861], [139.5000829619921, 36.18881072083879], [139.4963, 36.1887], [139.4955, 36.2065], [139.4796, 36.2111], [139.4644, 36.2125], [139.4622, 36.2161], [139.4641, 36.2229], [139.4676, 36.2237], [139.4785, 36.2246], [139.4973, 36.2204], [139.5067, 36.2224], [139.5097, 36.2259], [139.5086, 36.2291], [139.4908, 36.2359], [139.4872, 36.2421], [139.4863, 36.247], [139.4879, 36.2504], [139.5005, 36.2623], [139.5004, 36.2673], [139.4972, 36.2746], [139.5078, 36.2777], [139.5191, 36.2781], [139.5294, 36.2815], [139.5398, 36.2788], [139.5572, 36.2715], [139.5656, 36.2639], [139.6085, 36.2655], [139.6222, 36.2716], [139.6329, 36.2684], [139.6413, 36.2617], [139.6369, 36.25], [139.6441, 36.2399], [139.6534, 36.2354], [139.6611, 36.2283], [139.6625, 36.2176], [139.6469, 36.1936], [139.6354, 36.1925], [139.622, 36.1864], [139.6253, 36.1879], [139.6453, 36.1728], [139.6407, 36.1609], [139.6413, 36.1571], [139.6453, 36.1533], [139.6476, 36.1474], [139.6471, 36.1334], [139.6441, 36.1277], [139.6441, 36.1242], [139.6489, 36.1203], [139.6665, 36.115], [139.668, 36.1106], [139.6716, 36.1076], [139.6526, 36.0989], [139.6434, 36.0894], [139.6498, 36.0832], [139.6629, 36.0759], [139.6746, 36.0789], [139.6951, 36.0752], [139.7074, 36.077], [139.7107, 36.0819], [139.7106, 36.0848], [139.7076, 36.0869], [139.7012, 36.0875], [139.6998, 36.0892], [139.7011, 36.0942], [139.7039, 36.0972], [139.7335, 36.095], [139.7404, 36.0833], [139.7306, 36.1009], [139.7255, 36.1146], [139.7176, 36.122], [139.7149, 36.1285], [139.7003, 36.1518], [139.6965, 36.1641], [139.6946, 36.177], [139.6974, 36.189], [139.7053, 36.2007], [139.693, 36.205], [139.6987, 36.2103], [139.699, 36.2235], [139.6963, 36.2284], [139.6959, 36.2352], [139.6989, 36.2452], [139.7129, 36.2501], [139.7324, 36.2616], [139.7302, 36.2716], [139.7335, 36.2845], [139.7278, 36.298], [139.7288, 36.3004], [139.7349, 36.3044], [139.7373, 36.317], [139.746, 36.3206], [139.7506, 36.3244], [139.7547, 36.3399], [139.7667, 36.3498], [139.7728, 36.3577], [139.7867, 36.3692], [139.7934, 36.3727], [139.8039, 36.3742], [139.8075, 36.3821], [139.8104, 36.384], [139.8104, 36.3897], [139.815, 36.4003], [139.8217, 36.3981], [139.8262, 36.3985], [139.8343, 36.405], [139.835, 36.4238], [139.8401, 36.4438], [139.8374, 36.454], [139.8494, 36.4631], [139.8485, 36.4821], [139.8637, 36.4752], [139.8739, 36.4759], [139.8783, 36.4689], [139.8798, 36.4617], [139.8722, 36.4524], [139.8769, 36.4337], [139.8696, 36.418], [139.8695, 36.4145], [139.8907, 36.4129], [139.9199, 36.3965], [139.9387, 36.3983], [139.9232, 36.3744], [139.9165, 36.3571], [139.9205, 36.3349], [139.9174, 36.3332], [139.9112, 36.297], [139.8926, 36.3076], [139.88, 36.3107], [139.8537, 36.3085], [139.8399, 36.2924], [139.8413, 36.2699], [139.8348, 36.2612], [139.8321, 36.25], [139.8257, 36.2389], [139.8160046232965, 36.235092244793], [139.8191, 36.2299], [139.8208, 36.207], [139.823, 36.2038], [139.8325, 36.2038], [139.8377, 36.2101], [139.8479, 36.2179], [139.8531, 36.2177], [139.8573, 36.2141], [139.8688, 36.188], [139.8702, 36.1781], [139.8684, 36.175], [139.8615, 36.1736], [139.8584, 36.1712], [139.8571, 36.1635], [139.8674, 36.15], [139.8528, 36.1472], [139.8497, 36.1484], [139.8453, 36.1541], [139.8412, 36.1553], [139.8389, 36.1529], [139.8392, 36.1464], [139.8357, 36.1426], [139.8378, 36.1365], [139.8459, 36.1282], [139.8458, 36.1174], [139.838, 36.1034], [139.8372, 36.0988], [139.8407, 36.0838], [139.8458, 36.0736], [139.8463, 36.0649], [139.8431, 36.0608], [139.8373, 36.0578], [139.8215111171249, 36.0552018294003], [139.8399, 36.0385], [139.8501, 36.0309], [139.8595, 36.0266], [139.8733, 36.0129], [139.8827, 36.0], [139.892, 35.9826], [139.9009, 35.9752], [139.9121, 35.9706], [139.9169956656347, 35.96955092879257], [139.9158, 35.9836], [139.9169, 35.993], [139.9219, 36.0046], [139.9231, 36.0153], [139.9418, 36.0232], [139.9478, 36.0285], [139.9499, 36.0334], [139.9484, 36.0469], [139.9393, 36.068], [139.9437, 36.0829], [139.9372, 36.0913], [139.9146, 36.102], [139.9053, 36.1096], [139.897, 36.1199], [139.8904, 36.1246], [139.8932, 36.1321], [139.8962, 36.1368], [139.8996, 36.1384], [139.9401, 36.1371], [139.9559, 36.1416], [139.9624, 36.142], [139.976, 36.1381], [139.9843, 36.132], [139.9883, 36.1314], [140.004, 36.1406], [140.004, 36.1432], [140.007, 36.1567], [140.0255, 36.1871], [140.0397, 36.1973], [140.0451, 36.206], [140.0532, 36.2137], [140.0561, 36.2209], [140.057, 36.2366], [140.0643, 36.2333], [140.076, 36.2246], [140.1128, 36.2243], [140.129, 36.204], [140.1379, 36.1824], [140.1389, 36.1698], [140.1751, 36.1716], [140.2134, 36.187], [140.2172, 36.1958], [140.2143, 36.2038], [140.2157, 36.2082], [140.226, 36.2081], [140.2329, 36.2057], [140.2369, 36.2027], [140.2501, 36.1821], [140.2568, 36.1772], [140.2685, 36.1745], [140.2727, 36.171], [140.2725, 36.161], [140.2591, 36.1493], [140.2533, 36.1421], [140.2535, 36.1362], [140.272, 36.1351], [140.3079, 36.1254], [140.3171, 36.1213], [140.3243, 36.1216], [140.3339, 36.1266], [140.3412, 36.122], [140.3577, 36.116], [140.3718, 36.1087], [140.3781, 36.1027], [140.3794, 36.093], [140.3849, 36.0886], [140.3921, 36.0868], [140.3928, 36.0814], [140.3854, 36.0714], [140.3724, 36.0604], [140.368, 36.0584], [140.348, 36.0582], [140.3399, 36.0603], [140.3055, 36.0615], [140.299, 36.0603], [140.2926, 36.056], [140.2852, 36.0581], [140.2713, 36.0639], [140.246, 36.066], [140.2417, 36.0732], [140.2405, 36.0791], [140.2367, 36.0837], [140.2156, 36.0833], [140.215, 36.0761], [140.2229, 36.0713], [140.2263, 36.0656], [140.2264, 36.0568], [140.2249, 36.0532], [140.2397, 36.0359], [140.2527, 36.0309], [140.2714, 36.0316], [140.2786, 36.0289], [140.2938, 36.0264], [140.3509, 36.0236], [140.3694, 36.0089], [140.3735, 36.0017], [140.371, 35.9975], [140.3609, 35.9948], [140.3558, 35.9959], [140.3482, 36.0017], [140.3432, 36.0015], [140.3383, 35.9991], [140.3166, 35.9807], [140.3065, 35.9754], [140.302, 35.9753], [140.2954, 35.9779], [140.2834, 35.9853], [140.275, 35.9803], [140.2604, 35.9773], [140.273, 35.9591], [140.276, 35.9505], [140.2757, 35.9464], [140.2672, 35.9367], [140.2613, 35.9324], [140.2444, 35.8948], [140.24085000000002, 35.8944], [140.2585, 35.8944], [140.2743, 35.8919], [140.2801, 35.8832], [140.2932, 35.8822], [140.3017, 35.8783], [140.3073, 35.8777], [140.3163, 35.882], [140.3182, 35.8913], [140.3213, 35.8949], [140.3257, 35.8942], [140.3309, 35.8881], [140.3368, 35.8881], [140.3512, 35.8997], [140.3742, 35.9107], [140.3786, 35.911], [140.3817, 35.9088], [140.38033058103977, 35.89960532983836], [140.3931, 35.904], [140.4047, 35.9062], [140.4259, 35.9034], [140.4383, 35.9085], [140.454, 35.9144], [140.4662, 35.9165], [140.4761, 35.9143], [140.4852, 35.9078], [140.4992, 35.9035], [140.5092, 35.8982], [140.5213, 35.895], [140.5316, 35.8993], [140.5436, 35.8998], [140.5576, 35.8992], [140.5674, 35.8966], [140.5885, 35.884], [140.6049, 35.8686], [140.6153, 35.8614], [140.625, 35.8565], [140.6488, 35.8505], [140.6483, 35.8076], [140.6461, 35.8036], [140.6369, 35.7975], [140.6318, 35.7898], [140.6231, 35.7832], [140.6147, 35.7735], [140.585, 35.7664], [140.5663, 35.751], [140.5668, 35.7463], [140.5643, 35.7364], [140.566, 35.733], [140.5736, 35.7288], [140.5809, 35.7275], [140.5955, 35.7327], [140.598, 35.7306], [140.5976, 35.725], [140.5952, 35.7205], [140.5856, 35.7164], [140.5849, 35.7129], [140.5997, 35.7043], [140.6138, 35.6778], [140.6224, 35.6707], [140.559, 35.6284], [140.5352, 35.6102], [140.5305, 35.6115], [140.5336, 35.6083], [140.5237, 35.6018], [140.4936, 35.5761], [140.4919, 35.5728], [140.4764, 35.5586], [140.4722, 35.5517], [140.4654, 35.5454], [140.4614, 35.5406], [140.4652, 35.5365], [140.4575, 35.5408], [140.4603, 35.5383], [140.4597, 35.5358], [140.4617, 35.5372], [140.4622, 35.5361], [140.4605, 35.5343], [140.4553, 35.5336], [140.4456, 35.5222], [140.4274, 35.4943], [140.4225, 35.4878], [140.4227, 35.4851], [140.4183, 35.48], [140.4119, 35.4657], [140.4061, 35.4536], [140.3953, 35.4189], [140.3928, 35.3969], [140.3908, 35.3933], [140.3914, 35.3853], [140.3908, 35.3672], [140.3925, 35.3458], [140.3959, 35.3325], [140.3984, 35.3294], [140.3958927765237, 35.32850662151994], [140.4018, 35.3297], [140.4105, 35.3196], [140.4141, 35.3118], [140.4149, 35.3047], [140.409, 35.2968], [140.4074, 35.2972], [140.4097, 35.3005], [140.4069, 35.3006], [140.4058, 35.2969], [140.4019, 35.2969], [140.3961, 35.2989], [140.3894, 35.3051], [140.3914, 35.3011], [140.3956, 35.2979], [140.4051, 35.2941], [140.4079, 35.2955], [140.4081, 35.2936], [140.4012, 35.2778], [140.399, 35.2674], [140.3992, 35.2581], [140.4055, 35.2561], [140.4024, 35.2562], [140.405, 35.253], [140.401, 35.255], [140.4072, 35.2497], [140.4043, 35.2494], [140.406, 35.2383], [140.3997, 35.2302], [140.4007, 35.2269], [140.3979, 35.2232], [140.3956, 35.2132], [140.3923, 35.2093], [140.394, 35.2024], [140.3875, 35.1966], [140.385, 35.1922], [140.3849, 35.1883], [140.3769, 35.1804], [140.3718, 35.1787], [140.3676, 35.1787], [140.3628, 35.1825], [140.3572, 35.1839], [140.3514, 35.1822], [140.3443, 35.172], [140.3397, 35.1703], [140.3331, 35.1639], [140.332, 35.161], [140.3331, 35.1575], [140.3272, 35.1494], [140.3259, 35.1389], [140.3152, 35.138], [140.3109, 35.1349], [140.3127, 35.1419], [140.3119, 35.1475], [140.3064, 35.1508], [140.2991, 35.1512], [140.2949, 35.1459], [140.2906, 35.1447], [140.2914, 35.1416], [140.2903, 35.1389], [140.2924, 35.1377], [140.2903, 35.1362], [140.2872, 35.1369], [140.2858, 35.1339], [140.2842, 35.1355], [140.2814, 35.1334], [140.28, 35.1347], [140.2801, 35.1335], [140.2781, 35.1333], [140.278, 35.1311], [140.2744, 35.1303], [140.2736, 35.1319], [140.2767, 35.135], [140.2725, 35.1383], [140.2689, 35.1365], [140.2687, 35.1347], [140.2666, 35.1357], [140.2658, 35.1336], [140.2622, 35.1344], [140.2631, 35.1369], [140.2619, 35.1381], [140.2577, 35.1379], [140.2567, 35.1339], [140.2528, 35.1333], [140.2511, 35.1353], [140.248, 35.1342], [140.2489, 35.1283], [140.245, 35.1247], [140.2414, 35.1253], [140.2364, 35.1211], [140.2345, 35.1215], [140.2379, 35.1185], [140.2367, 35.1167], [140.2255, 35.1142], [140.2229, 35.1163], [140.2178, 35.1153], [140.2179, 35.1355], [140.2162, 35.1427], [140.2104, 35.1521], [140.1924, 35.1677], [140.1736, 35.1621], [140.1665, 35.1632], [140.1633, 35.1661], [140.1524, 35.1865], [140.1317, 35.1862], [140.0949, 35.1718], [140.0711, 35.1697], [140.0413, 35.1587], [140.037, 35.159], [140.0315, 35.1644], [140.0291, 35.1649], [140.0176, 35.1577], [139.9923, 35.1538], [139.9751, 35.1528], [139.9358906582008, 35.144738266172126], [139.9301, 35.1292], [139.9144, 35.1135], [139.8634, 35.1086], [139.8456, 35.0944], [139.8406, 35.0924], [139.836, 35.0991], [139.828, 35.0995], [139.8286, 35.1022], [139.8244, 35.1015], [139.8272, 35.1051], [139.8247, 35.1068], [139.8276, 35.1106], [139.825, 35.1135], [139.8316, 35.1195], [139.8309, 35.1239], [139.8356, 35.1245], [139.8353, 35.1296], [139.8393, 35.1306], [139.8363, 35.1341], [139.8363, 35.1397], [139.8301, 35.1461], [139.8299, 35.1492], [139.8216, 35.154], [139.8232, 35.1526], [139.8185, 35.1544], [139.8189, 35.1617], [139.8221, 35.1657], [139.817, 35.1686], [139.8177, 35.1702], [139.816, 35.1723], [139.8184, 35.1733], [139.8164, 35.1768], [139.8188, 35.1813], [139.8176, 35.1849], [139.8185, 35.1885], [139.8245, 35.1981], [139.8282, 35.1994], [139.8308, 35.2038], [139.8438, 35.2082], [139.8503, 35.2135], [139.8623, 35.2176], [139.8703, 35.2149], [139.8656, 35.2188], [139.8706, 35.2228], [139.8682, 35.2461], [139.8646, 35.2541], [139.8594, 35.2606], [139.8473, 35.2719], [139.8488, 35.2735], [139.8481, 35.2767], [139.8505, 35.2767], [139.8529, 35.2805], [139.8524, 35.2856], [139.8448, 35.2922], [139.83, 35.3001], [139.8172, 35.304], [139.8123, 35.307], [139.7843, 35.3134], [139.7983, 35.3136], [139.8186, 35.3163], [139.8196, 35.3196], [139.8166, 35.3243], [139.8222, 35.3272], [139.8203, 35.3245], [139.8223, 35.3236], [139.8277, 35.3288], [139.8395, 35.3345], [139.837, 35.3371], [139.8291, 35.3368], [139.823, 35.3438], [139.831, 35.3526], [139.8327, 35.3525], [139.8355, 35.3484], [139.8428, 35.3529], [139.847, 35.3473], [139.8493, 35.347], [139.854, 35.3502], [139.8553, 35.3469], [139.8586, 35.3481], [139.8517, 35.3575], [139.8394, 35.3665], [139.8456, 35.3751], [139.8595, 35.3688], [139.8709, 35.3663], [139.8794, 35.3625], [139.8915, 35.3611], [139.895, 35.3582], [139.8957, 35.3519], [139.8959, 35.3601], [139.8878, 35.3699], [139.8895, 35.3719], [139.8961, 35.3702], [139.8996, 35.3721], [139.9021, 35.3684], [139.9058, 35.3695], [139.9045, 35.3746], [139.8988, 35.3727], [139.8984, 35.3757], [139.9105, 35.3807], [139.9139, 35.3769], [139.9142, 35.3806], [139.9126, 35.3828], [139.9169, 35.3812], [139.9166, 35.3845], [139.9186, 35.3884], [139.9116, 35.391], [139.9055, 35.3897], [139.8991, 35.4078], [139.906, 35.4125], [139.9072, 35.4156], [139.8992, 35.4097], [139.8962, 35.4104], [139.8978, 35.4179], [139.8969, 35.4238], [139.9006, 35.424], [139.9036, 35.4316], [139.9182, 35.4379], [139.9204, 35.4405], [139.9255, 35.4398], [139.9381, 35.4425], [139.9404, 35.4442], [139.9466, 35.4429], [139.9501, 35.4425], [139.9487, 35.4438], [139.9509, 35.4561], [139.9603, 35.4586], [139.9622, 35.4585], [139.9649, 35.4501], [139.9557, 35.448], [139.953, 35.4531], [139.9552, 35.4463], [139.9543, 35.4439], [139.9576, 35.4464], [139.9653, 35.4478], [139.9689, 35.4461], [139.9728, 35.4479], [139.9729, 35.4508], [139.9661, 35.4646], [139.966, 35.4686], [139.9728, 35.4718], [139.9762, 35.4718], [139.9806, 35.4743], [139.9835, 35.4736], [139.9924, 35.4581], [139.9893, 35.4531], [139.9899, 35.4518], [139.9964, 35.4579], [139.9937, 35.4596], [139.9896, 35.4703], [139.9943, 35.4723], [140.0, 35.4664], [140.0032, 35.4687], [139.9978, 35.4747], [140.0061, 35.4796], [140.0132, 35.4771], [140.0191, 35.4683], [140.02188932912009, 35.46781908118619], [140.0188, 35.4723], [140.01872385706778, 35.47258139779298], [140.0183, 35.4732], [140.01866990950225, 35.47278076923078], [140.0165, 35.4808], [140.011, 35.4838], [140.0217, 35.4967], [140.0274, 35.4951], [140.0299, 35.4972], [140.0286, 35.4945], [140.0316, 35.4929], [140.0336, 35.4936], [140.0342, 35.4959], [140.0264, 35.5003], [140.0252, 35.5026], [140.0333, 35.5115], [140.035, 35.5118], [140.0417, 35.508], [140.0441, 35.5099], [140.0452, 35.5114], [140.0378, 35.5162], [140.0496, 35.5308], [140.0583, 35.5285], [140.0585, 35.5303], [140.054, 35.5346], [140.0608, 35.5435], [140.0654, 35.5423], [140.0659, 35.5389], [140.0699, 35.5381], [140.0765, 35.533], [140.0802, 35.5265], [140.0808, 35.5204], [140.08, 35.5298], [140.0687, 35.5434], [140.0688, 35.5484], [140.0734, 35.5504], [140.0792, 35.5471], [140.095, 35.5367], [140.0964, 35.5331], [140.0953, 35.5306], [140.0978, 35.5297], [140.0965, 35.5363], [140.0999, 35.5389], [140.0977, 35.5411], [140.0949, 35.5401], [140.0899, 35.5425], [140.0931, 35.5458], [140.0907, 35.547], [140.0879, 35.5459], [140.0859, 35.5476], [140.0877, 35.5521], [140.0945, 35.5553], [140.112, 35.5505], [140.1124, 35.5485], [140.1096, 35.5441], [140.1158, 35.5398], [140.116, 35.5413], [140.1109, 35.5454], [140.1151, 35.5517], [140.1074, 35.5557], [140.0925, 35.5605], [140.091, 35.5616], [140.091, 35.565], [140.0978, 35.5668], [140.1265, 35.5687], [140.1113, 35.5705], [140.0858, 35.5696], [140.0812, 35.5854], [140.0829, 35.5891], [140.0869, 35.5875], [140.1026, 35.5875], [140.1052, 35.5822], [140.1051, 35.578], [140.1087, 35.5766], [140.1121, 35.5727], [140.1133, 35.5747], [140.1102, 35.5898], [140.1149, 35.5935], [140.116, 35.5928], [140.1167, 35.5963], [140.1118, 35.5928], [140.1069, 35.592], [140.1052, 35.5939], [140.1081, 35.5998], [140.1062, 35.6012], [140.1022, 35.5942], [140.0891, 35.5943], [140.091, 35.5982], [140.0959, 35.5984], [140.0992, 35.6052], [140.0978, 35.606], [140.0945, 35.6031], [140.0832, 35.6131], [140.0796, 35.6103], [140.0871, 35.6014], [140.0835, 35.5967], [140.0702, 35.6103], [140.0444, 35.6312], [140.0487, 35.6357], [140.0437, 35.632], [140.0372, 35.6358], [140.0322, 35.6422], [140.0255, 35.6468], [140.0138, 35.6573], [140.0073, 35.6579], [140.0012, 35.6556], [139.9872, 35.6545], [139.9871, 35.6603], [139.9952, 35.6612], [139.9969, 35.6591], [140.0, 35.6597], [140.0021, 35.661], [140.0026, 35.6647], [139.9965, 35.6663], [139.9945, 35.6645], [139.9859, 35.6641], [139.9849, 35.6724], [139.9909, 35.6726], [139.9894, 35.6753], [139.9842, 35.6774], [139.9872, 35.6894], [139.9849, 35.6903], [139.9837, 35.6887], [139.9852, 35.6851], [139.9828, 35.6817], [139.9766, 35.6826], [139.9681, 35.6944], [139.9765, 35.6827], [139.9642, 35.6817], [139.9594, 35.6792], [139.9556, 35.6856], [139.9579, 35.6768], [139.9531, 35.672], [139.9389, 35.6928], [139.9325, 35.7], [139.9296, 35.7008], [139.9272, 35.7031], [139.9253, 35.7022], [139.931, 35.6974], [139.9303, 35.6964], [139.9378, 35.6872], [139.9428, 35.6778], [139.9366, 35.6731], [139.9323, 35.675], [139.933, 35.6722], [139.9297, 35.6702], [139.9445, 35.6733], [139.9473, 35.671], [139.9473, 35.6692], [139.9296, 35.6659], [139.9222, 35.6611], [139.919, 35.6559], [139.9369, 35.6432], [139.9387, 35.6398], [139.9272, 35.6332], [139.9246, 35.6342], [139.9237, 35.6334], [139.9249, 35.6321], [139.9101, 35.6245], [139.9047, 35.6283], [139.9057, 35.632], [139.9023, 35.6296], [139.8983, 35.6306], [139.9064, 35.6228], [139.8974, 35.6164], [139.8933, 35.6245], [139.8908, 35.6249], [139.8884, 35.6218], [139.8848, 35.6221], [139.8746, 35.6247], [139.8723, 35.6276], [139.8742, 35.6368], [139.885, 35.6444], [139.8886, 35.655], [139.8872, 35.6631], [139.8861, 35.6547], [139.8828, 35.6464], [139.8736, 35.6422], [139.8708, 35.6391], [139.8601, 35.6383], [139.8554, 35.6393], [139.8495, 35.6429], [139.8502, 35.6589], [139.8483, 35.6606], [139.8499, 35.6768], [139.8571, 35.6876], [139.8596, 35.6967], [139.8561, 35.7071], [139.8335, 35.7282], [139.8319, 35.7269], [139.8371, 35.7218], [139.8428, 35.7164], [139.8517, 35.7071], [139.8541, 35.7022], [139.8548, 35.6953], [139.8502, 35.6861], [139.8443, 35.6759], [139.8404, 35.6345], [139.8216, 35.6311], [139.82, 35.6389], [139.8235, 35.6431], [139.8217, 35.6452], [139.8206, 35.6537], [139.8301, 35.6546], [139.8363, 35.6511], [139.8389, 35.6558], [139.8068, 35.6551], [139.8033, 35.6527], [139.8069, 35.6377], [139.8052, 35.6364], [139.7977, 35.6362], [139.8023, 35.6276], [139.8016, 35.6238], [139.7982, 35.6218], [139.7941, 35.6273], [139.7895, 35.6288], [139.7977, 35.6184], [139.7969, 35.6154], [139.7937, 35.614], [139.7853, 35.624], [139.7866, 35.6274], [139.7828, 35.6306], [139.7791, 35.6375], [139.7802, 35.6386], [139.7839, 35.6367], [139.7869, 35.6375], [139.7978, 35.6444], [139.7976, 35.6483], [139.7935, 35.6511], [139.7943, 35.6475], [139.786, 35.6427], [139.7795, 35.6396], [139.7764, 35.6422], [139.7905, 35.6525], [139.7899, 35.659], [139.7933, 35.6647], [139.791, 35.6667], [139.7878, 35.6748], [139.786, 35.6753], [139.7847, 35.6728], [139.7814, 35.6714], [139.7771, 35.6648], [139.7699, 35.6599], [139.7675, 35.6603], [139.7624, 35.6568], [139.7644, 35.6556], [139.7595, 35.6461], [139.7608, 35.6432], [139.7587, 35.6413], [139.7598, 35.638], [139.759, 35.6368], [139.755, 35.6382], [139.753, 35.6351], [139.7516, 35.626], [139.7503, 35.626], [139.7513, 35.6235], [139.7413, 35.627], [139.7518, 35.6229], [139.7507, 35.6053], [139.7484, 35.6023], [139.7459, 35.6022], [139.7475, 35.5993], [139.747, 35.5923], [139.7402, 35.5884], [139.7471, 35.5897], [139.7506, 35.5826], [139.7521, 35.5783], [139.7501, 35.5758], [139.7547, 35.5747], [139.7563, 35.5692], [139.7492, 35.5675], [139.7531, 35.5631], [139.7514, 35.5584], [139.7527, 35.5545], [139.7539, 35.5619], [139.7563, 35.5637], [139.7596, 35.5638], [139.7632, 35.5611], [139.7711, 35.5688], [139.7729, 35.5671], [139.7761, 35.5672], [139.7798, 35.5635], [139.7812, 35.565], [139.7911, 35.5525], [139.7923, 35.5465], [139.7986, 35.5375], [139.79, 35.5333], [139.782, 35.5383], [139.7761, 35.5379], [139.758, 35.5455], [139.7433, 35.5439], [139.7386, 35.5456], [139.7225, 35.5442], [139.7169, 35.5392], [139.7076, 35.5355], [139.7172, 35.5369], [139.7258, 35.5408], [139.7422, 35.5419], [139.7554, 35.5414], [139.7663, 35.5372], [139.7605, 35.5315], [139.7569, 35.5303], [139.7528, 35.525], [139.7536, 35.5242], [139.7567, 35.5269], [139.7599, 35.5258], [139.7657, 35.5159], [139.7649, 35.5121], [139.7524, 35.5085], [139.7499, 35.5128], [139.7492, 35.5189], [139.7475, 35.52], [139.7381, 35.5133], [139.745, 35.5161], [139.7484, 35.5124], [139.7491, 35.5076], [139.7456, 35.5048], [139.7345, 35.5009], [139.7331, 35.5021], [139.7328, 35.5125], [139.7313, 35.5155], [139.7298, 35.5151], [139.7318, 35.4992], [139.7199, 35.494], [139.7139, 35.5025], [139.7161, 35.5056], [139.7128, 35.5047], [139.7117, 35.5031], [139.7166, 35.495], [139.7134, 35.491], [139.7056, 35.4869], [139.6961, 35.4845], [139.695, 35.4869], [139.6973, 35.4903], [139.6946, 35.4896], [139.6915, 35.4914], [139.6898, 35.4893], [139.6882, 35.4917], [139.6888, 35.4877], [139.6927, 35.4819], [139.6901, 35.4795], [139.6845, 35.4794], [139.6811, 35.4853], [139.6772, 35.4989], [139.6803, 35.5042], [139.6842, 35.5058], [139.6822, 35.5067], [139.6769, 35.5019], [139.6761, 35.4975], [139.68, 35.4819], [139.6819, 35.4794], [139.6817, 35.4733], [139.6686, 35.4672], [139.6683, 35.4733], [139.6731, 35.4758], [139.669, 35.4805], [139.674, 35.4832], [139.6684, 35.4821], [139.6655, 35.4863], [139.6683, 35.4881], [139.6664, 35.4882], [139.6636, 35.487], [139.6646, 35.4853], [139.6626, 35.4845], [139.666, 35.4844], [139.6681, 35.4775], [139.6533, 35.4767], [139.651, 35.4796], [139.6514, 35.4817], [139.6486, 35.48], [139.6517, 35.4767], [139.645, 35.4753], [139.6533, 35.4725], [139.6489, 35.4682], [139.6529, 35.4639], [139.6467, 35.4682], [139.6424, 35.4682], [139.6424, 35.4704], [139.6404, 35.4718], [139.641, 35.4698], [139.6381, 35.4665], [139.6348, 35.4656], [139.632, 35.4667], [139.6304, 35.4649], [139.6327, 35.4647], [139.6316, 35.4616], [139.637, 35.462], [139.6378, 35.4572], [139.6365, 35.4561], [139.6377, 35.455], [139.6419, 35.4578], [139.6455, 35.4557], [139.6444, 35.4506], [139.6472, 35.4497], [139.6494, 35.4463], [139.6536, 35.4474], [139.6568, 35.4513], [139.6616, 35.4481], [139.6651, 35.449], [139.6636, 35.4461], [139.6564, 35.4436], [139.6608, 35.4424], [139.6637, 35.4445], [139.6658, 35.4415], [139.6647, 35.445], [139.6698, 35.4511], [139.6742, 35.4494], [139.6683, 35.4383], [139.6643, 35.4354], [139.6652, 35.4337], [139.6751, 35.446], [139.6769, 35.4442], [139.672, 35.4352], [139.675, 35.4352], [139.6792, 35.4422], [139.6815, 35.4407], [139.6762, 35.4311], [139.6794, 35.4328], [139.6852, 35.4418], [139.69, 35.4389], [139.6864, 35.4272], [139.6817, 35.4258], [139.6794, 35.422], [139.6758, 35.4235], [139.6782, 35.4209], [139.6772, 35.4181], [139.6807, 35.4143], [139.6805, 35.4125], [139.6692, 35.4022], [139.6664, 35.4033], [139.6681, 35.4064], [139.6669, 35.4075], [139.6608, 35.4073], [139.6517, 35.4128], [139.6435, 35.4119], [139.6335, 35.4081], [139.6311, 35.4107], [139.6278, 35.4093], [139.6304, 35.4056], [139.6417, 35.4072], [139.6456, 35.4031], [139.6361, 35.4006], [139.6257, 35.4005], [139.6228, 35.3931], [139.6254, 35.3921], [139.6327, 35.3944], [139.6367, 35.3904], [139.6284, 35.3864], [139.6291, 35.3838], [139.6324, 35.3827], [139.6384, 35.3851], [139.6461, 35.3909], [139.6528, 35.3873], [139.6475, 35.3825], [139.6519, 35.3778], [139.6488, 35.3749], [139.6513, 35.3737], [139.6543, 35.3751], [139.657, 35.3718], [139.6562, 35.3668], [139.6514, 35.3652], [139.651, 35.3619], [139.6526, 35.3571], [139.6572, 35.3515], [139.6569, 35.3428], [139.6447, 35.3395], [139.6398, 35.3441], [139.6389, 35.3408], [139.6367, 35.3405], [139.6341, 35.3374], [139.6354, 35.3351], [139.6343, 35.3318], [139.6291, 35.3294], [139.6224, 35.332], [139.6335, 35.3219], [139.6414, 35.3302], [139.6479, 35.3275], [139.6604, 35.3281], [139.661, 35.3221], [139.6543, 35.3215], [139.65, 35.3184], [139.6509, 35.3147], [139.6453, 35.3117], [139.6426, 35.3069], [139.6364, 35.3109], [139.6419, 35.3043], [139.6386, 35.2999], [139.6313, 35.3012], [139.6312, 35.2999], [139.6347, 35.298], [139.6335, 35.2954], [139.6438, 35.2983], [139.6478, 35.2939], [139.6492, 35.2886], [139.6606, 35.2832], [139.6572, 35.2903], [139.6613, 35.292], [139.6643, 35.2895], [139.665, 35.2917], [139.6628, 35.2943], [139.6612, 35.3005], [139.6722, 35.3013], [139.6794, 35.2955], [139.6772, 35.2929], [139.6802, 35.2901], [139.6776, 35.2881], [139.6718, 35.2876], [139.6747, 35.2839], [139.6787, 35.2851], [139.6776, 35.2794], [139.6851, 35.2763], [139.6849, 35.2734], [139.6877, 35.2699], [139.69, 35.2708], [139.6903, 35.2677], [139.6923, 35.2659], [139.704, 35.2633], [139.7143, 35.263], [139.7244, 35.2634], [139.7318, 35.2659], [139.7325, 35.2647], [139.731, 35.2638], [139.7334, 35.2617], [139.7368, 35.2622], [139.7467, 35.2564], [139.7458, 35.2528], [139.7388, 35.2497], [139.7373, 35.2471], [139.7343, 35.2474], [139.7326, 35.2406], [139.727, 35.2395], [139.7264, 35.2414], [139.7252, 35.2396], [139.7228, 35.2401], [139.7177, 35.2467], [139.7165, 35.2464], [139.716, 35.245], [139.7227, 35.2384], [139.7237, 35.2348], [139.7295, 35.2329], [139.7282, 35.2238], [139.7234, 35.224], [139.7198, 35.2277], [139.714, 35.2252], [139.7143, 35.2214], [139.7168, 35.2204], [139.7157, 35.217], [139.7233, 35.2187], [139.7252, 35.2143], [139.7243, 35.2117], [139.689, 35.2085], [139.6704, 35.1979], [139.664, 35.1926], [139.6556, 35.1851], [139.6549, 35.1754], [139.6592, 35.171], [139.6601, 35.1638], [139.663, 35.1597], [139.6665, 35.1596], [139.6679, 35.1576], [139.6789, 35.1571], [139.6803, 35.1512], [139.6789, 35.1477], [139.6801, 35.1461], [139.6765, 35.1446], [139.6772, 35.1396], [139.672, 35.1416], [139.6715, 35.1394], [139.6699, 35.1394], [139.6677, 35.1428], [139.6682, 35.1452], [139.6658, 35.1464], [139.6616, 35.1443], [139.6647, 35.1425], [139.6638, 35.1396], [139.6578, 35.1392], [139.6568, 35.137], [139.6497, 35.1422], [139.6486, 35.1416], [139.6499, 35.1399], [139.6462, 35.1376], [139.6395, 35.1381], [139.6395, 35.1403], [139.6375, 35.1411], [139.6308, 35.1396], [139.6273, 35.1366], [139.6226, 35.1386], [139.6178, 35.1381], [139.6119, 35.1414], [139.6092, 35.1403], [139.6158, 35.1477], [139.6077, 35.1531], [139.6069, 35.1559], [139.61, 35.1547], [139.6169, 35.1555], [139.6139, 35.1594], [139.6108, 35.1578], [139.6106, 35.1629], [139.6166, 35.1617], [139.6219, 35.1636], [139.626, 35.1618], [139.6276, 35.1635], [139.6249, 35.1631], [139.617, 35.1666], [139.6166, 35.1712], [139.6195, 35.1723], [139.6201, 35.175], [139.6143, 35.1828], [139.619, 35.1838], [139.6164, 35.1857], [139.6158, 35.1902], [139.6093, 35.1904], [139.60810532938564, 35.19288889711325], [139.6078, 35.1929], [139.6061, 35.1947], [139.6009, 35.1935], [139.5989, 35.1958], [139.6055, 35.2001], [139.6045, 35.2028], [139.6077, 35.2066], [139.6111, 35.2063], [139.61, 35.2093], [139.6142, 35.2099], [139.6195, 35.2073], [139.6231, 35.2077], [139.627, 35.2139], [139.6267, 35.2158], [139.6205, 35.2206], [139.6133, 35.223], [139.6086, 35.2219], [139.6061, 35.2235], [139.6041, 35.2207], [139.6021, 35.2212], [139.6032, 35.2308], [139.5987, 35.2353], [139.5997, 35.2386], [139.5961, 35.2406], [139.5936, 35.2444], [139.5914, 35.2446], [139.591, 35.2477], [139.58129725448788, 35.25340749736009], [139.5806, 35.2534], [139.5778, 35.2533], [139.5796, 35.2563], [139.578, 35.2596], [139.5752, 35.2601], [139.5769, 35.2622], [139.5753, 35.2646], [139.5672, 35.2672], [139.5702, 35.2698], [139.5687, 35.2727], [139.5711, 35.2754], [139.5675, 35.2826], [139.5676, 35.2853], [139.56918307254622, 35.28407439544808], [139.569, 35.2856], [139.5735, 35.2884], [139.5733, 35.2908], [139.5703, 35.2936], [139.5585, 35.2915], [139.5564, 35.2964], [139.5526, 35.2942], [139.5506, 35.2967], [139.5522, 35.3008], [139.55315585416162, 35.30122084445524], [139.5519, 35.3039], [139.5459, 35.3085], [139.5401, 35.3096], [139.5349, 35.3088], [139.532, 35.3043], [139.5262, 35.3015], [139.4986, 35.3066], [139.4938, 35.3052], [139.4911, 35.3075], [139.4833, 35.3072], [139.4808, 35.305], [139.4742, 35.3142], [139.4617, 35.3158], [139.4572, 35.3179], [139.4396, 35.3191], [139.4102, 35.3169], [139.3997, 35.3176], [139.3986, 35.3155], [139.3961, 35.3151], [139.389, 35.3165], [139.3805, 35.3145], [139.373, 35.3162], [139.3664, 35.3161], [139.3671, 35.3143], [139.3656, 35.3131], [139.3607, 35.3147], [139.348, 35.3151], [139.3356, 35.3128], [139.3319, 35.3157], [139.3315, 35.3206], [139.3313, 35.3154], [139.3328, 35.3139], [139.3244, 35.3103], [139.3205, 35.3102], [139.3171, 35.3053], [139.3085, 35.3057], [139.2688, 35.2971], [139.2499, 35.2929], [139.237, 35.2873], [139.2095, 35.278], [139.185, 35.2603], [139.1805, 35.2635], [139.1827, 35.2596], [139.1819, 35.2581], [139.1698, 35.2531], [139.1506, 35.2394], [139.1442, 35.2328], [139.1417, 35.2245], [139.1431, 35.2192], [139.1417, 35.2154], [139.1424, 35.2084], [139.1384, 35.1982], [139.1403, 35.1883], [139.1361, 35.1833], [139.1386, 35.1771], [139.1458, 35.1681], [139.1403, 35.1623], [139.1444, 35.1597], [139.1453, 35.1533], [139.1422, 35.1526], [139.1485, 35.15], [139.1509, 35.1471], [139.1578, 35.1472], [139.1608, 35.1428], [139.1606, 35.1406], [139.1562, 35.1418], [139.1511, 35.1406], [139.1474, 35.1444], [139.1433, 35.1449], [139.13160466321244, 35.151517098445595], [139.1335, 35.1502], [139.1208, 35.1494], [139.116, 35.1464], [139.1159, 35.1441], [139.1099, 35.1379], [139.1088, 35.1299], [139.0975, 35.1171], [139.0898, 35.1142], [139.087, 35.1111], [139.0871, 35.107], [139.0828, 35.1012]], [[139.0299, 35.3309], [139.03118430232558, 35.331856395348844], [139.0206, 35.3282], [139.0299, 35.3309]], [[139.16853018867926, 36.08797358490566], [139.1675, 36.0879], [139.1591, 36.0822], [139.16853018867926, 36.08797358490566]], [[139.34337827911858, 36.22639711437563], [139.3418, 36.2301], [139.3365, 36.2359], [139.34337827911858, 36.22639711437563]], [[139.6056, 36.2011], [139.6083, 36.1983], [139.622, 36.1864], [139.6056, 36.2011]], [[140.23400868073423, 35.93880410018871], [140.2342, 35.9387], [140.2613, 35.9324], [140.23400868073423, 35.93880410018871]], [[140.368, 35.212], [140.36512941984208, 35.213163748712674], [140.3875, 35.1966], [140.368, 35.212]], [[139.9542875658588, 35.70040126448893], [139.9545, 35.7], [139.9681, 35.6944], [139.9542875658588, 35.70040126448893]], [[139.3265, 35.3245], [139.32598292682928, 35.3245], [139.3315, 35.3206], [139.3265, 35.3245]], [[139.6205818087318, 36.25068139293139], [139.6206, 36.2515], [139.6129, 36.2569], [139.6205818087318, 36.25068139293139]], [[139.6045787564767, 36.248224870466316], [139.6125, 36.2458], [139.61475270758123, 36.246137906137186], [139.6045787564767, 36.248224870466316]], [[139.6008, 36.249], [139.59837744, 36.24845616], [139.60203346980552, 36.24874698055272], [139.6008, 36.249]], [[139.591, 36.2468], [139.5907424103036, 36.246428334866614], [139.5917716535433, 36.246973228346455], [139.591, 36.2468]], [[139.6095, 36.1608], [139.6136, 36.162], [139.61379367088605, 36.16294683544304], [139.6095, 36.1608]], [[139.57156310408925, 36.13639721189593], [139.5731, 36.1376], [139.5759, 36.1443], [139.57156310408925, 36.13639721189593]], [[139.5548, 36.1344], [139.5708, 36.1358], [139.5711507123604, 36.13607447054293], [139.5548, 36.1344]], [[139.52768667891593, 36.140471520440975], [139.5286, 36.1401], [139.5374, 36.14], [139.52768667891593, 36.140471520440975]], [[139.5328, 36.1187], [139.5361, 36.1103], [139.5406, 36.1053], [139.5487, 36.0996], [139.558, 36.0966], [139.5477, 36.0849], [139.5642, 36.0729], [139.5695, 36.0626], [139.5691, 36.0594], [139.5622, 36.0563], [139.5614, 36.054], [139.5668, 36.0451], [139.5681, 36.04], [139.5722, 36.0335], [139.5775, 36.0308], [139.5867, 36.0287], [139.5998, 36.0294], [139.6014, 36.033], [139.607, 36.0372], [139.6078, 36.04], [139.613, 36.0451], [139.6313, 36.0462], [139.6395, 36.0483], [139.6481, 36.0577], [139.6461, 36.0633], [139.6274, 36.0755], [139.6201, 36.0799], [139.6035, 36.0941], [139.6012, 36.0998], [139.6033, 36.1096], [139.5949, 36.1168], [139.5804, 36.1217], [139.5643, 36.1219], [139.5526, 36.1191], [139.5483, 36.1196], [139.5393, 36.123], [139.5328, 36.1187]], [[139.5628, 36.0355], [139.56258666666668, 36.03448666666667], [139.5681, 36.04], [139.5628, 36.0355]], [[139.5391977178423, 35.95553838174276], [139.5359, 35.96], [139.5334, 35.961], [139.5391977178423, 35.95553838174276]], [[139.5412, 35.9453], [139.5424, 35.9375], [139.541, 35.9531], [139.54035106853354, 35.95397796610168], [139.5412, 35.9453]], [[139.5526, 35.8916], [139.554, 35.8956], [139.5537069767442, 35.89737209302325], [139.5526, 35.8916]], [[139.5674972413793, 35.819245379310345], [139.5695, 35.8193], [139.5749, 35.8227], [139.5674972413793, 35.819245379310345]], [[139.573, 35.792], [139.5748, 35.789], [139.5697, 35.8005], [139.573, 35.792]], [[139.5791, 35.7867], [139.5816058823529, 35.785864705882375], [139.5748, 35.789], [139.5791, 35.7867]], [[139.5911, 35.7827], [139.5964, 35.7827], [139.58536557377053, 35.784611475409825], [139.5911, 35.7827]], [[139.5871, 35.7717], [139.59613679245282, 35.774946226415096], [139.596, 35.775], [139.5871, 35.7717]], [[139.5835, 35.7119], [139.5976, 35.7078], [139.58323114431772, 35.71209069996068], [139.5835, 35.7119]], [[139.6024, 35.6962], [139.6028, 35.702], [139.60267021630617, 35.70214475873544], [139.6024, 35.6962]], [[139.59864825174824, 35.68554125874126], [139.5989, 35.6868], [139.5971, 35.6901], [139.59864825174824, 35.68554125874126]], [[139.5938, 35.677], [139.5982, 35.6833], [139.59832372881354, 35.68391864406781], [139.5938, 35.677]], [[139.656, 35.6691], [139.66161885245901, 35.6702237704918], [139.6455, 35.6689], [139.656, 35.6691]], [[139.668, 35.6715], [139.6717, 35.6755], [139.66698157894737, 35.671296315789476], [139.668, 35.6715]], [[139.6917, 35.6853], [139.6965684210526, 35.68802631578946], [139.6717, 35.6755], [139.6917, 35.6853]], [[139.6964, 35.6809], [139.69679854014598, 35.68082250608273], [139.69530613810744, 35.68192404092071], [139.6964, 35.6809]], [[139.7, 35.6802], [139.70074489311165, 35.680276009501185], [139.69865263157894, 35.680461988304096], [139.7, 35.6802]], [[139.7049, 35.6807], [139.7122, 35.6847], [139.70210626865673, 35.680414925373135], [139.7049, 35.6807]], [[139.71550008250827, 35.68434323432343], [139.7153, 35.6845], [139.7122, 35.6847], [139.71550008250827, 35.68434323432343]], [[139.726712164297, 35.670286334913115], [139.7385, 35.6758], [139.7389680851064, 35.67549787234041], [139.738, 35.6763], [139.7278, 35.6713], [139.726712164297, 35.670286334913115]], [[139.7574, 35.6684], [139.75549200000003, 35.6683576], [139.7608448275862, 35.66805172413793], [139.758, 35.669], [139.7664, 35.6775], [139.7574, 35.6684]], [[139.76570689655173, 35.66618965517242], [139.7655, 35.6665], [139.76516037735848, 35.666613207547165], [139.76570689655173, 35.66618965517242]], [[139.42532274052476, 36.190534110787155], [139.4279, 36.1944], [139.4253, 36.1918], [139.42532274052476, 36.190534110787155]], [[139.4475, 36.1008], [139.44980832000002, 36.10521054000002], [139.43845525267994, 36.089277542113315], [139.43845773575563, 36.08927359722694], [139.4475, 36.1008]], [[139.4493, 36.0813], [139.43859135908193, 36.089061308555294], [139.4397, 36.0873], [139.4493, 36.0813]], [[139.44, 36.0719], [139.44213899999994, 36.07406199999995], [139.4395552631579, 36.071847368421054], [139.44, 36.0719]], [[139.38398636363635, 36.088156198347065], [139.3891, 36.0989], [139.3853, 36.0915], [139.38398636363635, 36.088156198347065]], [[139.37995860349127, 36.071103990024945], [139.3793807725322, 36.07643287553646], [139.3787, 36.0747], [139.37995860349127, 36.071103990024945]], [[139.3995, 35.9816], [139.3841, 35.981], [139.38071040166423, 35.979801952312364], [139.3995, 35.9816]], [[139.35265515111402, 35.96820127950584], [139.37226716025017, 35.97681770319188], [139.3609, 35.9728], [139.35265515111402, 35.96820127950584]], [[139.3549, 35.9592], [139.3484398744924, 35.96585012919897], [139.3484398744924, 35.96585012919896], [139.3549, 35.9592]], [[139.3598, 35.9503], [139.3595041509434, 35.95083735849057], [139.35932985781992, 35.94926872037915], [139.3598, 35.9503]], [[139.3567, 35.9435], [139.35737913411455, 35.944989713541624], [139.3482, 35.9332], [139.3567, 35.9435]], [[139.3709, 35.9398], [139.3576, 35.9285], [139.35733024535656, 35.927770075670715], [139.3709, 35.9398]], [[139.3719, 35.9235], [139.37143809591984, 35.92345318539728], [139.37363688833128, 35.92221442910914], [139.3719, 35.9235]], [[139.3954, 35.8935], [139.39497746478875, 35.89442957746476], [139.3948, 35.886], [139.3954, 35.8935]], [[139.41177292637465, 35.89728564771668], [139.4092, 35.8974], [139.3954, 35.8935], [139.41177292637465, 35.89728564771668]], [[139.3597, 35.8566], [139.35748524590167, 35.854701639344285], [139.3746, 35.8644], [139.3856, 35.8728], [139.3727, 35.864], [139.3597, 35.8566]], [[139.3821, 35.7966], [139.3840820224719, 35.80179101123595], [139.3837, 35.8016], [139.3821, 35.7966]], [[139.3925, 35.7638], [139.3842, 35.7715], [139.3723, 35.7802], [139.3925, 35.7638]], [[139.3994825726141, 35.76240497925311], [139.3994825726141, 35.76240497925312], [139.3953, 35.7636], [139.3994825726141, 35.76240497925311]], [[139.35910542168673, 35.749216265060184], [139.3684, 35.7632], [139.3594, 35.7501], [139.35910542168673, 35.749216265060184]], [[139.3579, 35.72591304347827], [139.3579, 35.72690963855421], [139.3574, 35.7265], [139.3579, 35.72591304347827]], [[139.3623900886565, 35.72112625596726], [139.36110915492958, 35.72214577464787], [139.362, 35.7211], [139.3623900886565, 35.72112625596726]], [[139.3761, 35.7214], [139.3739077782679, 35.721301102779], [139.386, 35.7173], [139.3761, 35.7214]], [[139.4037, 35.7077], [139.40357050340847, 35.708241531200834], [139.398, 35.6988], [139.4037, 35.7077]], [[139.3554, 35.6883], [139.3792, 35.688], [139.3855648736228, 35.68807906675308], [139.3548965077233, 35.68849462726662], [139.3554, 35.6883]], [[139.3713137861466, 35.64330411903162], [139.3663, 35.6488], [139.3708, 35.6435], [139.3713137861466, 35.64330411903162]], [[139.41205923115834, 35.642164238745586], [139.4004, 35.6352], [139.4043, 35.6365], [139.41205923115834, 35.642164238745586]], [[139.4411, 35.6444], [139.4216, 35.6452], [139.4153, 35.6441], [139.41490612380446, 35.64386473166844], [139.4246, 35.6449], [139.4411, 35.6444]], [[139.4256, 35.6401], [139.4267956577267, 35.63909719029374], [139.4246, 35.6449], [139.4256, 35.6401]], [[139.4322, 35.6344], [139.43193845355475, 35.634568915412544], [139.43249393468116, 35.63324059097986], [139.4322, 35.6344]], [[139.434, 35.6273], [139.43368425925925, 35.62854542181069], [139.4328796714579, 35.626891546885695], [139.434, 35.6273]], [[139.4453, 35.6133], [139.4444559327264, 35.61312348403024], [139.4539, 35.6103], [139.4453, 35.6133]], [[139.45710132890372, 35.61253122923593], [139.4672, 35.6212], [139.4539, 35.6103], [139.45710132890372, 35.61253122923593]], [[139.4773, 35.6164], [139.4689, 35.6204], [139.4672, 35.6212], [139.4773, 35.6164]], [[139.4959, 35.5854], [139.4991, 35.5766], [139.4961, 35.5858], [139.4894, 35.5735], [139.4959, 35.5854]], [[139.4705, 35.5027], [139.4713, 35.5009], [139.4672, 35.5107], [139.4705, 35.5027]], [[139.4576, 35.5177], [139.4592, 35.5165], [139.4672, 35.5107], [139.4576, 35.5177]], [[139.4817, 35.4436], [139.4737, 35.4734], [139.48162721257236, 35.4427811414392], [139.4817, 35.4436]], [[139.4813, 35.4391], [139.48157815384616, 35.44222923076924], [139.47788081180812, 35.43401291512912], [139.4813, 35.4391]], [[139.47627713004485, 35.428693273542635], [139.47699545454546, 35.43204545454547], [139.4763, 35.4305], [139.47627713004485, 35.428693273542635]], [[139.4793, 35.4143], [139.47624828341856, 35.42641439006571], [139.4762, 35.4226], [139.4793, 35.4143]], [[139.4851, 35.3874], [139.4793, 35.399579999999986], [139.4793, 35.3991], [139.4851, 35.3874]], [[139.49172694300518, 35.36804455958571], [139.49188016726401, 35.37057275985658], [139.4917, 35.3702], [139.49172694300518, 35.36804455958571]], [[139.4942, 35.3588], [139.49472539562925, 35.358631122833465], [139.49177989930288, 35.363808055770704], [139.4918, 35.3622], [139.4942, 35.3588]], [[139.5036, 35.3626], [139.4998, 35.357], [139.50528782334388, 35.36296921135647], [139.5036, 35.3626]], [[139.5068, 35.3633], [139.50619018867923, 35.363166603773585], [139.50752249925793, 35.36310213713268], [139.5068, 35.3633]], [[139.5309, 35.3567], [139.52083905233818, 35.35945528027253], [139.5377, 35.3531], [139.5309, 35.3567]], [[139.6152, 35.3127], [139.600165, 35.313282], [139.6004, 35.313], [139.6152, 35.3127]], [[139.6013284289277, 35.29018952618454], [139.60507463976947, 35.290737752161384], [139.6047, 35.291], [139.6013284289277, 35.29018952618454]], [[139.583, 35.2829], [139.59563946360151, 35.28882198644267], [139.5943, 35.2885], [139.583, 35.2829]], [[139.5704636081835, 35.283083013019215], [139.5707, 35.2829], [139.583, 35.2829], [139.5704636081835, 35.283083013019215]], [[139.1542, 35.7711], [139.16384400785856, 35.77360373280943], [139.1624, 35.7737], [139.1542, 35.7711]], [[139.16688203592815, 35.77340119760479], [139.17147544757037, 35.772598465473145], [139.1699, 35.7732], [139.16688203592815, 35.77340119760479]], [[139.1883, 35.7819], [139.19372372881355, 35.78215423728814], [139.1933, 35.7824], [139.1883, 35.7819]], [[139.2692, 35.7556], [139.26828101265824, 35.755182278481016], [139.298, 35.7538], [139.2814, 35.7556], [139.2692, 35.7556]], [[139.2988, 35.7665], [139.30211071428573, 35.77330535714286], [139.3011, 35.7728], [139.2988, 35.7665]], [[139.30470869565218, 35.774604347826084], [139.30757384615384, 35.77547846153846], [139.3069, 35.7757], [139.30470869565218, 35.774604347826084]], [[139.32214887144258, 35.77098949950932], [139.323, 35.7707], [139.32755438596496, 35.77173508771931], [139.32214887144258, 35.77098949950932]], [[139.3378, 35.7926], [139.3658, 35.7887], [139.3262, 35.7951], [139.3378, 35.7926]], [[139.4285, 35.5101], [139.4223, 35.51], [139.42218977719529, 35.50990878112713], [139.4285, 35.5101]], [[139.4165, 35.5052], [139.4106830508475, 35.494826440678], [139.4124, 35.4962], [139.4165, 35.5052]], [[139.4102597285068, 35.49448778280543], [139.3987, 35.4939], [139.4099, 35.4942], [139.4102597285068, 35.49448778280543]], [[139.38508279932546, 35.48981483979764], [139.386, 35.4896], [139.3987, 35.4939], [139.38508279932546, 35.48981483979764]], [[139.0346, 35.3344], [139.03518333333335, 35.33534444444447], [139.03247969924809, 35.33282105263155], [139.0346, 35.3344]], [[139.04329136316335, 35.34819771071798], [139.04831568123393, 35.35160706940874], [139.0479, 35.3515], [139.0434, 35.3484], [139.04329136316335, 35.34819771071798]], [[139.05545263786584, 35.35324774039419], [139.0545, 35.3532], [139.05118479262663, 35.35234608294928], [139.05545263786584, 35.35324774039419]], [[139.09865762811202, 35.35518063348878], [139.0984, 35.3554], [139.06199246064566, 35.35357547638771], [139.09865762811202, 35.35518063348878]], [[139.12665919392882, 35.36408522202852], [139.1085, 35.3468], [139.10831259218142, 35.34695957497423], [139.10889050553843, 35.34589930873657], [139.1152, 35.3524], [139.1266, 35.363], [139.12665919392882, 35.36408522202852]], [[139.1269, 35.3685], [139.1237, 35.3766], [139.1267680525164, 35.366080962800844], [139.1269, 35.3685]], [[139.1046071688943, 35.41806488456862], [139.1045, 35.4156], [139.1075, 35.4102], [139.1046071688943, 35.41806488456862]], [[139.10787253521127, 35.42146901408451], [139.1047, 35.4202], [139.10465456379225, 35.41915496722139], [139.10787253521127, 35.42146901408451]], [[139.1211178852782, 35.323908702609515], [139.11677396694205, 35.331435950413415], [139.1205, 35.3246], [139.1211178852782, 35.323908702609515]], [[139.15046875000002, 35.3152984375], [139.14928037383177, 35.31618971962617], [139.1499, 35.3154], [139.15046875000002, 35.3152984375]], [[139.1562, 35.31461111111111], [139.15346774193546, 35.31476290322581], [139.1555, 35.3144], [139.1562, 35.31461111111111]], [[139.1748, 35.3206], [139.16904179970976, 35.318484034833105], [139.176473, 35.32072519047619], [139.1748, 35.3206]], [[139.20605454545455, 35.30989090909091], [139.20382775705914, 35.310021896643576], [139.2041, 35.3098], [139.20605454545455, 35.30989090909091]], [[139.2146, 35.3138], [139.20791012658228, 35.309977215189875], [139.2084, 35.31], [139.2146, 35.3138]], [[139.1306, 35.3133], [139.13325739612188, 35.3030369529086], [139.1334, 35.3041], [139.1306, 35.3133]], [[139.127862455516, 35.15411761565837], [139.12695483870968, 35.15647741935482], [139.1276, 35.1543], [139.127862455516, 35.15411761565837]], [[139.1272370720189, 35.16598051948053], [139.126, 35.1597], [139.12618189845475, 35.15908609271523], [139.1275, 35.1653], [139.1272370720189, 35.16598051948053]], [[139.12676974595843, 35.16719006928405], [139.1258, 35.1697], [139.1247652094718, 35.17055482695808], [139.12676974595843, 35.16719006928405]], [[139.123731887456, 35.171408440797215], [139.1212, 35.1735], [139.1119, 35.1777], [139.123731887456, 35.171408440797215]], [[139.1114, 35.2786], [139.11372885973765, 35.279154490413724], [139.0907, 35.2779], [139.1114, 35.2786]], [[139.1198, 35.2806], [139.12213323699422, 35.28275375722544], [139.1177462992126, 35.28011102362205], [139.1198, 35.2806]], [[139.1289, 35.289], [139.129502955665, 35.29022364532018], [139.127352892562, 35.28757190082646], [139.1289, 35.289]], [[139.1323, 35.2959], [139.13276597222222, 35.29937361111107], [139.1312655860349, 35.293800748129705], [139.1323, 35.2959]], [[139.3165, 35.3213], [139.32515882352942, 35.3245], [139.3224, 35.3245], [139.3165, 35.3213]], [[139.13624323284148, 35.33648370750493], [139.1368297029708, 35.33548415841497], [139.1363, 35.3364], [139.13624323284148, 35.33648370750493]], [[139.174, 35.3533], [139.1809, 35.3466], [139.18144983240225, 35.346793184357544], [139.174, 35.3533]], [[139.21503225806453, 35.35226774193548], [139.2152, 35.352], [139.2153761904762, 35.351923809523804], [139.21503225806453, 35.35226774193548]], [[139.21722266666666, 35.351125333333336], [139.2189, 35.3504], [139.22052332814928, 35.35065381026439], [139.21722266666666, 35.351125333333336]], [[139.2431058139535, 35.33880116279071], [139.2429, 35.3384], [139.24315679012346, 35.33793456790122], [139.2431058139535, 35.33880116279071]], [[139.1949, 35.3341], [139.19217379790942, 35.3242292682927], [139.1932, 35.3252], [139.1949, 35.3341]], [[139.1944, 35.3442], [139.19765190747972, 35.33893956142986], [139.1978, 35.3392], [139.1944, 35.3442]], [[139.2847, 35.3629], [139.28489867476532, 35.36328315847597], [139.2695, 35.3588], [139.2847, 35.3629]], [[139.2861, 35.3656], [139.2867, 35.3777], [139.28537931034484, 35.36421009852219], [139.2861, 35.3656]], [[139.29462206405697, 35.374685409252656], [139.2848082781457, 35.379396026490056], [139.2867, 35.3777], [139.29462206405697, 35.374685409252656]], [[139.298, 35.3734], [139.29827323420074, 35.373709665427505], [139.2976812320092, 35.37352130109384], [139.298, 35.3734]], [[139.30678201834863, 35.38144458715597], [139.3053, 35.3813], [139.30464708571427, 35.38048948571428], [139.30678201834863, 35.38144458715597]], [[139.315, 35.3791], [139.3094, 35.3817], [139.30853203342616, 35.38161532033426], [139.315, 35.3791]], [[139.3183, 35.3732], [139.31858, 35.37334], [139.31813958333333, 35.37348680555556], [139.3183, 35.3732]], [[139.3211, 35.3746], [139.3243, 35.3804], [139.3194076923077, 35.37375384615384], [139.3211, 35.3746]], [[139.3487, 35.3754], [139.34882150537635, 35.3755], [139.3435, 35.3755], [139.3487, 35.3754]], [[139.36, 35.3847], [139.3601526666667, 35.38561600000003], [139.35158471544696, 35.3777741463413], [139.36, 35.3847]], [[139.25696087751373, 35.38237312614258], [139.25581403056526, 35.38388860246733], [139.2558, 35.383], [139.25696087751373, 35.38237312614258]], [[139.2757493243243, 35.38165135135135], [139.25940801781735, 35.38105167037862], [139.2608, 35.3803], [139.2757493243243, 35.38165135135135]], [[139.2798, 35.3818], [139.27893624744377, 35.381768302658486], [139.2814419491525, 35.381011864406794], [139.2798, 35.3818]], [[139.022, 35.577], [139.00896936708858, 35.57425670886075], [139.042659517481, 35.578883173175214], [139.022, 35.577]], [[139.0639, 35.5818], [139.0679, 35.584], [139.06848015963513, 35.584942759407085], [139.06144898974517, 35.58146341760585], [139.0639, 35.5818]], [[139.07027636958298, 35.5906883892069], [139.0692196261682, 35.58614439252332], [139.0703, 35.5879], [139.07027636958298, 35.5906883892069]], [[139.06949784172662, 35.601060431654695], [139.0702179675994, 35.5975798232695], [139.0702, 35.5997], [139.06949784172662, 35.601060431654695]], [[139.06550550795592, 35.60695018359855], [139.06802325581398, 35.60391744186043], [139.067, 35.6059], [139.06550550795592, 35.60695018359855]], [[139.06161461595823, 35.608447874720355], [139.0640909174312, 35.607944220183484], [139.0633, 35.6085], [139.06161461595823, 35.608447874720355]], [[139.2729, 35.6065], [139.2728401732786, 35.60647289101687], [139.2924, 35.6087], [139.2729, 35.6065]], [[139.37415047984638, 35.598394241842605], [139.36918867403315, 35.59809561464088], [139.3699, 35.5979], [139.37415047984638, 35.598394241842605]], [[139.39642051048313, 35.60142912488605], [139.39392687813023, 35.6006938230384], [139.3957, 35.6009], [139.39642051048313, 35.60142912488605]], [[139.1151, 35.5395], [139.1152, 35.5328], [139.115, 35.5465], [139.1151, 35.5395]], [[139.0808, 35.5078], [139.0714090510949, 35.506519416058396], [139.0719, 35.5065], [139.0808, 35.5078]], [[139.1556857142857, 35.47401428571428], [139.156, 35.4737], [139.15669034482758, 35.47379103448276], [139.1556857142857, 35.47401428571428]], [[139.16134296365328, 35.4744045666356], [139.1651, 35.4749], [139.16581451612902, 35.47561451612903], [139.16134296365328, 35.4744045666356]], [[139.37981124540198, 35.510190751445094], [139.38, 35.505], [139.3801, 35.5101], [139.37981124540198, 35.510190751445094]], [[139.2904, 35.4569], [139.2432, 35.4585], [139.24255549295776, 35.4580813458529], [139.2904, 35.4569]], [[139.2544, 35.5428], [139.25329313186816, 35.541801648351665], [139.26219671150972, 35.54648774289985], [139.2614, 35.5465], [139.2544, 35.5428]], [[139.3063, 35.5471], [139.2984, 35.5522], [139.29808188277087, 35.552164653641206], [139.3063, 35.5471]], [[139.3485, 35.5988], [139.3381, 35.6007], [139.3703, 35.5937], [139.3485, 35.5988]], [[139.1786757352941, 35.7698492647059], [139.18168457059681, 35.768135371179014], [139.1809, 35.769], [139.1786757352941, 35.7698492647059]], [[139.22595697329382, 35.740092284866435], [139.228, 35.7387], [139.2354, 35.7358], [139.22595697329382, 35.740092284866435]], [[139.27266978884677, 35.73241044937737], [139.275, 35.7324], [139.27726403846157, 35.732993846153846], [139.27266978884677, 35.73241044937737]], [[139.2776, 35.7481], [139.2678054559626, 35.750500623538585], [139.268, 35.7503], [139.2776, 35.7481]], [[139.3362, 35.7094], [139.3353, 35.7072], [139.3418, 35.7133], [139.3362, 35.7094]], [[139.1813, 35.6849], [139.18613, 35.68499], [139.18071672623302, 35.685092137240886], [139.1813, 35.6849]], [[139.1974, 35.6852], [139.19892108843533, 35.686403498542255], [139.1968617687075, 35.685189970845485], [139.1974, 35.6852]], [[139.2065, 35.6924], [139.20652643289426, 35.69253705945176], [139.20573936170214, 35.691798176291805], [139.2065, 35.6924]], [[139.20973846153848, 35.707194871794876], [139.2096, 35.7071], [139.2095686117647, 35.70694414117645], [139.20973846153848, 35.707194871794876]], [[139.32616490735543, 35.71000460415497], [139.3257, 35.7102], [139.3077, 35.7102], [139.32616490735543, 35.71000460415497]], [[139.3307, 35.7076], [139.3321956521739, 35.707469943289226], [139.32767987152036, 35.70936788008565], [139.3307, 35.7076]], [[139.3435, 35.6929], [139.35220958904105, 35.68953326810178], [139.3425608913999, 35.69388606403011], [139.3435, 35.6929]], [[139.1964, 36.135], [139.1965536585366, 36.1339243902439], [139.1992, 36.1371], [139.1964, 36.135]], [[139.1967, 36.1329], [139.2152, 36.1315], [139.19662061068703, 36.133455725190835], [139.1967, 36.1329]], [[139.27819116022098, 36.11031325966851], [139.2763, 36.105], [139.27650681818182, 36.10432045454545], [139.2784, 36.11], [139.27819116022098, 36.11031325966851]], [[139.277, 36.1027], [139.2779148179509, 36.10270626587638], [139.2767868312757, 36.10340041152264], [139.277, 36.1027]], [[139.3183, 36.1255], [139.31804783599088, 36.130711389521636], [139.3165, 36.1174], [139.3183, 36.1255]], [[139.3177, 36.1379], [139.31739652941178, 36.13833482352939], [139.31773427299703, 36.13719169139469], [139.3177, 36.1379]], [[139.298083481153, 36.15272239467849], [139.2985, 36.1508], [139.29923350253807, 36.15060635532995], [139.298083481153, 36.15272239467849]], [[139.29772047643183, 36.15722468322351], [139.2972, 36.1568], [139.29734096385542, 36.15614939759037], [139.29772047643183, 36.15722468322351]], [[139.3444, 36.224], [139.3441, 36.224703846153865], [139.3441, 36.2171], [139.3444, 36.224]], [[139.2037845581234, 35.960999671081105], [139.2035, 35.9612], [139.1902, 35.9641], [139.18739800637957, 35.96416834130782], [139.2037845581234, 35.960999671081105]], [[139.2917, 35.9915], [139.29761612903224, 35.99445806451613], [139.2968, 35.9946], [139.2854, 35.9882], [139.2917, 35.9915]], [[139.3072298969072, 35.97652474226807], [139.3027, 35.9821], [139.2917, 35.9915], [139.3072298969072, 35.97652474226807]], [[139.3197, 35.9645], [139.3285, 35.9588], [139.32993171036205, 35.95861722846441], [139.31604538152612, 35.96802409638553], [139.3197, 35.9645]], [[139.33400855944058, 35.95863412587413], [139.33156887298748, 35.95840822898032], [139.3332, 35.9582], [139.33400855944058, 35.95863412587413]], [[139.1369, 35.9337], [139.1606, 35.9404], [139.1619829154129, 35.941803711133396], [139.1369, 35.9337]], [[139.17144683544308, 35.9514099457505], [139.1739, 35.9539], [139.17401860465117, 35.954211337209294], [139.17144683544308, 35.9514099457505]], [[139.2369804922701, 35.930162611879595], [139.2377, 35.9294], [139.2484, 35.9223], [139.2369804922701, 35.930162611879595]], [[139.269, 35.9142], [139.27381387987012, 35.907115422077965], [139.2736, 35.9086], [139.269, 35.9142]], [[139.3027699680511, 35.90395766773163], [139.3015, 35.904], [139.27546449081342, 35.896845203582316], [139.275464767613, 35.89684293240621], [139.3027699680511, 35.90395766773163]], [[139.2782, 35.8744], [139.2918, 35.8638], [139.29211881188118, 35.863813861386134], [139.2782, 35.8744]], [[139.3219, 35.8057], [139.3185, 35.8213], [139.31841267296286, 35.82129610147156], [139.3219, 35.8057]], [[139.3495, 35.8321], [139.3464623762376, 35.82812772277227], [139.3475, 35.8285], [139.3495, 35.8321]], [[139.3511919340055, 35.84770339138409], [139.3501, 35.8446], [139.3495, 35.8321], [139.3511919340055, 35.84770339138409]], [[139.352, 35.85], [139.3516821133737, 35.84909653274628], [139.35517611940293, 35.852722388059654], [139.352, 35.85]], [[139.2746, 35.9468], [139.2627, 35.9313], [139.26299162104385, 35.93070434850618], [139.2746, 35.9468]], [[139.2986, 35.9451], [139.29952571428572, 35.9454], [139.2898, 35.9454], [139.2986, 35.9451]], [[139.3094, 35.9486], [139.3095484288355, 35.948750462107206], [139.30781070234116, 35.948084949832776], [139.3094, 35.9486]], [[139.3167, 35.956], [139.3169703488372, 35.95676598837208], [139.31328157099702, 35.95253474320247], [139.3167, 35.956]], [[139.31465867158673, 35.900077490774905], [139.3075, 35.9038], [139.314, 35.9], [139.31465867158673, 35.900077490774905]], [[139.32291067073172, 35.902451829268294], [139.31606203703703, 35.90024259259259], [139.3208, 35.9008], [139.32291067073172, 35.902451829268294]], [[139.3353, 35.9168], [139.32562867707475, 35.90457896466721], [139.3277, 35.9062], [139.3353, 35.9168]], [[139.16914970760234, 36.08801783625731], [139.17928912348043, 36.080621049264266], [139.1703, 36.0881], [139.16914970760234, 36.08801783625731]], [[139.1815529500107, 36.07873754559107], [139.18452222222217, 36.075050427350476], [139.1828, 36.0777], [139.1815529500107, 36.07873754559107]], [[139.1894938636364, 36.06887685064934], [139.1902, 36.068], [139.19122120736967, 36.06792504900039], [139.1894938636364, 36.06887685064934]], [[139.2011, 36.0672], [139.2130147568013, 36.07949002473205], [139.2118, 36.0789], [139.2011, 36.0672]], [[139.21610769230773, 36.08099230769232], [139.22414883720927, 36.08340465116278], [139.2188, 36.0823], [139.21610769230773, 36.08099230769232]], [[139.2273261277356, 36.084060830728006], [139.2423, 36.0801], [139.228, 36.0842], [139.2273261277356, 36.084060830728006]], [[139.26937617021278, 36.09309404255319], [139.27202857142856, 36.09375714285714], [139.2701, 36.0938], [139.26937617021278, 36.09309404255319]], [[139.28858411920027, 36.08839883062996], [139.2746, 36.0937], [139.27368548387096, 36.093720322580644], [139.2855, 36.0889], [139.28858411920027, 36.08839883062996]], [[139.29210645161294, 36.0878264516129], [139.2935, 36.0876], [139.29761428571422, 36.08764285714285], [139.29210645161294, 36.0878264516129]], [[139.29831764705884, 36.07510980392156], [139.2989, 36.0736], [139.30011410788384, 36.07271452282156], [139.29831764705884, 36.07510980392156]], [[139.30503846153832, 36.06912307692318], [139.31095165843334, 36.06481044460124], [139.3103, 36.0658], [139.30503846153832, 36.06912307692318]], [[139.3122877164056, 36.06278161582853], [139.31251367781155, 36.05990060790274], [139.313, 36.0617], [139.3122877164056, 36.06278161582853]], [[139.30403695968917, 36.05265893637688], [139.312, 36.058], [139.3121393672407, 36.058515658790554], [139.3045, 36.0538], [139.30403695968917, 36.05265893637688]], [[139.3031736842105, 36.050531578947314], [139.3017, 36.0469], [139.3010777777778, 36.04394444444452], [139.3031736842105, 36.050531578947314]], [[139.30038064516128, 36.040633064516136], [139.3001, 36.0393], [139.3011, 36.0329], [139.30038064516128, 36.040633064516136]], [[139.2946119236884, 36.02674896661367], [139.2961, 36.0274], [139.3011, 36.0329], [139.2946119236884, 36.02674896661367]], [[139.25536768707482, 36.029112585034014], [139.2546, 36.0291], [139.25394705882354, 36.0284668449198], [139.25536768707482, 36.029112585034014]], [[139.2607, 36.0292], [139.25717728771642, 36.0291422506183], [139.2729, 36.0257], [139.27799329829176, 36.025366510230896], [139.2607, 36.0292]], [[139.2897, 36.0246], [139.2917044198895, 36.025476933701654], [139.28440180806675, 36.0249469054242], [139.2897, 36.0246]], [[139.2364, 36.0494], [139.2331, 36.053], [139.23642927781393, 36.048141054001285], [139.2364, 36.0494]], [[139.2365, 36.0451], [139.2364581081081, 36.04690135135139], [139.2345, 36.0429], [139.2365, 36.0451]], [[139.3031, 36.0877], [139.30354000000003, 36.08820285714287], [139.3023483985765, 36.08769217081851], [139.3031, 36.0877]], [[139.3052, 36.0901], [139.30463615136875, 36.09042391304349], [139.30467055837562, 36.08949492385785], [139.3052, 36.0901]], [[139.3296240302513, 36.08142137106611], [139.32819019011407, 36.08304897338403], [139.3288, 36.0817], [139.3296240302513, 36.08142137106611]], [[139.3428, 36.0766], [139.342624400945, 36.076652244346946], [139.3422, 36.0747], [139.3428, 36.0766]], [[139.33448854961833, 36.070415267175555], [139.33532783216782, 36.07191398601399], [139.3348, 36.0717], [139.33448854961833, 36.070415267175555]], [[139.3344, 36.065], [139.33422358078604, 36.06932227074237], [139.334, 36.0684], [139.3344, 36.065]], [[139.1964, 36.1742], [139.1953, 36.1703], [139.19687109004738, 36.17445876777251], [139.1964, 36.1742]], [[139.2008140621696, 36.205865679847754], [139.2003, 36.2054], [139.2036, 36.1977], [139.2008140621696, 36.205865679847754]], [[139.252, 36.2207], [139.25203969754253, 36.22121323251418], [139.2448, 36.2188], [139.252, 36.2207]], [[139.1497, 36.1458], [139.1541, 36.1536], [139.14739444444444, 36.14349444444444], [139.1497, 36.1458]], [[139.1753323178808, 36.206153377483446], [139.1747, 36.2062], [139.1743781520693, 36.20571299326275], [139.1753323178808, 36.206153377483446]], [[139.1885, 36.2042], [139.19410053428317, 36.20476954585931], [139.18051154791155, 36.205771498771504], [139.1885, 36.2042]], [[139.2124, 36.1802], [139.2175, 36.1878], [139.21121514349684, 36.17978453083655], [139.2124, 36.1802]], [[139.19836132596686, 36.175277348066295], [139.2080593137255, 36.178677941176474], [139.2035, 36.1781], [139.19836132596686, 36.175277348066295]], [[139.1678, 36.2455], [139.1689, 36.2394], [139.1679766590389, 36.24614038901603], [139.1678, 36.2455]], [[139.4355, 35.507], [139.4442, 35.4753], [139.44472574257426, 35.47056831683165], [139.4449, 35.4734], [139.4355, 35.507]], [[139.5165455681142, 35.33771070791195], [139.5142, 35.3332], [139.5167, 35.3371], [139.5165455681142, 35.33771070791195]], [[139.5134356164384, 35.346610958904094], [139.51577187499998, 35.340770312500034], [139.5145, 35.3458], [139.5134356164384, 35.346610958904094]], [[139.4146, 35.4176], [139.4167, 35.4172], [139.437, 35.4156], [139.4146, 35.4176]], [[139.4148, 35.4334], [139.41433092150172, 35.41688843686004], [139.4146, 35.4176], [139.4148, 35.4334]], [[139.4453, 35.4069], [139.4532, 35.4048], [139.4535796870711, 35.404996623661816], [139.4453, 35.4069]], [[139.45699935691323, 35.406767524115786], [139.4588, 35.4077], [139.4588972644377, 35.40794924012157], [139.45699935691323, 35.406767524115786]], [[139.44459500509683, 35.468443832823674], [139.44346444444443, 35.466382222222215], [139.4445, 35.4669], [139.44459500509683, 35.468443832823674]], [[139.42639642248722, 35.461970187393526], [139.4393, 35.4643], [139.44202842105264, 35.46566421052631], [139.4273, 35.4627], [139.42639642248722, 35.461970187393526]], [[139.3909, 35.3491], [139.3948685204617, 35.34988069254984], [139.3796, 35.3497], [139.3909, 35.3491]], [[139.397, 35.3503], [139.39711150845253, 35.35070461638489], [139.3967695451041, 35.35025466461064], [139.397, 35.3503]], [[139.4331, 35.379], [139.43284224316682, 35.37908891611687], [139.4355, 35.3721], [139.4331, 35.379]], [[139.44201612349914, 35.36898782161235], [139.4418, 35.3693], [139.4355, 35.3721], [139.44201612349914, 35.36898782161235]], [[139.4436, 35.3667], [139.44235384615388, 35.368499999999976], [139.44402352941177, 35.36415882352941], [139.4436, 35.3667]], [[139.4442, 35.3631], [139.44412164179104, 35.36357014925373], [139.4407, 35.3579], [139.4442, 35.3631]], [[139.39197594149908, 35.40021396709324], [139.4013, 35.3956], [139.3928, 35.4002], [139.39197594149908, 35.40021396709324]], [[139.45258051464637, 35.440129486971934], [139.4563, 35.4531], [139.4525, 35.4424], [139.45258051464637, 35.440129486971934]], [[139.5099, 35.6449], [139.485212633833, 35.64548779443255], [139.4861, 35.6452], [139.5099, 35.6449]], [[139.4787, 35.6476], [139.474, 35.6521], [139.4728753472222, 35.65237430555555], [139.4787, 35.6476]], [[139.3657, 35.7333], [139.3744, 35.7305], [139.3853972277228, 35.72923108910891], [139.3657, 35.7333]], [[139.6278, 35.2775], [139.64066451612902, 35.269459677419356], [139.6405, 35.2702], [139.6278, 35.2775]], [[139.4108, 35.9878], [139.4275, 35.9899], [139.42795882352942, 35.990139839572194], [139.4108, 35.9878]], [[139.43043999999995, 35.99439000000008], [139.42771304347826, 35.999332608695646], [139.4275, 35.9988], [139.43043999999995, 35.99439000000008]], [[139.42819859154932, 36.000546478873254], [139.4291294117647, 36.0013], [139.4285, 36.0013], [139.42819859154932, 36.000546478873254]], [[139.4417, 36.0013], [139.4465, 36.0007], [139.44955, 36.0013], [139.4417, 36.0013]], [[139.45172346041053, 36.00172756598241], [139.4526, 36.0019], [139.4541029925187, 36.00296309226933], [139.45172346041053, 36.00172756598241]], [[139.45630512295082, 36.0045206967213], [139.4567, 36.0048], [139.4567609597925, 36.00567782101171], [139.45630512295082, 36.0045206967213]], [[139.4722974025974, 36.0195], [139.4876, 36.0195], [139.4727, 36.0197], [139.4722974025974, 36.0195]], [[139.5233, 36.0247], [139.52891530192855, 36.05297353778058], [139.5281, 36.0521], [139.5233, 36.0247]], [[139.52928658536587, 36.05337134146342], [139.535, 36.0528], [139.5295, 36.0536], [139.52928658536587, 36.05337134146342]], [[139.55193734939763, 36.04364698795178], [139.5516, 36.0439], [139.535, 36.0528], [139.55193734939763, 36.04364698795178]], [[139.5933, 35.6672], [139.5933146757679, 35.66748764505119], [139.5870042918455, 35.667066952789696], [139.5881, 35.6664], [139.5933, 35.6672]], [[139.58492857142858, 35.66692857142857], [139.5845, 35.6669], [139.58468039215686, 35.66668039215686], [139.58492857142858, 35.66692857142857]], [[139.5948, 35.6572], [139.597061760841, 35.64937082785802], [139.597, 35.6532], [139.5948, 35.6572]], [[139.59708759061834, 35.64776938166314], [139.5937, 35.6431], [139.5971, 35.647], [139.59708759061834, 35.64776938166314]], [[139.59397876049064, 35.636409748224644], [139.594, 35.6359], [139.6009, 35.6213], [139.59397876049064, 35.636409748224644]], [[139.6022, 35.6149], [139.5774, 35.6196], [139.624, 35.6092], [139.6022, 35.6149]], [[139.5308001905917, 35.639410006064274], [139.5313824849826, 35.66998046158713], [139.5306, 35.6664], [139.5307999249966, 35.639410125460245], [139.5308001905917, 35.639410006064274]], [[139.44794447380008, 35.76588549831205], [139.4421, 35.7663], [139.4187627124292, 35.76512372542486], [139.44794447380008, 35.76588549831205]], [[139.47235593220339, 35.73998983050848], [139.472, 35.7403], [139.47179914575548, 35.740187399893216], [139.47235593220339, 35.73998983050848]], [[139.4899, 35.731], [139.49019194312797, 35.73147440758294], [139.48946625322998, 35.731127338501295], [139.4899, 35.731]], [[139.49226404494382, 35.73484157303371], [139.4963, 35.7414], [139.49760283775447, 35.74368661320172], [139.4932, 35.7382], [139.49226404494382, 35.73484157303371]], [[139.52545549076774, 35.72903119533528], [139.52994807184365, 35.73206545166403], [139.5285, 35.7316], [139.52545549076774, 35.72903119533528]], [[139.53438965731112, 35.73506526593265], [139.5414, 35.7398], [139.5515, 35.7489], [139.5517880921895, 35.74951075544175], [139.53438965731112, 35.73506526593265]], [[139.4464, 35.7303], [139.4592, 35.7366], [139.44276602475924, 35.72917221458046], [139.4464, 35.7303]], [[139.4495, 35.6991], [139.44883183498447, 35.698811474197846], [139.4655, 35.6912], [139.4495, 35.6991]], [[139.46943243243243, 35.69705495495495], [139.4677, 35.6959], [139.4655, 35.6912], [139.46943243243243, 35.69705495495495]], [[139.4707, 35.6979], [139.47038723404256, 35.6976914893617], [139.4726, 35.6965], [139.4707, 35.6979]], [[139.47518915075173, 35.68778545306786], [139.47430208333333, 35.68888541666667], [139.4745, 35.688], [139.47518915075173, 35.68778545306786]], [[139.48576666666665, 35.68483333333334], [139.4802076923077, 35.68622307692308], [139.4851, 35.6847], [139.48576666666665, 35.68483333333334]], [[139.5158, 35.6817], [139.51090765124556, 35.68154946619217], [139.5113, 35.6814], [139.5158, 35.6817]], [[139.5231, 35.6854], [139.52274944015923, 35.68522231898482], [139.5304, 35.6839], [139.5231, 35.6854]], [[139.5394, 35.6898], [139.5381, 35.6846], [139.54045583272193, 35.69030836390314], [139.5394, 35.6898]], [[139.5632, 35.6999], [139.5609, 35.6992], [139.56388545303406, 35.69974280964256], [139.5632, 35.6999]], [[139.5898, 35.6938], [139.56562620232177, 35.699343615257035], [139.5767, 35.6958], [139.5898, 35.6938]], [[139.5366844036697, 35.66632018348625], [139.5374, 35.6657], [139.5377328436516, 35.66568363064008], [139.5366844036697, 35.66632018348625]], [[139.4448952440551, 35.646197747184], [139.4449, 35.6462], [139.44499473684144, 35.64634947368318], [139.4448952440551, 35.646197747184]], [[139.46632671999998, 35.65278928], [139.47185823905556, 35.65262238071815], [139.4699, 35.6531], [139.46632671999998, 35.65278928]], [[139.45645952380954, 35.67037619047619], [139.43424138404882, 35.67000894849668], [139.4342449455298, 35.670002477025136], [139.4557, 35.6701], [139.45645952380954, 35.67037619047619]], [[139.4601, 35.6717], [139.46034081632655, 35.67256961451248], [139.4588519230769, 35.67124615384615], [139.4601, 35.6717]], [[139.387114, 35.729033], [139.3874, 35.729], [139.3888, 35.731], [139.387114, 35.729033]], [[139.4050364071474, 35.728974409700065], [139.4054, 35.7287], [139.41936309963094, 35.728620664206645], [139.4050364071474, 35.728974409700065]], [[139.42299999999997, 35.7286], [139.4406, 35.7285], [139.4409222222222, 35.7286], [139.42299999999997, 35.7286]], [[139.53144078308088, 35.71368699628466], [139.5387, 35.7067], [139.5325, 35.7132], [139.53144078308088, 35.71368699628466]], [[139.43922031379026, 35.71159611890999], [139.4391, 35.7116], [139.4326, 35.7004], [139.43922031379026, 35.71159611890999]], [[139.52237267027644, 35.72643006554574], [139.5221, 35.7262], [139.5238, 35.7172], [139.52237267027644, 35.72643006554574]], [[139.46276838046273, 35.83408329048843], [139.4559, 35.837], [139.4621, 35.8341], [139.46276838046273, 35.83408329048843]], [[139.47102036092585, 35.834265437426446], [139.46560488599346, 35.834012377850165], [139.4701, 35.8339], [139.47102036092585, 35.834265437426446]], [[139.51974550173009, 35.84313685121107], [139.5128, 35.8437], [139.5193, 35.8427], [139.51974550173009, 35.84313685121107]], [[139.5424, 35.7866], [139.5469, 35.7787], [139.54143472750314, 35.79015944233206], [139.5424, 35.7866]], [[139.54093015384615, 35.792020057692305], [139.54324850299398, 35.795244011975996], [139.5408, 35.7925], [139.54093015384615, 35.792020057692305]], [[139.54679627118645, 35.80017762711866], [139.5471, 35.8006], [139.54690869565218, 35.80085217391305], [139.54679627118645, 35.80017762711866]], [[139.54840388349515, 35.81595145631068], [139.5502, 35.8157], [139.55245609756096, 35.81606097560975], [139.54840388349515, 35.81595145631068]], [[139.55430813308686, 35.8163573012939], [139.5552, 35.8165], [139.5585, 35.819], [139.55430813308686, 35.8163573012939]], [[139.5534, 35.825], [139.5469, 35.8316], [139.5585, 35.819], [139.5534, 35.825]], [[139.50172585365854, 35.77704195121951], [139.50172337662337, 35.77704112554112], [139.5068530075188, 35.764122055137854], [139.507, 35.7652], [139.50172585365854, 35.77704195121951]], [[139.5508, 35.7601], [139.5392, 35.772], [139.5453, 35.7657], [139.5508, 35.7601]], [[139.5025, 35.7539], [139.50081276595742, 35.74932036474162], [139.50603506024095, 35.75848602409636], [139.5025, 35.7539]], [[139.49754154193732, 35.815291725501254], [139.485, 35.8343], [139.4971, 35.8155], [139.49754154193732, 35.815291725501254]], [[139.5120635768262, 35.815687455919395], [139.50978848022206, 35.814632338653716], [139.511, 35.8149], [139.5120635768262, 35.815687455919395]], [[139.5206, 35.8222], [139.51841931464176, 35.82039314641745], [139.52096553524805, 35.822278328981724], [139.5206, 35.8222]], [[139.5248, 35.8231], [139.5223962264151, 35.82258490566038], [139.5259153800825, 35.822531585150266], [139.5248, 35.8231]], [[139.391, 35.9482], [139.4042, 35.945], [139.40467765567766, 35.94536677132392], [139.391, 35.9482]], [[139.4098, 35.9493], [139.4143857740586, 35.957038493723864], [139.4132, 35.9564], [139.4098, 35.9493]], [[139.41512342007434, 35.95743568773234], [139.41749082125602, 35.957597101449274], [139.4158, 35.9578], [139.41512342007434, 35.95743568773234]], [[139.41973253968254, 35.9573280952381], [139.4255, 35.9544], [139.4208, 35.9572], [139.41973253968254, 35.9573280952381]], [[139.43913333333333, 35.95656666666667], [139.43988, 35.95581999999999], [139.4398, 35.9565], [139.43913333333333, 35.95656666666667]], [[139.44004210526316, 35.954442105263176], [139.4347, 35.9456], [139.4402, 35.9531], [139.44004210526316, 35.954442105263176]], [[139.43592990654207, 35.94322803738318], [139.4361, 35.9429], [139.43643882978725, 35.943024468085106], [139.43592990654207, 35.94322803738318]], [[139.41416923076923, 35.896669565217394], [139.4137, 35.8972], [139.41319072356217, 35.897222634508346], [139.41416923076923, 35.896669565217394]], [[139.45632608695652, 35.88300434782608], [139.4561, 35.8834], [139.4525, 35.8853], [139.45632608695652, 35.88300434782608]], [[139.4561, 35.875], [139.4573, 35.8813], [139.45692397820164, 35.88195803814715], [139.4561, 35.875]], [[139.4743516129032, 35.854425806451616], [139.4731, 35.8538], [139.47302857142856, 35.853057142857146], [139.4743516129032, 35.854425806451616]], [[139.5119450151057, 35.879347129909355], [139.5106, 35.8787], [139.51053339048437, 35.87853437633948], [139.5119450151057, 35.879347129909355]], [[139.52741627906977, 35.88436511627907], [139.5212, 35.8838], [139.51860342741935, 35.88255070564516], [139.52741627906977, 35.88436511627907]], [[139.5328611111111, 35.88452777777778], [139.5322, 35.8848], [139.53171874999998, 35.884756249999995], [139.5328611111111, 35.88452777777778]], [[139.4445, 35.9795], [139.4388758865248, 35.98348014184396], [139.4391, 35.9832], [139.4445, 35.9795]], [[139.56122352941176, 36.02801176470586], [139.5603805825243, 36.0240077669903], [139.5608, 36.0248], [139.56122352941176, 36.02801176470586]], [[139.4558129230769, 36.113637454545426], [139.45613384379786, 36.11389030117407], [139.456, 36.1139], [139.4558129230769, 36.113637454545426]], [[139.51489082726104, 36.122371538791256], [139.51595947930574, 36.12206281708945], [139.5153, 36.1225], [139.51489082726104, 36.122371538791256]], [[139.52134878387767, 36.11849013203615], [139.5231, 36.1167], [139.52382397707584, 36.116849273623885], [139.52134878387767, 36.11849013203615]], [[139.4268, 36.026], [139.42852029147986, 36.02487163677128], [139.4253847953216, 36.02877894736845], [139.4268, 36.026]], [[139.65536191408984, 35.20428104799216], [139.6552, 35.2045], [139.6411, 35.2077], [139.65536191408984, 35.20428104799216]], [[139.5934790087465, 35.253538483965016], [139.5965, 35.2535], [139.59677479912344, 35.25357392257122], [139.5934790087465, 35.253538483965016]], [[139.6409581395349, 35.26813837209301], [139.6401012025902, 35.266467345050884], [139.6411, 35.2675], [139.6409581395349, 35.26813837209301]], [[139.66, 35.5887], [139.6528, 35.5907], [139.6666, 35.5868], [139.66, 35.5887]], [[139.6661501525941, 35.591588708036625], [139.6651, 35.5916], [139.66, 35.5887], [139.6661501525941, 35.591588708036625]], [[139.6744, 35.5915], [139.66808888888886, 35.5915678614098], [139.6808535052377, 35.5895776792909], [139.6744, 35.5915]], [[139.687, 35.5906], [139.6843579560735, 35.58903128641865], [139.6852, 35.5889], [139.687, 35.5906]], [[139.6691, 35.6147], [139.6879, 35.5985], [139.68842942655934, 35.59847882293763], [139.6691, 35.6147]], [[139.6978205405405, 35.60531459459456], [139.68952457912457, 35.59843501683502], [139.6904, 35.5984], [139.6978205405405, 35.60531459459456]], [[139.514, 35.567], [139.5212, 35.5662], [139.52266944140197, 35.56646374589266], [139.514, 35.567]], [[139.52431819235224, 35.5667596755504], [139.5251, 35.5669], [139.52747450980397, 35.568596078431405], [139.52431819235224, 35.5667596755504]], [[139.5293631372549, 35.56994509803921], [139.53, 35.5704], [139.53154666666666, 35.57456410256405], [139.5293631372549, 35.56994509803921]], [[139.53464180790962, 35.58289717514128], [139.53616091180865, 35.58698707025411], [139.535, 35.5863], [139.53464180790962, 35.58289717514128]], [[139.55657728826438, 35.58369734143561], [139.56043817427383, 35.581945643153546], [139.5596, 35.5827], [139.55657728826438, 35.58369734143561]], [[139.5706895522392, 35.57271940298471], [139.5799, 35.5641], [139.58032773352642, 35.56404503982622], [139.5706895522392, 35.57271940298471]], [[139.66708461538462, 35.62578461538461], [139.6689, 35.6335], [139.6669, 35.6268], [139.66708461538462, 35.62578461538461]], [[139.6792, 35.6684], [139.67884954367668, 35.66849700130378], [139.6873, 35.6623], [139.7033, 35.6521], [139.6792, 35.6684]], [[139.7519705882353, 35.668558823529416], [139.74800987770462, 35.669661806208836], [139.7495, 35.6687], [139.7519705882353, 35.668558823529416]], [[139.71996885245903, 35.65526065573769], [139.7201, 35.6549], [139.72029823008847, 35.65481150442478], [139.71996885245903, 35.65526065573769]], [[139.7185695652174, 35.661808695652226], [139.7181, 35.6604], [139.7184756521739, 35.659366956521716], [139.7185695652174, 35.661808695652226]], [[139.72092044198916, 35.66488950276265], [139.719, 35.6631], [139.7189476821192, 35.66294304635759], [139.72092044198916, 35.66488950276265]], [[139.7811, 36.1149], [139.7721, 36.1221], [139.78158302300113, 36.11415476451257], [139.7811, 36.1149]], [[139.8161, 36.0359], [139.7995365607477, 36.05083667289717], [139.8033, 36.0467], [139.8161, 36.0359]], [[139.7554, 36.0012], [139.7775, 36.0096], [139.7549214938544, 36.00123038134257], [139.7554, 36.0012]], [[139.7296239401496, 35.994545137157075], [139.7305012048193, 35.99546626506025], [139.73, 35.9952], [139.7296239401496, 35.994545137157075]], [[139.71442932330828, 35.94847669172929], [139.7147, 35.9538], [139.7137, 35.9503], [139.71442932330828, 35.94847669172929]], [[139.7185, 35.9465], [139.7147011299435, 35.94779717514125], [139.7149, 35.9473], [139.7185, 35.9465]], [[139.7411, 35.9513], [139.74019658617817, 35.95130971412712], [139.74532535211264, 35.948436150234755], [139.7411, 35.9513]], [[139.7591, 35.9439], [139.75144906196704, 35.94500513549365], [139.7536, 35.9438], [139.7591, 35.9439]], [[139.7621, 35.939], [139.76507677767776, 35.93686282628263], [139.7591, 35.9439], [139.7621, 35.939]], [[139.755, 35.8968], [139.7550197440585, 35.89759963436928], [139.7538904109589, 35.89598630136985], [139.755, 35.8968]], [[139.752, 35.8946], [139.75242253521128, 35.894909859154936], [139.7394, 35.8934], [139.752, 35.8946]], [[139.762309859944, 35.85784784313728], [139.7633418604651, 35.8594790697674], [139.7623, 35.8584], [139.762309859944, 35.85784784313728]], [[139.7839, 35.8318], [139.7847, 35.8376], [139.78421491712706, 35.83832762430937], [139.783612360082, 35.8314412580798], [139.7839, 35.8318]], [[139.7436, 35.8367], [139.7252, 35.8407], [139.7234, 35.8399], [139.7219, 35.836], [139.7226, 35.8228], [139.7355, 35.8156], [139.7465, 35.8146], [139.7571, 35.81], [139.7587, 35.8081], [139.7703, 35.8144], [139.7683, 35.8135], [139.7651, 35.8146], [139.7553, 35.821], [139.7436, 35.8367]], [[139.8192, 35.8223], [139.8194, 35.8085], [139.8194, 35.82286250000002], [139.8192, 35.8223]], [[139.8279, 35.8308], [139.82515544096725, 35.829253769559024], [139.8427, 35.8355], [139.8279, 35.8308]], [[139.8597, 35.8219], [139.85889736282425, 35.8224495533816], [139.85974900847384, 35.82176337031535], [139.8597, 35.8219]], [[139.8594, 35.8025], [139.8594813559322, 35.80273050847454], [139.85923453815263, 35.80237791164661], [139.8594, 35.8025]], [[139.9292, 35.8393], [139.92878941483414, 35.83865594483787], [139.93026838709676, 35.83892838709678], [139.9292, 35.8393]], [[139.9623, 35.8322], [139.9629505622189, 35.833156709145435], [139.94865665665012, 35.82660917820747], [139.9494, 35.8263], [139.9623, 35.8322]], [[139.9622, 35.8052], [139.9638075829384, 35.80411990521328], [139.9494, 35.8263], [139.9622, 35.8052]], [[140.00186109979634, 35.81077515274949], [140.0006, 35.8106], [139.9822964258555, 35.79634247908746], [139.9835, 35.7963], [140.00186109979634, 35.81077515274949]], [[140.0042, 35.8111], [140.00343278688524, 35.81099344262295], [140.00443724394788, 35.810792551210426], [140.0042, 35.8111]], [[140.0147, 35.7321], [140.0149022775801, 35.732534199288274], [140.01450626029654, 35.732120181219116], [140.0147, 35.7321]], [[140.0099, 35.7326], [140.01019878738887, 35.73256887631366], [140.00955266304342, 35.73317331521744], [140.0099, 35.7326]], [[139.9835, 35.7431], [139.99550457665904, 35.7485118993135], [139.9951, 35.7485], [139.9835, 35.7431]], [[139.98332093023257, 35.74522325581394], [139.9824, 35.742], [139.9587, 35.7159], [139.95814107485603, 35.71473557261673], [139.9835, 35.7431], [139.98332093023257, 35.74522325581394]], [[139.7486396644609, 35.78381470320533], [139.74137885010256, 35.7856266940452], [139.7486, 35.7838], [139.7486396644609, 35.78381470320533]], [[139.7473, 35.7757], [139.7475890625, 35.77488536931817], [139.7486, 35.7838], [139.7473, 35.7757]], [[139.74825, 35.77302272727271], [139.7495, 35.7695], [139.7523828510938, 35.76708645024706], [139.74825, 35.77302272727271]], [[139.765, 35.7655], [139.75347474496147, 35.766172306543915], [139.7538, 35.7659], [139.76480008126777, 35.76522455641338], [139.765, 35.7655]], [[139.76090704529116, 35.75890366642703], [139.7607, 35.7586], [139.7643, 35.7556], [139.76090704529116, 35.75890366642703]], [[139.7765, 35.7216], [139.7769, 35.7084], [139.77718829134025, 35.70793250052935], [139.7765, 35.7216]], [[139.6468637554585, 35.95976768558964], [139.6469, 35.961], [139.64674180432021, 35.961206709021575], [139.6468637554585, 35.95976768558964]], [[139.6692, 35.963], [139.6758, 35.9722], [139.6684644408689, 35.962934030571205], [139.6692, 35.963]], [[139.6868, 35.9747], [139.68727457200404, 35.975092749244716], [139.6758, 35.9722], [139.6868, 35.9747]], [[139.6897, 35.9771], [139.69035840179234, 35.97864383868553], [139.6882232830821, 35.975877889447254], [139.6897, 35.9771]], [[139.6955, 35.9907], [139.69547130701963, 35.993626683999075], [139.69337787823991, 35.985723990355666], [139.6955, 35.9907]], [[139.70337160326093, 35.99862826086952], [139.6987, 36.0017], [139.69811391402715, 36.00155791855203], [139.70337160326093, 35.99862826086952]], [[139.62506164915814, 35.76380489279033], [139.625, 35.7636], [139.6313, 35.7643], [139.62506164915814, 35.76380489279033]], [[139.6742, 35.7533], [139.67355172413792, 35.7535827586207], [139.6778, 35.7496], [139.6742, 35.7533]], [[139.7168, 35.7394], [139.7124, 35.733], [139.71728275862068, 35.7393851458886], [139.7168, 35.7394]], [[139.7233, 35.7392], [139.72012431171257, 35.73929771348577], [139.72457591397847, 35.738411935483875], [139.7233, 35.7392]], [[139.7233, 35.7557], [139.72644691943128, 35.751136966824646], [139.7263, 35.7529], [139.7233, 35.7557]], [[139.6952, 35.7833], [139.6967, 35.7803], [139.69561889117043, 35.78528973305956], [139.6952, 35.7833]], [[139.6013, 35.714], [139.6124365257259, 35.72045211411105], [139.6108, 35.72], [139.6013, 35.714]], [[139.723, 35.7107], [139.7348, 35.7037], [139.72307762803234, 35.71073342318059], [139.723, 35.7107]], [[139.6992, 35.6895], [139.6999799227799, 35.693165637065555], [139.69874586330937, 35.689245683453244], [139.6992, 35.6895]], [[139.70056616161608, 35.69469797979789], [139.7004, 35.6945], [139.70038458549223, 35.69445103626945], [139.70056616161608, 35.69469797979789]], [[139.7052, 35.701], [139.70412450331125, 35.70174294179156], [139.70484903181188, 35.700522683264175], [139.7052, 35.701]], [[139.68778017241377, 35.71629482758626], [139.6895, 35.7122], [139.68975159481926, 35.71203655519042], [139.68778017241377, 35.71629482758626]], [[139.6878821428572, 35.7191928571431], [139.6874, 35.7172], [139.68750738636365, 35.71694431818181], [139.6878821428572, 35.7191928571431]], [[139.64057719869706, 35.80514592833875], [139.6404, 35.8056], [139.6377, 35.8075], [139.64057719869706, 35.80514592833875]], [[139.642, 35.7903], [139.642, 35.8015], [139.6410617801047, 35.803904188481695], [139.642, 35.7903]], [[139.6284, 35.7749], [139.6422228941685, 35.7903816414687], [139.642, 35.7903], [139.6284, 35.7749]], [[139.7045, 35.8169], [139.70533076923078, 35.8184076923077], [139.6986, 35.8136], [139.7045, 35.8169]], [[139.67852155376596, 35.84699583135952], [139.6775, 35.8442], [139.6778, 35.835], [139.67852155376596, 35.84699583135952]], [[139.6804294595887, 35.84912620755619], [139.6794, 35.8494], [139.67907674591382, 35.84851530460624], [139.6804294595887, 35.84912620755619]], [[139.686, 35.8468], [139.6888, 35.8469], [139.68393204118718, 35.848194669897026], [139.686, 35.8468]], [[139.7072, 35.8218], [139.70621351161154, 35.82260295566502], [139.70667387925883, 35.82084518828452], [139.7072, 35.8218]], [[139.59, 35.952], [139.5971, 35.9457], [139.5896033778476, 35.953101728201105], [139.59, 35.952]], [[139.5891, 35.9545], [139.589240625, 35.954109375], [139.5893358490566, 35.95553773584902], [139.5891, 35.9545]], [[139.5901, 35.9589], [139.5899865131579, 35.95840065789476], [139.59166453488368, 35.959782558139516], [139.5901, 35.9589]], [[139.594, 35.9611], [139.5937306847732, 35.96094807859], [139.6159, 35.9649], [139.594, 35.9611]], [[139.6304, 35.954], [139.63119066183137, 35.953909836808705], [139.6159, 35.9649], [139.6304, 35.954]], [[139.64408666666668, 35.9534], [139.63566153846153, 35.9534], [139.6418, 35.9527], [139.64408666666668, 35.9534]], [[139.6467210526316, 35.954915789473695], [139.64626044852193, 35.95406544342507], [139.6467, 35.9542], [139.6467210526316, 35.954915789473695]], [[139.6662, 36.0485], [139.67436139784948, 36.046334731182796], [139.6718, 36.0476], [139.6662, 36.0485]], [[139.69148927090953, 36.058860375518165], [139.69277414021164, 36.05942810846561], [139.6917, 36.0593], [139.69148927090953, 36.058860375518165]], [[139.70155857478466, 36.04952302270944], [139.7015, 36.0489], [139.70182262773722, 36.04849981751828], [139.70155857478466, 36.04952302270944]], [[139.70452070351783, 36.04515316582887], [139.7119, 36.036], [139.71320338461538, 36.03505866666667], [139.70452070351783, 36.04515316582887]], [[139.71502338028168, 36.033744225352116], [139.7155, 36.0334], [139.7253, 36.0318], [139.71502338028168, 36.033744225352116]], [[139.6262, 36.03], [139.6358, 36.0283], [139.62585423940152, 36.030176558603486], [139.6262, 36.03]], [[139.64559725054062, 35.998247049737415], [139.6454, 35.9801], [139.6459, 35.9981], [139.64559725054062, 35.998247049737415]], [[139.6073, 36.022], [139.61129746628527, 36.01963653453207], [139.60547297850562, 36.0238026612078], [139.6073, 36.022]], [[139.7124, 36.0198], [139.71166372443486, 36.020097093649085], [139.7124399113082, 36.019347671840336], [139.7124, 36.0198]], [[139.7127, 36.0164], [139.71252242074928, 36.01841256484153], [139.7085, 36.0099], [139.7127, 36.0164]], [[139.7293735083532, 36.06054892601434], [139.7293, 36.061], [139.7290784989858, 36.060954563894526], [139.7293735083532, 36.06054892601434]], [[139.7396, 36.0391], [139.74265479402112, 36.03771669704704], [139.7315, 36.0475], [139.7396, 36.0391]], [[139.7449, 36.0367], [139.74564819277109, 36.03697710843374], [139.74451545741326, 36.036874132492116], [139.7449, 36.0367]], [[139.7813, 36.042], [139.7839, 36.0449], [139.781, 36.042], [139.7813, 36.042]], [[139.8197490630324, 35.68985792163544], [139.8071, 35.6843], [139.8197, 35.6898], [139.8197490630324, 35.68985792163544]], [[139.82665238361525, 35.69800767510136], [139.826, 35.698], [139.82228790035583, 35.692855160142294], [139.82665238361525, 35.69800767510136]], [[139.8345, 35.6981], [139.842, 35.6905], [139.8351, 35.6987], [139.8357, 35.7094], [139.8345, 35.6981]], [[139.80098116462975, 35.68595111430626], [139.7978, 35.688], [139.8008, 35.686], [139.80098116462975, 35.68595111430626]], [[139.8741, 35.721], [139.87272041763342, 35.71203271461718], [139.8732, 35.7125], [139.8741, 35.721]], [[139.88866371911573, 35.76814356306893], [139.886, 35.764], [139.88866371911573, 35.76814356306892], [139.88866371911573, 35.76814356306893]], [[139.9168, 35.7247], [139.9021, 35.7413], [139.9029, 35.7393], [139.8949, 35.7465], [139.9168, 35.7247]], [[139.7868, 35.7523], [139.7948, 35.7458], [139.79612136279925, 35.74517707182321], [139.7868, 35.7523]], [[139.79886480304955, 35.74388373570521], [139.8018, 35.7425], [139.8037273396183, 35.74283386985514], [139.79886480304955, 35.74388373570521]], [[139.81220983606556, 35.74430327868852], [139.8145, 35.7447], [139.81505, 35.745250000000006], [139.81220983606556, 35.74430327868852]], [[139.81568, 35.74587999999998], [139.8166, 35.7468], [139.8185, 35.7534], [139.81568, 35.74587999999998]], [[139.83596580493537, 35.793907128868], [139.8432043478261, 35.79469130434782], [139.8378, 35.7945], [139.83596580493537, 35.793907128868]], [[139.8036, 35.7263], [139.78973563260453, 35.725330463818494], [139.7902, 35.7251], [139.8036, 35.7263]], [[139.98077999999998, 35.76078000000001], [139.98216125, 35.75897374999999], [139.9821, 35.7597], [139.98077999999998, 35.76078000000001]], [[140.0056, 35.7854], [139.9827, 35.7842], [139.98195238095238, 35.78396390977444], [140.0056, 35.7854]], [[140.0099, 35.7898], [140.01131929978118, 35.792777067833725], [140.0056, 35.7854], [140.0099, 35.7898]], [[139.71296875, 36.22858124999998], [139.71208620689657, 36.22805172413794], [139.7128, 36.2283], [139.71296875, 36.22858124999998]], [[139.7169, 36.2369], [139.71432571428576, 36.23084285714295], [139.7191918918919, 36.238953153153155], [139.7169, 36.2369]], [[139.7217, 36.2412], [139.71992608695652, 36.23961086956521], [139.73133333333345, 36.24635151515159], [139.7217, 36.2412]], [[139.7404, 36.2512], [139.73991724947194, 36.25094184463741], [139.74284051446944, 36.250704823151125], [139.7404, 36.2512]], [[139.7473, 36.2498], [139.74670071713146, 36.249921593625494], [139.7482, 36.2428], [139.7473, 36.2498]], [[140.0477, 35.4191], [140.0394, 35.4154], [140.0521652134832, 35.42001393258428], [140.0477, 35.4191]], [[140.0648, 35.4226], [140.0598914352528, 35.421595323004965], [140.0819, 35.4227], [140.0648, 35.4226]], [[140.09242945252944, 35.37765100485101], [140.0922, 35.3778], [140.09146392199352, 35.3779397616468], [140.09242945252944, 35.37765100485101]], [[140.1122, 35.3769], [140.11123653846155, 35.37657884615385], [140.11254427529337, 35.37640212496036], [140.1122, 35.3769]], [[140.1187, 35.3675], [140.11502061068705, 35.3728209630064], [140.1206452914798, 35.36144798206283], [140.1187, 35.3675]], [[140.125, 35.3479], [140.12492941176475, 35.348119607842975], [140.12501266747867, 35.34779768574917], [140.125, 35.3479]], [[140.1263, 35.3374], [140.12545511265165, 35.344224090121166], [140.12568524590162, 35.335555737704944], [140.1263, 35.3374]], [[140.1247, 35.3326], [140.12538085106382, 35.33464255319148], [140.1182, 35.3266], [140.1247, 35.3326]], [[140.1124476510067, 35.30351328859061], [140.11188268251271, 35.304304244482175], [140.1119, 35.3036], [140.1124476510067, 35.30351328859061]], [[139.9021, 35.3376], [139.9065, 35.3337], [139.9074872180451, 35.33364937343359], [139.9021, 35.3376]], [[139.9745787058956, 35.31909591928757], [139.9748, 35.319], [139.9905, 35.3178], [139.9745787058956, 35.31909591928757]], [[140.0202056423611, 35.31704496527778], [140.0208, 35.3169], [140.0272, 35.3232], [140.0202056423611, 35.31704496527778]], [[140.04790263522884, 35.34299611650483], [140.05093226744185, 35.34852848837209], [140.0498, 35.3477], [140.04790263522884, 35.34299611650483]], [[140.05280000000002, 35.34989512195123], [140.0547825882353, 35.350813882352945], [140.0539, 35.3507], [140.05280000000002, 35.34989512195123]], [[140.05656869565217, 35.35104434782609], [140.06154766101696, 35.35080725423729], [140.0601, 35.3515], [140.05656869565217, 35.35104434782609]], [[140.09850784798738, 35.32690094445696], [140.10479678368313, 35.322122180819726], [140.1017, 35.325], [140.09850784798738, 35.32690094445696]], [[139.88428372093023, 35.316418604651176], [139.8836, 35.3179], [139.8812227722772, 35.319916831683194], [139.88428372093023, 35.316418604651176]], [[139.8994, 35.2899], [139.90164648715563, 35.287993098112096], [139.892, 35.2997], [139.8994, 35.2899]], [[139.9252, 35.268], [139.9260651075538, 35.267503626813394], [139.9141927765239, 35.27734334085762], [139.9252, 35.268]], [[139.9313, 35.2645], [139.93568886363641, 35.26345095454544], [139.92993315889626, 35.265284253092304], [139.9313, 35.2645]], [[139.95111503579952, 35.25976372315036], [139.95, 35.2606], [139.94530591016547, 35.26115224586288], [139.95111503579952, 35.25976372315036]], [[139.95327378694927, 35.256888232013345], [139.9532, 35.2582], [139.95212110091742, 35.25900917431194], [139.95327378694927, 35.256888232013345]], [[139.99850524109016, 35.19146687631027], [139.9982, 35.1925], [139.99752820053718, 35.1929812891674], [139.99850524109016, 35.19146687631027]], [[139.9969, 35.1668], [139.9995, 35.1881], [139.99893852642023, 35.190000372116124], [139.9969, 35.1668]], [[139.9527, 35.4132], [139.9594, 35.412], [139.95251673228347, 35.413508661417325], [139.9527, 35.4132]], [[139.997, 35.381], [139.99689600470037, 35.38009240465764], [140.0075, 35.3906], [139.997, 35.381]], [[139.9959, 35.3714], [139.99606428571428, 35.369329999999955], [139.99629674306394, 35.3748624849215], [139.9959, 35.3714]], [[140.00402446043162, 35.345367985611574], [139.99623866481224, 35.36713282336583], [139.9964, 35.3651], [140.0038, 35.3457], [140.00402446043162, 35.345367985611574]], [[140.0086, 35.3386], [140.00977999999998, 35.3386], [140.00830713547055, 35.339033195449844], [140.0086, 35.3386]], [[140.01567441978656, 35.341978807386084], [140.01119749999998, 35.3386], [140.0124, 35.3386], [140.0155, 35.3411], [140.01567441978656, 35.341978807386084]], [[140.00408479198228, 36.118808460552366], [140.0041, 36.1149], [140.0074, 36.1035], [140.00408479198228, 36.118808460552366]], [[140.00143661294882, 36.08909612666099], [140.0009, 36.0878], [140.0014894409938, 36.086349068323], [140.00143661294882, 36.08909612666099]], [[140.00227906647808, 36.08440537482317], [140.0048, 36.0782], [140.0096, 36.0713], [140.00227906647808, 36.08440537482317]], [[140.0284, 36.0329], [140.005, 36.0142], [140.00380919540228, 36.012839080459756], [140.0284, 36.0329]], [[140.00078564102563, 36.009383589743585], [139.9994, 36.0078], [139.9987055472264, 36.00565877061471], [140.00078564102563, 36.009383589743585]], [[140.0049, 35.9072], [140.0004, 35.9068], [140.0175, 35.9082], [140.0049, 35.9072]], [[139.9465, 35.8695], [139.9407, 35.8643], [139.9407, 35.86360491803277], [139.9465, 35.8695]], [[139.9407, 35.86313548387098], [139.9407, 35.8625], [139.9466, 35.8599], [139.9407, 35.86313548387098]], [[139.949, 35.8482], [139.96080140703518, 35.841004020100506], [139.9602, 35.8418], [139.949, 35.8482]], [[139.96215300261093, 35.83921514360317], [139.96372684824905, 35.836475486381296], [139.9636, 35.8373], [139.96215300261093, 35.83921514360317]], [[139.96391235955056, 35.83526966292137], [139.96381057142855, 35.83442142857142], [139.964, 35.8347], [139.96391235955056, 35.83526966292137]], [[139.9183, 35.9144], [139.9104121266161, 35.912612082032986], [139.9376, 35.9161], [139.9183, 35.9144]], [[139.7672808259587, 35.936163053097346], [139.76550621683091, 35.936554510993176], [139.766, 35.9362], [139.7672808259587, 35.936163053097346]], [[139.7766564516129, 35.93628467741936], [139.77529906790943, 35.935931757656455], [139.7764, 35.9359], [139.7766564516129, 35.93628467741936]], [[139.78, 35.9413], [139.77760336647086, 35.95270797559874], [139.7773, 35.9523], [139.7797923566879, 35.94098853503184], [139.78, 35.9413]], [[139.7802, 35.9562], [139.78008400000002, 35.956044000000006], [139.78062274247492, 35.95609297658863], [139.7802, 35.9562]], [[139.7881, 35.9542], [139.78580447696945, 35.954781145071024], [139.8047, 35.9449], [139.7881, 35.9542]], [[139.8436, 35.9467], [139.8387, 35.9594], [139.8254, 35.9844], [139.8329, 35.9703], [139.8436, 35.9467]], [[139.9033, 35.911], [139.8836, 35.9015], [139.9058062297533, 35.91156807874408], [139.9033, 35.911]], [[139.7803, 35.8638], [139.7902, 35.8576], [139.79705187969924, 35.85516231203008], [139.7803, 35.8638]], [[139.80001030927835, 35.85410979381444], [139.8006, 35.8539], [139.8085, 35.8576], [139.80001030927835, 35.85410979381444]], [[139.841, 35.8691], [139.84075249999998, 35.85944749999922], [139.8414, 35.881], [139.841, 35.8691]], [[139.9022, 35.8647], [139.9038, 35.8602], [139.8968, 35.882], [139.9022, 35.8647]], [[139.8094, 35.9191], [139.8095910892857, 35.918996035714294], [139.80957343966713, 35.919384327323144], [139.8094, 35.9191]], [[139.8351, 35.8968], [139.83561212333566, 35.89551562718992], [139.83527017114915, 35.9002459657702], [139.8351, 35.8968]], [[139.77077857142856, 36.134057142857145], [139.772, 36.1356], [139.77441875, 36.141337500000006], [139.77077857142856, 36.134057142857145]], [[139.77681578947366, 36.14613157894737], [139.77823268292684, 36.147042439024396], [139.7771, 36.1467], [139.77681578947366, 36.14613157894737]], [[139.78690701754383, 36.14966491228069], [139.79737288135595, 36.151567796610166], [139.7943, 36.1519], [139.78690701754383, 36.14966491228069]], [[139.8000688604841, 36.151276339407126], [139.81119027384332, 36.14329348441921], [139.8017, 36.1511], [139.8000688604841, 36.151276339407126]], [[139.81491323048152, 36.140621178120625], [139.8155, 36.1402], [139.81597653186273, 36.14025661764706], [139.81491323048152, 36.140621178120625]], [[139.8181, 36.0583], [139.82146992066987, 36.05523924636405], [139.811, 36.0689], [139.8181, 36.0583]], [[139.8202, 36.3725], [139.8458, 36.3596], [139.81983936548667, 36.37292319356155], [139.8202, 36.3725]], [[140.0341, 35.6629], [140.046237273111, 35.673496032081026], [140.0457, 35.6733], [140.0341, 35.6629]], [[140.11137859103385, 35.69813714547118], [140.11561421800945, 35.698701895734594], [140.1129, 35.6988], [140.11137859103385, 35.69813714547118]], [[140.11830402173914, 35.698604673913046], [140.1383, 35.6937], [140.1212, 35.6985], [140.11830402173914, 35.698604673913046]], [[140.14684635761589, 35.68368013245034], [140.1558, 35.6687], [140.1499, 35.6801], [140.14684635761589, 35.68368013245034]], [[140.1584, 35.6495], [140.15981253692155, 35.647169314079456], [140.1558, 35.6687], [140.1584, 35.6495]], [[140.16015056689344, 35.64661156462584], [140.1604, 35.6462], [140.16133741677763, 35.646192676431426], [140.16015056689344, 35.64661156462584]], [[140.1881, 35.64], [140.19266116504855, 35.637803883495145], [140.1919, 35.639], [140.1881, 35.64]], [[140.19358767123288, 35.63634794520546], [140.19372919847328, 35.634649618320665], [140.194, 35.6357], [140.19358767123288, 35.63634794520546]], [[140.19209670014342, 35.62831750358664], [140.1906, 35.6235], [140.19077891023127, 35.62320607604861], [140.19209670014342, 35.62831750358664]], [[140.1911161103048, 35.622652104499274], [140.192, 35.6212], [140.1954, 35.6201], [140.1911161103048, 35.622652104499274]], [[140.1993, 35.6216], [140.2002209977662, 35.62286760982874], [140.1954, 35.6201], [140.1993, 35.6216]], [[140.2244, 35.6433], [140.2253, 35.6304], [140.22583107789143, 35.62994327301338], [140.2244, 35.6433]], [[140.2299078431373, 35.6264372549019], [140.2303, 35.6261], [140.23042783505153, 35.62606583210604], [140.2299078431373, 35.6264372549019]], [[140.24298758959657, 35.62270884702027], [140.252, 35.6203], [140.2673, 35.6182], [140.24298758959657, 35.62270884702027]], [[140.27054763973928, 35.608281532688096], [140.2705, 35.6106], [140.263, 35.6349], [140.2673, 35.6182], [140.27054763973928, 35.608281532688096]], [[140.2539687367078, 35.644311527009776], [140.2543, 35.6426], [140.263, 35.6349], [140.2539687367078, 35.644311527009776]], [[140.33289165359272, 35.57890106683401], [140.3332, 35.5791], [140.3291, 35.5862], [140.33289165359272, 35.57890106683401]], [[140.3295, 35.622], [140.3338, 35.6117], [140.3279617647059, 35.62771344537809], [140.3295, 35.622]], [[140.32583918918914, 35.63559729729743], [140.32533211267605, 35.638076338028135], [140.3253, 35.6376], [140.32583918918914, 35.63559729729743]], [[140.3466, 35.6543], [140.349, 35.6578], [140.3509347193347, 35.66435654885656], [140.3466, 35.6543]], [[140.35955376, 35.67963128], [140.3606142857143, 35.6798], [140.3598, 35.6798], [140.35955376, 35.67963128]], [[140.4426953066513, 35.6532226317305], [140.444, 35.6518], [140.44625731462926, 35.65174869739479], [140.4426953066513, 35.6532226317305]], [[140.4480402017291, 35.65170817723343], [140.4484, 35.6517], [140.4651, 35.6573], [140.4480402017291, 35.65170817723343]], [[140.31164666666672, 35.19311142857128], [140.31136812227075, 35.19466331877736], [140.3113, 35.1943], [140.31164666666672, 35.19311142857128]], [[140.3127, 35.1895], [140.318, 35.1821], [140.31219267676767, 35.19123939393941], [140.3127, 35.1895]], [[140.3039, 35.2224], [140.30602898550723, 35.22102463768117], [140.30363870967741, 35.22311612903226], [140.3039, 35.2224]], [[140.2404, 35.4988], [140.23415954198475, 35.5027106870229], [140.2349, 35.5016], [140.2404, 35.4988]], [[140.18150046765393, 35.424436788776255], [140.1813856936416, 35.4276791546243], [140.1812, 35.4265], [140.18150046765393, 35.424436788776255]], [[140.1904366542749, 35.40245643122713], [140.18255402047626, 35.41720239272977], [140.1827, 35.4162], [140.1904366542749, 35.40245643122713]], [[140.2673, 35.4157], [140.26198523002418, 35.422370036319656], [140.26720548977394, 35.4149202906351], [140.2673, 35.4157]], [[140.2669, 35.4124], [140.26707777777779, 35.41386666666664], [140.2601, 35.4034], [140.2669, 35.4124]], [[140.29687302778666, 35.363030645161295], [140.2972, 35.3632], [140.30999844065852, 35.380181345654215], [140.3036, 35.3726], [140.29687302778666, 35.363030645161295]], [[140.3211, 35.3978], [140.3166917586069, 35.38906223581014], [140.3177, 35.3904], [140.3211, 35.3978]], [[140.3219, 35.4065], [140.32184256870443, 35.40587543466071], [140.32268234295412, 35.40752139219011], [140.3219, 35.4065]], [[140.34197887323944, 35.432714084507026], [140.32990869565225, 35.41695579710153], [140.3385, 35.4268], [140.34197887323944, 35.432714084507026]], [[140.2731783783784, 35.34846093366094], [140.2765309912171, 35.3519006273526], [140.2752, 35.3508], [140.2731783783784, 35.34846093366094]], [[140.27845311203316, 35.35349007341204], [140.2907141998908, 35.359840688148566], [140.2804, 35.3551], [140.27845311203316, 35.35349007341204]], [[140.324, 35.3439], [140.32312368162465, 35.34360491320013], [140.341, 35.3437], [140.324, 35.3439]], [[140.3626124941287, 35.214184124001875], [140.3606, 35.215], [140.3429, 35.2168], [140.3626124941287, 35.214184124001875]], [[140.28387174598822, 35.26593777259635], [140.2828, 35.2665], [140.2604, 35.2668], [140.28387174598822, 35.26593777259635]], [[140.2915, 35.2603], [140.2889, 35.2633], [140.28644877300613, 35.26458588957057], [140.2915, 35.2603]], [[140.3053, 35.3348], [140.2985, 35.3185], [140.30580537810536, 35.335129347529346], [140.3053, 35.3348]], [[140.3142, 35.3406], [140.3089625208681, 35.337186811352254], [140.32012792792793, 35.342596138996136], [140.3142, 35.3406]], [[140.2717, 35.4968], [140.2739, 35.498], [140.2779411257897, 35.5008747846065], [140.2717, 35.4968]], [[140.2970240891789, 35.514450063440286], [140.2985, 35.5155], [140.29931728395061, 35.518224279835366], [140.2970240891789, 35.514450063440286]], [[140.30039375, 35.52181250000001], [140.3006, 35.5225], [140.3001141955836, 35.52301059035601], [140.30039375, 35.52181250000001]], [[140.2908, 35.5328], [140.29464995425437, 35.543291125343124], [140.2943, 35.5429], [140.2908, 35.5328]], [[140.29528267195764, 35.54399828042326], [140.30205427061932, 35.548182976225426], [140.2977, 35.5467], [140.29528267195764, 35.54399828042326]], [[140.306325, 35.549637499999996], [140.3159676258993, 35.551244604316544], [140.3115, 35.5514], [140.306325, 35.549637499999996]], [[140.320229179911, 35.55109637635093], [140.3263, 35.5487], [140.323, 35.551], [140.320229179911, 35.55109637635093]], [[140.3363, 35.5304], [140.3314, 35.5412], [140.3263, 35.5487], [140.3363, 35.5304]], [[140.3511, 35.4536], [140.3507177923021, 35.452649509803926], [140.3582, 35.4577], [140.3511, 35.4536]], [[140.34426254180605, 35.436596321070276], [140.3465, 35.4404], [140.34891374939053, 35.44816313993169], [140.34426254180605, 35.436596321070276]], [[140.39639560085837, 35.52196266094422], [140.3966, 35.5206], [140.408, 35.5037], [140.39639560085837, 35.52196266094422]], [[140.3381, 35.6066], [140.352, 35.6057], [140.3376488222698, 35.60713511777302], [140.3381, 35.6066]], [[140.4282455782313, 35.579958503401365], [140.4267, 35.5802], [140.4178, 35.5777], [140.4282455782313, 35.579958503401365]], [[140.4310988130564, 35.57844124629078], [140.4299, 35.5797], [140.42930751604032, 35.579792575618704], [140.4310988130564, 35.57844124629078]], [[140.43594978962133, 35.57284733520338], [140.4359, 35.5734], [140.4355098901099, 35.57380961538462], [140.43594978962133, 35.57284733520338]], [[140.396, 35.5246], [140.3961678723404, 35.523480851063816], [140.39726516034983, 35.52521341107872], [140.396, 35.5246]], [[140.3993, 35.5262], [140.3986923129484, 35.525905363853774], [140.4162, 35.526], [140.3993, 35.5262]], [[140.0319, 35.9275], [140.03350062402495, 35.926877535101404], [140.0207, 35.9381], [140.0319, 35.9275]], [[140.0496, 35.8191], [140.0445, 35.8126], [140.03611764705886, 35.79862941176477], [140.0496, 35.8191]], [[140.13152499999998, 35.8372], [140.0966, 35.846], [140.1181, 35.8399], [140.13152499999998, 35.8372]], [[140.136, 35.8363], [140.13706666666664, 35.83673809523809], [140.1351693735499, 35.83646705336427], [140.136, 35.8363]], [[140.173, 35.8171], [140.1722, 35.8094], [140.1766, 35.8004], [140.1792, 35.7889], [140.1731, 35.7832], [140.1654, 35.7711], [140.1507, 35.7705], [140.14229339604532, 35.764122576310236], [140.1604, 35.7497], [140.1783, 35.7433], [140.1914, 35.7411], [140.2017, 35.7458], [140.2059, 35.753], [140.2137, 35.7582], [140.2225, 35.7553], [140.2366, 35.7436], [140.2533, 35.7384], [140.26, 35.7309], [140.2715, 35.7518], [140.275, 35.7667], [140.2736, 35.7717], [140.2679, 35.7792], [140.2475, 35.7886], [140.2561, 35.795], [140.2687, 35.811], [140.2624, 35.8117], [140.2527, 35.8144], [140.2371, 35.8325], [140.222, 35.8325], [140.2094, 35.8289], [140.205, 35.8205], [140.2006, 35.817], [140.1799, 35.8198], [140.173, 35.8171]], [[140.2914, 35.751], [140.3018090909091, 35.751], [140.3015, 35.7512], [140.2715, 35.7518], [140.2914, 35.751]], [[140.29, 35.8211], [140.29015961995248, 35.822037767220884], [140.2849, 35.8163], [140.29, 35.8211]], [[140.2908, 35.8258], [140.288, 35.8357], [140.29029963636364, 35.8228603636364], [140.2908, 35.8258]], [[140.3021, 35.8638], [140.2906, 35.8691], [140.2958, 35.8667], [140.3021, 35.8638]], [[140.39955290663534, 35.86873270698764], [140.4, 35.8712], [140.3986, 35.8785], [140.39955290663534, 35.86873270698764]], [[140.3997, 35.8525], [140.4195, 35.8526], [140.3993321145487, 35.853082485297875], [140.3997, 35.8525]], [[140.46321643835614, 35.85754246575344], [140.462, 35.8582], [140.46136280902903, 35.85823095664636], [140.46321643835614, 35.85754246575344]], [[140.46959665003564, 35.85369251603704], [140.4694, 35.8542], [140.46864988610477, 35.8546054669704], [140.46959665003564, 35.85369251603704]], [[140.472179728419, 35.8452309731652], [140.4725, 35.8462], [140.47038900804287, 35.85164772117971], [140.472179728419, 35.8452309731652]], [[140.4701, 35.8155], [140.455, 35.795], [140.4486, 35.7824], [140.4562, 35.7963], [140.4701, 35.8155]], [[140.1439, 35.744], [140.1411, 35.736], [140.1441592964824, 35.744188117055856], [140.1439, 35.744]], [[140.25344587628865, 35.71379381443305], [140.2539992684711, 35.71760607168981], [140.2535, 35.7165], [140.25344587628865, 35.71379381443305]], [[140.25408721528285, 35.71110631888318], [140.25340735524256, 35.711867762128314], [140.2534, 35.7115], [140.25408721528285, 35.71110631888318]], [[140.2677, 35.7042], [140.2616677145285, 35.70676372132538], [140.2733, 35.7001], [140.2677, 35.7042]], [[140.2957, 35.718], [140.3035, 35.7114], [140.29521851851854, 35.7192962962963], [140.2957, 35.718]], [[140.2918, 35.7285], [140.29357755102046, 35.72371428571412], [140.29178599059068, 35.729288029273434], [140.2918, 35.7285]], [[140.319, 35.7639], [140.3189691689008, 35.763452949061644], [140.3200555555556, 35.76473333333336], [140.319, 35.7639]], [[140.335, 35.7684], [140.333908, 35.7684], [140.34004176285413, 35.765363483735584], [140.335, 35.7684]], [[140.3438, 35.7631], [140.3437188801639, 35.76314885626493], [140.3483, 35.7574], [140.3438, 35.7631]], [[140.3689, 35.7335], [140.36856884176186, 35.73393050570959], [140.36973282051272, 35.731383247863455], [140.3689, 35.7335]], [[140.3829, 35.7098], [140.38220242766877, 35.71066278683073], [140.3841, 35.6933], [140.3829, 35.7098]], [[140.25381530758227, 35.645104244158325], [140.2592, 35.6503], [140.2537, 35.6457], [140.25381530758227, 35.645104244158325]], [[140.28169564356438, 35.66602534653465], [140.282, 35.6657], [140.2858, 35.6662], [140.28169564356438, 35.66602534653465]], [[140.2892, 35.669], [140.28991472340425, 35.670695716312046], [140.2858, 35.6662], [140.2892, 35.669]], [[140.3185, 35.7033], [140.32103153564898, 35.70164140767825], [140.321, 35.7019], [140.3185, 35.7033]], [[140.3178, 35.6881], [140.3211, 35.6807], [140.32187616807778, 35.680326842270304], [140.3178, 35.6881]], [[140.32351335559264, 35.67953973288816], [140.3263, 35.6782], [140.3374, 35.676], [140.32351335559264, 35.67953973288816]], [[140.2023646119569, 35.70347133308578], [140.20428728971962, 35.70290859813085], [140.2035, 35.7039], [140.2023646119569, 35.70347133308578]], [[140.20531794871798, 35.701610731244024], [140.2104, 35.6842], [140.2062, 35.7005], [140.20531794871798, 35.701610731244024]], [[140.4262, 35.6829], [140.42583921568627, 35.68217843137252], [140.4418, 35.6956], [140.4262, 35.6829]], [[140.4683131067961, 35.688757242193645], [140.46686404639175, 35.68840476804124], [140.468, 35.6881], [140.4683131067961, 35.688757242193645]], [[140.49455943396228, 35.7102841981132], [140.4996, 35.7003], [140.4948, 35.7102], [140.49455943396228, 35.7102841981132]], [[140.0117, 35.6883], [140.01139815157114, 35.68772255083178], [140.01419331103685, 35.68920234113714], [140.0117, 35.6883]], [[140.0222, 35.6921], [140.01949412945308, 35.691120732563974], [140.03059465081728, 35.69229078751858], [140.0222, 35.6921]], [[140.0991695623987, 35.78355092382496], [140.1049, 35.785], [140.10836498481663, 35.78761060499883], [140.0991695623987, 35.78355092382496]], [[140.0885203808543, 35.76859876479665], [140.0892, 35.7694], [140.08930336832898, 35.77003845144362], [140.0885203808543, 35.76859876479665]], [[140.0799, 35.7588], [140.07985739393263, 35.75838555916267], [140.08124268656715, 35.760018746268635], [140.0799, 35.7588]], [[140.0659, 35.7287], [140.06613221425877, 35.72777544322898], [140.06604898186606, 35.72892405024821], [140.0659, 35.7287]], [[140.1127, 35.814], [140.1139, 35.8088], [140.11277044025155, 35.81444779874214], [140.1127, 35.814]], [[140.11740538172717, 35.799084313725515], [140.1179, 35.7999], [140.1177, 35.8037], [140.11740538172717, 35.799084313725515]], [[140.11034149081942, 35.78909975335709], [140.1122, 35.7905], [140.11709399260621, 35.79857079482429], [140.11034149081942, 35.78909975335709]], [[140.3842, 35.7317], [140.3853, 35.7272], [140.38586693306692, 35.72679180819182], [140.3842, 35.7317]], [[140.3868579710145, 35.726078260869556], [140.3878, 35.7254], [140.38896170212763, 35.72528936170213], [140.3868579710145, 35.726078260869556]], [[140.39095, 35.7251], [140.392, 35.725], [140.39267007575756, 35.725462121212125], [140.39095, 35.7251]], [[140.3940343283582, 35.72640298507462], [140.3949, 35.727], [140.39493000000002, 35.72909000000004], [140.3940343283582, 35.72640298507462]], [[140.39155023584905, 35.764193396226425], [140.39215885992044, 35.76700243040207], [140.3915, 35.7656], [140.39155023584905, 35.764193396226425]], [[140.398738347007, 35.78052473412337], [140.3985, 35.7805], [140.39465770171154, 35.77232139364312], [140.3961, 35.7744], [140.398738347007, 35.78052473412337]], [[140.4097128795142, 35.78119945669544], [140.4091, 35.7816], [140.40812580645164, 35.78149890444309], [140.4097128795142, 35.78119945669544]], [[140.424, 35.7727], [140.42574927395933, 35.772753823814135], [140.423417104177, 35.773076357932965], [140.424, 35.7727]], [[140.437, 35.7731], [140.4374763759526, 35.77348192209992], [140.4356878251821, 35.77305962539022], [140.437, 35.7731]], [[140.0464, 35.9252], [140.03761067193676, 35.92527918313571], [140.0391, 35.9247], [140.0464, 35.9252]], [[140.202, 35.8657], [140.1957, 35.8681], [140.2138, 35.8591], [140.202, 35.8657]], [[140.2065, 35.8584], [140.2172, 35.8594], [140.2138, 35.8591], [140.2065, 35.8584]], [[140.2373, 35.894], [140.2222, 35.8886], [140.23867235594454, 35.894154631655724], [140.2373, 35.894]], [[140.00380345356868, 35.863031619339985], [140.0041, 35.8622], [140.0053929060937, 35.86186860529728], [140.00380345356868, 35.863031619339985]], [[140.12176602052452, 35.96212787913339], [140.12167368421052, 35.96492105263158], [140.1216, 35.9626], [140.12176602052452, 35.96212787913339]], [[140.12196038394416, 35.97395209424086], [140.1252, 35.9783], [140.122, 35.9752], [140.12196038394416, 35.97395209424086]], [[140.1925, 35.9727], [140.1983, 35.9677], [140.2017365758755, 35.96630544747081], [140.1925, 35.9727]], [[140.2037214285714, 35.9655], [140.2052, 35.9649], [140.2114, 35.9655], [140.2037214285714, 35.9655]], [[140.15135942760944, 35.9403803030303], [140.14626536427414, 35.94093267134377], [140.1482, 35.9398], [140.15135942760944, 35.9403803030303]], [[140.1524409356725, 35.94057894736842], [140.1531, 35.9407], [140.1602877338877, 35.94667422037422], [140.1598, 35.9466], [140.1524409356725, 35.94057894736842]], [[140.1644, 35.9473], [140.16308571428573, 35.9471], [140.16466896551725, 35.9471], [140.1644, 35.9473]], [[140.17797153284673, 35.93266934306569], [140.1723, 35.9351], [140.1774, 35.9325], [140.17797153284673, 35.93266934306569]], [[140.2058, 35.9527], [140.20416375, 35.9525796875], [140.2138, 35.9498], [140.2058, 35.9527]], [[140.0484548387097, 36.009461290322534], [140.0507, 36.0205], [140.05043485714285, 36.02086114285715], [140.0481, 36.0123], [140.0484548387097, 36.009461290322534]], [[140.04856666666666, 36.008566666666674], [140.0486, 36.0083], [140.04996764705885, 36.00786617647057], [140.04856666666666, 36.008566666666674]], [[140.1424583359014, 36.0392332511556], [140.1425, 36.0379], [140.1527, 36.0221], [140.1424583359014, 36.0392332511556]], [[140.1369, 36.1303], [140.1437, 36.1407], [140.14346626968882, 36.1412750507656], [140.1369, 36.1303]], [[140.1233, 36.1295], [140.1233, 36.128540909090916], [140.1252, 36.1307], [140.1233, 36.1295]], [[140.1233, 36.1274], [140.1341, 36.1128], [140.1233, 36.12778378378377], [140.1233, 36.1274]], [[140.1424, 36.0411], [140.14241570093458, 36.040597570093475], [140.14297128463474, 36.04139622166246], [140.1424, 36.0411]], [[140.2078, 36.1587], [140.2043, 36.1615], [140.20810515021458, 36.157089484978535], [140.2078, 36.1587]], [[140.21100273227668, 36.12695701969626], [140.2062, 36.1349], [140.2102, 36.1271], [140.21100273227668, 36.12695701969626]], [[140.26705498857578, 36.08522153465346], [140.2684, 36.0885], [140.2669, 36.086], [140.26705498857578, 36.08522153465346]]], [[[139.4825, 35.3028], [139.4883, 35.2989], [139.4836, 35.2967], [139.4742, 35.2986], [139.4825, 35.3028]]], [[[139.6166, 35.1324], [139.6116, 35.1323], [139.6085, 35.1343], [139.6104, 35.1369], [139.6162, 35.137], [139.6263, 35.1349], [139.6274, 35.134], [139.6259, 35.1318], [139.6293, 35.1293], [139.6279, 35.1284], [139.6213, 35.1322], [139.6178, 35.1309], [139.6166, 35.1324]]], [[[139.6936, 35.2847], [139.693, 35.2863], [139.6954, 35.2873], [139.6954, 35.2863], [139.6936, 35.2847]]], [[[139.6517, 35.3079], [139.6567, 35.3019], [139.6526, 35.2993], [139.6527, 35.2967], [139.6483, 35.2945], [139.6443, 35.3003], [139.6517, 35.3079]]], [[[139.7422, 35.3108], [139.7403, 35.3114], [139.74, 35.3119], [139.7439, 35.3122], [139.7422, 35.3108]]], [[[139.6333, 35.3237], [139.6299, 35.3288], [139.6337, 35.3307], [139.6375, 35.3273], [139.6333, 35.3237]]], [[[139.6475, 35.3388], [139.6492, 35.3347], [139.6472, 35.3336], [139.6432, 35.3338], [139.641, 35.3371], [139.6475, 35.3388]]], [[[139.6761, 35.4571], [139.673, 35.4601], [139.6732, 35.4648], [139.6792, 35.469], [139.6917, 35.4719], [139.6955, 35.4672], [139.6945, 35.4639], [139.6854, 35.4587], [139.6886, 35.4575], [139.6983, 35.4614], [139.7016, 35.4561], [139.6959, 35.4494], [139.6789, 35.4575], [139.6761, 35.4571]]], [[[139.76, 35.4919], [139.76, 35.4944], [139.7583, 35.495], [139.7564, 35.4933], [139.7575, 35.49], [139.7542, 35.4881], [139.7492, 35.4872], [139.7464, 35.4886], [139.7444, 35.4869], [139.7425, 35.4886], [139.7373, 35.4887], [139.7363, 35.4864], [139.7419, 35.4791], [139.7392, 35.4748], [139.7327, 35.4736], [139.7134, 35.4643], [139.7069, 35.4726], [139.7004, 35.4774], [139.7039, 35.4817], [139.7185, 35.4891], [139.7334, 35.4947], [139.7372, 35.4942], [139.7578, 35.505], [139.76, 35.5042], [139.7636, 35.5064], [139.7672, 35.5064], [139.7772, 35.5047], [139.7767, 35.5028], [139.7789, 35.4994], [139.7767, 35.4975], [139.7744, 35.4981], [139.7669, 35.495], [139.7628, 35.4914], [139.76, 35.4919]]], [[[139.7658, 35.5646], [139.7573, 35.5696], [139.7567, 35.5735], [139.7579, 35.5746], [139.7702, 35.5751], [139.7736, 35.5742], [139.7658, 35.5646]]], [[[139.7524, 35.62], [139.7535, 35.6317], [139.7569, 35.6341], [139.7592, 35.6322], [139.759, 35.6189], [139.7532, 35.6189], [139.7524, 35.62]]], [[[139.7656, 35.6272], [139.7661, 35.6289], [139.7678, 35.6297], [139.7667, 35.6275], [139.7656, 35.6272]]], [[[139.7672, 35.6339], [139.7669, 35.6328], [139.7653, 35.6328], [139.7653, 35.6344], [139.7672, 35.6339]]], [[[139.8147, 35.1083], [139.813, 35.1094], [139.8136, 35.1111], [139.816, 35.1103], [139.8147, 35.1083]]], [[[139.7694, 35.3139], [139.7672, 35.3144], [139.7673, 35.3157], [139.7709, 35.3147], [139.7694, 35.3139]]], [[[139.9117, 35.3842], [139.9114, 35.3847], [139.9097, 35.3858], [139.9117, 35.3858], [139.9117, 35.3842]]], [[[139.7888, 35.5134], [139.7839, 35.5136], [139.7829, 35.5115], [139.7802, 35.513], [139.7755, 35.5092], [139.7717, 35.5122], [139.7733, 35.5147], [139.7708, 35.5125], [139.7692, 35.5134], [139.7661, 35.5188], [139.7682, 35.5231], [139.765, 35.522], [139.7607, 35.5305], [139.7683, 35.5368], [139.7877, 35.5246], [139.7886, 35.5226], [139.7889, 35.5206], [139.7923, 35.5196], [139.7921, 35.5183], [139.7887, 35.5194], [139.7834, 35.5159], [139.7861, 35.5145], [139.7896, 35.5165], [139.7888, 35.5134]]], [[[139.8046, 35.5861], [139.8086, 35.5914], [139.8111, 35.5895], [139.8105, 35.5882], [139.8046, 35.5861]]], [[[139.7863, 35.5803], [139.7831, 35.5776], [139.7741, 35.5764], [139.7643, 35.5781], [139.7627, 35.5767], [139.7553, 35.5767], [139.7537, 35.578], [139.7498, 35.5864], [139.7483, 35.5971], [139.7489, 35.6014], [139.7513, 35.6046], [139.7526, 35.6173], [139.7574, 35.6175], [139.7595, 35.6174], [139.7625, 35.6142], [139.7643, 35.6082], [139.7757, 35.593], [139.7766, 35.5908], [139.7749, 35.5871], [139.7813, 35.5858], [139.7863, 35.5803]]], [[[139.8203, 35.6072], [139.8264, 35.5967], [139.8189, 35.5928], [139.813, 35.5897], [139.8053, 35.5997], [139.8203, 35.6072]]], [[[139.795, 35.5972], [139.7928, 35.5989], [139.7936, 35.6011], [139.8019, 35.6092], [139.8097, 35.6131], [139.8169, 35.6097], [139.8019, 35.5994], [139.7958, 35.5961], [139.795, 35.5972]]], [[[139.7701, 35.6191], [139.7671, 35.6227], [139.7675, 35.6261], [139.777, 35.6314], [139.775, 35.6353], [139.7761, 35.6361], [139.7817, 35.6306], [139.7833, 35.6289], [139.7793, 35.6263], [139.7796, 35.6244], [139.7928, 35.61], [139.7869, 35.6017], [139.7747, 35.6156], [139.7736, 35.6197], [139.7701, 35.6191]]], [[[139.8273, 35.6311], [139.8388, 35.6316], [139.8401, 35.6282], [139.8388, 35.6161], [139.8354, 35.6121], [139.8304, 35.618], [139.8319, 35.6202], [139.8277, 35.6206], [139.8251, 35.6298], [139.8273, 35.6311]]], [[[139.7697, 35.6325], [139.7703, 35.6319], [139.7681, 35.6297], [139.7681, 35.6314], [139.7697, 35.6325]]], [[[139.7709, 35.6329], [139.7712, 35.6345], [139.7734, 35.6341], [139.7721, 35.6324], [139.7709, 35.6329]]], [[[139.8089, 35.6378], [139.812, 35.6394], [139.8136, 35.6386], [139.8103, 35.6374], [139.8103, 35.6292], [139.8089, 35.6378]]], [[[139.8173, 35.6484], [139.8202, 35.6486], [139.8217, 35.6435], [139.8205, 35.642], [139.8082, 35.6407], [139.808, 35.6467], [139.8056, 35.6515], [139.8069, 35.6531], [139.8162, 35.6539], [139.8173, 35.6484]]], [[[139.7699, 35.6543], [139.7687, 35.6565], [139.7698, 35.6579], [139.7792, 35.6642], [139.7844, 35.6711], [139.7866, 35.6702], [139.7872, 35.6625], [139.7887, 35.6558], [139.773, 35.6456], [139.7694, 35.6494], [139.7729, 35.653], [139.7681, 35.6501], [139.7668, 35.6509], [139.7673, 35.6552], [139.7699, 35.6543]]], [[[139.7894, 35.6636], [139.7917, 35.6644], [139.7922, 35.6633], [139.7897, 35.6614], [139.7894, 35.6636]]], [[[139.9628, 35.6714], [139.9589, 35.6742], [139.96, 35.6783], [139.9622, 35.6803], [139.9736, 35.6806], [139.9775, 35.6792], [139.9778, 35.6761], [139.9722, 35.6769], [139.9714, 35.6761], [139.9735, 35.6741], [139.9778, 35.6742], [139.9794, 35.6694], [139.9628, 35.6714]]], [[[139.9309, 35.6977], [139.9311, 35.6975], [139.931, 35.6974], [139.9309, 35.6977]]]]}}, {"type": "Feature", "properties": {"metro_id": "JPM02", "metro_name": "Osaka-Kyoto (Keihanshin MMA)", "n_members": 135, "n_missing": 0, "n_prefs": 7, "prefs": "Hyōgo、Kyoto、Mie、Nara、Osaka、Shiga、Wakayama"}, "geometry": {"type": "MultiPolygon", "coordinates": [[[[135.0125, 34.2794], [135.0124, 34.2766], [135.005, 34.2767], [134.9988, 34.2801], [135.0039, 34.2853], [135.0092, 34.2831], [135.0122, 34.2839], [135.02, 34.2933], [135.0281, 34.2933], [135.0264, 34.2906], [135.0247, 34.2919], [135.0206, 34.2906], [135.0206, 34.2861], [135.0181, 34.2844], [135.0164, 34.28], [135.0125, 34.2794]]], [[[135.0478, 34.2977], [135.049, 34.2991], [135.0534, 34.2988], [135.0608, 34.2974], [135.0554, 34.2968], [135.0512, 34.2937], [135.0441, 34.2917], [135.0345, 34.2946], [135.0371, 34.2989], [135.0478, 34.2977]]], [[[134.8244, 34.4667], [134.8283, 34.4697], [134.8336, 34.4662], [134.8392, 34.4687], [134.8493, 34.4805], [134.859, 34.4964], [134.859, 34.4989], [134.8628, 34.5019], [134.869, 34.5128], [134.8781, 34.5208], [134.8783, 34.5239], [134.8828, 34.5253], [134.8875, 34.5319], [134.8895, 34.5297], [134.8945, 34.5306], [134.8982, 34.5295], [134.9053, 34.5331], [134.9067, 34.5353], [134.9135, 34.5363], [134.9218, 34.5459], [134.9305, 34.5497], [134.9314, 34.5495], [134.9295, 34.5475], [134.9314, 34.5473], [134.9356, 34.5499], [134.9603, 34.5767], [134.9658, 34.5866], [134.9753, 34.5974], [134.9913, 34.6069], [135.0029, 34.6091], [135.0108, 34.6022], [135.0103, 34.6004], [135.0139, 34.5946], [135.0193, 34.5898], [135.0216, 34.5904], [135.0232, 34.5885], [135.0228, 34.5824], [135.0249, 34.5803], [135.0239, 34.5781], [135.0257, 34.5756], [135.0165, 34.5629], [135.0021, 34.5507], [134.9996, 34.5513], [134.9989, 34.5503], [135.0011, 34.5482], [134.9944, 34.5442], [134.9931, 34.5286], [134.9942, 34.525], [134.9897, 34.5158], [134.9864, 34.5117], [134.9825, 34.5097], [134.9793, 34.5029], [134.9739, 34.4977], [134.9603, 34.4902], [134.9523, 34.4814], [134.9433, 34.4657], [134.9346, 34.4587], [134.9361, 34.4536], [134.9317, 34.4578], [134.925, 34.4532], [134.9222, 34.4482], [134.915, 34.4436], [134.9178, 34.4394], [134.92, 34.4389], [134.9167, 34.4347], [134.9114, 34.4367], [134.9061, 34.4319], [134.9119, 34.4303], [134.9011, 34.4181], [134.8997, 34.4147], [134.9008, 34.4128], [134.8972, 34.4147], [134.8964, 34.4139], [134.8988, 34.4084], [134.895, 34.3979], [134.8887, 34.3945], [134.8802, 34.3937], [134.876, 34.3955], [134.8686, 34.4026], [134.8629, 34.404], [134.8531, 34.3991], [134.8488, 34.3991], [134.8448, 34.4022], [134.8369, 34.4162], [134.8297, 34.4201], [134.8123, 34.4251], [134.7956, 34.4337], [134.7873, 34.4255], [134.7911, 34.4317], [134.7979, 34.4497], [134.8028, 34.45], [134.8103, 34.46], [134.8156, 34.4622], [134.8183, 34.4692], [134.8244, 34.4667]]], [[[134.4621, 34.5945], [134.4614, 34.5942], [134.4617, 34.5962], [134.4629, 34.5954], [134.4621, 34.5945]]], [[[134.4787, 34.5928], [134.4759, 34.5938], [134.4796, 34.5993], [134.485, 34.6001], [134.4847, 34.5971], [134.4829, 34.594], [134.4787, 34.5928]]], [[[134.4664, 34.6031], [134.4675, 34.6036], [134.4678, 34.6022], [134.4664, 34.6022], [134.4664, 34.6031]]], [[[134.4706, 34.6097], [134.4719, 34.6133], [134.4731, 34.6117], [134.4744, 34.6106], [134.4717, 34.6078], [134.4706, 34.6097]]], [[[134.5005, 34.6303], [134.4978, 34.6289], [134.4967, 34.6308], [134.4961, 34.6331], [134.5005, 34.6375], [134.5005, 34.6303]]], [[[134.481, 34.6389], [134.4805, 34.64], [134.4819, 34.641], [134.4824, 34.6405], [134.481, 34.6389]]], [[[134.584, 34.6446], [134.5858, 34.6442], [134.5886, 34.6383], [134.5875, 34.6369], [134.5857, 34.6386], [134.583, 34.6437], [134.584, 34.6446]]], [[[134.5338, 34.6462], [134.5349, 34.6427], [134.5325, 34.6427], [134.5303, 34.6419], [134.5291, 34.6436], [134.5338, 34.6462]]], [[[134.5176, 34.6417], [134.5192, 34.6411], [134.5147, 34.6372], [134.5011, 34.6434], [134.5036, 34.6515], [134.5108, 34.6532], [134.5135, 34.6587], [134.5157, 34.6593], [134.5181, 34.6558], [134.5192, 34.654], [134.5181, 34.6504], [134.516, 34.6485], [134.5138, 34.649], [134.513, 34.6469], [134.518, 34.6441], [134.5176, 34.6417]]], [[[134.4392, 34.6495], [134.4369, 34.6494], [134.4353, 34.6465], [134.4332, 34.6484], [134.4346, 34.6523], [134.441, 34.654], [134.4416, 34.65], [134.4392, 34.6495]]], [[[134.5272, 34.6564], [134.5294, 34.6556], [134.5281, 34.6544], [134.5264, 34.655], [134.5272, 34.6564]]], [[[134.4967, 34.6431], [134.4933, 34.645], [134.4897, 34.6417], [134.4845, 34.6406], [134.4836, 34.6414], [134.4901, 34.6474], [134.4877, 34.6485], [134.483, 34.6463], [134.4812, 34.6496], [134.467, 34.6406], [134.4581, 34.6456], [134.4617, 34.6475], [134.4605, 34.6504], [134.4616, 34.6537], [134.4601, 34.6562], [134.4611, 34.6594], [134.4636, 34.6583], [134.4637, 34.6641], [134.4697, 34.6675], [134.4708, 34.6661], [134.4687, 34.6636], [134.47, 34.6608], [134.4731, 34.6614], [134.4751, 34.659], [134.476, 34.6623], [134.4784, 34.6638], [134.483, 34.6599], [134.4868, 34.6627], [134.4849, 34.6676], [134.4856, 34.671], [134.492, 34.6703], [134.4961, 34.6674], [134.4906, 34.6589], [134.4954, 34.6589], [134.4947, 34.6536], [134.4986, 34.6519], [134.5005, 34.6467], [134.4997, 34.6433], [134.4967, 34.6431]]], [[[134.5847, 34.6547], [134.5802, 34.656], [134.5767, 34.6512], [134.5739, 34.6507], [134.5628, 34.6622], [134.5621, 34.6681], [134.564, 34.6712], [134.5696, 34.6727], [134.5706, 34.677], [134.5785, 34.6752], [134.5803, 34.6714], [134.5828, 34.6714], [134.5833, 34.6694], [134.5852, 34.6713], [134.5901, 34.6688], [134.5912, 34.6624], [134.5857, 34.6577], [134.5847, 34.6547]]], [[[134.5459, 34.6621], [134.5418, 34.658], [134.5365, 34.6583], [134.5345, 34.6612], [134.5142, 34.6705], [134.5137, 34.674], [134.5078, 34.6772], [134.5165, 34.6813], [134.5231, 34.6817], [134.5292, 34.6855], [134.532, 34.6836], [134.5337, 34.6857], [134.5368, 34.6858], [134.5378, 34.6831], [134.5356, 34.6817], [134.5347, 34.68], [134.5297, 34.6789], [134.5463, 34.6795], [134.5454, 34.6715], [134.5434, 34.6695], [134.5452, 34.6682], [134.5459, 34.6621]]], [[[134.6101, 34.6755], [134.6065, 34.6771], [134.6074, 34.6792], [134.6111, 34.6779], [134.6101, 34.6755]]], [[[135.0812, 34.6306], [135.0764, 34.631], [135.0704, 34.6272], [135.0608, 34.6253], [135.0586, 34.6269], [135.0571, 34.6242], [135.0564, 34.6269], [135.042, 34.6278], [135.0357, 34.6299], [135.0321, 34.6279], [135.0328, 34.6321], [135.0281, 34.6375], [135.0177, 34.6434], [135.0045, 34.6438], [135.0009, 34.6419], [134.9876, 34.6414], [134.9753, 34.6436], [134.9722, 34.6425], [134.9721, 34.6441], [134.9653, 34.6458], [134.9616, 34.6499], [134.9264, 34.6728], [134.9137, 34.6756], [134.9088, 34.6743], [134.9036, 34.6814], [134.8914, 34.6919], [134.8854, 34.6925], [134.8772, 34.6845], [134.8571, 34.6919], [134.8626, 34.6978], [134.8691, 34.6974], [134.8642, 34.7011], [134.8656, 34.7031], [134.8712, 34.7011], [134.8685, 34.7038], [134.8651, 34.7082], [134.8603, 34.7106], [134.8595, 34.7094], [134.8625, 34.7072], [134.8619, 34.7055], [134.8539, 34.6942], [134.8401, 34.6966], [134.8457, 34.7077], [134.8532, 34.7071], [134.8483, 34.71], [134.8475, 34.7125], [134.8497, 34.7131], [134.8556, 34.7106], [134.8579, 34.7115], [134.8515, 34.7152], [134.8472, 34.7151], [134.8454, 34.7191], [134.8423, 34.7176], [134.8427, 34.7224], [134.8419, 34.7161], [134.8383, 34.7083], [134.8363, 34.707], [134.8295, 34.7089], [134.8261, 34.7063], [134.8098, 34.7171], [134.8089, 34.7211], [134.8113, 34.7267], [134.8119, 34.7387], [134.8109, 34.7462], [134.8081, 34.7589], [134.8051, 34.7599], [134.805, 34.7558], [134.8074, 34.7498], [134.807, 34.7441], [134.8046, 34.7376], [134.7979, 34.7327], [134.7876, 34.7402], [134.791, 34.7443], [134.7898, 34.7464], [134.7855, 34.7409], [134.7683, 34.7506], [134.775, 34.7594], [134.7794, 34.7603], [134.7833, 34.7644], [134.7736, 34.7606], [134.7661, 34.7508], [134.7625, 34.7486], [134.7575, 34.7522], [134.7606, 34.7581], [134.7655, 34.76], [134.7578, 34.7639], [134.7456, 34.7689], [134.7419, 34.7673], [134.735, 34.7687], [134.7331, 34.7656], [134.73, 34.7699], [134.7144, 34.7757], [134.7079, 34.7768], [134.7042, 34.7742], [134.7022, 34.7767], [134.7008, 34.7664], [134.6983, 34.7603], [134.6905, 34.7598], [134.6892, 34.7611], [134.6915, 34.7692], [134.688, 34.7721], [134.6882, 34.777], [134.6858, 34.7769], [134.6828, 34.7714], [134.6769, 34.7725], [134.6761, 34.7744], [134.6781, 34.7781], [134.6883, 34.7869], [134.6864, 34.7883], [134.6786, 34.7825], [134.6611, 34.7636], [134.6581, 34.765], [134.6608, 34.7719], [134.6597, 34.7744], [134.6618, 34.7768], [134.667, 34.778], [134.6684, 34.7806], [134.6656, 34.7833], [134.6612, 34.7829], [134.6537, 34.771], [134.6503, 34.7703], [134.6496, 34.7748], [134.655, 34.7822], [134.6496, 34.7801], [134.6469, 34.7896], [134.6457, 34.7885], [134.6464, 34.7706], [134.645, 34.7666], [134.6329, 34.768], [134.6322, 34.7775], [134.6351, 34.7804], [134.6418, 34.7801], [134.6422, 34.7829], [134.6248, 34.7835], [134.6229, 34.7826], [134.6228, 34.7806], [134.628, 34.7789], [134.6287, 34.7741], [134.6245, 34.7716], [134.6242, 34.7689], [134.6228, 34.7711], [134.6207, 34.7712], [134.6116, 34.7682], [134.6089, 34.7738], [134.6103, 34.7764], [134.6092, 34.7775], [134.6056, 34.7758], [134.6047, 34.7736], [134.5986, 34.775], [134.594, 34.7716], [134.5946, 34.7706], [134.6017, 34.7716], [134.6033, 34.7666], [134.6053, 34.7657], [134.595, 34.7636], [134.5925, 34.7708], [134.5879, 34.77], [134.5856, 34.7681], [134.5859, 34.7616], [134.5728, 34.7578], [134.5731, 34.7597], [134.5758, 34.7614], [134.5753, 34.7639], [134.5736, 34.7645], [134.5714, 34.7656], [134.5716, 34.773], [134.5686, 34.7741], [134.5669, 34.7653], [134.5656, 34.7611], [134.5642, 34.7608], [134.5583, 34.7639], [134.5586, 34.77], [134.5488, 34.7729], [134.5411, 34.7705], [134.5379, 34.7743], [134.5327, 34.776], [134.5276, 34.7827], [134.5188, 34.7722], [134.5101, 34.7673], [134.5086, 34.7637], [134.5042, 34.7611], [134.5017, 34.7625], [134.5033, 34.7636], [134.5011, 34.7686], [134.5025, 34.7733], [134.5011, 34.7746], [134.4989, 34.7727], [134.494, 34.7709], [134.4916, 34.7663], [134.4864, 34.769], [134.4827, 34.7666], [134.481, 34.76], [134.475, 34.7553], [134.4697, 34.7678], [134.4697, 34.7728], [134.4716, 34.7764], [134.4695, 34.7784], [134.4695, 34.7836], [134.4704, 34.7851], [134.4758, 34.7847], [134.4767, 34.7858], [134.4681, 34.7917], [134.4695, 34.7989], [134.4642, 34.8042], [134.4631, 34.8036], [134.4678, 34.7981], [134.4661, 34.7935], [134.4671, 34.7916], [134.465, 34.7857], [134.4619, 34.7874], [134.4592, 34.7847], [134.4597, 34.7803], [134.4578, 34.7792], [134.458, 34.7771], [134.4511, 34.7858], [134.4373, 34.7881], [134.4274, 34.8003], [134.4146, 34.8254], [134.4106, 34.8406], [134.4051, 34.849], [134.4145, 34.8543], [134.4225, 34.8633], [134.444, 34.8927], [134.45, 34.8983], [134.4548, 34.9066], [134.4516, 34.9258], [134.4481, 34.9323], [134.4367, 34.9431], [134.4424, 34.9489], [134.4504, 34.961], [134.4677, 34.9651], [134.4722, 34.9682], [134.4903, 34.9954], [134.4974, 35.0031], [134.5013, 35.0031], [134.5092, 35.0008], [134.521, 34.9834], [134.5515, 34.9612], [134.5563, 34.9592], [134.5671329416884, 34.95032053959965], [134.5666, 34.9513], [134.574, 34.9601], [134.5768, 34.9667], [134.58, 34.996], [134.594, 35.0187], [134.6001, 35.0481], [134.6079, 35.0611], [134.6153, 35.0697], [134.6304, 35.0808], [134.6569, 35.0862], [134.677, 35.0818], [134.6814, 35.0784], [134.6893, 35.0675], [134.7187, 35.0393], [134.7034053621825, 35.01016274694265], [134.7073, 35.017], [134.7278, 34.9958], [134.7397, 34.9783], [134.7507, 34.9687], [134.7625, 34.966], [134.8141, 34.9629], [134.8259, 34.971], [134.8375, 34.9831], [134.8518, 35.0037], [134.8621, 34.9879], [134.8815, 34.9759], [134.9007, 34.9552], [134.9102, 34.9511], [134.9251, 34.9514], [134.9546, 34.9553], [134.9783, 34.9479], [134.9858, 34.9479], [134.9925, 34.9551], [135.0009, 34.9608], [135.0403, 34.9674], [135.0454, 34.9724], [135.0556, 34.9896], [135.0671, 35.0011], [135.083, 35.0148], [135.087, 35.0206], [135.0971, 35.0467], [135.1258, 35.0432], [135.1305, 35.046], [135.1304, 35.0517], [135.1227, 35.0732], [135.1081, 35.0983], [135.1087, 35.1015], [135.1208, 35.1191], [135.128, 35.1222], [135.1483, 35.1212], [135.162, 35.1177], [135.1809, 35.1154], [135.1884, 35.1166], [135.2108, 35.1248], [135.2185, 35.13], [135.2227, 35.135], [135.22, 35.1525], [135.2398, 35.1736], [135.2588, 35.1739], [135.2919, 35.1693], [135.2935, 35.156], [135.2929, 35.161], [135.2947, 35.1655], [135.2932, 35.1697], [135.2868, 35.1745], [135.2861, 35.1902], [135.2899, 35.1967], [135.2979, 35.201], [135.3, 35.2058], [135.2996, 35.2221], [135.2933, 35.2299], [135.2928, 35.2334], [135.3054, 35.2396], [135.321, 35.251], [135.3223, 35.2545], [135.3202, 35.27], [135.3435, 35.2784], [135.3604, 35.29], [135.3716, 35.2956], [135.4188, 35.3353], [135.4322, 35.3439], [135.4485, 35.3465], [135.4656, 35.3443], [135.4995, 35.3447], [135.5105, 35.3642], [135.5359, 35.3756], [135.5372, 35.3742], [135.5824, 35.3716], [135.5926, 35.3651], [135.6032, 35.3679], [135.6141, 35.3644], [135.625, 35.3664], [135.6397, 35.3605], [135.6511, 35.3592], [135.6714, 35.3535], [135.68, 35.3465], [135.7015, 35.3418], [135.7123, 35.3442], [135.7203, 35.3515], [135.7411, 35.349], [135.7493, 35.3543], [135.75, 35.3547], [135.771, 35.3526], [135.7936, 35.3833], [135.8038, 35.3818], [135.8125, 35.3875], [135.8128, 35.3985], [135.8153, 35.4084], [135.8272, 35.4114], [135.8384, 35.4086], [135.8486, 35.4082], [135.8574, 35.3972], [135.8663, 35.3916], [135.8768, 35.394], [135.895, 35.4032], [135.896, 35.4166], [135.904, 35.4232], [135.9141, 35.4271], [135.919, 35.4589], [135.925, 35.4822], [135.9326, 35.489], [135.9409, 35.5097], [135.9479, 35.518], [135.9493, 35.5159], [135.9618, 35.5012], [135.9872, 35.486], [136.0104, 35.4902], [136.0186, 35.5075], [136.0334, 35.5264], [136.0544, 35.5308], [136.0739, 35.5236], [136.08, 35.5319], [136.0897, 35.5361], [136.1065, 35.5282], [136.1055, 35.4966], [136.1001, 35.466], [136.1015, 35.4595], [136.1066, 35.4534], [136.1004, 35.4468], [136.0982, 35.4465], [136.0915, 35.4489], [136.0825, 35.4626], [136.0796, 35.4623], [136.0724, 35.457], [136.0666, 35.4456], [136.0454, 35.4326], [136.0454, 35.4288], [136.0491, 35.4225], [136.0491, 35.4085], [136.0483, 35.4066], [136.0415, 35.4035], [136.0401, 35.3992], [136.0412, 35.3857], [136.0588, 35.3622], [136.0715, 35.351], [136.0746, 35.3337], [136.0763, 35.3307], [136.0832, 35.3259], [136.083, 35.3181], [136.0804, 35.316], [136.0612, 35.3105], [136.0478, 35.3003], [136.0358, 35.2996], [136.026, 35.2945], [136.0237, 35.292], [136.0235, 35.2774], [136.0219, 35.2742], [135.9896, 35.2582], [135.968, 35.2428], [135.9646, 35.2241], [135.9571, 35.2181], [135.9501, 35.2154], [135.9425, 35.21], [135.934, 35.199], [135.922, 35.1931], [135.9217, 35.1722], [135.9362, 35.1551], [135.9371, 35.1518], [135.9298, 35.1395], [135.928, 35.1046], [135.9248, 35.1013], [135.9138, 35.1], [135.9084, 35.0973], [135.9039, 35.0864], [135.8724, 35.0365], [135.8721, 35.0333], [135.8751, 35.0238], [135.8678, 35.0165], [135.8676, 35.0123], [135.87, 35.008], [135.8925, 34.9905], [135.906, 34.9747], [135.9085, 34.975], [135.9124, 34.9788], [135.9131, 34.9905], [135.9171, 35.0155], [135.9148, 35.0242], [135.9115, 35.0295], [135.9115, 35.0336], [135.9226, 35.0369], [135.922, 35.0457], [135.9366, 35.0577], [135.9384, 35.0637], [135.9444, 35.0662], [135.9512, 35.0678], [135.9555, 35.0726], [135.9554, 35.0784], [135.951, 35.0876], [135.9507, 35.0997], [135.9479, 35.1081], [135.9485, 35.1128], [135.9563, 35.1228], [135.9665, 35.1147], [135.9818, 35.1161], [135.9847, 35.1368], [135.9896, 35.1398], [135.9939, 35.1401], [136.018, 35.1297], [136.0212, 35.1307], [136.0242, 35.1356], [136.0313, 35.1428], [136.0524, 35.138], [136.0628, 35.1381], [136.083, 35.1571], [136.0891, 35.1586], [136.0955, 35.1584], [136.1039, 35.1547], [136.1096, 35.155], [136.1119, 35.1529], [136.1237, 35.1414], [136.1287, 35.1325], [136.1386, 35.1207], [136.1626, 35.108], [136.1413, 35.1035], [136.1736, 35.1101], [136.1778, 35.1182], [136.185, 35.122], [136.1852, 35.124], [136.1324, 35.1706], [136.1118, 35.1698], [136.098, 35.1697], [136.0837, 35.1615], [136.0771, 35.1555], [136.0685, 35.1558], [136.064, 35.1578], [136.064, 35.1658], [136.076, 35.1845], [136.0799, 35.1866], [136.097, 35.1872], [136.0971, 35.1905], [136.0917, 35.1972], [136.0938, 35.202], [136.0971, 35.2023], [136.1025860557769, 35.19599103585657], [136.1014, 35.1985], [136.1134, 35.1986], [136.1151, 35.2006], [136.1178, 35.2131], [136.1233, 35.216], [136.1364, 35.2153], [136.1422, 35.2172], [136.1719, 35.236], [136.1944, 35.2462], [136.2319, 35.2667], [136.2539, 35.2869], [136.2608, 35.2972], [136.2837, 35.2946], [136.3025, 35.2985], [136.3133, 35.2898], [136.3185, 35.2824], [136.3209, 35.2817], [136.3252, 35.2832], [136.3293, 35.2907], [136.3364, 35.2913], [136.357, 35.2724], [136.3459, 35.2652], [136.3238, 35.2618], [136.3132, 35.2574], [136.301, 35.2432], [136.2825, 35.2375], [136.2788, 35.2266], [136.2604, 35.2249], [136.256, 35.2216], [136.2531, 35.2145], [136.2438, 35.2073], [136.2301, 35.2128], [136.2267, 35.2128], [136.2203, 35.2071], [136.2117, 35.1956], [136.1972, 35.1914], [136.1915, 35.1876], [136.1937, 35.1844], [136.1994, 35.1745], [136.2116, 35.1394], [136.2146, 35.1345], [136.2278, 35.1383], [136.2345, 35.1444], [136.2368, 35.1489], [136.2334, 35.1531], [136.2341, 35.1559], [136.2449, 35.1575], [136.264, 35.1547], [136.2772, 35.15], [136.2932, 35.1497], [136.3057, 35.152], [136.3142, 35.1511], [136.328, 35.1415], [136.3328, 35.1414], [136.3378, 35.1441], [136.3586, 35.1279], [136.3845, 35.1376], [136.3889, 35.1421], [136.3912, 35.1539], [136.3793, 35.1623], [136.3768, 35.166], [136.3767, 35.1769], [136.3783, 35.181], [136.3956, 35.1944], [136.4187, 35.186], [136.422, 35.1795], [136.4327, 35.178], [136.4399, 35.17], [136.4572, 35.1598], [136.4577, 35.1492], [136.4477, 35.1465], [136.446, 35.1359], [136.4387, 35.128], [136.4481, 35.1229], [136.4429, 35.1137], [136.4447, 35.1021], [136.4393, 35.0758], [136.4438, 35.0667], [136.4373, 35.0588], [136.4274, 35.0536], [136.4209, 35.0448], [136.4194, 35.0335], [136.4254, 35.0246], [136.421, 35.0149], [136.4213, 35.0121], [136.4229, 35.0], [136.4131, 34.9724], [136.3997, 34.9544], [136.379, 34.9414], [136.3748, 34.9312], [136.3743, 34.9206], [136.3684, 34.9028], [136.3598, 34.8974], [136.3236, 34.8865], [136.3162, 34.8778], [136.3073, 34.8718], [136.2969, 34.8683], [136.2788, 34.8691], [136.2715, 34.8619], [136.2614, 34.8578], [136.25, 34.8556], [136.24, 34.8571], [136.1988, 34.8689], [136.1889, 34.875], [136.1821, 34.8833], [136.172, 34.8839], [136.1498, 34.8797], [136.1406, 34.8849], [136.1304, 34.8826], [136.1187, 34.889], [136.114, 34.8986], [136.1007, 34.886], [136.0901, 34.8823], [136.0937, 34.8717], [136.1034, 34.8673], [136.1149, 34.8666], [136.125, 34.8696], [136.1291, 34.8591], [136.1135, 34.8523], [136.1098, 34.842], [136.1016, 34.8364], [136.0902, 34.8329], [136.0939, 34.822], [136.0935, 34.8114], [136.0851, 34.805], [136.066, 34.7975], [136.045, 34.7957], [136.0356, 34.7904], [136.0253, 34.7883], [136.0277, 34.7783], [136.0364, 34.7725], [136.0328, 34.7632], [136.0343, 34.7527], [136.0482, 34.7379], [136.0661, 34.7232], [136.0717, 34.7142], [136.0671, 34.7051], [136.0694, 34.7025], [136.0681, 34.7014], [136.0539, 34.696], [136.0435, 34.6945], [136.0369, 34.6882], [136.0272, 34.6857], [136.0154, 34.6789], [136.0045, 34.6772], [135.987, 34.6876], [135.9838, 34.6881], [135.9717, 34.6796], [135.9554, 34.6743], [135.955, 34.6563], [135.9575, 34.6499], [135.9619, 34.6488], [135.9813, 34.6525], [135.9838, 34.6544], [135.9857, 34.6604], [135.9892, 34.6607], [135.9918, 34.6567], [135.9971, 34.6369], [135.9938, 34.6264], [135.9986, 34.6156], [136.0249, 34.6286], [136.0281, 34.6286], [136.0345, 34.6238], [136.0402, 34.622], [136.06522121661243, 34.61685729935238], [136.0723, 34.6255], [136.074, 34.6356], [136.0697, 34.6505], [136.0793, 34.6559], [136.0814, 34.6594], [136.0865, 34.6623], [136.0938, 34.6728], [136.1013, 34.6705], [136.1148, 34.6701], [136.12, 34.6715], [136.1287, 34.6786], [136.1313, 34.6777], [136.1338, 34.6691], [136.1373, 34.6658], [136.1528, 34.6628], [136.1575, 34.6494], [136.174, 34.6402], [136.1823, 34.6314], [136.1895, 34.6076], [136.1955, 34.5943], [136.1989, 34.5665], [136.1617, 34.559], [136.15313115991762, 34.555408647906646], [136.1577, 34.5564], [136.1716, 34.5361], [136.1733, 34.5259], [136.1795, 34.5165], [136.1743, 34.5142], [136.1646, 34.5139], [136.1526, 34.4997], [136.1417, 34.4905], [136.1181, 34.492], [136.099, 34.4754], [136.076, 34.4756], [136.0585, 34.48], [136.0457, 34.4778], [136.0443, 34.4763], [136.0465, 34.4717], [136.0457, 34.4669], [136.0394, 34.4617], [136.0163, 34.4513], [136.0089, 34.4416], [135.9927, 34.4432], [135.9697, 34.4383], [135.9776, 34.4392], [135.9778, 34.4291], [135.9761, 34.4233], [135.9717, 34.4195], [135.9639, 34.4165], [135.9583, 34.4083], [135.9444, 34.3961], [135.9421, 34.389], [135.9415, 34.3793], [135.9391, 34.3735], [135.9329, 34.3699], [135.9251, 34.3693], [135.9215, 34.3646], [135.9139, 34.3599], [135.8826, 34.3325], [135.88, 34.3337], [135.8777, 34.3395], [135.8693, 34.3429], [135.86864478935698, 34.344035698447904], [135.8672, 34.3393], [135.8606, 34.3333], [135.8567, 34.3312], [135.842, 34.3287], [135.8247, 34.3104], [135.8272, 34.2999], [135.82729862381402, 34.27869587998974], [135.832, 34.2771], [135.8471, 34.2678], [135.8351, 34.2604], [135.819, 34.2396], [135.8142, 34.2357], [135.8051, 34.2337], [135.7912, 34.2337], [135.7835, 34.2406], [135.7743, 34.2411], [135.7527, 34.2295], [135.7519, 34.2263], [135.7539, 34.2165], [135.749, 34.2066], [135.75, 34.1983], [135.7524, 34.1942], [135.7792, 34.1824], [135.8019, 34.1748], [135.8061, 34.1768], [135.8125, 34.1836], [135.8319, 34.182], [135.8535, 34.1899], [135.8621, 34.1906], [135.8637, 34.1867], [135.8606, 34.1787], [135.8638, 34.1748], [135.8808, 34.1744], [135.8931, 34.1782], [135.9051, 34.1687], [135.9111, 34.1568], [135.9079, 34.1421], [135.8918, 34.1448], [135.8804, 34.1487], [135.8511, 34.1406], [135.828, 34.1402], [135.8034, 34.1343], [135.7931, 34.1335], [135.7896, 34.1346], [135.7705, 34.1488], [135.7573, 34.1523], [135.7461, 34.1411], [135.7447, 34.133], [135.7351, 34.1246], [135.7297, 34.1132], [135.7207, 34.0999], [135.7054, 34.0828], [135.686, 34.0792], [135.6664, 34.0826], [135.6805, 34.0935], [135.6948, 34.1004], [135.7108, 34.1262], [135.7229, 34.1312], [135.7293, 34.1364], [135.731, 34.1396], [135.7327, 34.1537], [135.7311, 34.1589], [135.7198, 34.1626], [135.7014, 34.1756], [135.6995, 34.1796], [135.7022, 34.1925], [135.7126, 34.1991], [135.7154, 34.208], [135.7301, 34.2183], [135.7322, 34.2307], [135.7263, 34.2401], [135.7216, 34.2583], [135.7039, 34.2721], [135.6937, 34.2731], [135.6819, 34.2709], [135.6737, 34.2465], [135.669, 34.241], [135.6578, 34.2387], [135.642, 34.2461], [135.6188, 34.2326], [135.6144, 34.232], [135.6062, 34.2375], [135.5888, 34.2428], [135.5851, 34.2564], [135.5815, 34.2591], [135.5749, 34.2601], [135.5726, 34.2584], [135.5723, 34.247], [135.5688, 34.2428], [135.5607, 34.2406], [135.5552, 34.2362], [135.5406, 34.2366], [135.5283, 34.2344], [135.5247, 34.2318], [135.524, 34.2191], [135.5188, 34.2065], [135.5289, 34.1987], [135.5291, 34.1946], [135.5154, 34.1806], [135.5153, 34.1716], [135.5214, 34.1611], [135.5255, 34.1577], [135.5456, 34.1538], [135.5583, 34.1593], [135.5628, 34.1661], [135.5663, 34.1792], [135.5703, 34.1804], [135.5808, 34.168], [135.5793, 34.1559], [135.5919, 34.1522], [135.6069, 34.1502], [135.5903, 34.1398], [135.5833, 34.1193], [135.575, 34.1109], [135.5655, 34.1068], [135.5584, 34.0992], [135.5492, 34.0944], [135.5495, 34.0923], [135.5393, 34.0973], [135.5321, 34.1114], [135.5152, 34.1259], [135.5079, 34.1386], [135.4947, 34.1477], [135.4972, 34.1605], [135.5059, 34.1683], [135.5066, 34.1712], [135.4994, 34.1746], [135.4876, 34.1845], [135.4812, 34.1956], [135.4853, 34.2165], [135.4907, 34.2273], [135.4843, 34.2392], [135.4675, 34.2491], [135.4629, 34.2688], [135.4554, 34.278], [135.4556, 34.2894], [135.4688, 34.3058], [135.4698, 34.3095], [135.4629, 34.3233], [135.4552, 34.3277], [135.4526, 34.3314], [135.4514, 34.338], [135.4529, 34.3465], [135.466, 34.345], [135.4556, 34.3468], [135.4445, 34.3457], [135.4371, 34.3449], [135.4293, 34.3375], [135.4142, 34.339], [135.4028, 34.3466], [135.4147, 34.3386], [135.4118, 34.3389], [135.3962, 34.3283], [135.3862, 34.326], [135.3616, 34.3294], [135.3536, 34.3282], [135.3536, 34.319], [135.3489, 34.3104], [135.3527, 34.3045], [135.3493, 34.3026], [135.3404, 34.3034], [135.3372, 34.3003], [135.3358, 34.2959], [135.3357, 34.2744], [135.3407, 34.2613], [135.3366, 34.2476], [135.3254, 34.2419], [135.3171, 34.2324], [135.289, 34.2234], [135.2783, 34.2146], [135.2845, 34.1993], [135.2821, 34.1956], [135.2809, 34.1862], [135.284, 34.1789], [135.2815, 34.1756], [135.2673, 34.1717], [135.2362, 34.1767], [135.2061, 34.165], [135.1945, 34.1576], [135.1857, 34.148], [135.1846, 34.1494], [135.1868, 34.1555], [135.183, 34.1585], [135.1841, 34.1604], [135.1832, 34.1704], [135.1784, 34.1799], [135.1818, 34.1835], [135.18, 34.1872], [135.1822, 34.1964], [135.1776, 34.1873], [135.1725, 34.1866], [135.172, 34.1844], [135.1767, 34.1781], [135.1758, 34.1769], [135.1681, 34.1869], [135.1643, 34.1885], [135.1487, 34.1821], [135.1476, 34.1831], [135.1487, 34.1876], [135.1462, 34.189], [135.1433, 34.1867], [135.1401, 34.1881], [135.1395, 34.1904], [135.1412, 34.1913], [135.1318, 34.213], [135.1345, 34.2117], [135.1409, 34.1946], [135.1499, 34.1947], [135.1508, 34.1994], [135.1489, 34.2006], [135.1489, 34.2075], [135.1456, 34.2075], [135.1447, 34.2116], [135.1418, 34.213], [135.1443, 34.2154], [135.1446, 34.2181], [135.1488, 34.2195], [135.1591, 34.2275], [135.1464, 34.2219], [135.1442, 34.2192], [135.1419, 34.2186], [135.1403, 34.2208], [135.1417, 34.2228], [135.1548, 34.2261], [135.1626, 34.234], [135.1589, 34.2366], [135.1514, 34.2292], [135.1369, 34.2249], [135.1267, 34.2242], [135.1245, 34.2267], [135.1189, 34.2286], [135.1197, 34.2303], [135.1174, 34.2345], [135.1284, 34.2279], [135.1314, 34.2294], [135.1318, 34.2314], [135.1237, 34.2404], [135.1201, 34.2402], [135.1202, 34.2433], [135.1175, 34.2461], [135.1152, 34.2445], [135.1188, 34.2395], [135.1126, 34.2447], [135.0971, 34.2525], [135.0969, 34.2577], [135.0902, 34.2614], [135.073, 34.26], [135.0649, 34.2613], [135.061, 34.2643], [135.0668, 34.2745], [135.0735, 34.2762], [135.0739, 34.2829], [135.0721, 34.2853], [135.0677, 34.2851], [135.0715, 34.2876], [135.0688, 34.2897], [135.0681, 34.2934], [135.0741, 34.3053], [135.0807, 34.309], [135.0846, 34.3066], [135.0925, 34.3114], [135.0949, 34.3135], [135.0937, 34.3153], [135.0974, 34.3145], [135.102, 34.3198], [135.1087, 34.3218], [135.1216, 34.3224], [135.1246, 34.3256], [135.1315, 34.3251], [135.1332, 34.3229], [135.131, 34.3213], [135.1332, 34.3199], [135.1426, 34.319], [135.1489, 34.3233], [135.1536, 34.3313], [135.1638, 34.3315], [135.1683, 34.3354], [135.1758, 34.3376], [135.1843, 34.3359], [135.1913, 34.3373], [135.1932, 34.3383], [135.1951, 34.3367], [135.1964, 34.3388], [135.2028, 34.3418], [135.2159, 34.3439], [135.2229, 34.3471], [135.2427, 34.3678], [135.2467, 34.3756], [135.2521, 34.3773], [135.2556, 34.3805], [135.25568632218844, 34.37890303951364], [135.2557, 34.3809], [135.2639, 34.3804], [135.2599, 34.3752], [135.266, 34.3775], [135.2706, 34.381], [135.2749, 34.3883], [135.2654, 34.3816], [135.2728, 34.3902], [135.2764, 34.3907], [135.277, 34.3933], [135.2794, 34.3938], [135.2823, 34.3978], [135.289, 34.3971], [135.2867, 34.4004], [135.2935, 34.4079], [135.2937, 34.4138], [135.2641, 34.4366], [135.2511, 34.4292], [135.2414, 34.4369], [135.2547, 34.4453], [135.2597, 34.4439], [135.2628, 34.4408], [135.2659, 34.443], [135.2668, 34.4419], [135.2641, 34.4399], [135.2673, 34.4354], [135.2961, 34.4148], [135.3035, 34.4172], [135.3164, 34.4177], [135.3145, 34.4222], [135.3183, 34.419], [135.3205, 34.422], [135.3143, 34.4263], [135.3156, 34.4288], [135.3185, 34.4309], [135.3213, 34.4298], [135.3236, 34.4249], [135.3278, 34.4297], [135.3219, 34.432], [135.3214, 34.4332], [135.3244, 34.4365], [135.3313, 34.4327], [135.3346, 34.4353], [135.3358, 34.4408], [135.3382, 34.4423], [135.3369, 34.4453], [135.3436, 34.4494], [135.3479, 34.449], [135.3527, 34.4577], [135.3538, 34.451], [135.3578, 34.4589], [135.3613, 34.4601], [135.36225000000002, 34.459649999999996], [135.3597, 34.4619], [135.3578, 34.4606], [135.355, 34.4631], [135.3626, 34.4718], [135.3645, 34.4705], [135.3629, 34.4685], [135.3641, 34.4667], [135.3652, 34.4683], [135.3708, 34.4692], [135.37, 34.4712], [135.3667, 34.4714], [135.3676, 34.4724], [135.3643, 34.4774], [135.3657, 34.4805], [135.374, 34.4765], [135.3745, 34.4739], [135.3771, 34.475], [135.3753, 34.4802], [135.3766, 34.4862], [135.3708, 34.4907], [135.3722, 34.494], [135.3703, 34.4963], [135.3709, 34.5035], [135.3733, 34.5063], [135.3804, 34.5034], [135.3859, 34.4991], [135.3855, 34.5027], [135.3829, 34.5052], [135.3855, 34.5065], [135.3823, 34.5056], [135.3781, 34.5089], [135.3778, 34.5108], [135.3753, 34.5106], [135.3669, 34.5175], [135.3717, 34.5233], [135.3783, 34.5192], [135.3772, 34.5164], [135.3789, 34.5125], [135.3847, 34.5182], [135.386, 34.5176], [135.3827, 34.5114], [135.3843, 34.5104], [135.3874, 34.5142], [135.3887, 34.5139], [135.3896, 34.512], [135.3875, 34.5086], [135.3906, 34.5054], [135.3918, 34.5066], [135.3907, 34.5104], [135.3937, 34.5124], [135.3949, 34.5074], [135.3992, 34.5077], [135.3992, 34.5096], [135.4022, 34.5091], [135.3973, 34.5136], [135.4011, 34.5175], [135.3952, 34.5176], [135.3936, 34.5194], [135.3959, 34.5215], [135.3923, 34.5201], [135.391, 34.5219], [135.3932, 34.5241], [135.3905, 34.5227], [135.3886, 34.5239], [135.3956, 34.5327], [135.4015, 34.5284], [135.4034, 34.5251], [135.4012, 34.5194], [135.4037, 34.5167], [135.4028, 34.5133], [135.4056, 34.5156], [135.4047, 34.5111], [135.4099, 34.5132], [135.4071, 34.5168], [135.4095, 34.5235], [135.437, 34.512], [135.418, 34.5203], [135.4245, 34.5244], [135.432, 34.5319], [135.4396, 34.543], [135.4436, 34.5478], [135.4433, 34.5542], [135.4451, 34.5562], [135.4304, 34.5606], [135.4109, 34.5605], [135.4104, 34.5628], [135.4056, 34.5611], [135.4102, 34.5638], [135.4019, 34.5997], [135.4047, 34.5997], [135.4156, 34.5939], [135.4189, 34.5784], [135.4224, 34.5702], [135.4293, 34.5705], [135.4259, 34.587], [135.4271, 34.5892], [135.4331, 34.587], [135.4359, 34.5828], [135.4418, 34.5834], [135.4452, 34.5676], [135.4528, 34.565], [135.4494, 34.5695], [135.452, 34.5754], [135.4501, 34.583], [135.4599, 34.5837], [135.4496, 34.5872], [135.4522, 34.5896], [135.4621, 34.5878], [135.4612, 34.5943], [135.4603, 34.5902], [135.4492, 34.5911], [135.4446, 34.589], [135.443, 34.5902], [135.437, 34.5888], [135.4262, 34.5926], [135.424, 34.6047], [135.435, 34.6026], [135.4344, 34.6014], [135.4361, 34.6002], [135.4442, 34.5976], [135.453, 34.605], [135.463, 34.6019], [135.4722, 34.6025], [135.465, 34.608], [135.4439, 34.6106], [135.4177, 34.6106], [135.4158, 34.6124], [135.4032, 34.6117], [135.4002, 34.6207], [135.4057, 34.6194], [135.4185, 34.6198], [135.4183, 34.6258], [135.4103, 34.6258], [135.407, 34.6297], [135.4136, 34.6345], [135.4129, 34.6363], [135.4114, 34.6367], [135.405, 34.6308], [135.4033, 34.6317], [135.4003, 34.6303], [135.3981, 34.6325], [135.3983, 34.6386], [135.4108, 34.6433], [135.4338, 34.6442], [135.4399, 34.6408], [135.4417, 34.639], [135.4389, 34.6333], [135.4392, 34.6256], [135.443, 34.6181], [135.4469, 34.616], [135.4528, 34.6163], [135.4564, 34.6216], [135.463, 34.6237], [135.4618, 34.6245], [135.4722, 34.6257], [135.4768, 34.6308], [135.4797, 34.6381], [135.4809, 34.6541], [135.4766, 34.6342], [135.4691, 34.6276], [135.4593, 34.6257], [135.4573, 34.6281], [135.4592, 34.6444], [135.462, 34.6371], [135.4651, 34.6401], [135.4624, 34.6419], [135.4667, 34.6436], [135.4616, 34.6436], [135.4614, 34.6453], [135.4679, 34.6476], [135.4591, 34.6479], [135.4632, 34.6542], [135.4603, 34.6542], [135.4566, 34.6487], [135.4491, 34.6457], [135.4401, 34.6485], [135.4386, 34.6465], [135.4365, 34.647], [135.439, 34.6503], [135.4335, 34.6491], [135.4256, 34.6498], [135.4257, 34.6513], [135.4287, 34.6519], [135.4278, 34.6541], [135.4294, 34.6567], [135.4382, 34.6588], [135.4422, 34.6614], [135.4472, 34.6678], [135.455, 34.6706], [135.4517, 34.6705], [135.4514, 34.6721], [135.4552, 34.6731], [135.4555, 34.6761], [135.4456, 34.673], [135.4375, 34.6627], [135.4251, 34.6574], [135.4206, 34.6534], [135.4203, 34.6591], [135.418, 34.6591], [135.4167, 34.6528], [135.4146, 34.651], [135.4163, 34.6604], [135.4254, 34.6657], [135.4179, 34.6639], [135.4182, 34.6702], [135.425, 34.6719], [135.4349, 34.6782], [135.4337, 34.6789], [135.4286, 34.676], [135.41, 34.6706], [135.4085, 34.6717], [135.4113, 34.6764], [135.4234, 34.6801], [135.4214, 34.6862], [135.418, 34.6881], [135.4247, 34.6944], [135.4225, 34.6946], [135.414, 34.6896], [135.4084, 34.6963], [135.4135, 34.701], [135.4306, 34.7069], [135.4292, 34.7078], [135.4214, 34.7056], [135.4106, 34.7017], [135.4014, 34.6897], [135.397, 34.6864], [135.3928, 34.6882], [135.4008, 34.6988], [135.3968, 34.6998], [135.3956, 34.6984], [135.3931, 34.7004], [135.3944, 34.697], [135.3886, 34.6912], [135.3858, 34.6927], [135.3899, 34.7001], [135.3886, 34.7015], [135.3839, 34.6931], [135.3814, 34.691], [135.3777, 34.6912], [135.3761, 34.6885], [135.3781, 34.6849], [135.376, 34.6849], [135.3717, 34.6809], [135.3692, 34.6814], [135.369, 34.6836], [135.3813, 34.7091], [135.3822, 34.7156], [135.3858, 34.7214], [135.3808, 34.7292], [135.3825, 34.7378], [135.3792, 34.7375], [135.3791, 34.733], [135.3786, 34.7297], [135.3831, 34.7236], [135.3819, 34.7219], [135.3828, 34.7189], [135.3806, 34.7169], [135.3804, 34.7124], [135.3717, 34.6953], [135.3642, 34.6882], [135.3552, 34.6953], [135.3548, 34.6976], [135.3585, 34.7005], [135.3522, 34.7058], [135.3478, 34.7028], [135.3453, 34.7042], [135.3431, 34.7134], [135.3412, 34.7138], [135.3387, 34.7107], [135.3333, 34.7092], [135.3248, 34.7109], [135.3247, 34.7168], [135.3333, 34.7225], [135.3267, 34.7252], [135.324, 34.7248], [135.3237, 34.7178], [135.3075, 34.714], [135.3052, 34.718], [135.2976, 34.719], [135.2938, 34.7189], [135.291, 34.7151], [135.2822, 34.7119], [135.2827, 34.7106], [135.2865, 34.7121], [135.2877, 34.7112], [135.2885, 34.7036], [135.2736, 34.7013], [135.2697, 34.7053], [135.2683, 34.7047], [135.2691, 34.7024], [135.2678, 34.7009], [135.2585, 34.7], [135.2556, 34.7003], [135.2548, 34.7057], [135.2536, 34.7061], [135.2536, 34.6997], [135.2461, 34.6986], [135.24, 34.7008], [135.2289, 34.7001], [135.2289, 34.6983], [135.2381, 34.6975], [135.2382, 34.6935], [135.2361, 34.6924], [135.2327, 34.6914], [135.2294, 34.6951], [135.2285, 34.6918], [135.2263, 34.6949], [135.2236, 34.692], [135.2197, 34.695], [135.217, 34.6941], [135.2151, 34.6925], [135.2175, 34.6909], [135.2174, 34.689], [135.2128, 34.6912], [135.2129, 34.6892], [135.21, 34.6892], [135.212, 34.6864], [135.2103, 34.6858], [135.207, 34.6883], [135.2094, 34.685], [135.2068, 34.6844], [135.2045, 34.6865], [135.2022, 34.685], [135.2041, 34.6801], [135.2031, 34.6786], [135.2015, 34.6832], [135.1997, 34.6831], [135.1995, 34.6797], [135.198, 34.6826], [135.1973, 34.6796], [135.1959, 34.6796], [135.1947, 34.6827], [135.1947, 34.68], [135.1933, 34.6793], [135.1926, 34.6838], [135.1912, 34.6838], [135.1893, 34.6786], [135.1856, 34.6834], [135.1847, 34.6816], [135.1889, 34.6713], [135.1842, 34.6691], [135.1783, 34.6698], [135.1783, 34.6654], [135.1813, 34.6677], [135.1872, 34.6661], [135.1806, 34.6595], [135.1885, 34.6534], [135.188, 34.6509], [135.1827, 34.6492], [135.1581, 34.6469], [135.1558, 34.6483], [135.1544, 34.6464], [135.1436, 34.645], [135.1417, 34.6428], [135.1341, 34.6409], [135.1302, 34.6411], [135.1255, 34.6444], [135.1242, 34.6431], [135.1076, 34.6404], [135.1077, 34.6379], [135.1061, 34.6394], [135.0984, 34.636], [135.0852, 34.6333], [135.0812, 34.6306]], [[135.1005, 34.9722], [135.1027949316803, 34.9710459772122], [135.0671, 35.0011], [135.1005, 34.9722]], [[135.4606, 34.5112], [135.4574, 34.5116], [135.437, 34.512], [135.4606, 34.5112]], [[135.4556, 35.2827], [135.45528322147652, 35.281808724832224], [135.45619792387544, 35.283150288350626], [135.4556, 35.2827]], [[135.4497, 35.2661], [135.44992592833876, 35.26513980456026], [135.45338803172314, 35.27647649603461], [135.4497, 35.2661]], [[135.4505, 35.2627], [135.4646, 35.2498], [135.4502198563366, 35.263890610569526], [135.4505, 35.2627]], [[135.4498, 35.1918], [135.4499573770492, 35.19128852459016], [135.4546, 35.2116], [135.4498, 35.1918]], [[135.465, 35.16729999999998], [135.4653, 35.1678], [135.465, 35.1796], [135.465, 35.16729999999998]], [[135.37414966845594, 35.046221187243454], [135.3743051603391, 35.04597445632141], [135.375, 35.056], [135.37414966845594, 35.046221187243454]], [[135.3878, 34.8411], [135.3904677290837, 34.83998844621512], [135.367, 34.8564], [135.3878, 34.8411]], [[135.4001, 34.8318], [135.3966, 34.8357], [135.39479957257927, 34.836959082689496], [135.4001, 34.8318]], [[135.3872329974811, 34.7626523929471], [135.3915, 34.7625], [135.3972206303725, 34.76388681948424], [135.3872329974811, 34.7626523929471]], [[135.3792657130378, 34.763333107665424], [135.3803, 34.7629], [135.38376778242676, 34.762776150627616], [135.3792657130378, 34.763333107665424]], [[135.0333, 34.8559], [135.0541, 34.8712], [135.03194170782217, 34.85535876480271], [135.0333, 34.8559]], [[134.9964, 34.8256], [134.99842800232062, 34.82933678205372], [134.99364831739285, 34.82350184201206], [134.9964, 34.8256]], [[134.9884, 34.8195], [134.99049523809526, 34.82109761904763], [134.98683161290322, 34.819265806451604], [134.9884, 34.8195]], [[134.86427508305647, 34.73214485049834], [134.8896, 34.7314], [134.8652, 34.7324], [134.86427508305647, 34.73214485049834]], [[134.7097, 34.9632], [134.7255, 34.9442], [134.70960128050783, 34.96431283791179], [134.7097, 34.9632]], [[134.99310644490646, 34.893131462231466], [134.9914, 34.8933], [134.9674, 34.8909], [134.99310644490646, 34.893131462231466]], [[135.0073, 34.8885], [134.9995, 34.8925], [134.99787526777018, 34.89266046738072], [135.0073, 34.8885]], [[134.9041, 34.7747], [134.90366912028725, 34.774417534410524], [134.90456540880504, 34.77457840670859], [134.9041, 34.7747]], [[134.77178515625, 34.81085390625], [134.769, 34.8108], [134.7749, 34.8219], [134.76825689834024, 34.81046187759336], [134.77178515625, 34.81085390625]], [[134.7845, 34.8111], [134.78106526994358, 34.81103352135375], [134.78617982155114, 34.81034502402196], [134.7845, 34.8111]], [[134.7934, 34.8071], [134.7900625, 34.80859999999999], [134.7952351464435, 34.80483807531381], [134.7934, 34.8071]], [[134.8193, 34.7691], [134.8063, 34.7912], [134.81921692375496, 34.76785385632436], [134.8193, 34.7691]], [[134.79728862629247, 34.84392880354506], [134.7976, 34.8442], [134.79769167327515, 34.84467993655828], [134.79728862629247, 34.84392880354506]], [[134.79875710419486, 34.850257780784865], [134.7993, 34.8531], [134.7993, 34.856730769230666], [134.79875710419486, 34.850257780784865]], [[134.6266, 34.8415], [134.62641155492153, 34.83377375178316], [134.6273, 34.8356], [134.6266, 34.8415]], [[134.62605531914892, 34.833041489361705], [134.6088, 34.8201], [134.6255, 34.8319], [134.62605531914892, 34.833041489361705]], [[134.4866, 34.9056], [134.48932884615385, 34.899414615384586], [134.4892, 34.9006], [134.4866, 34.9056]], [[134.4993, 34.809], [134.4975, 34.7772], [134.49806233037813, 34.77539250949884], [134.4993, 34.809]], [[134.5689423897582, 34.91666899004266], [134.5703, 34.9445], [134.5688, 34.9176], [134.5689423897582, 34.91666899004266]], [[134.57486084885232, 34.89518687743612], [134.5753, 34.8945], [134.58968322411533, 34.88920091743118], [134.5893, 34.8897], [134.57486084885232, 34.89518687743612]], [[134.5718, 34.7868], [134.57, 34.7909], [134.578, 34.7682], [134.5718, 34.7868]], [[134.809, 34.9254], [134.809, 34.9292], [134.80807772657448, 34.9245886328725], [134.809, 34.9254]], [[134.8031865284974, 34.94334611398964], [134.8046, 34.949], [134.803, 34.9438], [134.8031865284974, 34.94334611398964]], [[134.99565782871304, 34.772787068297966], [135.0048, 34.7727], [134.997, 34.7733], [134.99565782871304, 34.772787068297966]], [[135.0829, 34.7707], [135.07783377483443, 34.76591523178807], [135.0783, 34.766], [135.08332282091916, 34.77083328050713], [135.0829, 34.7707]], [[135.08541157270028, 34.77149169139465], [135.091, 34.7727], [135.0914497188755, 34.77339502008033], [135.08541157270028, 34.77149169139465]], [[135.09301826086954, 34.77581913043474], [135.0943, 34.7778], [135.09416326530612, 34.77858622448979], [135.09301826086954, 34.77581913043474]], [[135.0761, 34.8033], [135.08058986335402, 34.81479100621113], [135.0774, 34.8091], [135.0761, 34.8033]], [[135.083975671406, 34.820831595576614], [135.08926938775508, 34.8273469387755], [135.0862, 34.8248], [135.083975671406, 34.820831595576614]], [[135.0902623115578, 34.82817085427137], [135.099, 34.8314], [135.0909, 34.8287], [135.0902623115578, 34.82817085427137]], [[135.14573887670034, 34.836410750329094], [135.1462, 34.8365], [135.1531, 34.8446], [135.14573887670034, 34.836410750329094]], [[135.15531556413703, 34.875482236400295], [135.15646603773584, 34.877383018867924], [135.1553, 34.8768], [135.15531556413703, 34.875482236400295]], [[135.15823112582783, 34.87826556291391], [135.177, 34.8806], [135.1593, 34.8788], [135.15823112582783, 34.87826556291391]], [[135.23098171402387, 34.86748886342804], [135.2367, 34.8661], [135.2382280077411, 34.866695473604985], [135.23098171402387, 34.86748886342804]], [[135.3107, 34.7558], [135.3228024340075, 34.74233116215293], [135.3224, 34.7441], [135.3107, 34.7558]], [[135.2464, 34.8353], [135.246, 34.834500000000006], [135.24755294117645, 34.83553529411764], [135.2464, 34.8353]], [[135.2446, 34.8317], [135.2433, 34.8166], [135.2452736842105, 34.83304736842104], [135.2446, 34.8317]], [[135.2388, 34.804], [135.239226199262, 34.80309077490776], [135.2389463878327, 34.804409885931555], [135.2388, 34.804]], [[135.2403, 34.8008], [135.251, 34.794], [135.2399856573705, 34.80147059760956], [135.2403, 34.8008]], [[135.3822887850467, 34.812214018691584], [135.3837, 34.812966666666675], [135.3824, 34.8126], [135.3822887850467, 34.812214018691584]], [[135.3889466367713, 34.814446487294475], [135.39210765052056, 34.81461507469443], [135.3902, 34.8148], [135.3889466367713, 34.814446487294475]], [[135.14, 34.9279], [135.14672786885245, 34.93191803278689], [135.1464, 34.932], [135.14, 34.9279]], [[135.14905599999997, 34.93133600000001], [135.1520988866397, 34.929919483805655], [135.1516, 34.9307], [135.14905599999997, 34.93133600000001]], [[135.329, 34.9374], [135.3356, 34.9081], [135.3390882237762, 34.89688439160843], [135.329, 34.9374]], [[135.34970772196394, 34.86273975507428], [135.35, 34.8618], [135.3509734739179, 34.861343063263035], [135.34970772196394, 34.86273975507428]], [[135.35722802275959, 34.858407254623046], [135.3598, 34.8572], [135.36143596059114, 34.857018226600985], [135.35722802275959, 34.858407254623046]], [[135.328, 35.009], [135.328971238526, 35.009529200478916], [135.3171, 35.0069], [135.328, 35.009]], [[135.13301979633403, 34.96214085539715], [135.118, 34.9634], [135.1312, 34.9619], [135.13301979633403, 34.96214085539715]], [[135.1407, 34.9656], [135.13547672955974, 34.96246603773585], [135.138, 34.9628], [135.1407, 34.9656]], [[135.4957, 34.595], [135.488, 34.599], [135.48555270594508, 34.59954212210077], [135.4957, 34.595]], [[135.5875, 34.6021], [135.5871179661017, 34.60299694915257], [135.58720076335877, 34.60067862595415], [135.5875, 34.6021]], [[135.5852, 34.6075], [135.5803, 34.6127], [135.58663676092547, 34.60412673521848], [135.5852, 34.6075]], [[135.6011803159974, 34.646480184331814], [135.6007, 34.6462], [135.5943, 34.6302], [135.6011803159974, 34.646480184331814]], [[135.60669811774127, 34.6470519423308], [135.6031, 34.6476], [135.6020829059829, 34.64700669515669], [135.60669811774127, 34.6470519423308]], [[135.6627721951217, 34.617243902437735], [135.6677634048926, 34.64292331502732], [135.6673, 34.6415], [135.6627721951217, 34.617243902437735]], [[135.6561, 34.6027], [135.6638, 34.5986], [135.6545, 34.6036], [135.6561, 34.6027]], [[135.626, 34.5969], [135.6181, 34.591], [135.62690361300682, 34.59693085507828], [135.626, 34.5969]], [[135.6102, 34.5904], [135.60981724659604, 34.58928502269283], [135.61044430700028, 34.59041855496205], [135.6102, 34.5904]], [[135.6282, 34.574], [135.6282, 34.5791], [135.6277313330381, 34.579342803365805], [135.6282, 34.574]], [[135.6252, 34.552], [135.627967739816, 34.54985223390278], [135.6251585485855, 34.55237766844334], [135.6252, 34.552]], [[135.6377, 34.5423], [135.6379614977125, 34.54232456055863], [135.63725856386108, 34.5426425544438], [135.6377, 34.5423]], [[135.6595060313631, 34.53629535585042], [135.65997290322582, 34.53648877419355], [135.6558, 34.544], [135.6595060313631, 34.53629535585042]], [[135.621, 34.5068], [135.6208417366947, 34.50524901960785], [135.62260554803785, 34.50950649526379], [135.621, 34.5068]], [[135.6281407949791, 34.48837463389121], [135.6279, 34.49], [135.62462895204263, 34.4920955150977], [135.6281407949791, 34.48837463389121]], [[135.62744864864865, 34.48673243243243], [135.6283, 34.4873], [135.62821984732824, 34.487841030534355], [135.62744864864865, 34.48673243243243]], [[135.6205, 34.4873], [135.6259, 34.4857], [135.62624736842105, 34.485931578947365], [135.6205, 34.4873]], [[135.30366460176992, 34.397890265486716], [135.3109, 34.3912], [135.3083, 34.3948], [135.30366460176992, 34.397890265486716]], [[135.3623, 34.4172], [135.375, 34.408], [135.3508, 34.4271], [135.36227089835512, 34.41712530577815], [135.3623, 34.4172]], [[135.27585000000153, 34.31045000000065], [135.27338163265307, 34.30940408163265], [135.2734, 34.3094], [135.27585000000153, 34.31045000000065]], [[135.2108, 34.305], [135.2101, 34.3031], [135.2102, 34.3085], [135.20889849989436, 34.29968698499889], [135.2108, 34.305]], [[135.206, 34.3129], [135.2045346444781, 34.313708472012095], [135.2102, 34.3085], [135.206, 34.3129]], [[135.2565388429752, 34.36313140495872], [135.2566, 34.362], [135.2569925925926, 34.36159999999998], [135.2565388429752, 34.36313140495872]], [[135.26802342733188, 34.34908442516271], [135.27083944116066, 34.34184943578719], [135.2692, 34.3478], [135.26802342733188, 34.34908442516271]], [[135.2818833333333, 34.32203015873022], [135.2803, 34.3258], [135.27290695309938, 34.336537520498524], [135.2737, 34.3345], [135.2818833333333, 34.32203015873022]], [[135.28210346358793, 34.32150603907634], [135.2822, 34.3161], [135.2824, 34.3208], [135.28210346358793, 34.32150603907634]], [[135.2846237288136, 34.31425796610164], [135.2846, 34.3143], [135.2822, 34.3161], [135.2846237288136, 34.31425796610164]], [[135.28703793103446, 34.30998137931037], [135.2893, 34.3041], [135.2951, 34.2957], [135.28703793103446, 34.30998137931037]], [[135.2031, 34.3145], [135.1974, 34.3132], [135.2037205052006, 34.31415765230312], [135.2031, 34.3145]], [[135.2979, 34.3784], [135.2987217892848, 34.37856195847218], [135.2964184804928, 34.37963326488706], [135.2979, 34.3784]], [[135.31046931645568, 34.38087716455696], [135.3066, 34.381], [135.30211208963001, 34.37923011985409], [135.31046931645568, 34.38087716455696]], [[135.31864881889766, 34.37610708661417], [135.3129, 34.3808], [135.3119824046921, 34.38082913000978], [135.31864881889766, 34.37610708661417]], [[135.32394233128835, 34.37023547326906], [135.3227, 34.3728], [135.32161379310347, 34.37368669950738], [135.32394233128835, 34.37023547326906]], [[135.34442793867123, 34.337815502555344], [135.3445, 34.3384], [135.34390631578947, 34.33881862348179], [135.34442793867123, 34.337815502555344]], [[135.3831605270696, 34.44525273560584], [135.38430222652468, 34.4433803484995], [135.3842, 34.4447], [135.3831605270696, 34.44525273560584]], [[135.41163969562461, 34.41102980342421], [135.41238328877003, 34.410447860962584], [135.4123, 34.4109], [135.41163969562461, 34.41102980342421]], [[135.4206, 34.3803], [135.4095, 34.4022], [135.4095, 34.402843243243254], [135.4093, 34.4026], [135.4168, 34.387], [135.4206, 34.3803]], [[135.4366139784946, 34.353330483871055], [135.4371, 34.352], [135.43788076563962, 34.351335294117604], [135.4366139784946, 34.353330483871055]], [[135.37925664798777, 34.497601069791145], [135.37904706976744, 34.49891841860464], [135.3788, 34.4981], [135.37925664798777, 34.497601069791145]], [[135.4210833333334, 34.47292999999992], [135.4198, 34.4748], [135.41278068077278, 34.47697598896044], [135.42, 34.4741], [135.4210833333334, 34.47292999999992]], [[135.4089396499698, 34.478506155703094], [135.40693394495415, 34.47991926605502], [135.4077, 34.479], [135.4089396499698, 34.478506155703094]], [[135.40803706793804, 34.49745756853397], [135.4132, 34.49], [135.4084, 34.4974], [135.40803706793804, 34.49745756853397]], [[135.5061, 34.34], [135.4908, 34.3565], [135.4881, 34.3594], [135.5061, 34.34]], [[135.5229, 34.3875], [135.52332672864614, 34.395109994189376], [135.52199442532694, 34.38663654507917], [135.5229, 34.3875]], [[135.5278, 34.4075], [135.5243, 34.4013], [135.52397364804966, 34.399224401595745], [135.5278, 34.4075]], [[135.5853, 34.4503], [135.59539163558878, 34.444199147575866], [135.58507184498177, 34.45089890692284], [135.5853, 34.4503]], [[135.53148851441443, 34.32803102211595], [135.5314, 34.3274], [135.5395, 34.3166], [135.53148851441443, 34.32803102211595]], [[135.5799, 34.2816], [135.5986, 34.2763], [135.5991271054341, 34.2764086815328], [135.5799, 34.2816]], [[135.60316335697397, 34.27724089834514], [135.6083, 34.2783], [135.61038347987045, 34.27954386857936], [135.60316335697397, 34.27724089834514]], [[135.61214276885045, 34.280594190358464], [135.615, 34.2823], [135.619, 34.288], [135.61214276885045, 34.280594190358464]], [[135.425, 34.4687], [135.4357, 34.4674], [135.42423458348358, 34.469526649837725], [135.425, 34.4687]], [[135.52597346938776, 34.58237142857142], [135.52553905723906, 34.584195959595945], [135.5255, 34.5832], [135.52597346938776, 34.58237142857142]], [[135.53094687743342, 34.57459049992214], [135.52964896551725, 34.575939310344815], [135.5303, 34.5748], [135.53094687743342, 34.57459049992214]], [[135.55643582377425, 34.56154223936656], [135.5479, 34.5691], [135.5549, 34.5618], [135.55643582377425, 34.56154223936656]], [[135.5695, 34.5499], [135.56948976109214, 34.55022423208189], [135.56915011286685, 34.5491325056434], [135.5695, 34.5499]], [[135.56886789587853, 34.541189370932756], [135.56710381282497, 34.54255511265164], [135.5669, 34.5419], [135.56886789587853, 34.541189370932756]], [[135.581, 34.5407], [135.57022307692307, 34.5407], [135.5705, 34.5406], [135.581, 34.5407]], [[135.6142, 34.5271], [135.61240864272673, 34.52708277541083], [135.61536969001148, 34.52654764638347], [135.6142, 34.5271]], [[135.5636, 34.5004923076923], [135.5636, 34.50171428571431], [135.5633, 34.5009], [135.5636, 34.5004923076923]], [[135.56472055641422, 34.50475579598145], [135.5694, 34.51], [135.5654, 34.5066], [135.56472055641422, 34.50475579598145]], [[135.5809, 34.5094], [135.58199022498061, 34.5098175329713], [135.5694, 34.51], [135.5809, 34.5094]], [[135.58451014492755, 34.510782608695656], [135.5856, 34.5112], [135.5863111111111, 34.51213333333332], [135.58451014492755, 34.510782608695656]], [[135.5868542180095, 34.51284616113747], [135.5872, 34.5133], [135.5881, 34.5208], [135.5868542180095, 34.51284616113747]], [[135.5391222972973, 34.47474020270274], [135.5392, 34.4738], [135.53950263157896, 34.47335469924809], [135.5391222972973, 34.47474020270274]], [[135.53916729483282, 34.49204516717336], [135.5382, 34.4859], [135.53849415461974, 34.48234072910118], [135.53916729483282, 34.49204516717336]], [[135.54055258964144, 34.49707649402391], [135.5399, 34.4967], [135.5397830786026, 34.49595720524015], [135.54055258964144, 34.49707649402391]], [[135.5483, 34.5019], [135.54858145695368, 34.50256225165569], [135.54808414948454, 34.501793685567], [135.5483, 34.5019]], [[135.55, 34.5059], [135.5477, 34.5114], [135.54970442043222, 34.505204518664044], [135.55, 34.5059]], [[135.55041348242813, 34.51659769968052], [135.5487, 34.5155], [135.54857879664448, 34.5150030662424], [135.55041348242813, 34.51659769968052]], [[135.55827062600318, 34.523426805778485], [135.5568, 34.5231], [135.55600027726436, 34.521453512014816], [135.55827062600318, 34.523426805778485]], [[135.5595, 34.5237], [135.55894999999998, 34.523577777777774], [135.56840094117646, 34.51517694117648], [135.5683, 34.5157], [135.5595, 34.5237]], [[135.5732411565394, 34.57442333408628], [135.57819901880623, 34.57580940310712], [135.5733, 34.575], [135.5732411565394, 34.57442333408628]], [[135.6055, 34.5553], [135.6007395456042, 34.55415749094501], [135.6008, 34.5539], [135.6055, 34.5553]], [[135.7755, 35.2899], [135.778, 35.2949], [135.77494741342454, 35.2897824283882], [135.7755, 35.2899]], [[135.7661, 35.2879], [135.77137379652603, 35.28902208436725], [135.7474, 35.2877], [135.7661, 35.2879]], [[135.65602213259157, 35.259657533611495], [135.6847, 35.2577], [135.6577, 35.2599], [135.65602213259157, 35.259657533611495]], [[135.62718229508195, 35.24854622950817], [135.62802190201734, 35.2493066282421], [135.6274, 35.2489], [135.62718229508195, 35.24854622950817]], [[135.5636235246889, 35.14811951023689], [135.56962122186488, 35.15888810289377], [135.5637, 35.1497], [135.5636235246889, 35.14811951023689]], [[135.572, 35.1313], [135.57449026548673, 35.130841592920355], [135.5650794382618, 35.134287811340755], [135.5654, 35.1338], [135.572, 35.1313]], [[135.59713035714285, 35.10816562500001], [135.594, 35.1246], [135.5969, 35.1083], [135.59713035714285, 35.10816562500001]], [[135.61070203076923, 35.106420923076925], [135.6084, 35.1075], [135.59778395721926, 35.10778435828877], [135.5993, 35.1069], [135.61070203076923, 35.106420923076925]], [[135.6116, 35.106], [135.61126017699115, 35.10615929203541], [135.6129, 35.0996], [135.6116, 35.106]], [[135.61150866141733, 35.096817322834646], [135.612, 35.097], [135.6129, 35.0996], [135.61150866141733, 35.096817322834646]], [[135.6033, 35.0644], [135.59759150943395, 35.06915707547169], [135.5976, 35.069], [135.6033, 35.0644]], [[135.6497, 35.0119], [135.6367, 35.0169], [135.65018321464902, 35.01116246185148], [135.6497, 35.0119]], [[135.6516, 35.009], [135.6508074223245, 35.01020972382047], [135.65086020408162, 35.00530102040819], [135.6516, 35.009]], [[135.6401, 34.9738], [135.6403628951747, 34.9743723793677], [135.6356, 34.9698], [135.6401, 34.9738]], [[135.68518192395007, 34.88017070090807], [135.68518157894738, 34.88017236842106], [135.674, 34.8634], [135.667, 34.8507], [135.68518192395007, 34.88017070090807]], [[135.617, 34.7901], [135.6238, 34.8035], [135.6153813813814, 34.78815765765769], [135.617, 34.7901]], [[135.65468812154697, 34.773823003515815], [135.6443, 34.7844], [135.6537, 34.7739], [135.65468812154697, 34.773823003515815]], [[135.6991, 34.7422], [135.68835916749256, 34.74156818632309], [135.6888, 34.7415], [135.6991, 34.7422]], [[135.7023, 34.7452], [135.7027, 34.7313], [135.7023, 34.7468], [135.6991, 34.7422], [135.7023, 34.7452]], [[135.71422921864087, 34.77809357349566], [135.71421478098404, 34.7779979240191], [135.732, 34.7755], [135.71422921864087, 34.77809357349566]], [[135.7808, 34.7204], [135.7962, 34.7207], [135.7844, 34.7205], [135.75882725339338, 34.724251985988616], [135.7588295847814, 34.72424235961222], [135.7808, 34.7204]], [[135.74477272727276, 34.720761538461566], [135.74665745148297, 34.721824716221164], [135.746, 34.7218], [135.74477272727276, 34.720761538461566]], [[135.7339, 34.7082], [135.74273104166662, 34.71903395833329], [135.7395, 34.7163], [135.7339, 34.7082]], [[135.7199798264642, 34.69495401301516], [135.7244, 34.7019], [135.7197, 34.6958], [135.7199798264642, 34.69495401301516]], [[135.7343, 34.6609], [135.72235112781948, 34.68778496240618], [135.724, 34.6828], [135.7343, 34.6609]], [[135.83164274685086, 34.55630662332386], [135.8232, 34.5674], [135.8311, 34.5566], [135.83164274685086, 34.55630662332386]], [[135.8284, 34.522], [135.8282, 34.522299999999966], [135.8282, 34.521684375000035], [135.8284, 34.522]], [[135.8064, 34.4684], [135.8094, 34.4725], [135.8057556638246, 34.468217904993914], [135.8064, 34.4684]], [[135.8018, 34.4671], [135.80438811881186, 34.467831424881616], [135.7893, 34.4683], [135.8018, 34.4671]], [[135.7775, 34.4712], [135.77732079417294, 34.47102697368421], [135.7893, 34.4683], [135.7775, 34.4712]], [[135.7745, 34.448], [135.7711, 34.4544], [135.77433953206938, 34.44744453408632], [135.7745, 34.448]], [[135.7732, 34.4435], [135.77405406679765, 34.44645638506877], [135.7648, 34.4331], [135.7732, 34.4435]], [[135.7501486090776, 34.40537262079057], [135.75033104337635, 34.40626332942557], [135.7502, 34.4061], [135.7501486090776, 34.40537262079057]], [[135.74983420121336, 34.3877441354904], [135.7489, 34.3877], [135.7386, 34.3848], [135.74983420121336, 34.3877441354904]], [[135.7616, 34.3883], [135.75925898617507, 34.38818940092166], [135.76165502392342, 34.38802966507177], [135.7616, 34.3883]], [[135.7852149717514, 34.28442288135594], [135.7781, 34.2885], [135.7809, 34.2858], [135.7852149717514, 34.28442288135594]], [[135.82048501094093, 34.28083993435448], [135.8192, 34.2813], [135.78878469945357, 34.283283606557376], [135.7903, 34.2828], [135.82048501094093, 34.28083993435448]], [[135.5964, 35.0912], [135.588, 35.0939], [135.58141040870333, 35.09480044104675], [135.5964, 35.0912]], [[135.63673883740523, 34.74551457455771], [135.6355, 34.7455], [135.627, 34.7386], [135.63673883740523, 34.74551457455771]], [[135.64383670588236, 34.728135058823526], [135.6492556616644, 34.726250204638475], [135.6458, 34.7281], [135.64383670588236, 34.728135058823526]], [[135.6628, 34.719], [135.67197620386645, 34.71547782073813], [135.6707, 34.7166], [135.6628, 34.719]], [[135.472, 34.8105], [135.4579, 34.804], [135.45716845637583, 34.8033370385906], [135.472, 34.8105]], [[135.55383113772456, 34.80513952095809], [135.5538, 34.8057], [135.5282, 34.8237], [135.55383113772456, 34.80513952095809]], [[135.5538696413678, 34.797742118432], [135.5542, 34.7985], [135.55406453488374, 34.80093837209302], [135.5538696413678, 34.797742118432]], [[135.5455, 34.7869], [135.5525, 34.7946], [135.55292714105795, 34.795579911838814], [135.5455, 34.7869]], [[135.5446, 34.7835], [135.5448773177944, 34.783074952165585], [135.5455, 34.7869], [135.5446, 34.7835]], [[135.5729, 34.7824], [135.573363355345, 34.78268374007082], [135.5665, 34.784], [135.5729, 34.7824]], [[135.5907, 34.7933], [135.59443720835043, 34.79678239869016], [135.57849008264463, 34.78582314049588], [135.5907, 34.7933]], [[135.5995, 34.8015], [135.59963476836688, 34.80173373888632], [135.59908139534872, 34.80110993657494], [135.5995, 34.8015]], [[135.6049, 34.792], [135.60599334140434, 34.77689200968521], [135.60843627450976, 34.77982352941172], [135.6064, 34.778], [135.6049, 34.792]], [[135.4794, 34.7336], [135.4624, 34.7329], [135.4582770508304, 34.73164745848012], [135.4794, 34.7336]], [[135.53213562066307, 34.74927501927525], [135.52972787427623, 34.74821397849462], [135.5317, 34.7487], [135.53213562066307, 34.74927501927525]], [[135.55840648030497, 34.72913748411688], [135.55847014419, 34.729996946564896], [135.5582, 34.7296], [135.55840648030497, 34.72913748411688]], [[135.57315356083083, 34.70951468842731], [135.5686, 34.7193], [135.573, 34.7096], [135.57315356083083, 34.70951468842731]], [[135.57701519364448, 34.708488579940415], [135.57394090909094, 34.70907727272727], [135.5757, 34.7081], [135.57701519364448, 34.708488579940415]], [[135.5867, 34.7189], [135.5785195867535, 34.70893305972262], [135.5801, 34.7094], [135.5867, 34.7189]], [[135.56885872093025, 34.68330145348839], [135.5691699619772, 34.68399063009234], [135.5689, 34.6839], [135.56885872093025, 34.68330145348839]], [[135.42866801040313, 34.710441157347205], [135.4272, 34.7101], [135.42496165048547, 34.70836334951458], [135.42866801040313, 34.710441157347205]], [[135.4523, 34.7183], [135.4525494226328, 34.71873233256351], [135.4414, 34.7134], [135.4523, 34.7183]], [[135.4538, 34.7209], [135.45400490566038, 34.72691056603784], [135.45297975830815, 34.71947824773412], [135.4538, 34.7209]], [[135.45491790437438, 34.73062695829095], [135.4545, 34.7305], [135.45444332425066, 34.73008910081742], [135.45491790437438, 34.73062695829095]], [[135.59675088967967, 34.7689423487544], [135.604, 34.7745], [135.6057146464647, 34.77655757575762], [135.59675088967967, 34.7689423487544]], [[135.59225628681966, 34.76512392508573], [135.5922530517856, 34.7651211767382], [135.60573626373625, 34.75559304029305], [135.6051, 34.7563], [135.59225628681966, 34.76512392508573]], [[135.58986935866983, 34.743178471172534], [135.5884, 34.7428], [135.5833, 34.7355], [135.58986935866983, 34.743178471172534]], [[135.5955273631841, 34.74432587064677], [135.595, 34.7445], [135.59448031496063, 34.744366141732286], [135.5955273631841, 34.74432587064677]], [[135.6217, 34.74], [135.62271848563967, 34.73973096605745], [135.615, 34.7453], [135.6217, 34.74]], [[135.4337, 34.9334], [135.42975161290298, 34.933051612903206], [135.4419, 34.934], [135.4337, 34.9334]], [[135.4441, 34.8903], [135.445, 34.8944], [135.44143522853963, 34.88135039018971], [135.4441, 34.8903]], [[135.4874, 34.8907], [135.48743684210527, 34.89090526315791], [135.48709999999997, 34.89039999999998], [135.4874, 34.8907]], [[135.48397975188303, 34.884453921134224], [135.48403478260872, 34.88580217391306], [135.4837, 34.8853], [135.48397975188303, 34.884453921134224]], [[135.565, 34.9146], [135.544, 34.912], [135.56803458704925, 34.91429375727026], [135.565, 34.9146]], [[135.5307, 34.86], [135.5419914893617, 34.858704255319154], [135.5406, 34.8594], [135.5307, 34.86]], [[135.54312521739132, 34.858137391304346], [135.54442511724855, 34.85546732673274], [135.5436, 34.8579], [135.54312521739132, 34.858137391304346]], [[135.5475235671609, 34.84633224164629], [135.5503, 34.8323], [135.5494, 34.8408], [135.5475235671609, 34.84633224164629]], [[135.4630477850043, 34.85597249969322], [135.4633, 34.8569], [135.4586, 34.863], [135.4630477850043, 34.85597249969322]], [[135.457, 34.8375], [135.454, 34.8227], [135.46072765957447, 34.84744042553191], [135.457, 34.8375]], [[135.5763152284264, 34.90344771573603], [135.5766, 34.9039], [135.57622399463807, 34.90436005361932], [135.5763152284264, 34.90344771573603]], [[135.6057611713666, 34.81235921908894], [135.6059, 34.8126], [135.60437727272725, 34.81328181818183], [135.6057611713666, 34.81235921908894]], [[135.3862, 35.0271], [135.3983, 35.0238], [135.40372819444445, 35.02360953703704], [135.3862, 35.0271]], [[135.55929709127383, 35.089382246740236], [135.5645649885583, 35.09237334096105], [135.5595, 35.0898], [135.55929709127383, 35.089382246740236]], [[135.57139663366337, 35.09584425742574], [135.57308509874326, 35.09593806104129], [135.5719, 35.0961], [135.57139663366337, 35.09584425742574]], [[135.45329151251366, 34.940805223068566], [135.4431, 34.9385], [135.44137586774139, 34.93756456654054], [135.45329151251366, 34.940805223068566]], [[135.48360779797977, 34.952815555555546], [135.46166306784662, 34.943082005899704], [135.4632, 34.9435], [135.481, 34.951], [135.48360779797977, 34.952815555555546]], [[135.4887, 34.9529], [135.4899, 34.9687], [135.4889, 34.9565], [135.4887, 34.9529]], [[135.683, 34.4326], [135.6867, 34.4422], [135.6844, 34.4363], [135.683, 34.4326]], [[135.74639559819414, 34.46937686230248], [135.7469, 34.4694], [135.7494, 34.4708], [135.74639559819414, 34.46937686230248]], [[135.7618, 34.4753], [135.7598, 34.4707], [135.7598568306011, 34.46914663023683], [135.7618, 34.4753]], [[135.75997568862275, 34.465897844311364], [135.7601, 34.4625], [135.761356727753, 34.46157459138187], [135.75997568862275, 34.465897844311364]], [[135.6985, 34.5793], [135.69669692978297, 34.57863523168767], [135.7081, 34.5782], [135.71679732360093, 34.577130656934315], [135.7157, 34.5774], [135.6985, 34.5793]], [[135.7324676923077, 34.59122282878412], [135.7254804908314, 34.59319502274921], [135.7271, 34.5918], [135.7324676923077, 34.59122282878412]], [[135.76131509963514, 34.5760946674151], [135.76359973753281, 34.575945669291336], [135.7628, 34.5766], [135.76131509963514, 34.5760946674151]], [[135.6348, 34.509], [135.6325514084507, 34.50980774647888], [135.6423, 34.5031], [135.6348, 34.509]], [[135.6797, 34.5107], [135.6775, 34.504], [135.6762, 34.5], [135.6797, 34.5107]], [[135.7004, 34.5326], [135.69896334250342, 34.53279064649244], [135.70088619217083, 34.53219131672598], [135.7004, 34.5326]], [[135.7234, 34.5283], [135.72322823442684, 34.5270031699226], [135.72445014084505, 34.52902197183098], [135.7234, 34.5283]], [[135.7266, 34.5305], [135.7256918918919, 34.529875675675676], [135.7358, 34.533], [135.7266, 34.5305]], [[135.8015, 34.5344], [135.8001988538012, 34.53381639766082], [135.8049369747899, 34.53405630252101], [135.8015, 34.5344]], [[135.8085, 34.5337], [135.8062347972973, 34.53392652027027], [135.81658503118504, 34.529796881496885], [135.8085, 34.5337]], [[135.7337, 34.5051], [135.7230131284916, 34.51029636871509], [135.7234, 34.5096], [135.7337, 34.5051]], [[135.7472, 34.4916], [135.7469883006536, 34.49170986928103], [135.74714084350722, 34.49120865704776], [135.7472, 34.4916]], [[135.74594173063502, 34.48327606420097], [135.7463748272458, 34.48614116485688], [135.7455, 34.4836], [135.74594173063502, 34.48327606420097]], [[135.7289, 34.55], [135.7384, 34.55], [135.7407522072937, 34.55109404990404], [135.7289, 34.55]], [[135.74216319895967, 34.551750325097515], [135.7427, 34.552], [135.74266377358492, 34.55279698113211], [135.74216319895967, 34.551750325097515]], [[135.7421, 34.5652], [135.74398575314518, 34.57019724583475], [135.7437, 34.5701], [135.7421, 34.5652]], [[135.7267, 34.5747], [135.72228576051782, 34.57578349514562], [135.7288754385965, 34.572742105263146], [135.7267, 34.5747]], [[135.7297, 34.572], [135.72943165137613, 34.57224151376148], [135.7312, 34.5578], [135.7297, 34.572]], [[135.6834015360983, 34.58420092165898], [135.6846, 34.5816], [135.6838010695187, 34.584440641711225], [135.6834015360983, 34.58420092165898]], [[135.7685, 34.6133], [135.75225645724262, 34.62122172774867], [135.7605, 34.6161], [135.7685, 34.6133]], [[135.7462344588198, 34.624963206058695], [135.74296460958814, 34.627896453163586], [135.7436, 34.6266], [135.7462344588198, 34.624963206058695]], [[135.7761, 34.3753], [135.79373316232005, 34.3783575317087], [135.782, 34.3772], [135.7761, 34.3753]], [[135.8385, 34.5526], [135.8603, 34.5487], [135.8671928571429, 34.5487], [135.8385, 34.5526]], [[135.7823, 34.7448], [135.78119155644137, 34.74315950353325], [135.8018, 34.7522], [135.7823, 34.7448]], [[135.78030321199142, 34.74184475374732], [135.7798, 34.7411], [135.77995217932752, 34.740596637608974], [135.78030321199142, 34.74184475374732]], [[135.7811, 34.7368], [135.790316080402, 34.73416683417086], [135.79, 34.7345], [135.7811, 34.7368]], [[135.79332517552658, 34.730995085255785], [135.79337568807338, 34.72958073394492], [135.7937, 34.7306], [135.79332517552658, 34.730995085255785]], [[135.793, 34.7284], [135.79310580700258, 34.728732536293776], [135.7869, 34.7252], [135.7845, 34.7228], [135.793, 34.7284]], [[135.8591, 34.9648], [135.871, 34.951], [135.8668, 34.9568], [135.8591, 34.9648]], [[135.8536, 34.9333], [135.84948848920862, 34.93019352517986], [135.8505, 34.9303], [135.8536, 34.9333]], [[135.84857996164908, 34.930097890699905], [135.84394092544989, 34.93186318766066], [135.8467, 34.9299], [135.84857996164908, 34.930097890699905]], [[135.75981152429057, 34.90221784642412], [135.7315, 34.8996], [135.758, 34.9012], [135.75981152429057, 34.90221784642412]], [[135.7688061750333, 34.8653336739227], [135.7673, 34.8655], [135.74956772366934, 34.86568471121178], [135.7533, 34.8652], [135.7688061750333, 34.8653336739227]], [[135.7539, 34.8562], [135.75527043478263, 34.853287826086905], [135.7533, 34.8652], [135.7539, 34.8562]], [[135.7856247109349, 34.863476412289394], [135.795, 34.8615], [135.8325, 34.8583], [135.7856247109349, 34.863476412289394]], [[135.8385, 34.852], [135.8506, 34.8324], [135.8554, 34.8251], [135.8385, 34.852]], [[135.8088, 34.7758], [135.80832166703516, 34.762502343577296], [135.8087, 34.7631], [135.8088, 34.7758]], [[135.64435815538388, 34.92723275783736], [135.6443, 34.9273], [135.6358, 34.9313], [135.64435815538388, 34.92723275783736]], [[135.6998231759657, 34.96302360515021], [135.6986, 34.9635], [135.69794374999998, 34.96342633928572], [135.6998231759657, 34.96302360515021]], [[135.7164006009287, 34.94362381862884], [135.7162, 34.9468], [135.7122, 34.9556], [135.7164006009287, 34.94362381862884]], [[135.71573249999997, 34.93247083333327], [135.7168, 34.9373], [135.71663172413793, 34.93996436781607], [135.71573249999997, 34.93247083333327]], [[135.71489811320754, 34.9286962264151], [135.7134, 34.9257], [135.7005, 34.9023], [135.7147, 34.9278], [135.71489811320754, 34.9286962264151]], [[135.7192, 34.8334], [135.7129, 34.842], [135.7161, 34.8371], [135.7192, 34.8334]], [[135.75652167597764, 34.850628938547516], [135.7579, 34.8477], [135.76259413329393, 34.84307422787054], [135.75652167597764, 34.850628938547516]], [[135.7633, 34.772], [135.76614391833186, 34.77442569504778], [135.7658, 34.7744], [135.7633, 34.772]], [[135.67162250755288, 34.77274743202417], [135.6725, 34.7727], [135.673273540146, 34.77350218978102], [135.67162250755288, 34.77274743202417]], [[135.6749436298077, 34.775234134615395], [135.6752, 34.7755], [135.67510094043888, 34.77636677115986], [135.6749436298077, 34.775234134615395]], [[135.67487531847135, 34.77834096337578], [135.6748, 34.779], [135.6669, 34.7885], [135.67487531847135, 34.77834096337578]], [[135.66785386861315, 34.794136496350376], [135.66882794476035, 34.795399187652315], [135.668, 34.795], [135.66785386861315, 34.794136496350376]], [[135.7107, 34.7933], [135.6957, 34.7973], [135.69460899642743, 34.79731974667099], [135.71085048859936, 34.79319055374593], [135.7107, 34.7933]], [[135.71263018867924, 34.791896226415105], [135.71541733333333, 34.788909999999994], [135.7151, 34.7901], [135.71263018867924, 34.791896226415105]], [[135.71570120481928, 34.78784548192772], [135.71519285714285, 34.7844776785714], [135.7159, 34.7871], [135.71570120481928, 34.78784548192772]], [[135.7785, 34.8274], [135.77953911297686, 34.82676703778059], [135.77713077276906, 34.82874928702856], [135.7785, 34.8274]], [[135.679, 34.8942], [135.672, 34.8995], [135.67391461047964, 34.89691527585251], [135.679, 34.8942]], [[135.7223, 34.8746], [135.72475473233405, 34.87371503211992], [135.72132860192102, 34.87590394877269], [135.7223, 34.8746]], [[135.7456, 34.8662], [135.74717516650807, 34.86599543292103], [135.73832931785202, 34.868821190130596], [135.7456, 34.8662]], [[135.86914239836008, 34.61536176973011], [135.87244920634927, 34.610747619047515], [135.8702, 34.6149], [135.86914239836008, 34.61536176973011]], [[135.87298035363455, 34.61000648330061], [135.8732, 34.6097], [135.87406339622643, 34.60944490566037], [135.87298035363455, 34.61000648330061]], [[135.87650504376825, 34.608723509795745], [135.8776, 34.6084], [135.8926, 34.6091], [135.87650504376825, 34.608723509795745]], [[135.89719186002284, 34.62622381133512], [135.8971, 34.6261], [135.8926, 34.6091], [135.89719186002284, 34.62622381133512]], [[135.89856692913386, 34.62807716535434], [135.89978333333335, 34.6292], [135.8994, 34.6292], [135.89856692913386, 34.62807716535434]], [[135.90061754385965, 34.6292], [135.9176, 34.6237], [135.9036, 34.6292], [135.90061754385965, 34.6292]], [[135.94095023041473, 34.63494792626728], [135.9441046357616, 34.63288543046358], [135.9424, 34.6349], [135.94095023041473, 34.63494792626728]], [[135.94526469622332, 34.63151444991789], [135.94614664092663, 34.628897065637126], [135.9457, 34.631], [135.94526469622332, 34.63151444991789]], [[135.9422, 34.6083], [135.93943129760225, 34.59417007052187], [135.9399, 34.5944], [135.9422, 34.6083]], [[135.9498, 34.5594], [135.9706, 34.5591], [135.97104466652183, 34.55930682163806], [135.9498, 34.5594]], [[135.97331678939616, 34.56036362297497], [135.9749, 34.5611], [135.97495391416862, 34.5627929048954], [135.97331678939616, 34.56036362297497]], [[135.97562392638036, 34.58383128834334], [135.97585692567569, 34.59114746621625], [135.9756, 34.5901], [135.97562392638036, 34.58383128834334]], [[135.97644420731706, 34.59354176829268], [135.9794, 34.5992], [135.9769, 34.5954], [135.97644420731706, 34.59354176829268]], [[135.8667, 34.4432], [135.8664603399434, 34.44303427762042], [135.8873, 34.4508], [135.8667, 34.4432]], [[135.9425751263903, 34.42970131445905], [135.9400814159292, 34.430191150442475], [135.9414, 34.4294], [135.9425751263903, 34.42970131445905]], [[135.9481, 34.4359], [135.94399809384166, 34.43006617790812], [135.9453, 34.4304], [135.9481, 34.4359]], [[135.8579, 34.4051], [135.85834660194175, 34.40560485436893], [135.8484, 34.4003], [135.8579, 34.4051]], [[135.8602, 34.4077], [135.86021612903224, 34.40787419354836], [135.8597941176471, 34.40724117647064], [135.8602, 34.4077]], [[135.86968292682928, 34.5487], [135.8707, 34.5487], [135.881, 34.5607], [135.86968292682928, 34.5487]], [[135.8333843059937, 34.48468170347004], [135.8329, 34.4854], [135.83084864864867, 34.486034054054045], [135.8333843059937, 34.48468170347004]], [[136.1047, 34.5441], [136.10698990834632, 34.550272796411846], [136.10698990834632, 34.55027279641185], [136.1047, 34.5441]], [[136.10681360946745, 34.55037988165681], [136.1025, 34.553], [136.09798448275862, 34.55416379310345], [136.10681360946745, 34.55037988165681]], [[135.8685, 34.8891], [135.8692895953757, 34.89304797687853], [135.8688, 34.9027], [135.8685, 34.8891]], [[135.9815, 34.8785], [135.98274444444445, 34.8787], [135.98089393939395, 34.8787], [135.9815, 34.8785]], [[135.9871, 34.8794], [135.98826000000003, 34.881080000000026], [135.9862252240717, 34.87925941101152], [135.9871, 34.8794]], [[135.99, 34.8836], [135.9901469863902, 34.88489021386922], [135.98967592017735, 34.88313064301548], [135.99, 34.8836]], [[135.99331320378676, 34.895348081714026], [135.9928, 34.8948], [135.99267374675082, 34.894328406981025], [135.99331320378676, 34.895348081714026]], [[136.00536118210863, 34.906801597444094], [136.0031, 34.9058], [136.00257486583183, 34.905239177101954], [136.00536118210863, 34.906801597444094]], [[136.0473, 34.9161], [136.04736625766873, 34.91658865030675], [136.04631543248288, 34.91597566894835], [136.0473, 34.9161]], [[136.0499, 34.9393], [136.0501209205021, 34.94034937238499], [136.0439, 34.9285], [136.0499, 34.9393]], [[136.0515, 34.9469], [136.0515581395349, 34.95306279069788], [136.05024999999998, 34.940962499999834], [136.0515, 34.9469]], [[136.0516, 34.9575], [136.05066976744183, 34.9583139534884], [136.0515846625767, 34.95587423312878], [136.0516, 34.9575]], [[136.0492, 34.9596], [136.0478, 34.9593], [136.04954285714288, 34.9593], [136.0492, 34.9596]], [[136.0464, 34.959], [136.04632440944883, 34.95872440944883], [136.04665454545454, 34.95905454545455], [136.0464, 34.959]], [[136.03916619937692, 34.93867679127725], [136.0397, 34.9387], [136.0416, 34.9415], [136.03916619937692, 34.93867679127725]], [[136.03094, 34.941184], [136.0374, 34.9386], [136.03889476861167, 34.93866498993964], [136.03094, 34.941184]], [[136.0193826879271, 34.94618086560365], [136.0194, 34.9458], [136.01992054794522, 34.945591780821914], [136.0193826879271, 34.94618086560365]], [[136.02030714285712, 34.955928571428494], [136.0191, 34.9524], [136.01915, 34.95130000000002], [136.02030714285712, 34.955928571428494]], [[136.0216, 34.9611], [136.0213630014859, 34.96164754829122], [136.02153125, 34.96082500000001], [136.0216, 34.9611]], [[136.0187, 34.9678], [136.0118, 34.9732], [136.01971058079354, 34.96546520989075], [136.0187, 34.9678]], [[135.9979820512821, 34.98225641025642], [135.9942, 34.9815], [135.99402335329341, 34.98105838323353], [135.9979820512821, 34.98225641025642]], [[136.0011, 34.9832], [136.0012772727273, 34.984187662337675], [136.00041109819873, 34.98299151656013], [136.0011, 34.9832]], [[136.0018, 34.9871], [135.9936, 34.9972], [136.00167931034483, 34.98642758620688], [136.0018, 34.9871]], [[135.9817, 35.0357], [135.9832562797203, 35.035449412587404], [135.9694, 35.0428], [135.9817, 35.0357]], [[135.9935, 35.0338], [135.994707660832, 35.034176790179586], [135.9913402239449, 35.03414776055125], [135.9935, 35.0338]], [[136.0652619206085, 35.05365816496316], [136.0644, 35.0538], [136.0619, 35.0495], [136.0652619206085, 35.05365816496316]], [[136.07884754601227, 35.04900797546013], [136.0723, 35.0525], [136.0683652082604, 35.05314749737487], [136.07884754601227, 35.04900797546013]], [[136.07982869420573, 35.048620515663984], [136.07983180945064, 35.04861928543988], [136.0858, 35.071], [136.08555528700907, 35.07267220543807], [136.07982869420573, 35.048620515663984]], [[136.14933801513882, 35.022817409587866], [136.1458, 35.0251], [136.13041740072217, 35.031664548736394], [136.14933801513882, 35.022817409587866]], [[136.2538, 34.9523], [136.2649, 34.9526], [136.2532686956522, 34.952509130434784], [136.2538, 34.9523]], [[136.3411, 34.983], [136.34132788990829, 34.98344944954132], [136.34050947368416, 34.98278842105261], [136.3411, 34.983]], [[136.345, 35.0144], [136.34401428962497, 35.015984177388425], [136.3483, 34.9972], [136.345, 35.0144]], [[135.89063991031392, 34.816477309417046], [135.8806, 34.8138], [135.8895, 34.8159], [135.89063991031392, 34.816477309417046]], [[135.9361, 34.8406], [135.89520399999986, 34.818788799999936], [135.9205, 34.8316], [135.9361, 34.8406]], [[135.9475601594533, 34.85251202733485], [135.9423, 34.8541], [135.9475601594533, 34.852512027334846], [135.9475601594533, 34.85251202733485]], [[136.018, 34.8052], [136.0313, 34.8162], [136.0298, 34.815], [136.018, 34.8052]], [[135.9802, 34.7599], [135.98035357353808, 34.76155091553452], [135.97052087312414, 34.73745115961801], [135.97052208449279, 34.737451226916264], [135.9802, 34.7599]], [[135.9806, 34.7642], [135.9719, 34.7874], [135.98048846153847, 34.763000961538474], [135.9806, 34.7642]], [[135.99043298538626, 34.81677557411275], [135.9812, 34.8129], [135.9658, 34.8045], [135.99043298538626, 34.81677557411275]], [[135.9978167868177, 34.81955324407827], [135.9974, 34.8197], [135.99699606299214, 34.81953044619422], [135.9978167868177, 34.81955324407827]], [[136.0912, 34.9519], [136.1123, 34.9428], [136.1130956, 34.94316096666667], [136.0912, 34.9519]], [[136.11838421052633, 34.9455604288499], [136.1231, 34.9477], [136.12753564356433, 34.95132244224421], [136.11838421052633, 34.9455604288499]], [[136.13227227722777, 34.95519069306934], [136.1351, 34.9575], [136.1362974842767, 34.95944591194964], [136.13227227722777, 34.95519069306934]], [[136.13722342857145, 34.960950571428604], [136.1375, 34.9614], [136.1374, 34.9651], [136.13722342857145, 34.960950571428604]], [[136.05415193519354, 34.98000765076505], [136.0487, 34.9987], [136.053, 34.9817], [136.05415193519354, 34.98000765076505]], [[136.2527, 35.0652], [136.2395, 35.0632], [136.25370514851485, 35.06493940594059], [136.2527, 35.0652]], [[136.2554, 35.0645], [136.25457578947368, 35.06471368421053], [136.2668, 35.0554], [136.2554, 35.0645]], [[136.00927014122394, 35.095000403497], [136.0069, 35.0984], [135.9951, 35.1116], [135.99474242318433, 35.11172098463688], [136.00927014122394, 35.095000403497]], [[136.0168, 35.0842], [136.01651997142858, 35.084601657142834], [136.01683454291694, 35.08329497557576], [136.0168, 35.0842]], [[136.0173, 35.0711], [136.01723875906526, 35.07270451248999], [136.01712363734484, 35.07095849973016], [136.0173, 35.0711]], [[136.00915478312535, 35.06456488413546], [136.0123550000001, 35.06713250000006], [136.0093, 35.0649], [136.00915478312535, 35.06456488413546]], [[136.00735592203898, 35.05783803098449], [136.00841775898522, 35.06286405919667], [136.0067, 35.0589], [136.00735592203898, 35.05783803098449]], [[136.01237047619045, 35.050997142857156], [136.00945765124553, 35.05443523131676], [136.0109, 35.0521], [136.01237047619045, 35.050997142857156]], [[135.8809, 35.2795], [135.8553, 35.2779], [135.883236872489, 35.27876106798767], [135.8809, 35.2795]], [[135.98517555555554, 34.971942222222225], [135.98400447761193, 34.9721223880597], [135.9846, 34.9716], [135.98517555555554, 34.971942222222225]], [[135.97760345679012, 34.97681975308642], [135.977, 34.9774], [135.9753558303887, 34.97720070671378], [135.97760345679012, 34.97681975308642]], [[135.97146779661017, 34.97672942989214], [135.9704, 34.9766], [135.96943544303798, 34.9755746835443], [135.97146779661017, 34.97672942989214]], [[136.0908, 35.0924], [136.0834, 35.0874], [136.0914880733945, 35.09245504587155], [136.0908, 35.0924]], [[136.15254987205006, 35.066417173727594], [136.1527, 35.0668], [136.1417, 35.0797], [136.1482, 35.0716], [136.15254987205006, 35.066417173727594]], [[136.1056, 35.1823], [136.104, 35.193], [136.103258788774, 35.19456794682423], [136.1056, 35.1823]], [[136.0441, 35.1077], [136.0460666666667, 35.106530630630616], [136.0437141689373, 35.10831089918259], [136.0441, 35.1077]], [[136.0478, 35.1055], [136.05135199999995, 35.10471280000001], [136.04731208791208, 35.10579010989011], [136.0478, 35.1055]], [[136.07580000000004, 35.09418571428568], [136.0694, 35.0999], [136.06766653102747, 35.10036225839267], [136.07580000000004, 35.09418571428568]], [[136.134, 35.0984], [136.13423604651163, 35.09782674418603], [136.13499858490567, 35.099097641509445], [136.134, 35.0984]]], [[[134.6408, 34.6853], [134.6391, 34.6832], [134.6359, 34.6854], [134.6368, 34.6872], [134.6408, 34.6853]]], [[[134.7129, 34.6856], [134.7129, 34.6882], [134.7159, 34.6881], [134.7145, 34.6852], [134.7129, 34.6856]]], [[[134.6639, 34.7139], [134.6669, 34.7142], [134.6656, 34.7131], [134.6636, 34.7131], [134.6639, 34.7139]]], [[[134.4959, 34.7422], [134.4928, 34.7393], [134.4923, 34.7412], [134.496, 34.7428], [134.4959, 34.7422]]], [[[134.4995, 34.7475], [134.4975, 34.7483], [134.4992, 34.7503], [134.5005, 34.7494], [134.4995, 34.7475]]], [[[135.1356, 34.1883], [135.1347, 34.1911], [135.1383, 34.1906], [135.1364, 34.1897], [135.1356, 34.1883]]], [[[135.2288, 34.4131], [135.2195, 34.4225], [135.2302, 34.4299], [135.2346, 34.4258], [135.2408, 34.4197], [135.2288, 34.4131]]], [[[135.2302, 34.4299], [135.2414, 34.4369], [135.2474, 34.4321], [135.2511, 34.4292], [135.2394, 34.4214], [135.2302, 34.4299]]], [[[135.3154, 34.4331], [135.3148, 34.4337], [135.3183, 34.4364], [135.3177, 34.4347], [135.3154, 34.4331]]], [[[135.3342, 34.4464], [135.3286, 34.4501], [135.3412, 34.4671], [135.348, 34.4578], [135.3433, 34.4514], [135.3369, 34.4475], [135.3342, 34.4464]]], [[[135.3456, 34.4706], [135.3471, 34.4741], [135.3555, 34.4831], [135.3555, 34.4822], [135.3456, 34.4706]]], [[[135.3888, 34.6053], [135.3957, 34.6019], [135.396, 34.5955], [135.3947, 34.6014], [135.3883, 34.6043], [135.3888, 34.6053]]], [[[135.395, 34.6456], [135.3919, 34.642], [135.3791, 34.6429], [135.3732, 34.6519], [135.3805, 34.6606], [135.3822, 34.66], [135.3911, 34.6597], [135.4022, 34.6561], [135.4017, 34.6522], [135.4039, 34.6544], [135.4055, 34.6533], [135.3983, 34.6469], [135.3975, 34.6444], [135.395, 34.6456]]], [[[135.409, 34.6627], [135.4102, 34.6592], [135.3892, 34.662], [135.387, 34.6643], [135.3884, 34.6679], [135.4029, 34.6732], [135.4068, 34.6713], [135.4105, 34.6665], [135.409, 34.6627]]], [[[135.2208, 34.6686], [135.2314, 34.6708], [135.245, 34.6702], [135.2509, 34.6639], [135.25, 34.6632], [135.244, 34.6692], [135.2345, 34.67], [135.2364, 34.6658], [135.2272, 34.6625], [135.2292, 34.6597], [135.235, 34.6614], [135.2392, 34.6603], [135.2442, 34.652], [135.2403, 34.65], [135.2167, 34.65], [135.202, 34.659], [135.2011, 34.6736], [135.2045, 34.6774], [135.2075, 34.6769], [135.211, 34.6814], [135.2191, 34.6829], [135.2238, 34.6788], [135.2213, 34.6774], [135.219, 34.677], [135.2174, 34.674], [135.222, 34.6738], [135.2294, 34.6764], [135.2319, 34.6736], [135.2214, 34.67], [135.2208, 34.6686]]], [[[135.2406, 34.6861], [135.2365, 34.6841], [135.2272, 34.6831], [135.2267, 34.6842], [135.2406, 34.6861]]], [[[135.2542, 34.6789], [135.2528, 34.6914], [135.2545, 34.6938], [135.2631, 34.6975], [135.2681, 34.6956], [135.2731, 34.6967], [135.2733, 34.6986], [135.2767, 34.6983], [135.2886, 34.6967], [135.2894, 34.6903], [135.2812, 34.6925], [135.2787, 34.6905], [135.2931, 34.6865], [135.2905, 34.6813], [135.2567, 34.6775], [135.2542, 34.6789]]], [[[135.3039, 34.7164], [135.3039, 34.7058], [135.2933, 34.7033], [135.2927, 34.7134], [135.2962, 34.7148], [135.2956, 34.7178], [135.3003, 34.7175], [135.3039, 34.7164]]], [[[135.3228, 34.7152], [135.3067, 34.7125], [135.311, 34.7141], [135.3227, 34.716], [135.3228, 34.7152]]], [[[135.3791, 34.733], [135.3794, 34.7328], [135.3792, 34.7326], [135.3791, 34.733]]], [[[135.4039, 34.5317], [135.4064, 34.5342], [135.4006, 34.5358], [135.4006, 34.5403], [135.405, 34.5472], [135.4044, 34.5522], [135.4067, 34.55], [135.4108, 34.5542], [135.4163, 34.5505], [135.4119, 34.5425], [135.4181, 34.5389], [135.43, 34.5547], [135.4356, 34.5542], [135.4374, 34.5559], [135.4403, 34.5541], [135.4407, 34.5476], [135.4379, 34.5459], [135.4274, 34.53], [135.4214, 34.5243], [135.4169, 34.5239], [135.407, 34.5289], [135.4039, 34.5317]]], [[[135.4432, 34.6328], [135.4435, 34.634], [135.4426, 34.6348], [135.4438, 34.6345], [135.4432, 34.6328]]], [[[135.4533, 34.6446], [135.4514, 34.6444], [135.4538, 34.6465], [135.4561, 34.6464], [135.4533, 34.6446]]]]}}, {"type": "Feature", "properties": {"metro_id": "JPM03", "metro_name": "Nagoya (Chukyo MMA)", "n_members": 85, "n_missing": 2, "n_prefs": 3, "prefs": "Aichi、Gifu、Mie"}, "geometry": {"type": "MultiPolygon", "coordinates": [[[[136.4812, 34.913], [136.4536, 34.9089], [136.4272, 34.9275], [136.4116, 34.9563], [136.4055, 34.9628], [136.4146, 34.9763], [136.4205, 34.9927], [136.4229, 35.0], [136.421, 35.0149], [136.4254, 35.0246], [136.4194, 35.0335], [136.4209, 35.0448], [136.4274, 35.0536], [136.4373, 35.0588], [136.4438, 35.0667], [136.4399, 35.0745], [136.4393, 35.0758], [136.4447, 35.1021], [136.4429, 35.1137], [136.4481, 35.1229], [136.4387, 35.128], [136.446, 35.1359], [136.4477, 35.1465], [136.4577, 35.1492], [136.4572, 35.1598], [136.4399, 35.17], [136.4327, 35.178], [136.422, 35.1795], [136.4155, 35.1924], [136.4189, 35.2034], [136.418, 35.2147], [136.3961, 35.2271], [136.3876, 35.2347], [136.3818, 35.2436], [136.3981, 35.2524], [136.397, 35.2626], [136.399, 35.2912], [136.4043, 35.2967], [136.4098, 35.3022], [136.4154, 35.3126], [136.4154, 35.3233], [136.424, 35.3506], [136.4162, 35.3575], [136.4171, 35.3686], [136.4276, 35.3704], [136.4394, 35.3758], [136.4448, 35.3875], [136.4651, 35.3912], [136.493, 35.4244], [136.5083, 35.4302], [136.5115, 35.4406], [136.5121, 35.4537], [136.5151, 35.4593], [136.5253, 35.4673], [136.5318, 35.4686], [136.5475, 35.4674], [136.5621, 35.458], [136.5907, 35.455], [136.5947, 35.4519], [136.6038, 35.4386], [136.6229, 35.4455], [136.6272, 35.4516], [136.6288, 35.4609], [136.6273, 35.4714], [136.6244, 35.4785], [136.6245, 35.4906], [136.6314, 35.4974], [136.6355, 35.4985], [136.6538, 35.4943], [136.6545, 35.5109], [136.647, 35.5215], [136.646, 35.535], [136.6435, 35.5407], [136.6473, 35.5508], [136.646, 35.5571], [136.6315, 35.569], [136.5883, 35.5752], [136.5695, 35.5857], [136.5677, 35.6154], [136.538, 35.6502], [136.5267, 35.6595], [136.5229, 35.6658], [136.5236, 35.6713], [136.5302, 35.6792], [136.5408, 35.6837], [136.543, 35.687], [136.5415, 35.6941], [136.5376, 35.7002], [136.5368, 35.7059], [136.537, 35.7194], [136.5412, 35.7379], [136.5401, 35.7408], [136.5345, 35.7453], [136.521, 35.7534], [136.5149, 35.7554], [136.516, 35.7587], [136.5158, 35.7693], [136.5231, 35.7783], [136.532, 35.7829], [136.541, 35.7777], [136.5734, 35.7741], [136.5831, 35.7782], [136.5885, 35.7869], [136.5981, 35.7921], [136.6083, 35.7904], [136.6242, 35.7848], [136.6312, 35.7925], [136.6411, 35.7943], [136.6475, 35.8032], [136.6553, 35.7954], [136.6567, 35.7854], [136.6688, 35.7819], [136.6743, 35.772], [136.6852, 35.7651], [136.6888, 35.76], [136.6911, 35.7451], [136.6874, 35.7223], [136.6909, 35.719], [136.703, 35.7141], [136.7003, 35.7098], [136.6985, 35.7021], [136.6968, 35.663], [136.681, 35.6507], [136.679, 35.6323], [136.6772, 35.6269], [136.6723, 35.62], [136.6715, 35.6134], [136.6722, 35.5905], [136.6776, 35.5844], [136.6954, 35.5449], [136.7028, 35.534], [136.7202, 35.5241], [136.7416, 35.5072], [136.7652, 35.4983], [136.7886, 35.4807], [136.7989, 35.4806], [136.8043, 35.4838], [136.8053, 35.4999], [136.8172, 35.5084], [136.8178, 35.5247], [136.8315, 35.5163], [136.8527, 35.5063], [136.854, 35.5007], [136.8502, 35.4942], [136.8478, 35.4801], [136.8433, 35.4715], [136.8436, 35.4665], [136.8586, 35.4618], [136.8796, 35.4591], [136.885, 35.4527], [136.8882, 35.4444], [136.9558, 35.4241], [136.9557, 35.4451], [136.9634, 35.4674], [136.9706, 35.4733], [136.9776, 35.4763], [136.9918, 35.4741], [137.0103, 35.4806], [137.0111, 35.485], [137.0073, 35.4961], [137.0034, 35.5005], [136.9942, 35.5044], [137.0139, 35.518], [137.0168, 35.5225], [137.0185, 35.5305], [137.0217, 35.5346], [137.0508, 35.5476], [137.0673, 35.5439], [137.0878, 35.5452], [137.098, 35.5404], [137.101, 35.5365], [137.1013, 35.5213], [137.1028, 35.5172], [137.1082, 35.5148], [137.1196, 35.5151], [137.1358, 35.5155], [137.1525, 35.525], [137.1679, 35.5275], [137.1812, 35.5373], [137.1924, 35.5488], [137.2154, 35.5428], [137.2262, 35.5453], [137.241, 35.5422], [137.2484, 35.5368], [137.2565, 35.5252], [137.2604, 35.5222], [137.2658, 35.522], [137.272, 35.5253], [137.3182, 35.53], [137.336, 35.5406], [137.3477, 35.5449], [137.354, 35.5339], [137.3552, 35.5157], [137.357, 35.5091], [137.3607, 35.5045], [137.3717, 35.5013], [137.3965, 35.5007], [137.3986, 35.4974], [137.3988, 35.4849], [137.4022, 35.4813], [137.4306, 35.4738], [137.4431, 35.4637], [137.4512, 35.4546], [137.4709, 35.4391], [137.5022, 35.4324], [137.504, 35.4291], [137.5036, 35.4261], [137.4993, 35.4216], [137.4536, 35.4207], [137.4449, 35.4164], [137.4406, 35.4106], [137.4421, 35.4044], [137.4632, 35.3844], [137.472, 35.3723], [137.4885, 35.3594], [137.4971, 35.3592], [137.5175, 35.3679], [137.547, 35.3708], [137.563, 35.3841], [137.5713, 35.3984], [137.5856, 35.3973], [137.6045, 35.3889], [137.594, 35.3865], [137.601, 35.376], [137.6044, 35.3535], [137.6043, 35.3433], [137.6071, 35.3333], [137.5786, 35.3136], [137.5647, 35.3065], [137.5615, 35.2969], [137.5651, 35.2844], [137.5564, 35.258], [137.5491, 35.25], [137.5549, 35.2383], [137.5648, 35.2325], [137.5814, 35.2163], [137.5811, 35.1948], [137.5849, 35.1941], [137.5751, 35.1809], [137.5402, 35.1845], [137.5197, 35.1762], [137.508, 35.18], [137.496, 35.1914], [137.4918, 35.1922], [137.4743, 35.1638], [137.4648, 35.1548], [137.4655, 35.1514], [137.4729, 35.1465], [137.4687, 35.1384], [137.4501, 35.1302], [137.4476, 35.1227], [137.4458, 35.1082], [137.4304, 35.0972], [137.4362, 35.0782], [137.4433, 35.0691], [137.4433, 35.0601], [137.4396, 35.0524], [137.4302, 35.0411], [137.4323, 35.0302], [137.4272, 35.0156], [137.4257, 35.0054], [137.4201, 35.0033], [137.4036, 35.0027], [137.3887, 34.9868], [137.3895, 34.9815], [137.4032, 34.9763], [137.4028, 34.9729], [137.395, 34.9637], [137.3939, 34.9593], [137.3961, 34.9564], [137.4029, 34.9553], [137.4066, 34.9513], [137.4068, 34.9436], [137.4103, 34.9377], [137.4108, 34.9218], [137.4215, 34.9057], [137.4255, 34.8961], [137.4398, 34.8886], [137.4542, 34.8727], [137.4548, 34.8696], [137.4524, 34.8615], [137.4564, 34.8514], [137.443, 34.8423], [137.4184, 34.8359], [137.4184, 34.8337], [137.4225, 34.8288], [137.4341, 34.8224], [137.4343, 34.8153], [137.4296, 34.8098], [137.4185, 34.808], [137.4066, 34.8028], [137.4041, 34.7929], [137.4002, 34.7933], [137.3889, 34.7987], [137.3756, 34.7933], [137.3593, 34.806], [137.3493, 34.8095], [137.3216, 34.8114], [137.317, 34.8164], [137.3116, 34.8313], [137.297, 34.8429], [137.3073, 34.8502], [137.3219, 34.8541], [137.3295, 34.8628], [137.3468, 34.8691], [137.3574, 34.8778], [137.3589, 34.8844], [137.3507, 34.8912], [137.3463, 34.8926], [137.3326, 34.8859], [137.3037, 34.8791], [137.2999, 34.8793], [137.2917, 34.8838], [137.2811, 34.879], [137.2661, 34.8804], [137.2627, 34.8749], [137.2596, 34.8571], [137.2594, 34.8438], [137.2694, 34.8341], [137.2843, 34.8298], [137.2891, 34.8259], [137.2896, 34.8132], [137.2877, 34.8125], [137.2744, 34.811], [137.2615, 34.8047], [137.2549, 34.8061], [137.2515, 34.8051], [137.2488, 34.8091], [137.2492, 34.811], [137.2466, 34.8118], [137.2462, 34.8137], [137.2429, 34.8147], [137.2448, 34.8127], [137.2425, 34.8123], [137.2342, 34.8141], [137.2315, 34.8157], [137.231, 34.8184], [137.2247, 34.8179], [137.2243, 34.8195], [137.216, 34.8232], [137.2231, 34.8161], [137.2208, 34.8143], [137.2174, 34.8167], [137.2159, 34.8159], [137.2191, 34.812], [137.2118, 34.8042], [137.2085, 34.8038], [137.2014, 34.8083], [137.1989, 34.8075], [137.1983, 34.8096], [137.1945, 34.8086], [137.1952, 34.8067], [137.1938, 34.8049], [137.1898, 34.8041], [137.1905, 34.797], [137.1885, 34.7965], [137.1864, 34.7925], [137.1908, 34.7925], [137.1905, 34.7899], [137.1879, 34.7895], [137.1868, 34.7876], [137.1889, 34.7856], [137.1876, 34.7803], [137.1899, 34.7797], [137.1899, 34.7761], [137.1774, 34.7651], [137.1745, 34.7663], [137.1697, 34.7652], [137.1686, 34.7664], [137.1686, 34.7699], [137.1741, 34.7706], [137.1752, 34.7736], [137.174, 34.7753], [137.1773, 34.7783], [137.1777, 34.7812], [137.1757, 34.7845], [137.1713, 34.7873], [137.1669, 34.7847], [137.1711, 34.8017], [137.1657, 34.8163], [137.1821, 34.8178], [137.162, 34.8171], [137.1435, 34.8248], [137.1299, 34.8372], [137.1104, 34.839], [137.10747235738256, 34.84432298657718], [137.0834, 34.8435], [137.062, 34.83], [137.05, 34.813], [137.0392, 34.8197], [137.0302, 34.8209], [137.0215, 34.8268], [136.998, 34.8266], [137.001, 34.8352], [137.0049, 34.8375], [137.0117, 34.8486], [137.0058, 34.8439], [137.0039, 34.8392], [136.9992, 34.8375], [136.9908, 34.8162], [136.9827, 34.8175], [136.9847, 34.8221], [136.9787, 34.824], [136.98, 34.8297], [137.0048, 34.8695], [137.0178, 34.8746], [137.0252, 34.88], [137.0282, 34.8799], [137.0239, 34.8811], [137.0103, 34.8758], [137.0, 34.8694], [136.9975, 34.8639], [136.9889, 34.8517], [136.9846, 34.848], [136.9722, 34.8281], [136.9686, 34.8281], [136.9578, 34.8325], [136.9558, 34.8358], [136.9572, 34.8369], [136.9547, 34.8404], [136.9539, 34.8483], [136.9567, 34.85], [136.9642, 34.85], [136.9656, 34.8472], [136.9669, 34.8492], [136.9647, 34.8528], [136.9569, 34.8531], [136.9553, 34.855], [136.968, 34.8708], [136.9678, 34.8744], [136.9736, 34.8728], [136.9758, 34.8739], [136.9761, 34.8753], [136.9711, 34.8769], [136.9717, 34.8808], [136.9761, 34.8922], [136.9831, 34.8943], [136.9822, 34.8969], [136.9778, 34.8964], [136.9775, 34.9041], [136.9789, 34.9172], [136.9781, 34.9242], [136.9811, 34.9275], [136.9789, 34.9347], [136.9804, 34.9408], [136.9839, 34.9453], [136.9845, 34.9556], [136.9961, 34.9529], [136.9842, 34.9564], [136.9853, 34.9633], [136.9827, 34.9945], [136.9836, 34.9739], [136.9817, 34.9797], [136.9792, 34.9831], [136.9778, 34.9825], [136.9814, 34.9719], [136.9816, 34.9637], [136.981, 34.9542], [136.9783, 34.9441], [136.9764, 34.9431], [136.9764, 34.9383], [136.9733, 34.9376], [136.97115, 34.93812500000001], [136.9761, 34.9364], [136.9736, 34.9192], [136.9689, 34.9156], [136.9727, 34.9126], [136.968, 34.8969], [136.9631, 34.8886], [136.9594, 34.8856], [136.9494, 34.8889], [136.9517, 34.8867], [136.9575, 34.885], [136.9578, 34.8811], [136.9642, 34.8756], [136.9631, 34.8739], [136.9597, 34.8747], [136.9592, 34.8708], [136.9578, 34.8708], [136.9572, 34.8764], [136.9403, 34.8814], [136.9414, 34.8781], [136.9362, 34.8774], [136.935, 34.8746], [136.9417, 34.8761], [136.9456, 34.8736], [136.9461, 34.8709], [136.9453, 34.8678], [136.9397, 34.8613], [136.9247818700114, 34.865936716077535], [136.9281, 34.8645], [136.9285, 34.859], [136.9353, 34.857], [136.935, 34.8483], [136.9296, 34.8478], [136.9288, 34.8527], [136.9261, 34.8511], [136.9273, 34.8465], [136.9308, 34.8456], [136.9314, 34.8433], [136.9297, 34.8386], [136.9297, 34.8303], [136.9275, 34.8292], [136.923, 34.83], [136.9217, 34.8283], [136.9263, 34.8275], [136.9269, 34.8261], [136.9256, 34.8139], [136.90999506769825, 34.814755754352035], [136.922, 34.8136], [136.92, 34.8108], [136.9225, 34.8044], [136.9197, 34.7989], [136.9211, 34.7933], [136.9158, 34.7814], [136.9161, 34.7781], [136.9181, 34.7761], [136.915, 34.7744], [136.9144, 34.7717], [136.9208, 34.765], [136.9261, 34.7642], [136.9278, 34.7569], [136.9364, 34.7525], [136.937, 34.7503], [136.9427, 34.7475], [136.9431, 34.7458], [136.95, 34.7392], [136.9589, 34.7372], [136.9664, 34.7328], [136.968, 34.7269], [136.9706, 34.7247], [136.9664, 34.7222], [136.9642, 34.7231], [136.9646, 34.7195], [136.9628, 34.7206], [136.9625, 34.7194], [136.965, 34.718], [136.9689, 34.7189], [136.9719, 34.7169], [136.9711, 34.7122], [136.9678, 34.7117], [136.9775, 34.7044], [136.9742, 34.7019], [136.9739, 34.6992], [136.9717, 34.6992], [136.9742, 34.6967], [136.972, 34.6951], [136.9656, 34.7008], [136.9489, 34.6994], [136.9394, 34.7022], [136.9392, 34.7036], [136.9411, 34.7044], [136.9353, 34.7078], [136.9342, 34.7069], [136.9353, 34.705], [136.9339, 34.7044], [136.9233, 34.7067], [136.915, 34.7119], [136.9106, 34.7119], [136.9072, 34.7156], [136.9014, 34.7167], [136.9003, 34.7186], [136.8883, 34.7211], [136.88, 34.7275], [136.8724, 34.7306], [136.8624, 34.7411], [136.8579, 34.7457], [136.8654, 34.7372], [136.8614, 34.7378], [136.8558, 34.7461], [136.8511, 34.7486], [136.8445, 34.7564], [136.8414, 34.7653], [136.8442, 34.7678], [136.8553, 34.7919], [136.8586, 34.8067], [136.8617, 34.8129], [136.8656, 34.8253], [136.865, 34.8314], [136.8668, 34.8394], [136.8633, 34.8431], [136.8622, 34.8486], [136.8564, 34.855], [136.8575, 34.8619], [136.8561, 34.8644], [136.8497, 34.8697], [136.8372, 34.8756], [136.8408, 34.8772], [136.8386, 34.8833], [136.8375, 34.8842], [136.8347, 34.8804], [136.8332, 34.8842], [136.8356, 34.8853], [136.8303, 34.8847], [136.8297, 34.8903], [136.8247, 34.8949], [136.8214, 34.9053], [136.8241, 34.9275], [136.8223, 34.934], [136.8256, 34.94], [136.8261, 34.9528], [136.8286, 34.9575], [136.8286, 34.9614], [136.8199, 34.9659], [136.8308, 34.9783], [136.8358, 34.9765], [136.8372, 34.9778], [136.8379, 34.98], [136.8333, 34.9822], [136.8397, 34.9892], [136.8453, 34.9989], [136.8518, 34.9983], [136.8517, 35.0], [136.8547, 35.0025], [136.8445, 35.0039], [136.8442, 35.0072], [136.8478, 35.0078], [136.8489, 35.0103], [136.8536, 35.01], [136.8653, 35.0083], [136.865, 35.0058], [136.8675, 35.005], [136.8711, 35.0122], [136.8929, 34.9981], [136.8887, 35.0016], [136.8724, 35.0121], [136.8524, 35.0153], [136.8556, 35.0228], [136.8586, 35.0244], [136.8581, 35.0258], [136.8622, 35.0311], [136.8625, 35.0336], [136.8689, 35.0414], [136.8961, 35.0425], [136.8892, 35.0433], [136.8889, 35.0453], [136.8817, 35.0447], [136.8792, 35.0472], [136.8862, 35.0651], [136.8875, 35.0653], [136.8872, 35.0594], [136.8897, 35.0589], [136.9011, 35.0657], [136.8929, 35.0612], [136.8936, 35.0667], [136.9097, 35.0683], [136.9081, 35.0692], [136.8828, 35.0689], [136.8731, 35.0497], [136.8646, 35.0502], [136.8694, 35.0613], [136.8672, 35.0639], [136.8694, 35.0681], [136.8733, 35.0719], [136.8848, 35.0713], [136.8851, 35.0747], [136.8868, 35.0742], [136.887, 35.0707], [136.889, 35.0707], [136.8902, 35.0839], [136.8978, 35.0844], [136.8903, 35.0856], [136.8908, 35.091], [136.8926, 35.092], [136.8909, 35.0926], [136.8917, 35.0947], [136.8905, 35.0956], [136.8844, 35.0886], [136.8806, 35.0892], [136.8796, 35.0911], [136.8789, 35.0894], [136.8769, 35.0894], [136.8772, 35.0925], [136.8761, 35.0925], [136.8731, 35.0872], [136.8677, 35.0928], [136.8692, 35.0892], [136.8672, 35.0844], [136.8692, 35.0811], [136.8678, 35.08], [136.8653, 35.0825], [136.8644, 35.0808], [136.8672, 35.0775], [136.8644, 35.0736], [136.8631, 35.0761], [136.8647, 35.0781], [136.8628, 35.0781], [136.8611, 35.0742], [136.8639, 35.0711], [136.8619, 35.0694], [136.8603, 35.0722], [136.8567, 35.0722], [136.8561, 35.0772], [136.855, 35.0769], [136.8553, 35.0689], [136.8586, 35.0697], [136.8603, 35.0675], [136.8593, 35.0604], [136.8578, 35.0579], [136.8553, 35.0586], [136.8518, 35.0436], [136.8483, 35.0461], [136.8464, 35.045], [136.8499, 35.04], [136.8461, 35.0422], [136.8442, 35.0414], [136.8481, 35.0372], [136.8449, 35.0337], [136.8378, 35.0517], [136.8407, 35.0561], [136.8467, 35.0561], [136.847, 35.0591], [136.8428, 35.0594], [136.8492, 35.0781], [136.8436, 35.0875], [136.8381, 35.1028], [136.8376, 35.1164], [136.8358, 35.1161], [136.8354, 35.1115], [136.8344, 35.1135], [136.8337, 35.1125], [136.8389, 35.0817], [136.8272, 35.0822], [136.8227, 35.0776], [136.8208, 35.0808], [136.8228, 35.0811], [136.8256, 35.0853], [136.81, 35.0956], [136.8008, 35.0964], [136.7983, 35.1034], [136.7958, 35.1083], [136.7861, 35.115], [136.7831, 35.115], [136.7941, 35.1058], [136.79263699265556, 35.106521878623894], [136.7969, 35.1035], [136.795, 35.1014], [136.7867, 35.1078], [136.7958, 35.0989], [136.7931, 35.0981], [136.7878, 35.1008], [136.785, 35.0997], [136.8008, 35.0931], [136.8078, 35.0929], [136.80288654822334, 35.09138350253807], [136.8089, 35.0917], [136.8139, 35.0833], [136.8197, 35.08], [136.8236, 35.0756], [136.8236, 35.0717], [136.8211, 35.0717], [136.8195, 35.0697], [136.8197, 35.0644], [136.8216, 35.0644], [136.8236, 35.068], [136.8259, 35.0682], [136.8344, 35.0636], [136.8344, 35.06], [136.8311, 35.0556], [136.8307, 35.0498], [136.8372, 35.0369], [136.8392, 35.0358], [136.8395, 35.0297], [136.8186, 35.0264], [136.8164, 35.0247], [136.812, 35.0253], [136.80892224740174, 35.05007590841603], [136.8017, 35.0482], [136.8006, 35.0286], [136.7869, 35.035], [136.7808, 35.0333], [136.797, 35.0219], [136.7944, 35.0148], [136.7864, 35.0189], [136.7814, 35.0175], [136.7756, 35.0231], [136.7641, 35.0206], [136.7546, 35.0298], [136.7558, 35.0432], [136.7525, 35.0527], [136.752, 35.0591], [136.7393, 35.0784], [136.7339, 35.0823], [136.7208, 35.0828], [136.7172008174387, 35.08428201634877], [136.7173, 35.0842], [136.7312, 35.0363], [136.7365, 35.0294], [136.7342, 35.0271], [136.7269, 35.0251], [136.7224, 35.0305], [136.7158, 35.0266], [136.7105, 35.026], [136.7106, 35.0242], [136.7022, 35.021], [136.6754, 35.0379], [136.6999, 35.0217], [136.6975, 35.0208], [136.6992, 35.0159], [136.6975, 35.0157], [136.7, 35.0067], [136.6939, 35.0056], [136.6917, 35.0106], [136.6928, 35.0056], [136.69, 35.0042], [136.6861, 35.0036], [136.6842, 35.0069], [136.6808, 35.0047], [136.6769, 35.0064], [136.6792, 35.0081], [136.6767, 35.0081], [136.6672, 35.0031], [136.6669, 35.0047], [136.6487, 35.0149], [136.6664, 35.0039], [136.6558, 34.9981], [136.6564, 34.9967], [136.6506, 34.9911], [136.6487, 34.9823], [136.6447, 34.9772], [136.6508, 34.9744], [136.649, 34.9685], [136.6462, 34.9639], [136.6414, 34.9644], [136.6469, 34.9614], [136.6461, 34.9586], [136.6431, 34.9586], [136.6395, 34.9611], [136.6364, 34.9606], [136.6397, 34.9586], [136.6378, 34.9567], [136.6383, 34.9532], [136.6414, 34.9561], [136.6456, 34.9556], [136.6453, 34.9544], [136.6414, 34.9489], [136.6333, 34.9497], [136.6381, 34.9461], [136.6414, 34.9388], [136.6428, 34.9389], [136.6456, 34.9447], [136.6478, 34.9444], [136.6475, 34.9464], [136.6579, 34.9456], [136.6531, 34.9369], [136.6414, 34.9336], [136.6371, 34.9307], [136.6383, 34.9286], [136.6428, 34.9306], [136.6464, 34.9303], [136.6447, 34.9258], [136.6464, 34.9222], [136.6444, 34.9156], [136.6478, 34.9078], [136.6456, 34.9055], [136.6464, 34.9031], [136.6382, 34.8965], [136.6336, 34.8867], [136.6353, 34.8844], [136.6344, 34.8819], [136.6147, 34.8547], [136.6158, 34.8529], [136.5928, 34.8306], [136.5969, 34.8289], [136.5908, 34.8258], [136.577, 34.8106], [136.5552, 34.809], [136.54, 34.8012], [136.522, 34.8009], [136.506, 34.7964], [136.5062, 34.8032], [136.5001, 34.8298], [136.5017, 34.862], [136.498, 34.896], [136.4958, 34.9025], [136.4812, 34.913]], [[136.4139, 35.2877], [136.4148157894737, 35.2877], [136.4043, 35.2967], [136.4139, 35.2877]], [[136.9754, 35.4254], [136.97721618752763, 35.42575488721805], [136.9558, 35.4241], [136.9754, 35.4254]], [[137.37567565632457, 34.88682315035799], [137.3709, 34.8871], [137.3589, 34.8844], [137.37567565632457, 34.88682315035799]], [[136.86198405301414, 34.74985968362551], [136.8613, 34.7494], [136.8579, 34.7457], [136.86198405301414, 34.74985968362551]], [[136.7021, 35.4302], [136.7023872604284, 35.422526042841454], [136.702, 35.4525], [136.7021, 35.4302]], [[136.7028, 35.4115], [136.7071, 35.3973], [136.70274707936082, 35.41291373707529], [136.7028, 35.4115]], [[136.6863, 35.4121], [136.66233173076924, 35.41552403846154], [136.6632, 35.4151], [136.6893, 35.4115], [136.7028, 35.4115], [136.6863, 35.4121]], [[136.70727623707018, 35.38434657534244], [136.7075, 35.3853], [136.7071, 35.3973], [136.70727623707018, 35.38434657534244]], [[136.7518, 35.3541], [136.7632, 35.3592], [136.75102356215214, 35.35399480519481], [136.7518, 35.3541]], [[136.76844174311927, 35.3753614678899], [136.7673, 35.3744], [136.76744261927635, 35.37360300992636], [136.76844174311927, 35.3753614678899]], [[136.78136521739128, 35.38242173913043], [136.773, 35.3792], [136.7721601236476, 35.37849273570325], [136.78136521739128, 35.38242173913043]], [[136.7989, 35.3864], [136.7878, 35.3849], [136.7868398361029, 35.38453020714773], [136.7989, 35.3864]], [[136.81892811791386, 35.381365759637134], [136.81909623491325, 35.41524133502233], [136.8187, 35.4147], [136.8188, 35.3838], [136.81892811791386, 35.381365759637134]], [[136.8621, 35.4209], [136.831, 35.4258], [136.8305324110672, 35.42567411067194], [136.8621, 35.4209]], [[136.8846871485944, 35.26569618473897], [136.8859, 35.267], [136.8888, 35.2771], [136.8846871485944, 35.26569618473897]], [[136.8465, 35.176], [136.8475, 35.1877], [136.8451, 35.1929], [136.842, 35.1969], [136.8317, 35.2026], [136.82381043650082, 35.21640673612358], [136.776, 35.2035], [136.7759, 35.1873], [136.7831, 35.1796], [136.7882, 35.1692], [136.7896, 35.1493], [136.7859035059505, 35.148240495336125], [136.8036, 35.1497], [136.808, 35.1598], [136.813, 35.1836], [136.8445, 35.1701], [136.8295, 35.1447], [136.8455, 35.171], [136.84928843937647, 35.173751258567364], [136.8465, 35.176]], [[136.8163, 35.1222], [136.8242, 35.1303], [136.82468726716337, 35.13162389568918], [136.8163, 35.1222]], [[136.8816619647355, 35.295826700251894], [136.8857, 35.2953], [136.8826, 35.2962], [136.8816619647355, 35.295826700251894]], [[136.81288775771364, 35.14787887103654], [136.82499526430496, 35.13246071811163], [136.82499959400755, 35.13247248183184], [136.8138, 35.1477], [136.81288775771364, 35.14787887103654]], [[136.655, 35.483], [136.65476062445794, 35.48525411968777], [136.654, 35.4778], [136.655, 35.483]], [[136.63663571428572, 35.43524285714281], [136.63711973684215, 35.43717894736863], [136.6366, 35.4356], [136.63663571428572, 35.43524285714281]], [[136.6377, 35.4279], [136.63712249999998, 35.43037500000006], [136.63747669172932, 35.426833082706764], [136.6377, 35.4279]], [[136.7026, 35.2621], [136.7079044811321, 35.27290542452831], [136.7079, 35.2729], [136.7026, 35.2621]], [[136.7121, 35.0885], [136.7079, 35.1121], [136.71, 35.0946], [136.7121, 35.0885]], [[136.68420675777085, 35.23940004739524], [136.6842080801421, 35.239401679394916], [136.67011300931316, 35.24686926658906], [136.6703, 35.2466], [136.68420675777085, 35.23940004739524]], [[136.463, 35.3222], [136.47385551181108, 35.34094199475073], [136.4716, 35.3382], [136.463, 35.3222]], [[136.48877991266374, 35.35234497816594], [136.5073, 35.3517], [136.4902, 35.3527], [136.48877991266374, 35.35234497816594]], [[136.57676044362296, 35.330525323475044], [136.58157287066243, 35.32910347003156], [136.5801, 35.33], [136.57676044362296, 35.330525323475044]], [[136.58326215235797, 35.328075211608194], [136.59, 35.3207], [136.5847, 35.3272], [136.58326215235797, 35.328075211608194]], [[136.63112144432196, 35.26122260198457], [136.6353589205397, 35.262455322338816], [136.6314, 35.2616], [136.63112144432196, 35.26122260198457]], [[136.65118002219756, 35.26705782463929], [136.6527, 35.2675], [136.65335280898879, 35.26824606741574], [136.65118002219756, 35.26705782463929]], [[136.65410408878503, 35.26910467289719], [136.6548, 35.2699], [136.6566557632399, 35.281476427829965], [136.65410408878503, 35.26910467289719]], [[136.65702084592144, 35.28324652567971], [136.65817984718245, 35.28561088825217], [136.6573, 35.2846], [136.65702084592144, 35.28324652567971]], [[136.67199461426492, 35.28874017467249], [136.6765, 35.2867], [136.6739, 35.2885], [136.67199461426492, 35.28874017467249]], [[136.67769759036145, 35.28088313253013], [136.6779, 35.2823], [136.6765, 35.2867], [136.67769759036145, 35.28088313253013]], [[136.6774220556745, 35.27895438972162], [136.6686, 35.2615], [136.677, 35.276], [136.6774220556745, 35.27895438972162]], [[136.6678329601433, 35.25066556202417], [136.6678, 35.2502], [136.6684336088154, 35.24928760330581], [136.6678329601433, 35.25066556202417]], [[136.5119, 35.082], [136.5016, 35.0851], [136.50071858638745, 35.08495706806283], [136.5119, 35.082]], [[136.5674, 35.0546], [136.57125707547175, 35.05341320754716], [136.56047753876933, 35.0580926963482], [136.5674, 35.0546]], [[136.61800000000005, 35.03903076923075], [136.5944, 35.0472], [136.57690344827577, 35.05167586206899], [136.61800000000005, 35.03903076923075]], [[136.62540243161092, 35.03646838905775], [136.6326, 35.0317], [136.6456, 35.021], [136.6282, 35.0355], [136.62540243161092, 35.03646838905775]], [[136.5251978151261, 35.005767899159686], [136.5061, 34.9973], [136.52, 35.0026], [136.5251978151261, 35.005767899159686]], [[136.5548, 35.0309], [136.55604869262055, 35.02670796048808], [136.5563, 35.0271], [136.5548, 35.0309]], [[136.52909376391983, 35.25400445434299], [136.5291, 35.2539], [136.52919545454546, 35.253931818181826], [136.52909376391983, 35.25400445434299]], [[136.57087838709677, 35.07936603686635], [136.5728805882353, 35.0825123529412], [136.5708, 35.0804], [136.57087838709677, 35.07936603686635]], [[136.61626858168762, 35.094835637342904], [136.61650519166918, 35.093061062481155], [136.617, 35.0942], [136.61626858168762, 35.094835637342904]], [[136.57760714285715, 35.139700000000026], [136.5777, 35.1384], [136.5829, 35.1254], [136.57760714285715, 35.139700000000026]], [[136.5799, 35.1492], [136.5773, 35.144], [136.57746883116883, 35.14163636363635], [136.5799, 35.1492]], [[136.60894323144106, 35.23026681222708], [136.6095, 35.2302], [136.61000495049504, 35.230679702970285], [136.60894323144106, 35.23026681222708]], [[136.6155, 35.2359], [136.61962468619245, 35.24539456066942], [136.6177, 35.2427], [136.6155, 35.2359]], [[136.52967158176943, 35.327500268096514], [136.5315, 35.3276], [136.53212199159873, 35.32791559179639], [136.52967158176943, 35.327500268096514]], [[136.52179824561406, 35.32856052631578], [136.526, 35.3273], [136.5271662239929, 35.327363612217795], [136.52179824561406, 35.32856052631578]], [[136.5041574132492, 35.326320031545734], [136.5141522740357, 35.33026537132988], [136.5131, 35.3305], [136.5047, 35.3271], [136.5041574132492, 35.326320031545734]], [[136.5031, 35.3248], [136.5036, 35.3208], [136.5036, 35.325518750000015], [136.5031, 35.3248]], [[136.5102, 35.3076], [136.51317875354107, 35.304837883080104], [136.5085823076923, 35.3108353846154], [136.5102, 35.3076]], [[136.6022, 35.3916], [136.60618001998003, 35.39198361638362], [136.60081271676302, 35.3921549132948], [136.6022, 35.3916]], [[136.6094804878049, 35.39230173376433], [136.6105, 35.3924], [136.61811737718227, 35.39695184734064], [136.6171, 35.3968], [136.6094804878049, 35.39230173376433]], [[136.62437855611148, 35.39748027162259], [136.6238, 35.3978], [136.62092278225808, 35.39737056451613], [136.62437855611148, 35.39748027162259]], [[136.64618269880603, 35.38482227979274], [136.6444, 35.3855], [136.632, 35.3869], [136.64618269880603, 35.38482227979274]], [[136.65835373891, 35.37909847908745], [136.6565, 35.3809], [136.6503025857782, 35.38325604177027], [136.65835373891, 35.37909847908745]], [[136.67497040538376, 35.36818460182663], [136.6733, 35.3701], [136.6636, 35.374], [136.67497040538376, 35.36818460182663]], [[136.6586, 35.3676], [136.6585509214355, 35.36745489815715], [136.6636, 35.374], [136.6586, 35.3676]], [[136.6559, 35.3477], [136.6565711087793, 35.36160153899967], [136.6563, 35.3608], [136.6559, 35.3477]], [[136.63840714285715, 35.417528571428534], [136.6389, 35.4126], [136.644, 35.3964], [136.63840714285715, 35.417528571428534]], [[136.7065139275766, 35.126277437325875], [136.70822, 35.12816], [136.7069, 35.1275], [136.7065139275766, 35.126277437325875]], [[136.7101, 35.1291], [136.70945274261604, 35.128776371308014], [136.72926506307462, 35.12805918323712], [136.7257, 35.1289], [136.7101, 35.1291]], [[136.73515846153848, 35.126669230769224], [136.73652105263156, 35.126243421052635], [136.7363, 35.1264], [136.73515846153848, 35.126669230769224]], [[136.75077493163172, 35.10868505013672], [136.7509, 35.1085], [136.75102727272727, 35.1085], [136.75077493163172, 35.10868505013672]], [[136.7517111111111, 35.1085], [136.754, 35.1085], [136.7624, 35.1137], [136.7517111111111, 35.1085]], [[136.7627, 35.1163], [136.7625, 35.1354], [136.7624, 35.1137], [136.7627, 35.1163]], [[136.80816954038326, 35.05613519991459], [136.808, 35.0575], [136.7955, 35.0689], [136.80816954038326, 35.05613519991459]], [[136.8164822759022, 35.27295142607683], [136.8151, 35.2726], [136.8054, 35.2648], [136.8164822759022, 35.27295142607683]], [[136.82128053633218, 35.27378592128028], [136.821, 35.2741], [136.81961580698837, 35.27374808652246], [136.82128053633218, 35.27378592128028]], [[136.853, 35.2204], [136.8554, 35.2224], [136.8576, 35.2285], [136.853, 35.2352], [136.8438, 35.2429], [136.8399, 35.2482], [136.8372, 35.2442], [136.8372, 35.2323], [136.8449, 35.2221], [136.853, 35.2204]], [[136.7216, 35.147], [136.72324359673024, 35.14660326975477], [136.72138358381503, 35.147553063583814], [136.7216, 35.147]], [[136.7207, 35.1493], [136.7210633027523, 35.14837155963302], [136.7231, 35.1555], [136.7207, 35.1493]], [[136.72318026927394, 35.18562800128226], [136.7217, 35.1849], [136.7144, 35.1727], [136.71463781524076, 35.17222983653551], [136.72318026927394, 35.18562800128226]], [[136.7278, 35.1879], [136.7267308423913, 35.18737418478261], [136.72852686397266, 35.18784860557769], [136.7278, 35.1879]], [[136.7561915557177, 35.1772968265548], [136.7466, 35.179], [136.7553, 35.1767], [136.7561915557177, 35.1772968265548]], [[136.7199938635323, 35.23180560983056], [136.7243, 35.2183], [136.7203, 35.2318], [136.7199938635323, 35.23180560983056]], [[136.8245, 35.3553], [136.8107, 35.3571], [136.8323, 35.3541], [136.8245, 35.3553]], [[136.841, 35.3562], [136.84110154305625, 35.35624091587855], [136.8323, 35.3541], [136.841, 35.3562]], [[136.8489, 35.339], [136.8448, 35.3552], [136.84890238955265, 35.33860811336488], [136.8489, 35.339]], [[136.8817, 35.2993], [136.8775, 35.3027], [136.88183453169347, 35.29883661305583], [136.8817, 35.2993]], [[136.8754, 35.2595], [136.8819, 35.2627], [136.8833736842105, 35.264284210526306], [136.8754, 35.2595]], [[136.84966182707993, 35.27046101141922], [136.8495, 35.2686], [136.8533, 35.2592], [136.84966182707993, 35.27046101141922]], [[136.85341996466434, 35.2792530035336], [136.8501, 35.2755], [136.8499310237849, 35.27355677352637], [136.85341996466434, 35.2792530035336]], [[136.865, 35.2847], [136.8547, 35.2807], [136.85440383561644, 35.28036520547945], [136.865, 35.2847]], [[136.78115375216709, 35.36731145876331], [136.809, 35.3637], [136.7816, 35.3674], [136.78115375216709, 35.36731145876331]], [[136.8193, 35.3743], [136.8249, 35.3674], [136.81925193945128, 35.37521315042576], [136.8193, 35.3743]], [[136.92668196286473, 34.97225994694961], [136.9403, 34.982], [136.9279, 34.974], [136.92668196286473, 34.97225994694961]], [[136.8795989228296, 34.9437408199357], [136.8802, 34.944], [136.8925, 34.9546], [136.8795989228296, 34.9437408199357]], [[136.8892058005562, 34.930096662693686], [136.8894, 34.9305], [136.8847, 34.9393], [136.8892058005562, 34.930096662693686]], [[136.88293110667996, 34.92194536390827], [136.8868, 34.9251], [136.88848900979323, 34.92860794341674], [136.88293110667996, 34.92194536390827]], [[136.8733, 34.9104], [136.8785, 34.9151], [136.879585805033, 34.917935157586136], [136.8733, 34.9104]], [[136.8797, 34.8778], [136.8816730675345, 34.874756794141724], [136.8780011742603, 34.88270342883963], [136.8797, 34.8778]], [[136.8914129032258, 34.85829354838708], [136.8916, 34.8587], [136.8914552529183, 34.858928793774325], [136.8914129032258, 34.85829354838708]], [[136.8858, 34.8218], [136.88612493631476, 34.82138570619868], [136.8845, 34.8319], [136.8858, 34.8218]], [[136.8613750491159, 34.933189194499015], [136.86019445955972, 34.93306156319564], [136.861, 34.9329], [136.8613750491159, 34.933189194499015]], [[136.9159, 35.2589], [136.9086, 35.2566], [136.9166340202177, 35.25886842923794], [136.9159, 35.2589]], [[136.99292301013017, 35.42883907380606], [136.9902158415853, 35.42829504950518], [136.9928, 35.4288], [136.99292301013017, 35.42883907380606]], [[137.04210188346087, 35.36429064155386], [137.0117, 35.3782], [137.0408, 35.3646], [137.04210188346087, 35.36429064155386]], [[137.0663, 35.3333], [137.0502, 35.3352], [137.0487, 35.3456], [137.0502, 35.3345], [137.0663, 35.3333]], [[137.10020638297874, 35.2886], [137.0996, 35.2871], [137.1015, 35.2886], [137.10020638297874, 35.2886]], [[137.0559, 35.2559], [137.0642, 35.2588], [137.05434987629886, 35.25577669470559], [137.0559, 35.2559]], [[137.0471, 35.2552], [137.05309631675874, 35.25567697974217], [137.0394750926612, 35.25536456634544], [137.0471, 35.2552]], [[137.01058580204779, 35.21239658703074], [137.0138, 35.2182], [137.0106, 35.213], [137.01058580204779, 35.21239658703074]], [[137.01106022099447, 35.20357569060774], [137.0105022459893, 35.20884545454538], [137.0104, 35.2045], [137.01106022099447, 35.20357569060774]], [[137.01914608590928, 35.19334580489762], [137.01292564102565, 35.2009641025641], [137.0179, 35.194], [137.01914608590928, 35.19334580489762]], [[137.02814563380284, 35.193189859154934], [137.02094206690956, 35.192402914872474], [137.0219, 35.1919], [137.02814563380284, 35.193189859154934]], [[137.034, 35.1918], [137.0319, 35.1936], [137.03136711793803, 35.19354178599323], [137.03405863746957, 35.1909399837794], [137.034, 35.1918]], [[137.0268, 35.1428], [137.026, 35.1504], [137.02644541963795, 35.14166977509597], [137.0268, 35.1428]], [[137.0252, 35.1377], [137.02577938718665, 35.139546796657406], [137.0226, 35.1349], [137.0252, 35.1377]], [[137.0105, 35.12482857142855], [137.0105, 35.12579310344829], [137.0103, 35.1254], [137.0105, 35.12482857142855]], [[137.01504465061194, 35.113681721279086], [137.01213076923074, 35.120169230769314], [137.0138, 35.1154], [137.01504465061194, 35.113681721279086]], [[137.0206, 35.0877], [137.0251, 35.0998], [137.01999837144834, 35.086782051282], [137.0206, 35.0877]], [[137.02194065934066, 34.99257755102047], [137.0226, 34.9987], [137.0218, 34.9931], [137.02194065934066, 34.99257755102047]], [[137.0307, 34.9837], [137.03182060761347, 34.983113836017566], [137.0220888835878, 34.992027003816766], [137.0225, 34.9905], [137.0307, 34.9837]], [[137.063, 34.9741], [137.06, 34.9768], [137.06411780821915, 34.971538356164416], [137.063, 34.9741]], [[137.0654, 34.9686], [137.06512426920463, 34.96923188307274], [137.0628, 34.9636], [137.0654, 34.9686]], [[137.0399, 34.95], [137.04808263874773, 34.95651091685303], [137.0469, 34.9561], [137.0399, 34.95]], [[137.0336, 34.9247], [137.0332743844945, 34.925060502881095], [137.0323, 34.9201], [137.0336, 34.9247]], [[137.0206, 34.9022], [137.02047858805275, 34.90149581070595], [137.0323, 34.9201], [137.0206, 34.9022]], [[137.0231545454546, 34.89217272727266], [137.02028481848185, 34.90037194719473], [137.0201, 34.8993], [137.0231545454546, 34.89217272727266]], [[137.0257, 34.88791481481482], [137.02466818181819, 34.88864090909091], [137.0249, 34.8881], [137.0257, 34.88791481481482]], [[136.8897, 34.9119], [136.8934, 34.9106], [136.89423878902554, 34.910629139072846], [136.8897, 34.9119]], [[136.90167350993391, 34.91088741721855], [136.9337, 34.912], [136.93457417218542, 34.91271523178808], [136.90167350993391, 34.91088741721855]], [[136.9361898488121, 34.91403714902808], [136.937, 34.9147], [136.9365686577653, 34.91925305692203], [136.9361898488121, 34.91403714902808]], [[136.9101, 34.8705], [136.90203278819305, 34.8713415436777], [136.913181568403, 34.8695422152261], [136.9101, 34.8705]], [[137.00355333333331, 34.94630666666667], [137.0039, 34.946], [137.00435808383233, 34.946010179640716], [137.00355333333331, 34.94630666666667]], [[136.9514, 35.2122], [136.9607, 35.2152], [136.95078399491902, 35.2126291838679], [136.9514, 35.2122]], [[137.01887896063457, 35.24755413299725], [137.03267479552662, 35.255208596227675], [137.0323, 35.2552], [137.0203, 35.2487], [137.01887896063457, 35.24755413299725]], [[136.997691943128, 35.01713886255929], [136.99415099793524, 35.01097625602193], [136.9966, 35.0145], [136.997691943128, 35.01713886255929]], [[137.0005, 35.035], [137.00058492012778, 35.02413022364217], [137.0014, 35.0261], [137.0005, 35.035]], [[136.9652569049951, 35.043429480901075], [136.9663, 35.0432], [136.96824677419352, 35.04377258064516], [136.9652569049951, 35.043429480901075]], [[136.97375078125003, 35.04539140625001], [136.9765, 35.0462], [136.9828, 35.0498], [136.97375078125003, 35.04539140625001]], [[136.99762822580644, 35.068447580645156], [136.9972, 35.0684], [136.99691160896128, 35.06802749490834], [136.99762822580644, 35.068447580645156]], [[136.9252, 35.2585], [136.93690585825482, 35.24922535845965], [136.9363, 35.2502], [136.9252, 35.2585]], [[136.93822682119205, 35.24710033112584], [136.93826301579216, 35.24561635252162], [136.9386, 35.2465], [136.93822682119205, 35.24710033112584]], [[136.9318, 35.2612], [136.93569500000004, 35.265146250000036], [136.92879333333332, 35.25996999999999], [136.9318, 35.2612]], [[136.94764961606614, 35.28007471943296], [136.947, 35.2796], [136.9459, 35.2728], [136.94764961606614, 35.28007471943296]], [[136.95052704816797, 35.281366611774395], [136.9496, 35.2815], [136.9488597539543, 35.28095905096661], [136.95052704816797, 35.281366611774395]], [[137.0343, 35.1874], [137.05870615595077, 35.18857975376197], [137.0482, 35.189], [137.0343, 35.1874]], [[137.0736724267468, 35.53199774605559], [137.0684, 35.5206], [137.072, 35.5262], [137.0736724267468, 35.53199774605559]], [[137.04765274949082, 35.498013238289204], [137.054, 35.5085], [137.0504, 35.5038], [137.0477, 35.4991], [137.04765274949082, 35.498013238289204]], [[137.04755069444445, 35.49566597222221], [137.0475, 35.4945], [137.04807885462554, 35.493985462555074], [137.04755069444445, 35.49566597222221]], [[137.0584, 35.4838], [137.0571227393617, 35.48502717198583], [137.0628, 35.4716], [137.06376620498614, 35.47075457063713], [137.0584, 35.4838]], [[137.0654, 35.469325], [137.066, 35.4688], [137.0667097142857, 35.468915714285714], [137.0654, 35.469325]], [[137.08673812709029, 35.449792307692285], [137.0793, 35.4391], [137.0853, 35.4471], [137.08673812709029, 35.449792307692285]], [[137.0736104158256, 35.43566818732337], [137.0747, 35.4357], [137.0793, 35.4391], [137.0736104158256, 35.43566818732337]], [[137.0744439204127, 35.53712719233601], [137.07486118980168, 35.536118791312575], [137.075, 35.5366], [137.0744439204127, 35.53712719233601]], [[137.0921, 35.0088], [137.1083, 35.0029], [137.1031, 35.0052], [137.0921, 35.0088]], [[137.36682908680947, 35.00951409244645], [137.36872459016396, 35.00880327868852], [137.3677, 35.0095], [137.36682908680947, 35.00951409244645]], [[137.1952, 34.8229], [137.19522836990595, 34.823351892073454], [137.1939644085461, 34.822418968212595], [137.1952, 34.8229]], [[137.3785811023622, 34.88618346456694], [137.3778, 34.8867], [137.37747938044532, 34.886718586640846], [137.3785811023622, 34.88618346456694]], [[137.3876, 34.8791], [137.38929268292682, 34.8791], [137.3855828750982, 34.88155326001571], [137.3876, 34.8791]], [[137.392, 34.8791], [137.39221152073733, 34.879421947004616], [137.39150909090907, 34.8791], [137.392, 34.8791]], [[137.0734, 34.8876], [137.07428478676005, 34.88761273074475], [137.0703, 34.8897], [137.0734, 34.8876]], [[137.1099, 34.884], [137.11032368421053, 34.8832585526316], [137.1107, 34.8969], [137.1099, 34.884]], [[137.1115, 34.8812], [137.1127128686327, 34.881555495978546], [137.11094285714287, 34.88217499999999], [137.1115, 34.8812]], [[137.1289, 34.8863], [137.1191, 34.8838], [137.11781683168317, 34.88305148514851], [137.1289, 34.8863]], [[137.1364, 34.8816], [137.1403991816694, 34.886898915711946], [137.14039918166938, 34.886898915711946], [137.1364, 34.8816]], [[137.1178, 34.8615], [137.1182, 34.8594], [137.1182, 34.86182000000001], [137.1178, 34.8615]], [[137.1249955520254, 34.856141858617946], [137.1246, 34.8569], [137.1182, 34.8594], [137.1249955520254, 34.856141858617946]], [[137.12533804277382, 34.8536865845755], [137.1258, 34.8546], [137.1254534759358, 34.855264171123], [137.12533804277382, 34.8536865845755]], [[137.11473262486712, 34.84457120085016], [137.116, 34.8445], [137.11650886075952, 34.84463192686358], [137.11473262486712, 34.84457120085016]], [[137.16798320146074, 34.9019273889227], [137.1726, 34.9041], [137.1684, 34.9025], [137.16798320146074, 34.9019273889227]], [[137.2030895957266, 34.896138375622186], [137.2039394033838, 34.89406927871773], [137.2036, 34.8959], [137.2030895957266, 34.896138375622186]], [[137.1066, 34.9777], [137.107099831848, 34.97703125945853], [137.1072140969163, 34.97844052863439], [137.1066, 34.9777]], [[137.1211, 34.9583], [137.113, 34.9705], [137.1100022756005, 34.97314798988624], [137.1211, 34.9583]], [[137.0679, 35.1148], [137.06715966587112, 35.11435894988067], [137.0801, 35.1163], [137.08045033557045, 35.11651140939597], [137.0679, 35.1148]], [[137.0824788018433, 35.11773548387096], [137.0859, 35.1198], [137.0896, 35.1236], [137.0824788018433, 35.11773548387096]], [[137.17574801830514, 35.27112209691918], [137.17575102496843, 35.27111869231516], [137.1858, 35.2748], [137.18662044784912, 35.276125338833225], [137.17574801830514, 35.27112209691918]], [[137.1871, 35.2769], [137.18696601409556, 35.27708167580263], [137.1869821875, 35.27670968750003], [137.1871, 35.2769]], [[137.1783, 35.3907], [137.17953151440832, 35.391078356836296], [137.17739532710283, 35.39088847352025], [137.1783, 35.3907]], [[137.28652413793102, 35.31022758620693], [137.2865, 35.311], [137.28620892857143, 35.3111732142857], [137.28652413793102, 35.31022758620693]], [[137.28301159874607, 35.29851912225701], [137.2867, 35.3046], [137.28664186471664, 35.30646032906765], [137.28301159874607, 35.29851912225701]], [[137.0732, 35.188], [137.07139702602228, 35.18807211895911], [137.07503636363643, 35.187227272727256], [137.0732, 35.188]], [[137.1744, 35.2059], [137.1715769230769, 35.20307692307692], [137.1721, 35.2032], [137.1744, 35.2059]], [[137.05309206349207, 35.159627178490446], [137.05429142273655, 35.159529271613344], [137.0534, 35.1598], [137.05309206349207, 35.159627178490446]], [[137.06095628019324, 35.24497053140097], [137.0664, 35.239], [137.062, 35.2442], [137.06095628019324, 35.24497053140097]], [[137.0668189539099, 35.2354807871569], [137.067, 35.2358], [137.0664, 35.239], [137.0668189539099, 35.2354807871569]], [[137.0619, 35.4081], [137.061708806489, 35.4079292004635], [137.06291538461537, 35.40801538461538], [137.0619, 35.4081]], [[137.0667, 35.4077], [137.06607860780983, 35.40775178268251], [137.0726, 35.4027], [137.0667, 35.4077]], [[137.09640353102503, 35.36579403496743], [137.09458592964825, 35.3664703517588], [137.0953, 35.3658], [137.09640353102503, 35.36579403496743]], [[137.2287, 35.4678], [137.22727365924845, 35.467492666909884], [137.22947883674578, 35.467420366008334], [137.2287, 35.4678]], [[137.3403, 35.4305], [137.3371, 35.4341], [137.3353126789366, 35.43504069529652], [137.3403, 35.4305]], [[137.35019406631764, 35.41739773123907], [137.3494, 35.4187], [137.3424, 35.4238], [137.35019406631764, 35.41739773123907]], [[137.35190657894736, 35.41358026315786], [137.3519, 35.4146], [137.35116470588233, 35.41580588235298], [137.35190657894736, 35.41358026315786]], [[137.3375, 35.3216], [137.3248, 35.3236], [137.32422346368716, 35.323401815642455], [137.3375, 35.3216]], [[137.34327109067019, 35.31447174770039], [137.3435, 35.315], [137.3428, 35.3189], [137.34327109067019, 35.31447174770039]], [[137.3333, 35.3039], [137.3422, 35.312], [137.34303509933775, 35.31392715231788], [137.3333, 35.3039]], [[137.2106, 35.4639], [137.1843, 35.4678], [137.18327994215878, 35.46739772366825], [137.2106, 35.4639]], [[137.11998564356435, 35.456061386138614], [137.1273, 35.4506], [137.1204, 35.456], [137.11998564356435, 35.456061386138614]], [[137.172, 35.4553], [137.1742225742574, 35.461774455445536], [137.1736, 35.4611], [137.172, 35.4553]], [[137.17473379310346, 35.46232827586209], [137.1794224789916, 35.465876470588235], [137.1772, 35.465], [137.17473379310346, 35.46232827586209]], [[137.1186, 35.4287], [137.11863253875646, 35.42818751458576], [137.1264, 35.4429], [137.1186, 35.4287]], [[137.119, 35.4224], [137.1196429344558, 35.421919783523755], [137.11889806949807, 35.4240054054054], [137.119, 35.4224]]], [[[136.6637, 34.9962], [136.6616, 34.9936], [136.6665, 34.9908], [136.678, 34.9867], [136.6716, 34.9813], [136.6656, 34.9725], [136.6504, 34.9767], [136.6519, 34.9922], [136.6628, 34.9984], [136.6637, 34.9962]]], [[[136.804, 35.0078], [136.8092, 35.0131], [136.8158, 35.0164], [136.8214, 35.0172], [136.8213, 35.007], [136.815, 35.0006], [136.804, 35.0078]]], [[[136.8461, 35.0739], [136.8447, 35.0681], [136.8439, 35.0714], [136.8452, 35.0747], [136.8461, 35.0739]]], [[[136.8221, 35.078], [136.8221, 35.0783], [136.8225, 35.0778], [136.8221, 35.078]]], [[[136.8425, 35.0704], [136.8422, 35.0808], [136.8367, 35.1042], [136.8447, 35.0767], [136.8433, 35.0766], [136.8425, 35.0704]]], [[[136.7949, 35.1053], [136.7941, 35.1058], [136.7947, 35.1056], [136.7949, 35.1053]]], [[[137.0067, 34.6585], [137.0086, 34.6597], [137.0093, 34.6576], [137.0074, 34.6565], [137.0067, 34.6585]]], [[[136.9508, 34.6711], [136.952, 34.6706], [136.9511, 34.6686], [136.9497, 34.67], [136.9508, 34.6711]]], [[[137.0014, 34.6703], [136.9986, 34.67], [136.9981, 34.6728], [136.9997, 34.6725], [137.0014, 34.6756], [137.0003, 34.6778], [137.0067, 34.679], [137.002, 34.6806], [137.0019, 34.6825], [137.0058, 34.6809], [137.0052, 34.6826], [137.0071, 34.683], [137.0081, 34.6861], [137.0106, 34.6833], [137.0103, 34.6792], [137.0094, 34.6769], [137.0047, 34.6742], [137.0065, 34.6685], [137.005, 34.6661], [137.0019, 34.6669], [137.0014, 34.6703]]], [[[136.9996, 34.679], [136.9982, 34.6789], [136.9978, 34.6809], [136.999, 34.6816], [136.9996, 34.679]]], [[[137.0084, 34.6927], [137.0084, 34.6908], [137.0074, 34.6905], [137.006, 34.6914], [137.0084, 34.6927]]], [[[136.9958, 34.705], [136.9981, 34.7067], [136.9997, 34.7067], [136.9986, 34.7047], [137.0012, 34.7053], [137.0021, 34.7079], [137.0111, 34.7075], [137.0122, 34.7064], [137.0106, 34.7033], [136.9992, 34.7], [136.9969, 34.7025], [136.9975, 34.7047], [136.9958, 34.705]]], [[[137.2287, 34.787], [137.2347, 34.7902], [137.2362, 34.7894], [137.2346, 34.7867], [137.23, 34.786], [137.2287, 34.787]]], [[[137.2326, 34.8107], [137.2313, 34.8096], [137.2315, 34.8117], [137.2319, 34.8118], [137.2326, 34.8107]]]]}}, {"type": "Feature", "properties": {"metro_id": "JPM04", "metro_name": "Kitakyushu-Fukuoka MMA", "n_members": 64, "n_missing": 1, "n_prefs": 3, "prefs": "Fukuoka、Saga、Yamaguchi"}, "geometry": {"type": "MultiPolygon", "coordinates": [[[[130.4187, 33.0943], [130.4088, 33.0877], [130.3887, 33.0942], [130.3873, 33.0962], [130.396, 33.1046], [130.3969, 33.1075], [130.3866, 33.1118], [130.3714, 33.1211], [130.3764, 33.1287], [130.3729, 33.1383], [130.3803, 33.1408], [130.3833, 33.1453], [130.3797, 33.1425], [130.3664, 33.1389], [130.3621, 33.1442], [130.3614, 33.1483], [130.3541, 33.1469], [130.3582, 33.1694], [130.3628, 33.1993], [130.375, 33.2164], [130.3796, 33.2256], [130.3927, 33.2436], [130.4197, 33.2614], [130.42449466294931, 33.26330223040924], [130.4178, 33.2661], [130.4135, 33.2828], [130.404, 33.2825], [130.4014, 33.2843], [130.3968, 33.3025], [130.3906, 33.3105], [130.3905, 33.3195], [130.3925, 33.3296], [130.3839, 33.3561], [130.3836, 33.3693], [130.3755, 33.3754], [130.371, 33.3855], [130.3752, 33.3912], [130.3844, 33.3941], [130.3878, 33.3982], [130.3865, 33.4079], [130.3818, 33.4153], [130.3837, 33.4229], [130.38668974358973, 33.424394871794874], [130.3705, 33.4317], [130.36, 33.4309], [130.3515, 33.4372], [130.342, 33.4411], [130.3326, 33.4492], [130.3222, 33.4553], [130.3123, 33.4588], [130.3004, 33.4592], [130.2932, 33.4664], [130.2736, 33.4766], [130.2703, 33.476], [130.2714, 33.4893], [130.2742, 33.4968], [130.2878, 33.5069], [130.2907, 33.5116], [130.2882, 33.5223], [130.2875, 33.5362], [130.2849, 33.5386], [130.2719, 33.5437], [130.2639, 33.5521], [130.2578, 33.5559], [130.2534, 33.5567], [130.2452, 33.5541], [130.2422, 33.5548], [130.2365, 33.5741], [130.2338, 33.5755], [130.224, 33.5758], [130.2207, 33.5778], [130.2171, 33.5843], [130.2158, 33.6008], [130.2105, 33.6129], [130.2096, 33.6259], [130.1991, 33.6405], [130.2009, 33.6425], [130.2006, 33.6457], [130.2056, 33.6462], [130.2077, 33.6482], [130.2071, 33.6503], [130.209, 33.6534], [130.2068, 33.6563], [130.2072, 33.6664], [130.2114, 33.6671], [130.2146, 33.6637], [130.2304, 33.6559], [130.2333, 33.6509], [130.2372, 33.6494], [130.2372, 33.6456], [130.2331, 33.6408], [130.23, 33.6417], [130.2293, 33.6382], [130.2259, 33.637], [130.2245, 33.6334], [130.2303, 33.6256], [130.2297, 33.6228], [130.2331, 33.6162], [130.2367, 33.6135], [130.2446, 33.6117], [130.2603, 33.6103], [130.2703, 33.613], [130.2752, 33.6098], [130.2756, 33.6043], [130.2697, 33.5958], [130.2653, 33.5969], [130.2621, 33.6022], [130.2514, 33.6006], [130.2453, 33.5956], [130.2521, 33.5966], [130.2589, 33.5919], [130.2617, 33.5942], [130.2647, 33.5942], [130.2655, 33.5894], [130.2689, 33.5853], [130.2799, 33.5803], [130.285, 33.5814], [130.2873, 33.5835], [130.2929, 33.5804], [130.3049, 33.5836], [130.3114, 33.5884], [130.3109, 33.5919], [130.3131, 33.5932], [130.3101, 33.594], [130.3131, 33.5979], [130.3235, 33.5988], [130.3244, 33.5934], [130.327, 33.595], [130.3275, 33.5986], [130.3397, 33.5958], [130.3414, 33.5942], [130.3425, 33.5878], [130.3414, 33.5853], [130.3425, 33.5847], [130.3467, 33.5952], [130.349, 33.5941], [130.351, 33.5962], [130.3586, 33.5959], [130.3626, 33.5979], [130.3638, 33.6006], [130.3711, 33.6009], [130.3728, 33.6023], [130.3727, 33.6048], [130.3748, 33.6057], [130.3777, 33.6052], [130.3832, 33.6004], [130.3836, 33.5972], [130.381, 33.5963], [130.3808, 33.5941], [130.3847, 33.5964], [130.3859, 33.5953], [130.3879, 33.5968], [130.3907, 33.5963], [130.391, 33.5984], [130.3849, 33.5993], [130.3847, 33.6008], [130.3875, 33.6026], [130.385, 33.6075], [130.3903, 33.6095], [130.3942, 33.603], [130.3981, 33.6059], [130.4003, 33.6041], [130.4022, 33.6049], [130.4019, 33.6064], [130.3958, 33.6093], [130.3958, 33.6116], [130.3991, 33.6132], [130.4058, 33.6087], [130.4064, 33.6104], [130.399, 33.6157], [130.4017, 33.619], [130.4115, 33.6191], [130.4026, 33.6236], [130.4049, 33.629], [130.4089, 33.6323], [130.404, 33.6344], [130.4073, 33.6417], [130.413, 33.6437], [130.4205, 33.6421], [130.4267, 33.6389], [130.43, 33.6336], [130.4356, 33.635], [130.4216, 33.6429], [130.4206, 33.6483], [130.4161, 33.6492], [130.4106, 33.6478], [130.4053, 33.6514], [130.4086, 33.6547], [130.4106, 33.6542], [130.4142, 33.6569], [130.4181, 33.6564], [130.4228, 33.6604], [130.4328, 33.659], [130.435, 33.6632], [130.4332, 33.6667], [130.4302, 33.6662], [130.4302, 33.6687], [130.4258, 33.6752], [130.4323, 33.6796], [130.4305, 33.6862], [130.4193, 33.6864], [130.4148, 33.6839], [130.4073, 33.6831], [130.4032, 33.6799], [130.4057, 33.6747], [130.3978, 33.6709], [130.3696, 33.6654], [130.3663, 33.661], [130.3618, 33.6594], [130.3602, 33.6568], [130.3597, 33.6486], [130.3617, 33.6443], [130.3562, 33.6433], [130.3502, 33.6478], [130.3401, 33.6517], [130.334, 33.6492], [130.3247, 33.6594], [130.3197, 33.6594], [130.314, 33.6621], [130.3092, 33.6586], [130.2986, 33.6602], [130.2894, 33.6697], [130.2892, 33.6769], [130.2856, 33.6797], [130.2895, 33.6844], [130.2899, 33.6875], [130.3002, 33.6892], [130.3042, 33.6878], [130.3072, 33.6844], [130.3067, 33.6828], [130.3111, 33.6781], [130.3139, 33.6686], [130.3158, 33.6667], [130.3147, 33.6653], [130.3173, 33.6618], [130.3315, 33.6599], [130.3462, 33.662], [130.3763, 33.6729], [130.4007, 33.6884], [130.4163, 33.7033], [130.4157, 33.7073], [130.4191, 33.7149], [130.4209, 33.7159], [130.4208, 33.7184], [130.4243, 33.7181], [130.4287, 33.7148], [130.4463, 33.7248], [130.4592, 33.7378], [130.4668, 33.7533], [130.4695, 33.7633], [130.467, 33.7655], [130.4696, 33.7664], [130.4707, 33.7711], [130.469, 33.7798], [130.4646, 33.7864], [130.462, 33.7877], [130.4584, 33.7851], [130.4577, 33.788], [130.4501, 33.7847], [130.4477, 33.7862], [130.4456, 33.7958], [130.4478, 33.7961], [130.4512, 33.8021], [130.4502, 33.8054], [130.4465, 33.8084], [130.4467, 33.8127], [130.4444, 33.815], [130.4484, 33.8167], [130.4502, 33.8159], [130.4512, 33.8111], [130.4556, 33.8114], [130.4606, 33.8094], [130.4677, 33.8127], [130.4763, 33.8224], [130.4821, 33.8431], [130.4819, 33.8492], [130.4783, 33.8518], [130.4783, 33.8578], [130.4853, 33.8515], [130.4992, 33.853], [130.5001, 33.8488], [130.5062, 33.8426], [130.5024, 33.8472], [130.501, 33.8531], [130.5111, 33.8562], [130.5189, 33.8606], [130.5285, 33.8733], [130.5299, 33.8793], [130.5286, 33.8804], [130.5301, 33.8828], [130.5253, 33.8866], [130.5248, 33.8897], [130.5297, 33.8871], [130.5403, 33.8871], [130.5423, 33.889], [130.5451, 33.8881], [130.5546, 33.8906], [130.5638, 33.8908], [130.5669, 33.8881], [130.5658, 33.8855], [130.5667, 33.8828], [130.5709, 33.8798], [130.5913, 33.8774], [130.6165, 33.8797], [130.6385, 33.8859], [130.6541, 33.8938], [130.6549, 33.8979], [130.6636, 33.8997], [130.6624, 33.9057], [130.6586, 33.9091], [130.6626, 33.9082], [130.6652, 33.9096], [130.6625, 33.9135], [130.6629, 33.9159], [130.6661, 33.9147], [130.66853341991342, 33.91685264069264], [130.6684, 33.917], [130.6685, 33.9182], [130.6714, 33.9176], [130.6782, 33.9205], [130.6835, 33.9255], [130.6854, 33.9294], [130.685, 33.9324], [130.6817, 33.9342], [130.6831, 33.9369], [130.6883, 33.9342], [130.6992, 33.9393], [130.7095, 33.9376], [130.713, 33.939], [130.7244, 33.9343], [130.7296, 33.9346], [130.7294, 33.9288], [130.7367, 33.9264], [130.7392, 33.9322], [130.7425, 33.9303], [130.7478, 33.9322], [130.7464, 33.9253], [130.7488, 33.9238], [130.7519, 33.9303], [130.7583, 33.9339], [130.7597, 33.9328], [130.7581, 33.9311], [130.7608, 33.9258], [130.7518, 33.9247], [130.7557, 33.9201], [130.7703, 33.926], [130.7726, 33.9246], [130.7785, 33.9346], [130.8064, 33.9315], [130.8121, 33.9267], [130.8157, 33.9269], [130.8176, 33.9255], [130.8188, 33.9217], [130.8174, 33.9174], [130.8139, 33.9163], [130.8092, 33.9175], [130.8072, 33.9147], [130.8075, 33.9128], [130.8117, 33.9158], [130.8171, 33.9142], [130.8156, 33.9024], [130.8106, 33.9011], [130.7992, 33.8915], [130.7928, 33.8896], [130.7819, 33.8908], [130.7746, 33.8885], [130.7685, 33.8886], [130.7636, 33.8851], [130.771, 33.8878], [130.7836, 33.8873], [130.7823, 33.8854], [130.7528, 33.8779], [130.7498, 33.8793], [130.7471, 33.8876], [130.7436, 33.8886], [130.7462, 33.8853], [130.7488, 33.8767], [130.7421, 33.8741], [130.7496, 33.875], [130.7514, 33.8686], [130.7516, 33.8746], [130.761, 33.8772], [130.7616, 33.8713], [130.7625, 33.8771], [130.7727, 33.8794], [130.769, 33.8743], [130.7696, 33.8716], [130.7767, 33.881], [130.7818, 33.8818], [130.7808, 33.8789], [130.7818, 33.8784], [130.786, 33.884], [130.797, 33.8861], [130.8027, 33.8905], [130.8041, 33.8895], [130.8052, 33.8816], [130.8009, 33.8753], [130.8055, 33.8757], [130.8085, 33.8794], [130.8056, 33.8903], [130.8197, 33.9033], [130.8186, 33.9064], [130.8197, 33.9075], [130.8217, 33.9061], [130.8228, 33.9072], [130.8211, 33.9097], [130.8211, 33.9142], [130.8236, 33.9192], [130.842, 33.9269], [130.8557, 33.9293], [130.857, 33.9285], [130.8566, 33.9262], [130.8603, 33.9249], [130.8587, 33.9221], [130.8497, 33.9189], [130.8518, 33.916], [130.8556, 33.9156], [130.8664, 33.9203], [130.8693, 33.918], [130.8501, 33.9092], [130.8494, 33.9059], [130.8546, 33.9049], [130.8556, 33.9094], [130.8628, 33.9127], [130.8657, 33.9121], [130.8701, 33.9163], [130.8776, 33.9123], [130.8797, 33.9099], [130.8774, 33.9076], [130.8813, 33.9078], [130.8846, 33.9048], [130.8734, 33.8998], [130.867, 33.9001], [130.8644, 33.8959], [130.8677, 33.8985], [130.8742, 33.8954], [130.8742, 33.8977], [130.8875, 33.9022], [130.8933, 33.8968], [130.8842, 33.8958], [130.878, 33.8895], [130.8911, 33.8933], [130.8892, 33.8873], [130.8947, 33.8919], [130.9006, 33.8941], [130.902, 33.8932], [130.9014, 33.8908], [130.9062, 33.8941], [130.9209, 33.8976], [130.9291, 33.9054], [130.9368, 33.9172], [130.9452, 33.9377], [130.9544, 33.9422], [130.9539, 33.9436], [130.9566, 33.9456], [130.9588, 33.9448], [130.9633, 33.9474], [130.9621, 33.9539], [130.9652, 33.9536], [130.9612, 33.9575], [130.9632, 33.9618], [130.9736, 33.9611], [130.9756, 33.9575], [130.9775, 33.9606], [130.9794, 33.9597], [130.9842, 33.9617], [130.9936, 33.9622], [130.9953, 33.9652], [131.0034, 33.9698], [131.0084, 33.9677], [131.0029, 33.9645], [131.0034, 33.9634], [131.0068, 33.9628], [131.0116, 33.9654], [131.0193, 33.9629], [131.0189, 33.9595], [131.0241, 33.9593], [131.0242, 33.9567], [131.0184, 33.9508], [131.0219, 33.948], [131.0219, 33.9428], [131.0104, 33.9407], [131.0083, 33.9345], [131.0107, 33.9304], [131.0041, 33.9252], [131.0024, 33.9268], [131.0003, 33.925], [131.0024, 33.922], [131.0068, 33.9213], [131.0088, 33.9232], [131.0125, 33.9198], [131.0151, 33.9197], [131.0139, 33.9166], [131.0043, 33.9148], [131.0045, 33.912], [131.0024, 33.91], [131.0036, 33.9063], [131.0059, 33.9049], [131.0051, 33.9039], [131.0009, 33.9027], [130.9964, 33.9067], [130.9944, 33.9025], [130.9877, 33.8995], [130.9889, 33.8922], [130.993, 33.8944], [130.9947, 33.8933], [130.9945, 33.8904], [130.9983, 33.8902], [130.998, 33.8928], [131.0042, 33.8891], [131.0034, 33.8869], [130.9993, 33.8872], [130.9994, 33.8812], [130.9953, 33.8777], [130.9928, 33.8785], [130.9952, 33.8806], [130.9949, 33.8849], [130.9911, 33.8853], [130.9897, 33.88], [130.9879, 33.8829], [130.9863, 33.8823], [130.9871, 33.8755], [130.989, 33.8737], [130.9853, 33.8686], [130.9826, 33.8676], [130.9843, 33.8642], [130.9886, 33.8685], [130.9984, 33.8677], [130.9939, 33.8518], [130.9905, 33.8511], [130.9875, 33.8547], [130.9879, 33.8502], [130.9834, 33.8461], [130.9832, 33.8439], [130.9803, 33.8421], [130.9768, 33.8427], [130.9794, 33.8386], [130.9762, 33.8343], [130.9586, 33.8394], [130.9603, 33.8372], [130.9565, 33.8293], [130.9638, 33.8179], [130.9666, 33.8103], [130.9763, 33.8112], [130.9797, 33.8117], [130.9839, 33.8089], [131.0011, 33.8154], [131.0045, 33.8067], [131.0, 33.8064], [130.9968, 33.8098], [131.0008, 33.8017], [130.9917, 33.7956], [130.9888, 33.7954], [130.987, 33.7925], [130.9881, 33.7898], [130.9871, 33.7873], [130.9887, 33.7868], [130.9925, 33.7934], [130.9977, 33.7973], [130.9995, 33.7938], [130.9959, 33.7911], [131.002, 33.7886], [131.0043, 33.7822], [131.0019, 33.779], [130.9916, 33.7733], [131.0006, 33.7745], [131.0007, 33.7724], [130.9986, 33.7714], [131.0, 33.7697], [131.0118, 33.7772], [131.016, 33.7711], [131.0165, 33.767], [131.0015, 33.7576], [131.0042, 33.7515], [130.9865, 33.7413], [130.9771, 33.7419], [130.9853, 33.7411], [130.9814, 33.7386], [130.9797, 33.7352], [130.9845, 33.74], [130.9992, 33.7475], [131.005, 33.7478], [131.006, 33.7448], [130.9936, 33.7353], [131.0036, 33.7392], [131.0108, 33.7464], [131.0107, 33.75], [131.0161, 33.7509], [131.0195, 33.7452], [131.0184, 33.7416], [131.0164, 33.7407], [131.018, 33.7382], [131.0139, 33.7333], [131.0202, 33.7317], [131.0226, 33.7287], [131.022, 33.7259], [131.0286, 33.7087], [131.0343, 33.7026], [131.034, 33.7006], [131.0413, 33.69], [131.0504, 33.6888], [131.0557, 33.69], [131.0519, 33.6862], [131.0534, 33.6835], [131.0567, 33.681], [131.0592, 33.6739], [131.0634, 33.6704], [131.0661, 33.6644], [131.0671, 33.6579], [131.064, 33.6554], [131.0609, 33.6558], [131.065, 33.6542], [131.0733, 33.6564], [131.0811, 33.6469], [131.0835, 33.6355], [131.0902, 33.6326], [131.095, 33.627], [131.0944, 33.6238], [131.0971, 33.6229], [131.0997, 33.6192], [131.1063, 33.6175], [131.1086, 33.6189], [131.1079, 33.623], [131.1094, 33.6241], [131.1131, 33.624], [131.1137, 33.6181], [131.116, 33.6191], [131.115, 33.6293], [131.1165, 33.6303], [131.1205, 33.6301], [131.123, 33.627], [131.1216, 33.6254], [131.1234, 33.6243], [131.1273, 33.6258], [131.1315, 33.6248], [131.1271, 33.6285], [131.1283, 33.631], [131.1325, 33.627], [131.1395, 33.6263], [131.1402, 33.6248], [131.1466, 33.6243], [131.1538, 33.6212], [131.1633, 33.6148], [131.1613, 33.6166], [131.1676, 33.6172], [131.1678, 33.6132], [131.1714, 33.6191], [131.1802, 33.62], [131.1818, 33.6169], [131.1848, 33.6175], [131.1769, 33.6048], [131.1764, 33.6012], [131.1785, 33.5996], [131.179, 33.6047], [131.1824, 33.6062], [131.1844, 33.6061], [131.183, 33.5989], [131.1877, 33.6009], [131.1755, 33.583], [131.1805, 33.5689], [131.1891, 33.5622], [131.1906, 33.5493], [131.1875, 33.5395], [131.1707, 33.527], [131.171, 33.5165], [131.1773, 33.5074], [131.1503, 33.5017], [131.0802, 33.5028], [131.0692, 33.5052], [131.06930279039585, 33.50529065541856], [131.0538, 33.5067], [131.0434, 33.5115], [131.0309, 33.5142], [131.0217, 33.5093], [131.0119, 33.5066], [131.0002, 33.5071], [130.992, 33.5057], [130.9833, 33.5041], [130.9735, 33.5], [130.9553, 33.4865], [130.934, 33.4761], [130.931, 33.4634], [130.9211, 33.4523], [130.9129, 33.4465], [130.8816, 33.4459], [130.8663, 33.4419], [130.8494, 33.4562], [130.8464, 33.4664], [130.8495, 33.4741], [130.8487, 33.4771], [130.8349, 33.4861], [130.8206, 33.4861], [130.8145, 33.4788], [130.8088, 33.4682], [130.8043, 33.4672], [130.7969, 33.4684], [130.7846, 33.4619], [130.7753, 33.4543], [130.7745, 33.4502], [130.7786, 33.4481], [130.7857, 33.4478], [130.8152, 33.4507], [130.8259, 33.4485], [130.8326, 33.4447], [130.8397, 33.4345], [130.8479, 33.4152], [130.8589, 33.4019], [130.8638, 33.3898], [130.867, 33.3754], [130.8694, 33.372], [130.8619, 33.3698], [130.8592, 33.3551], [130.8463, 33.3477], [130.8411, 33.3429], [130.8176, 33.3536], [130.8074, 33.3533], [130.799, 33.3475], [130.796, 33.3473], [130.7751, 33.3562], [130.7412, 33.3624], [130.7327, 33.3669], [130.7334, 33.3419], [130.7303, 33.3255], [130.7309, 33.2998], [130.7138, 33.2996], [130.6942, 33.3027], [130.6658, 33.2981], [130.6506, 33.2975], [130.6158, 33.2869], [130.6019, 33.2771], [130.607, 33.2732], [130.6097, 33.2691], [130.611, 33.257], [130.6263, 33.2465], [130.6301, 33.2415], [130.6369, 33.2367], [130.6147, 33.2292], [130.6113, 33.2301], [130.603, 33.2367], [130.5955, 33.2377], [130.5828, 33.2336], [130.561, 33.2307], [130.519, 33.2305], [130.5147, 33.2463], [130.521, 33.2175], [130.5161, 33.1987], [130.5246, 33.1905], [130.5266, 33.1844], [130.5289, 33.1805], [130.5412, 33.1774], [130.5343, 33.1584], [130.5453, 33.1562], [130.5499, 33.1525], [130.5512, 33.1116], [130.5528, 33.109], [130.5653, 33.1013], [130.5641, 33.1008], [130.566, 33.0898], [130.5556, 33.08], [130.5444, 33.0783], [130.5391, 33.0727], [130.5284, 33.063], [130.5185, 33.0609], [130.5, 33.0489], [130.5097, 33.0219], [130.5157, 33.013], [130.5093, 33.0031], [130.4694, 32.9994], [130.4008, 33.0064], [130.4096, 33.0096], [130.4184, 33.0082], [130.4176, 33.0128], [130.4207, 33.0136], [130.4234, 33.0123], [130.4238, 33.0159], [130.4223, 33.0166], [130.4167, 33.0136], [130.4136, 33.0158], [130.41, 33.0114], [130.4068, 33.0165], [130.4151, 33.0243], [130.422, 33.0283], [130.4223, 33.0308], [130.42, 33.0349], [130.4253, 33.0358], [130.4187, 33.0357], [130.4222, 33.0514], [130.425, 33.0528], [130.419, 33.0685], [130.4143, 33.0796], [130.412, 33.0811], [130.4122, 33.0832], [130.4253, 33.0965], [130.4256, 33.1002], [130.4347, 33.1128], [130.4361, 33.1115], [130.4342, 33.1133], [130.4187, 33.0943]], [[131.1612290853032, 33.60337656731766], [131.1631, 33.6094], [131.1633, 33.6148], [131.1612290853032, 33.60337656731766]], [[130.5894, 33.8166], [130.5949, 33.8161], [130.5892866756696, 33.816777470177804], [130.5894, 33.8166]], [[130.58582211538464, 33.75860736074271], [130.5867, 33.7588], [130.6, 33.7648], [130.58582211538464, 33.75860736074271]], [[130.55476369119424, 33.725083715319656], [130.5541, 33.7257], [130.55159941335737, 33.72630297833936], [130.55476369119424, 33.725083715319656]], [[130.55705965217393, 33.72200904347824], [130.5569, 33.7231], [130.55596462882093, 33.723968558951995], [130.55705965217393, 33.72200904347824]], [[130.5572288135593, 33.71820451977398], [130.5575, 33.719], [130.55733267973855, 33.720143355119866], [130.5572288135593, 33.71820451977398]], [[130.5427, 33.711], [130.556, 33.7146], [130.55632051282052, 33.71554017094018], [130.5427, 33.711]], [[130.57143527204505, 33.658241463414626], [130.5714, 33.6587], [130.5591, 33.6657], [130.57143527204505, 33.658241463414626]], [[130.5823, 33.6168], [130.5816, 33.6246], [130.58134375, 33.62521500000003], [130.5823, 33.6168]], [[130.5686, 33.4682], [130.56858842597197, 33.467901968777966], [130.5782, 33.4713], [130.5686, 33.4682]], [[130.5368614332248, 33.43668293159607], [130.5394, 33.4354], [130.5373, 33.4365], [130.5368614332248, 33.43668293159607]], [[130.547, 33.3433], [130.5567, 33.3484], [130.54614798624755, 33.3432692043222], [130.547, 33.3433]], [[130.5714, 33.3555], [130.57711470378305, 33.36770428265534], [130.5767, 33.3671], [130.57108471337577, 33.35519171974519], [130.5714, 33.3555]], [[130.66341671624033, 33.36202248661511], [130.6455, 33.375], [130.6614, 33.3624], [130.66341671624033, 33.36202248661511]], [[130.59382833272792, 33.267538830366874], [130.5947, 33.2676], [130.6001, 33.2725], [130.59382833272792, 33.267538830366874]], [[130.572, 33.2706], [130.589, 33.2672], [130.59205196850394, 33.267414173228346], [130.572, 33.2706]], [[130.4011, 33.2328], [130.3857, 33.2263], [130.40207192982456, 33.232867809057524], [130.4011, 33.2328]], [[130.4054, 33.2331], [130.40374414003043, 33.232984474885846], [130.4085415562914, 33.231759602649], [130.4054, 33.2331]], [[130.4129, 33.2185], [130.4129, 33.2299], [130.41232799768133, 33.23014405432263], [130.4137, 33.198], [130.4129, 33.2185]], [[130.4544086228789, 33.21916512755392], [130.4541, 33.2184], [130.4546, 33.1773], [130.4547, 33.1673], [130.4544086228789, 33.21916512755392]], [[130.4378, 33.1135], [130.451, 33.1466], [130.43757528089887, 33.113235624586885], [130.4378, 33.1135]], [[130.4651, 33.6761], [130.46752817109146, 33.67612404129793], [130.4643, 33.6771], [130.4728, 33.66], [130.4651, 33.6761]], [[130.4968, 33.6344], [130.4957, 33.6353], [130.49454231856737, 33.63502280867107], [130.4968, 33.6344]], [[130.468729677784, 33.63110898812887], [130.46898049387102, 33.63120980635993], [130.4689, 33.6312], [130.468729677784, 33.63110898812887]], [[130.4413, 33.6133], [130.44313715239153, 33.61743359288097], [130.4427, 33.6172], [130.4413, 33.6133]], [[130.4543, 33.5987], [130.45389028052153, 33.59897202686684], [130.45773469387754, 33.59366938775513], [130.4543, 33.5987]], [[130.4773, 33.5713], [130.4667048531556, 33.58173338887732], [130.4696, 33.5779], [130.4773, 33.5713]], [[130.46099503916446, 33.560375718015656], [130.472, 33.5632], [130.4631, 33.5619], [130.46099503916446, 33.560375718015656]], [[130.45794999999995, 33.55469423076913], [130.4605950554995, 33.56008607467207], [130.4602, 33.5598], [130.45794999999995, 33.55469423076913]], [[130.462, 33.4637], [130.45234862981886, 33.49003831862521], [130.4527, 33.487], [130.462, 33.4637]], [[130.4758, 33.4636], [130.47739288206557, 33.4643570132589], [130.462, 33.4637], [130.4758, 33.4636]], [[130.4173, 33.4022], [130.4305, 33.3935], [130.41727036241616, 33.4022349530201], [130.4173, 33.4022]], [[130.392, 33.42418278688525], [130.3989, 33.4239], [130.392, 33.42456164383562], [130.392, 33.42418278688525]], [[130.3719, 33.5033], [130.4015, 33.5146], [130.40300584780707, 33.51595821566911], [130.3719, 33.5033]], [[130.4041052563828, 33.51694983909036], [130.4066, 33.5192], [130.41385628140705, 33.531421105527656], [130.4041052563828, 33.51694983909036]], [[130.41865409368634, 33.53854142566192], [130.42099589552237, 33.539047761194034], [130.4193, 33.5395], [130.41865409368634, 33.53854142566192]], [[130.4223, 33.5387], [130.42192173913043, 33.53880086956522], [130.4257, 33.532], [130.42732101517137, 33.530899494287326], [130.4223, 33.5387]], [[130.481, 33.4339], [130.4713, 33.4293], [130.4691, 33.4267], [130.47149445077918, 33.42780513112885], [130.4705, 33.4283], [130.481, 33.4339]], [[130.455, 33.548], [130.46849333333336, 33.53655999999998], [130.4682, 33.537], [130.455, 33.548]], [[130.4647, 33.5053], [130.4714, 33.5131], [130.47297531380752, 33.51660069735007], [130.4647, 33.5053]], [[130.47397554179565, 33.51882342621259], [130.4741, 33.5191], [130.4737, 33.5281], [130.47397554179565, 33.51882342621259]], [[130.4712, 33.5325], [130.46995294117636, 33.534370588235475], [130.4737, 33.5281], [130.4712, 33.5325]], [[130.4886, 33.5645], [130.5006340694006, 33.56003280757099], [130.4983, 33.5617], [130.4886, 33.5645]], [[130.50218969072165, 33.558921649484525], [130.5072, 33.5502], [130.5032, 33.5582], [130.50218969072165, 33.558921649484525]], [[130.5072, 33.5384], [130.5187, 33.53], [130.51997587628864, 33.529817731958765], [130.5072, 33.5384]], [[130.52089277108433, 33.529686746987956], [130.5222, 33.5295], [130.52348737541527, 33.530066445182726], [130.52089277108433, 33.529686746987956]], [[130.5282, 33.537], [130.52459859594384, 33.5305553822153], [130.5247, 33.5306], [130.52971785383903, 33.5382197039778], [130.5282, 33.537]], [[130.5, 33.3228], [130.50001471082714, 33.32282141896434], [130.4912, 33.3147], [130.5, 33.3228]], [[130.4497, 33.2368], [130.45886625541849, 33.230323841280416], [130.45886625541849, 33.23032384128042], [130.4497, 33.2368]], [[130.4689, 33.2441], [130.4682046458492, 33.2431404112719], [130.48504710101614, 33.254429408248654], [130.4842, 33.2545], [130.4689, 33.2441]], [[130.4615, 33.3677], [130.4416, 33.3984], [130.4409390606342, 33.3988836141701], [130.46218330080507, 33.36582643327641], [130.4615, 33.3677]], [[130.46347419986938, 33.362286871325914], [130.4665, 33.3452], [130.4646, 33.3592], [130.46347419986938, 33.362286871325914]], [[130.48156473317866, 33.46633967517403], [130.4859, 33.4684], [130.48647721482752, 33.469350551023325], [130.48156473317866, 33.46633967517403]], [[130.50948387220942, 33.505508429561225], [130.51021968, 33.50600688], [130.5098, 33.506], [130.50948387220942, 33.505508429561225]], [[130.51530146137787, 33.506090187891445], [130.5266, 33.5011], [130.5159, 33.5061], [130.51530146137787, 33.506090187891445]], [[130.5440398821218, 33.502604780615584], [130.5454, 33.5029], [130.54717900552487, 33.50441215469614], [130.5440398821218, 33.502604780615584]], [[130.490924137931, 33.503758620689496], [130.4899, 33.4997], [130.48991629629631, 33.49922333333337], [130.490924137931, 33.503758620689496]], [[130.4955805323194, 33.52150783269966], [130.4953, 33.5211], [130.4947105633802, 33.518764084506834], [130.4955805323194, 33.52150783269966]], [[130.50486658715386, 33.57896854782406], [130.4887, 33.5962], [130.5042, 33.5793], [130.50486658715386, 33.57896854782406]], [[130.52363333333332, 33.5703], [130.52068031319914, 33.57110536912751], [130.5223, 33.5703], [130.52363333333332, 33.5703]], [[130.49466940371457, 33.67639276637341], [130.4954, 33.6764], [130.4991, 33.6801], [130.49466940371457, 33.67639276637341]], [[130.5012, 33.6861], [130.50076040859457, 33.687440753786554], [130.4991, 33.6801], [130.5012, 33.6861]], [[130.4736, 33.6954], [130.47410372914624, 33.69527193326791], [130.47282759448112, 33.69649598080383], [130.4736, 33.6954]], [[130.4953, 33.6951], [130.47623601924235, 33.694729825616356], [130.4795, 33.6939], [130.49560876249038, 33.694870407378936], [130.4953, 33.6951]], [[130.49997355178468, 33.68984066705676], [130.4992, 33.6922], [130.49680195348841, 33.693983162790666], [130.49997355178468, 33.68984066705676]], [[130.59444038929433, 33.427380535279845], [130.5775, 33.4389], [130.5826, 33.4342], [130.59444038929433, 33.427380535279845]], [[130.6428, 33.5073], [130.6265, 33.5039], [130.64450219244824, 33.50703081607795], [130.6428, 33.5073]], [[130.6818, 33.9022], [130.6713857580399, 33.91370229709027], [130.6845, 33.8976], [130.6818, 33.9022]], [[130.6903, 33.8821], [130.68544215634836, 33.88972014690453], [130.6856, 33.8884], [130.6903, 33.8821]], [[130.7413, 33.8211], [130.7361, 33.8291], [130.74125772994128, 33.820191193737784], [130.7413, 33.8211]], [[130.7411, 33.8168], [130.7411910170162, 33.818756865848805], [130.7366194805195, 33.80933246753253], [130.7411, 33.8168]], [[130.7342, 33.8053], [130.73458108108107, 33.80593513513513], [130.7255, 33.8013], [130.7342, 33.8053]], [[130.7858, 33.783], [130.78491926006527, 33.78286354733406], [130.7953, 33.7774], [130.7858, 33.783]], [[130.81492823920257, 33.73030365448507], [130.80890940855906, 33.732504087193455], [130.8092, 33.732], [130.81492823920257, 33.73030365448507]], [[130.8493, 33.7251], [130.82988981996, 33.7258729717715], [130.8325, 33.7251], [130.8493, 33.7251]], [[130.8323, 33.691], [130.83, 33.6752], [130.8328, 33.6942], [130.8325, 33.7251], [130.8323, 33.691]], [[130.8422, 33.6404], [130.8415, 33.6513], [130.84269734848462, 33.63205984848851], [130.8422, 33.6404]], [[130.8644, 33.6403], [130.8929, 33.6409], [130.8422, 33.6404], [130.8644, 33.6403]], [[130.8489, 33.5896], [130.84506992054483, 33.59632599318953], [130.8452, 33.5947], [130.8489, 33.5896]], [[130.8156, 33.5052], [130.8126, 33.5105], [130.8056, 33.5217], [130.8156, 33.5052]], [[130.7194, 33.8375], [130.70348321678324, 33.834945454545455], [130.7043, 33.8348], [130.7194, 33.8375]], [[130.63016033333332, 33.663129], [130.6308, 33.6633], [130.63155619103773, 33.664403478773586], [130.63016033333332, 33.663129]], [[130.6443, 33.683], [130.64895833333333, 33.68658333333334], [130.6486, 33.6865], [130.6443, 33.683]], [[130.6151, 33.397], [130.6, 33.4236], [130.5987729805014, 33.42443437325905], [130.6049, 33.4135], [130.6151, 33.397]], [[130.6478, 33.5852], [130.6606, 33.5742], [130.64835582104726, 33.585969598373154], [130.6478, 33.5852]], [[130.6504, 33.5888], [130.64969791883453, 33.58782788761707], [130.6530404503753, 33.589882151793155], [130.6504, 33.5888]], [[130.7064, 33.6165], [130.7024, 33.6029], [130.70753027522935, 33.61715076452599], [130.7064, 33.6165]], [[130.7097, 33.6184], [130.70880432345876, 33.617884307445955], [130.71162825688074, 33.61784018348624], [130.7097, 33.6184]], [[130.74693701298702, 33.588196150278286], [130.7444, 33.6007], [130.7463, 33.589], [130.74693701298702, 33.588196150278286]], [[130.75202798507465, 33.58351194029851], [130.74892147651005, 33.58569194630874], [130.7505, 33.5837], [130.75202798507465, 33.58351194029851]], [[130.78755205148832, 33.59538500938589], [130.774, 33.5891], [130.78755205148832, 33.595385009385886], [130.78755205148832, 33.59538500938589]], [[130.8019, 33.614], [130.8039, 33.5987], [130.80209170731706, 33.614403594351735], [130.8019, 33.614]], [[130.8038, 33.618], [130.8028, 33.6158947368421], [130.80530483991066, 33.618069992553984], [130.8038, 33.618]], [[130.8081, 33.6182], [130.8066104960263, 33.61813072074541], [130.8227, 33.6108], [130.8081, 33.6182]], [[130.6944495914519, 33.55115895663104], [130.6953, 33.5513], [130.6958163814181, 33.55217139364304], [130.6944495914519, 33.55115895663104]], [[130.6979636190476, 33.55579485714284], [130.6985, 33.5567], [130.69879513060303, 33.557863495646586], [130.6979636190476, 33.55579485714284]], [[130.79808208048595, 33.55594092634772], [130.7981, 33.5547], [130.7988006747638, 33.55349770580302], [130.79808208048595, 33.55594092634772]], [[130.80345477996974, 33.545511684370105], [130.80666524353578, 33.54000282075112], [130.8067, 33.5406], [130.80345477996974, 33.545511684370105]], [[130.7595, 33.6529], [130.7575, 33.6276], [130.7589, 33.6413], [130.7595, 33.6529]], [[130.7641, 33.6146], [130.7791, 33.6062], [130.76392330407026, 33.614858499600935], [130.7641, 33.6146]], [[130.69007568569307, 33.69908005930318], [130.6851, 33.6981], [130.6701, 33.6915], [130.69007568569307, 33.69908005930318]], [[130.64509000819518, 33.81519135094245], [130.6450934745914, 33.81519174957801], [130.6448, 33.8508], [130.64461945313562, 33.85245931165833], [130.64509000819518, 33.81519135094245]], [[130.6815, 33.8437], [130.68519782512203, 33.84085898801599], [130.6766, 33.8499], [130.6815, 33.8437]], [[130.6897, 33.8374], [130.6916667380825, 33.83704975897161], [130.68743746571585, 33.83913828853538], [130.6897, 33.8374]], [[130.6612459810875, 33.740949054373516], [130.65903036354325, 33.74263292370714], [130.6599, 33.7412], [130.6612459810875, 33.740949054373516]], [[130.6746, 33.7414], [130.6638848320158, 33.74045706521739], [130.6658, 33.7401], [130.6746, 33.7414]], [[130.692, 33.7675], [130.6904333665339, 33.76598132470123], [130.69271364027537, 33.76762200946643], [130.692, 33.7675]], [[130.69180943286477, 33.69973795443529], [130.6925, 33.7], [130.6951, 33.7099], [130.69180943286477, 33.69973795443529]], [[130.7196181818182, 33.73059220779221], [130.7276, 33.7209], [130.7218, 33.7288], [130.7196181818182, 33.73059220779221]], [[130.65048245072433, 33.8158114818333], [130.6556, 33.8164], [130.6737, 33.8219], [130.65048245072433, 33.8158114818333]], [[130.8580899901865, 33.731651030422], [130.86267827780176, 33.73354963219384], [130.8599, 33.733], [130.8580899901865, 33.731651030422]], [[130.86296280134275, 33.73360592004883], [130.8683, 33.7338], [130.8968, 33.7403], [130.86296280134275, 33.73360592004883]], [[130.92447971014494, 33.77734275362319], [130.92567721280605, 33.777770433145015], [130.9248, 33.7777], [130.92447971014494, 33.77734275362319]], [[130.9388352221507, 33.77882691564714], [130.9471, 33.779], [130.94947254004575, 33.77968100686498], [130.9388352221507, 33.77882691564714]], [[130.95430000000002, 33.781066666666675], [130.9579, 33.7821], [130.9621, 33.7854], [130.95430000000002, 33.781066666666675]], [[130.9141, 33.6253], [130.9139, 33.6321], [130.91326313291137, 33.63236687763714], [130.9141, 33.6253]], [[130.886, 33.5739], [130.89782089682194, 33.57557540269917], [130.8968, 33.5758], [130.88493403416558, 33.57414428383706], [130.886, 33.5739]], [[131.15621961624822, 33.59251208409881], [131.1582, 33.5946], [131.1589080645161, 33.59601612903222], [131.15621961624822, 33.59251208409881]], [[131.1319, 33.5658], [131.1301769230769, 33.56241538461534], [131.1345202898551, 33.568930434782615], [131.1319, 33.5658]], [[131.1432, 33.5793], [131.13953539646326, 33.57492193382777], [131.14559524057216, 33.581310819245765], [131.1432, 33.5793]], [[130.9205, 33.7175], [130.9159, 33.7124], [130.92249202453988, 33.718144478527606], [130.9205, 33.7175]], [[130.9239, 33.7186], [130.92346219178083, 33.71845835616438], [130.92493810679613, 33.71834902912621], [130.9239, 33.7186]], [[130.933, 33.7164], [130.93101657712972, 33.71687950882578], [130.93404776699026, 33.71551766990293], [130.933, 33.7164]], [[130.9368, 33.7132], [130.93571896551725, 33.71411034482758], [130.93674876273653, 33.71234497816592], [130.9368, 33.7132]], [[130.9352, 33.6865], [130.9355163181987, 33.69177855994072], [130.9322, 33.6773], [130.9352, 33.6865]], [[130.94897473185682, 33.73760926312857], [130.92790515235453, 33.74466077562328], [130.9331, 33.742], [130.9474, 33.7376], [130.94897473185682, 33.73760926312857]]], [[[129.8617, 33.3964], [129.8617, 33.3972], [129.8639, 33.3981], [129.8639, 33.3964], [129.8617, 33.3964]]], [[[130.1673, 33.4137], [130.1677, 33.4107], [130.1594, 33.4084], [130.1587, 33.3917], [130.1484, 33.3825], [130.1425, 33.372], [130.1461, 33.3602], [130.1466, 33.3439], [130.1371, 33.3413], [130.1245, 33.3308], [130.1162, 33.3207], [130.1076, 33.3148], [130.0882, 33.3084], [130.0811, 33.2998], [130.0596, 33.2921], [130.0429, 33.2784], [130.039, 33.2769], [130.0273, 33.2798], [130.0063, 33.3129], [129.9949, 33.3199], [129.9855, 33.323], [129.9685, 33.3373], [129.9627, 33.3458], [129.9605, 33.3451], [129.9586, 33.3402], [129.958, 33.3249], [129.9563, 33.3233], [129.9538, 33.3242], [129.9443, 33.343], [129.9247, 33.3632], [129.9216, 33.3765], [129.9211, 33.3941], [129.9169, 33.4014], [129.908, 33.41], [129.9045, 33.4107], [129.8937, 33.4055], [129.8835, 33.4047], [129.8819, 33.3914], [129.8783, 33.3898], [129.8697, 33.3898], [129.8647, 33.3933], [129.8712, 33.3937], [129.8663, 33.3963], [129.8656, 33.3987], [129.8676, 33.4007], [129.8658, 33.4016], [129.8595, 33.3988], [129.8678, 33.4068], [129.8639, 33.4063], [129.8625, 33.4114], [129.8599, 33.4107], [129.8605, 33.4047], [129.8584, 33.4059], [129.8547, 33.405], [129.8583, 33.4047], [129.8595, 33.4029], [129.8585, 33.4019], [129.8424, 33.408], [129.8383, 33.4072], [129.8375, 33.4111], [129.8325, 33.4139], [129.8239, 33.4118], [129.8223, 33.4148], [129.8231, 33.4187], [129.8291, 33.4199], [129.8303, 33.4215], [129.8258, 33.4214], [129.8242, 33.4235], [129.8227, 33.4225], [129.819, 33.4242], [129.8183, 33.4265], [129.8138, 33.4284], [129.8135, 33.4322], [129.8026, 33.4359], [129.7998, 33.4412], [129.7963, 33.4403], [129.7972, 33.4432], [129.7895, 33.4417], [129.7894, 33.4496], [129.7858, 33.4469], [129.7822, 33.4511], [129.7836, 33.4556], [129.7903, 33.4594], [129.7941, 33.4598], [129.7947, 33.4579], [129.7989, 33.4565], [129.7986, 33.4542], [129.8028, 33.4544], [129.806, 33.4568], [129.8073, 33.459], [129.8061, 33.4609], [129.7986, 33.4639], [129.7946, 33.4683], [129.7935, 33.4724], [129.7961, 33.4756], [129.8009, 33.4756], [129.8068, 33.4856], [129.8128, 33.4798], [129.8151, 33.4802], [129.815, 33.4834], [129.8202, 33.4837], [129.8215, 33.481], [129.8268, 33.4787], [129.8261, 33.476], [129.8235, 33.4744], [129.8267, 33.4689], [129.8391, 33.4621], [129.8391, 33.4581], [129.8362, 33.454], [129.8361, 33.451], [129.8405, 33.4505], [129.8441, 33.4454], [129.8474, 33.4464], [129.8495, 33.4454], [129.851, 33.447], [129.8583, 33.4429], [129.8667, 33.4336], [129.8739, 33.4287], [129.8819, 33.4336], [129.889, 33.4437], [129.8901, 33.4485], [129.899, 33.4547], [129.9028, 33.4613], [129.9099, 33.4655], [129.91, 33.4695], [129.9035, 33.4791], [129.8789, 33.4997], [129.8661, 33.5058], [129.8558, 33.5077], [129.8555, 33.5108], [129.8575, 33.5121], [129.8487, 33.515], [129.8471, 33.5177], [129.8487, 33.5215], [129.8401, 33.5225], [129.8403, 33.5244], [129.8464, 33.5254], [129.8516, 33.5227], [129.8527, 33.5201], [129.8557, 33.5197], [129.852, 33.5264], [129.8555, 33.5331], [129.8486, 33.5367], [129.8479, 33.5379], [129.851, 33.5396], [129.8507, 33.5409], [129.8463, 33.5425], [129.8504, 33.5535], [129.8464, 33.5542], [129.8453, 33.5567], [129.8519, 33.5564], [129.852, 33.5536], [129.8597, 33.5503], [129.8595, 33.5464], [129.8567, 33.5453], [129.8589, 33.5432], [129.8643, 33.5424], [129.8685, 33.5377], [129.8779, 33.5361], [129.8806, 33.5284], [129.8782, 33.5263], [129.8779, 33.5235], [129.8757, 33.5226], [129.8749, 33.5162], [129.8794, 33.5233], [129.8834, 33.5207], [129.8854, 33.5216], [129.8811, 33.5249], [129.8824, 33.526], [129.8815, 33.5344], [129.8836, 33.5372], [129.8824, 33.5402], [129.8892, 33.5419], [129.8929, 33.5401], [129.8918, 33.5366], [129.894, 33.538], [129.8941, 33.5406], [129.8896, 33.5456], [129.8951, 33.5494], [129.9049, 33.5446], [129.906, 33.5453], [129.9048, 33.5483], [129.9092, 33.5497], [129.9119, 33.5436], [129.9182, 33.542], [129.9275, 33.5459], [129.9277, 33.5499], [129.9295, 33.5509], [129.9329, 33.5487], [129.9294, 33.5386], [129.9311, 33.5364], [129.9473, 33.5279], [129.9516, 33.53], [129.9579, 33.5293], [129.9585, 33.5256], [129.956, 33.5245], [129.9586, 33.5214], [129.9569, 33.5183], [129.9604, 33.5148], [129.9682, 33.513], [129.9695, 33.5113], [129.9688, 33.5094], [129.9616, 33.5037], [129.9583, 33.5054], [129.9534, 33.5033], [129.9443, 33.4927], [129.9466, 33.487], [129.9451, 33.4843], [129.938, 33.4819], [129.9366, 33.478], [129.9406, 33.4737], [129.9422, 33.475], [129.9456, 33.4742], [129.9474, 33.4776], [129.9507, 33.478], [129.9551, 33.4697], [129.9559, 33.4712], [129.9536, 33.4741], [129.9553, 33.4758], [129.9567, 33.4764], [129.9581, 33.4744], [129.9583, 33.4706], [129.9594, 33.4719], [129.9572, 33.4778], [129.9574, 33.482], [129.9622, 33.4841], [129.9669, 33.4818], [129.9702, 33.4786], [129.9712, 33.4748], [129.9656, 33.4689], [129.9603, 33.4683], [129.9647, 33.4633], [129.9689, 33.4614], [129.9636, 33.459], [129.9676, 33.4551], [129.9769, 33.454], [129.9779, 33.4551], [129.9803, 33.4519], [129.9822, 33.4536], [129.9919, 33.4483], [129.9996, 33.4464], [130.0256, 33.4469], [130.0397, 33.4539], [130.0408, 33.4569], [130.0364, 33.4597], [130.0358, 33.4617], [130.0356, 33.4661], [130.0373, 33.4677], [130.0528, 33.4659], [130.0629, 33.469], [130.0759, 33.4658], [130.0992, 33.4666], [130.1076, 33.4728], [130.144, 33.4695], [130.1531, 33.4744], [130.1628, 33.4716], [130.1709, 33.4643], [130.1702, 33.4631], [130.1663, 33.4558], [130.1716, 33.4454], [130.1696, 33.4315], [130.165, 33.4238], [130.1594, 33.4193], [130.1615, 33.4153], [130.1673, 33.4137]]], [[[129.8047, 33.4306], [129.8036, 33.4322], [129.8058, 33.4317], [129.8061, 33.4308], [129.8047, 33.4306]]], [[[129.9775, 33.4642], [129.9758, 33.4639], [129.9749, 33.4655], [129.9769, 33.4667], [129.9775, 33.4642]]], [[[129.9951, 33.4767], [129.9941, 33.4721], [129.9854, 33.4724], [129.9862, 33.4798], [129.9909, 33.4804], [129.9934, 33.4783], [129.9951, 33.4767]]], [[[129.7739, 33.4956], [129.7761, 33.4944], [129.78, 33.4914], [129.7756, 33.4875], [129.7736, 33.4883], [129.7742, 33.4914], [129.7722, 33.4931], [129.7739, 33.4956]]], [[[129.965, 33.5371], [129.964, 33.5377], [129.9681, 33.5421], [129.974, 33.5438], [129.9781, 33.5388], [129.9776, 33.5324], [129.9744, 33.5288], [129.9671, 33.527], [129.9642, 33.5291], [129.9698, 33.5362], [129.9692, 33.5406], [129.965, 33.5371]]], [[[129.8731, 33.5447], [129.8722, 33.5465], [129.8751, 33.5501], [129.8739, 33.5594], [129.8769, 33.5614], [129.8805, 33.5674], [129.8831, 33.5669], [129.8899, 33.5599], [129.8895, 33.5566], [129.8909, 33.5562], [129.8929, 33.5543], [129.8867, 33.5481], [129.8818, 33.5467], [129.8817, 33.5406], [129.8793, 33.544], [129.8757, 33.5434], [129.8731, 33.5447]]], [[[129.9044, 33.5589], [129.9031, 33.5575], [129.9019, 33.5583], [129.9031, 33.5597], [129.9044, 33.5589]]], [[[129.7649, 33.5667], [129.7632, 33.5656], [129.7626, 33.5635], [129.7556, 33.5637], [129.7502, 33.5686], [129.7461, 33.5692], [129.74, 33.573], [129.7444, 33.5763], [129.7422, 33.5793], [129.7469, 33.5824], [129.7495, 33.5817], [129.7497, 33.5793], [129.7535, 33.5784], [129.7563, 33.5815], [129.7643, 33.5825], [129.7694, 33.5817], [129.7734, 33.5774], [129.774, 33.5739], [129.7712, 33.5698], [129.7665, 33.5686], [129.7663, 33.5657], [129.7649, 33.5667]]], [[[129.8396, 33.588], [129.8458, 33.5918], [129.8481, 33.5903], [129.8458, 33.5861], [129.8414, 33.5836], [129.8372, 33.5836], [129.8346, 33.5861], [129.8369, 33.5894], [129.8396, 33.588]]], [[[129.8937, 33.5925], [129.8945, 33.5958], [129.8927, 33.5981], [129.8938, 33.6011], [129.8977, 33.6038], [129.9024, 33.603], [129.9032, 33.5993], [129.9011, 33.5979], [129.9032, 33.5961], [129.9016, 33.5924], [129.8989, 33.5949], [129.8982, 33.5933], [129.8937, 33.5925]]], [[[129.8684, 33.5955], [129.8656, 33.5917], [129.8651, 33.5876], [129.8575, 33.5872], [129.8577, 33.5917], [129.8515, 33.5949], [129.848, 33.5995], [129.8492, 33.6008], [129.8511, 33.5997], [129.8532, 33.6087], [129.8587, 33.6132], [129.8555, 33.6163], [129.8643, 33.6176], [129.8645, 33.6156], [129.8633, 33.6104], [129.8618, 33.6099], [129.8631, 33.6073], [129.8597, 33.6031], [129.8619, 33.5983], [129.8677, 33.5972], [129.8684, 33.5955]]], [[[130.3009, 33.6382], [130.3043, 33.6378], [130.3077, 33.6351], [130.3081, 33.6293], [130.3138, 33.6226], [130.3141, 33.6155], [130.307, 33.6084], [130.2998, 33.6073], [130.2941, 33.616], [130.2994, 33.6256], [130.2975, 33.6306], [130.2978, 33.635], [130.3009, 33.6382]]], [[[130.2211, 33.6761], [130.2197, 33.6764], [130.2192, 33.6778], [130.2211, 33.6775], [130.2211, 33.6761]]], [[[130.2311, 33.6944], [130.2369, 33.6913], [130.238, 33.6879], [130.2372, 33.6835], [130.2336, 33.6815], [130.2241, 33.6914], [130.2253, 33.694], [130.2311, 33.6944]]], [[[130.3813, 33.7459], [130.379, 33.7459], [130.3789, 33.7536], [130.3836, 33.7536], [130.3836, 33.7517], [130.3859, 33.7517], [130.3859, 33.7497], [130.3883, 33.7497], [130.3883, 33.7478], [130.3906, 33.7478], [130.393, 33.744], [130.3814, 33.744], [130.3813, 33.7459]]], [[[130.3585, 33.7596], [130.3587, 33.7617], [130.3618, 33.7667], [130.3644, 33.7671], [130.3742, 33.764], [130.3808, 33.7596], [130.3807, 33.7582], [130.3677, 33.7602], [130.3648, 33.7549], [130.3622, 33.7551], [130.3585, 33.7596]]], [[[130.0361, 33.8744], [130.0388, 33.8692], [130.0387, 33.8641], [130.0371, 33.8619], [130.0322, 33.8639], [130.0361, 33.8744]]], [[[130.1106, 34.2323], [130.1131, 34.2319], [130.1142, 34.2333], [130.114, 34.2313], [130.1112, 34.2307], [130.1106, 34.2323]]], [[[130.0975, 34.2424], [130.103, 34.2502], [130.1044, 34.2497], [130.1119, 34.2502], [130.1133, 34.2469], [130.1056, 34.24], [130.1047, 34.2375], [130.1028, 34.2372], [130.0975, 34.2424]]], [[[130.4737, 33.86], [130.4694, 33.8591], [130.4687, 33.8642], [130.4715, 33.8638], [130.4734, 33.8638], [130.4737, 33.86]]], [[[130.4392, 33.8967], [130.4367, 33.8983], [130.435, 33.8964], [130.4336, 33.8969], [130.4292, 33.8867], [130.4094, 33.8922], [130.4086, 33.8953], [130.4055, 33.8972], [130.4072, 33.8992], [130.4064, 33.9033], [130.4083, 33.9056], [130.4055, 33.9072], [130.4058, 33.9094], [130.4086, 33.9114], [130.4194, 33.9131], [130.4281, 33.9094], [130.4308, 33.9108], [130.4321, 33.9149], [130.4458, 33.9158], [130.4475, 33.9136], [130.4503, 33.9114], [130.4453, 33.9089], [130.4417, 33.9036], [130.4403, 33.9044], [130.4372, 33.9019], [130.4403, 33.8975], [130.4392, 33.8967]]], [[[130.5009, 33.8951], [130.4986, 33.8982], [130.496, 33.8982], [130.4949, 33.9046], [130.4919, 33.9051], [130.487, 33.9112], [130.4905, 33.9134], [130.4964, 33.9124], [130.4995, 33.9067], [130.5039, 33.902], [130.5065, 33.9013], [130.508, 33.896], [130.5048, 33.8968], [130.5009, 33.8951]]], [[[130.815, 33.9331], [130.8122, 33.9309], [130.8065, 33.933], [130.7864, 33.9347], [130.7836, 33.9364], [130.7844, 33.9381], [130.7828, 33.9392], [130.7917, 33.9414], [130.7912, 33.9462], [130.8001, 33.9463], [130.8083, 33.9495], [130.8102, 33.9472], [130.813, 33.9478], [130.8146, 33.9438], [130.8305, 33.9498], [130.8296, 33.9472], [130.8334, 33.9431], [130.8342, 33.9459], [130.8317, 33.949], [130.8352, 33.9481], [130.8441, 33.939], [130.8256, 33.9317], [130.815, 33.9331]]], [[[130.8097, 33.9993], [130.8132, 34.0012], [130.817, 33.9991], [130.8168, 33.9975], [130.8223, 33.9901], [130.8216, 33.9858], [130.8195, 33.9893], [130.8162, 33.9891], [130.8147, 33.995], [130.8097, 33.9993]]], [[[130.7179, 34.0007], [130.7079, 34.0042], [130.7121, 34.0055], [130.7146, 34.0036], [130.7176, 34.0025], [130.7179, 34.0007]]], [[[130.7372, 34.0214], [130.7369, 34.0236], [130.7389, 34.0208], [130.7335, 34.017], [130.7342, 34.0161], [130.7375, 34.0147], [130.7345, 34.0058], [130.7269, 34.0081], [130.7222, 34.0178], [130.725, 34.0189], [130.7306, 34.0164], [130.7372, 34.0214]]], [[[130.7964, 34.1042], [130.7972, 34.1011], [130.8004, 34.0995], [130.7978, 34.0968], [130.7998, 34.0928], [130.7947, 34.0918], [130.7946, 34.0972], [130.7925, 34.0994], [130.7899, 34.1], [130.7832, 34.0973], [130.7822, 34.1014], [130.7768, 34.1036], [130.7752, 34.1134], [130.7772, 34.1153], [130.7805, 34.1148], [130.7832, 34.1124], [130.7842, 34.1066], [130.7874, 34.1063], [130.7897, 34.1087], [130.7916, 34.1059], [130.7964, 34.1042]]], [[[131.1887, 33.6147], [131.1849, 33.6079], [131.1804, 33.6075], [131.1875, 33.6161], [131.1887, 33.6147]]], [[[131.0121, 33.7927], [131.0083, 33.7903], [131.0072, 33.7906], [131.0106, 33.7933], [131.0121, 33.7927]]], [[[130.9776, 33.8299], [130.9772, 33.8277], [130.9754, 33.8285], [130.9751, 33.8296], [130.9776, 33.8299]]], [[[131.0425, 33.8213], [131.0322, 33.8193], [131.0242, 33.8568], [131.0345, 33.858], [131.0425, 33.8213]]], [[[130.9296, 33.9362], [130.9318, 33.9339], [130.9308, 33.9315], [130.9294, 33.9317], [130.9281, 33.9346], [130.9296, 33.9362]]], [[[130.8589, 33.9677], [130.8607, 33.9658], [130.8535, 33.9659], [130.8495, 33.9698], [130.8528, 33.9709], [130.8539, 33.9696], [130.8589, 33.9677]]], [[[130.8595, 33.973], [130.8613, 33.9795], [130.8665, 33.9802], [130.8688, 33.9781], [130.8666, 33.9743], [130.8684, 33.9722], [130.8661, 33.97], [130.8609, 33.9702], [130.8595, 33.973]]], [[[131.0263, 33.9943], [131.0253, 33.9947], [131.0257, 33.9963], [131.0285, 33.9953], [131.0263, 33.9943]]], [[[131.1166, 34.1699], [131.1187, 34.1641], [131.1181, 34.1599], [131.113, 34.1562], [131.1098, 34.1558], [131.0977, 34.1627], [131.0939, 34.1633], [131.0902, 34.1596], [131.0865, 34.1523], [131.0851, 34.1345], [131.0957, 34.1241], [131.1049, 34.1198], [131.1124, 34.1071], [131.1132, 34.0977], [131.1112, 34.0802], [131.1095, 34.0762], [131.0992, 34.072], [131.0844, 34.0727], [131.0808, 34.0716], [131.0797, 34.069], [131.0832, 34.0644], [131.0833, 34.062], [131.0664, 34.0395], [131.0469, 34.0432], [131.0483, 34.0496], [131.0439, 34.0528], [131.0436, 34.0565], [131.0419, 34.0567], [131.0404, 34.0617], [131.0455, 34.0667], [131.0409, 34.0656], [131.0324, 34.0486], [131.0305, 34.0475], [131.0244, 34.0492], [131.0316, 34.043], [131.0308, 34.0396], [131.0227, 34.0358], [131.0158, 34.028], [131.0126, 34.0264], [131.0168, 34.026], [131.0206, 34.0225], [131.0215, 34.0196], [131.0196, 34.0167], [131.0134, 34.0114], [131.0052, 34.016], [131.0076, 34.0205], [131.004, 34.0175], [131.0044, 34.011], [131.0025, 34.008], [131.0045, 34.0065], [131.0024, 34.0053], [131.0062, 34.0024], [131.0032, 33.9987], [130.9971, 34.0032], [130.9966, 34.0011], [130.9983, 34.0], [130.9985, 33.997], [130.9967, 33.9948], [130.9939, 33.9948], [130.9963, 33.993], [130.9965, 33.9898], [130.9906, 33.9852], [130.9814, 33.9813], [130.979, 33.9776], [130.9662, 33.9695], [130.9566, 33.965], [130.952, 33.9589], [130.9425, 33.9554], [130.9366, 33.9481], [130.9345, 33.9477], [130.9329, 33.9497], [130.9242, 33.9466], [130.9268, 33.9441], [130.9246, 33.9429], [130.9281, 33.9425], [130.9294, 33.9405], [130.9243, 33.9365], [130.9283, 33.9265], [130.9222, 33.913], [130.9119, 33.911], [130.9025, 33.9141], [130.901, 33.9186], [130.907, 33.9209], [130.9093, 33.9239], [130.9057, 33.9219], [130.8983, 33.9219], [130.8994, 33.9266], [130.8934, 33.9317], [130.8967, 33.934], [130.8931, 33.9389], [130.8914, 33.9391], [130.8918, 33.937], [130.8888, 33.9375], [130.8792, 33.9429], [130.8798, 33.9443], [130.8753, 33.9458], [130.8771, 33.9473], [130.8728, 33.9499], [130.8767, 33.9517], [130.8786, 33.9552], [130.8783, 33.949], [130.8839, 33.9505], [130.895, 33.9434], [130.9012, 33.9457], [130.9021, 33.9498], [130.905, 33.9527], [130.9085, 33.9506], [130.9105, 33.9533], [130.9133, 33.954], [130.9176, 33.9496], [130.9138, 33.9445], [130.9143, 33.9413], [130.9198, 33.9501], [130.9194, 33.9518], [130.914, 33.9549], [130.908, 33.9526], [130.9057, 33.9543], [130.9136, 33.9636], [130.9124, 33.9655], [130.9131, 33.9715], [130.9166, 33.9758], [130.9163, 33.9816], [130.9123, 33.9836], [130.9123, 33.9865], [130.9096, 33.988], [130.9082, 33.994], [130.9102, 33.9978], [130.9094, 34.0012], [130.9142, 34.0048], [130.9159, 34.0092], [130.9166, 34.0195], [130.914, 34.0238], [130.9099, 34.0255], [130.9044, 34.0246], [130.9035, 34.0268], [130.9128, 34.0398], [130.9148, 34.0468], [130.9111, 34.061], [130.9065, 34.0639], [130.9043, 34.0618], [130.9024, 34.062], [130.9011, 34.0641], [130.9019, 34.0686], [130.8956, 34.07], [130.8922, 34.064], [130.8887, 34.065], [130.8872, 34.068], [130.8881, 34.0715], [130.8824, 34.0741], [130.8821, 34.0788], [130.876, 34.0804], [130.8814, 34.0838], [130.8804, 34.0868], [130.8752, 34.0896], [130.8723, 34.0881], [130.8722, 34.0898], [130.874, 34.0906], [130.8737, 34.0968], [130.8691, 34.102], [130.866, 34.1016], [130.8625, 34.1039], [130.861, 34.1102], [130.8651, 34.1142], [130.8644, 34.1203], [130.866, 34.1218], [130.8671, 34.1306], [130.8659, 34.134], [130.8672, 34.1367], [130.8748, 34.1384], [130.8784, 34.1362], [130.8808, 34.1415], [130.8851, 34.1421], [130.886, 34.1402], [130.8847, 34.1367], [130.8924, 34.1344], [130.9052, 34.1421], [130.9044, 34.1475], [130.8997, 34.1487], [130.8995, 34.1524], [130.8961, 34.153], [130.8982, 34.1549], [130.9044, 34.1526], [130.9101, 34.1592], [130.9117, 34.1575], [130.9142, 34.1578], [130.9277, 34.1728], [130.9286, 34.1771], [130.925, 34.1789], [130.931, 34.1831], [130.9333, 34.1883], [130.9303, 34.2113], [130.9269, 34.213], [130.9197, 34.2127], [130.9167, 34.2149], [130.9192, 34.2189], [130.9192, 34.2232], [130.9225, 34.2263], [130.9214, 34.2399], [130.9118, 34.2458], [130.909, 34.2495], [130.9007, 34.2534], [130.8972, 34.2649], [130.8914, 34.2679], [130.8893, 34.2726], [130.8819, 34.2753], [130.867, 34.2877], [130.87, 34.2938], [130.8726, 34.2957], [130.8823, 34.2959], [130.8858, 34.3021], [130.8841, 34.3062], [130.8852, 34.311], [130.8894, 34.3115], [130.8919, 34.3097], [130.8937, 34.3119], [130.8916, 34.3126], [130.8907, 34.3175], [130.8967, 34.3175], [130.8914, 34.3188], [130.8928, 34.3204], [130.8953, 34.3201], [130.8978, 34.3253], [130.8936, 34.3228], [130.8914, 34.325], [130.8919, 34.3313], [130.8941, 34.3319], [130.889, 34.3321], [130.8915, 34.3391], [130.8899, 34.3452], [130.9019, 34.3537], [130.8996, 34.358], [130.9012, 34.3628], [130.9067, 34.3621], [130.9143, 34.3536], [130.9143, 34.3515], [130.9217, 34.3537], [130.9218, 34.3505], [130.9239, 34.3505], [130.926, 34.348], [130.9248, 34.3424], [130.9276, 34.3411], [130.931, 34.3426], [130.9303, 34.3457], [130.9346, 34.348], [130.934, 34.3503], [130.9358, 34.3522], [130.9399, 34.3515], [130.945, 34.3541], [130.9456, 34.3526], [130.9486, 34.3527], [130.9635, 34.3584], [130.9658, 34.3558], [130.9684, 34.3595], [130.9727, 34.3596], [130.9809, 34.3637], [130.9897, 34.3587], [131.0268, 34.3221], [131.0364, 34.3104], [131.0461, 34.3044], [131.0623, 34.2996], [131.081, 34.2856], [131.0911, 34.2699], [131.1159, 34.2668], [131.152, 34.2659], [131.1659, 34.2626], [131.1638, 34.2462], [131.1578, 34.2318], [131.1538, 34.2294], [131.1366, 34.2246], [131.1254, 34.2191], [131.1055, 34.1928], [131.1042, 34.1789], [131.1166, 34.1699]]], [[[130.9043, 34.1746], [130.9058, 34.1726], [130.9049, 34.1705], [130.8985, 34.1701], [130.8981, 34.1726], [130.9005, 34.1761], [130.9029, 34.1763], [130.9043, 34.1746]]], [[[130.897, 34.1766], [130.8977, 34.1795], [130.9014, 34.181], [130.9011, 34.1782], [130.8981, 34.1759], [130.897, 34.1766]]], [[[130.8797, 34.3547], [130.8776, 34.3535], [130.8725, 34.3555], [130.866, 34.3517], [130.858, 34.3529], [130.8518, 34.3486], [130.8517, 34.3434], [130.8472, 34.3408], [130.8463, 34.3438], [130.8445, 34.3429], [130.84, 34.3452], [130.8381, 34.3517], [130.8404, 34.3553], [130.8464, 34.3537], [130.8554, 34.3546], [130.8658, 34.3599], [130.87, 34.365], [130.8663, 34.3732], [130.8694, 34.3735], [130.8715, 34.3725], [130.8712, 34.3695], [130.873, 34.368], [130.8721, 34.3665], [130.8769, 34.3681], [130.8806, 34.3642], [130.8797, 34.3547]]], [[[130.967, 34.363], [130.9741, 34.364], [130.9733, 34.3614], [130.9649, 34.3591], [130.967, 34.363]]]]}}, {"type": "Feature", "properties": {"metro_id": "JPM05", "metro_name": "Sendai MMA", "n_members": 32, "n_missing": 0, "n_prefs": 2, "prefs": "Fukushima、Miyagi"}, "geometry": {"type": "MultiPolygon", "coordinates": [[[[140.6908, 37.8619], [140.6861, 37.8709], [140.6919, 37.8793], [140.6855, 37.8875], [140.6756, 37.89], [140.6635, 37.8978], [140.6506, 37.8959], [140.6298, 37.8962], [140.6219, 37.9092], [140.62, 37.9088], [140.6016, 37.9046], [140.5907, 37.9063], [140.5731, 37.9174], [140.5636, 37.9077], [140.5523, 37.9067], [140.5413, 37.9021], [140.5207, 37.9046], [140.5, 37.8971], [140.4875, 37.8985], [140.4784, 37.9066], [140.4729, 37.9153], [140.4724, 37.9254], [140.4685, 37.9424], [140.4692, 37.9503], [140.4951, 37.9482], [140.5068, 37.9494], [140.5172, 37.9543], [140.5246, 37.962], [140.5257, 37.9664], [140.5209, 37.9899], [140.5077, 38.0235], [140.5047, 38.0285], [140.4916, 38.038], [140.486, 38.0455], [140.4835, 38.0678], [140.4794, 38.0793], [140.4786, 38.0889], [140.4642, 38.1034], [140.4537, 38.1085], [140.4512, 38.1149], [140.4483, 38.1309], [140.4492, 38.1407], [140.4581, 38.1492], [140.4686, 38.1533], [140.4772, 38.1721], [140.4835, 38.18], [140.4819, 38.1908], [140.4743, 38.2104], [140.4775, 38.2205], [140.4715, 38.229], [140.474, 38.2491], [140.4757, 38.2599], [140.4798, 38.2697], [140.4926, 38.2727], [140.5004, 38.2804], [140.4959, 38.2908], [140.5061, 38.3028], [140.5272, 38.3136], [140.5333, 38.3227], [140.5271, 38.3367], [140.5253, 38.3467], [140.5311, 38.3558], [140.5505, 38.364], [140.5553, 38.373], [140.5654, 38.3743], [140.5805, 38.3923], [140.5765, 38.4023], [140.5849, 38.4294], [140.59, 38.4381], [140.6003, 38.434], [140.6203, 38.4501], [140.623, 38.4523], [140.6230462763466, 38.45241391100703], [140.6116, 38.4561], [140.6118, 38.4662], [140.6016, 38.4842], [140.5795, 38.4912], [140.5714, 38.5], [140.5691, 38.5101], [140.5723, 38.5201], [140.5626, 38.5263], [140.5579, 38.5362], [140.5676, 38.5425], [140.5732, 38.5519], [140.577, 38.562], [140.5774, 38.573], [140.5754, 38.5833], [140.5696, 38.5917], [140.5656, 38.602], [140.5577, 38.6091], [140.5458, 38.6264], [140.5447, 38.6377], [140.5499, 38.6467], [140.5666, 38.6448], [140.5728, 38.6353], [140.5831, 38.6326], [140.5938, 38.6312], [140.6032, 38.6364], [140.6091, 38.6455], [140.6124, 38.656], [140.6202, 38.6681], [140.625, 38.682], [140.625, 38.687], [140.6249, 38.6973], [140.6144, 38.6989], [140.6109, 38.7098], [140.614, 38.7208], [140.635, 38.75], [140.6396, 38.7592], [140.6484, 38.7645], [140.6424, 38.7737], [140.625, 38.7727], [140.6158, 38.779], [140.6064, 38.7823], [140.602, 38.7941], [140.6004, 38.8051], [140.6028, 38.8157], [140.597, 38.8246], [140.5895, 38.8336], [140.5689, 38.8451], [140.543, 38.8648], [140.5545, 38.8789], [140.568, 38.8717], [140.5777, 38.8759], [140.5888, 38.8773], [140.5981, 38.8833], [140.6104, 38.8836], [140.6181, 38.8911], [140.6354, 38.8844], [140.6456, 38.8839], [140.6575, 38.8861], [140.6753, 38.8957], [140.6881, 38.9139], [140.7084, 38.9214], [140.7185, 38.9242], [140.7264, 38.9316], [140.7307, 38.9415], [140.7407, 38.9482], [140.7517, 38.9522], [140.7595, 38.9551], [140.7768, 38.9551], [140.8147, 38.9616], [140.825, 38.9608], [140.8356, 38.9565], [140.8434, 38.9485], [140.8654, 38.9386], [140.8868, 38.9247], [140.9083, 38.9259], [140.9165, 38.9198], [140.9597, 38.9055], [140.9686, 38.8986], [140.9876, 38.8732], [141.0, 38.8778], [141.0099, 38.8763], [141.0191, 38.8806], [141.0296, 38.8798], [141.0387, 38.8747], [141.0486, 38.8755], [141.0587, 38.879], [141.069, 38.8797], [141.0794, 38.8771], [141.0997, 38.8832], [141.1075, 38.8769], [141.125, 38.8773], [141.1363, 38.8752], [141.1495, 38.8659], [141.1491, 38.8552], [141.1429, 38.8472], [141.134, 38.8398], [141.119, 38.8335], [141.125, 38.8228], [141.1352, 38.8098], [141.1443, 38.8016], [141.1429, 38.7901], [141.1504, 38.782], [141.1656, 38.7782], [141.1751, 38.7757], [141.1843, 38.7809], [141.2043, 38.7682], [141.2155, 38.7499], [141.2327, 38.7499], [141.2591, 38.7572], [141.2595, 38.7674], [141.2676, 38.784], [141.279, 38.7911], [141.2903, 38.794], [141.3008, 38.7905], [141.3069, 38.7991], [141.3135, 38.8193], [141.3444, 38.8055], [141.354, 38.8092], [141.375, 38.8035], [141.3826, 38.7931], [141.3939, 38.7953], [141.3999, 38.7872], [141.4107, 38.7841], [141.4199, 38.7783], [141.4179, 38.7698], [141.4088, 38.7608], [141.4077, 38.7564], [141.4084, 38.7527], [141.4137, 38.7454], [141.4203, 38.7401], [141.4102, 38.7362], [141.3772, 38.7178], [141.3734, 38.7148], [141.3725, 38.7114], [141.3713, 38.6887], [141.3743, 38.6806], [141.3836, 38.675], [141.3848, 38.6728], [141.3808, 38.6589], [141.3808, 38.6542], [141.3886, 38.6464], [141.3957, 38.6362], [141.3976, 38.6273], [141.4029, 38.6156], [141.4168, 38.6106], [141.42, 38.6002], [141.4324, 38.5992], [141.4376, 38.6007], [141.4529, 38.6112], [141.4676, 38.6178], [141.5052, 38.6202], [141.5272, 38.6355], [141.5263, 38.6374], [141.5303, 38.6362], [141.5291, 38.6305], [141.5274, 38.6294], [141.5289, 38.6267], [141.5283, 38.6179], [141.5262, 38.6155], [141.5244, 38.6086], [141.5202, 38.6074], [141.5176, 38.6041], [141.5103, 38.6042], [141.5091, 38.6024], [141.5112, 38.6005], [141.5086, 38.5978], [141.5082, 38.6004], [141.5018, 38.6032], [141.5047, 38.5945], [141.5002, 38.5936], [141.4954, 38.5896], [141.4947, 38.5918], [141.4934, 38.5915], [141.4917, 38.587], [141.4893, 38.5863], [141.4877, 38.5832], [141.4807, 38.5817], [141.4758, 38.5854], [141.47, 38.5814], [141.4657, 38.5826], [141.4633, 38.581], [141.4628, 38.5736], [141.4606, 38.5691], [141.4653, 38.5618], [141.4587, 38.5639], [141.4563, 38.562], [141.4573, 38.5579], [141.4596, 38.5575], [141.4608, 38.5543], [141.4567, 38.551], [141.4578, 38.5457], [141.4539, 38.543], [141.4568, 38.5427], [141.4592, 38.5402], [141.464, 38.5446], [141.4671, 38.5433], [141.4695, 38.5485], [141.4645, 38.5555], [141.46, 38.5581], [141.4585, 38.5616], [141.4653, 38.5602], [141.4734, 38.5617], [141.4757, 38.5604], [141.4756, 38.5631], [141.4769, 38.5628], [141.4781, 38.5661], [141.4788, 38.5616], [141.4765, 38.5582], [141.4778, 38.557], [141.4802, 38.5592], [141.4835, 38.5545], [141.4881, 38.5539], [141.4859, 38.5467], [141.4874, 38.5442], [141.4862, 38.5413], [141.4922, 38.5342], [141.4961, 38.5326], [141.4991, 38.5324], [141.4993, 38.5355], [141.5011, 38.5363], [141.5068, 38.5334], [141.5106, 38.5339], [141.5086, 38.5383], [141.5117, 38.5405], [141.5145, 38.5456], [141.5158, 38.5453], [141.5182, 38.5397], [141.5204, 38.5394], [141.5253, 38.5464], [141.532, 38.55], [141.5311, 38.5525], [141.5342, 38.5533], [141.535, 38.5517], [141.5331, 38.5472], [141.5349, 38.5455], [141.5349, 38.542], [141.5325, 38.5394], [141.5309, 38.5329], [141.5389, 38.5317], [141.5401, 38.5276], [141.5436, 38.5247], [141.5511, 38.525], [141.5475, 38.5203], [141.5456, 38.5211], [141.5409, 38.518], [141.5386, 38.5146], [141.5395, 38.5118], [141.5348, 38.5089], [141.5394, 38.5027], [141.5408, 38.505], [141.5428, 38.503], [141.5397, 38.4982], [141.5374, 38.4988], [141.5356, 38.4961], [141.5333, 38.4959], [141.537, 38.4911], [141.5356, 38.4864], [141.5344, 38.4899], [141.5288, 38.4882], [141.5265, 38.4901], [141.5245, 38.4894], [141.5233, 38.4917], [141.5247, 38.4936], [141.5226, 38.4954], [141.5169, 38.4921], [141.515, 38.4925], [141.5161, 38.5002], [141.515, 38.5026], [141.5119, 38.5033], [141.5154, 38.5042], [141.5159, 38.5069], [141.5126, 38.5132], [141.5053, 38.5114], [141.5031, 38.5084], [141.5014, 38.5104], [141.4982, 38.5109], [141.4946, 38.5086], [141.4933, 38.5117], [141.4852, 38.5163], [141.483, 38.5198], [141.4703, 38.5207], [141.4643, 38.5128], [141.4746, 38.5181], [141.4877, 38.5075], [141.4891, 38.5047], [141.487, 38.5019], [141.4905, 38.4985], [141.4967, 38.4999], [141.497, 38.4948], [141.4913, 38.4888], [141.4933, 38.4849], [141.4956, 38.4844], [141.4959, 38.4807], [141.4803, 38.4831], [141.4677, 38.4905], [141.4593, 38.4888], [141.4478, 38.4819], [141.4286, 38.4875], [141.4211, 38.4868], [141.416, 38.4785], [141.4091, 38.4578], [141.4069, 38.4359], [141.3974, 38.4369], [141.394, 38.4353], [141.3877, 38.4366], [141.3837, 38.432], [141.3791, 38.4297], [141.379, 38.4213], [141.371, 38.4165], [141.3646, 38.4096], [141.3622, 38.4125], [141.3508, 38.4138], [141.3422, 38.4121], [141.3297, 38.4122], [141.3275, 38.4114], [141.3282, 38.4097], [141.3351, 38.4094], [141.3218, 38.4083], [141.3245, 38.4098], [141.3235, 38.412], [141.3146, 38.4112], [141.3014, 38.4161], [141.2739, 38.4101], [141.2725, 38.4128], [141.2742, 38.4147], [141.2775, 38.4164], [141.2844, 38.4158], [141.2852, 38.4182], [141.2783, 38.4186], [141.2734, 38.4162], [141.2724, 38.4193], [141.2693, 38.4196], [141.2671, 38.4185], [141.2677, 38.4166], [141.2661, 38.4145], [141.2531, 38.4134], [141.2512, 38.4134], [141.2489, 38.418], [141.2464, 38.4189], [141.2474, 38.4162], [141.2453, 38.4104], [141.2472, 38.4089], [141.2476, 38.411], [141.2514, 38.4118], [141.266, 38.412], [141.2682, 38.41], [141.266, 38.4073], [141.2561, 38.4078], [141.2218, 38.398], [141.1989, 38.3884], [141.1752, 38.3755], [141.1746, 38.3768], [141.1763, 38.3788], [141.1735, 38.3782], [141.1708, 38.3819], [141.1718, 38.386], [141.161, 38.393], [141.1581, 38.4014], [141.155, 38.4042], [141.1528, 38.4036], [141.1575, 38.3991], [141.1595, 38.3922], [141.1694, 38.3845], [141.1687, 38.3816], [141.1727, 38.376], [141.172, 38.3739], [141.167, 38.372], [141.1591, 38.3646], [141.1584, 38.3519], [141.1534, 38.3479], [141.1575, 38.3485], [141.1581, 38.3436], [141.1616, 38.3414], [141.159, 38.3499], [141.1615, 38.3493], [141.1601, 38.3524], [141.1635, 38.3555], [141.1667, 38.354], [141.1635, 38.3517], [141.1654, 38.3501], [141.1661, 38.3515], [141.1693, 38.3484], [141.1646, 38.3476], [141.1668, 38.3465], [141.1645, 38.3454], [141.1673, 38.3453], [141.167, 38.3429], [141.1696, 38.3439], [141.1666, 38.333], [141.1719, 38.3262], [141.1758, 38.3261], [141.1814, 38.3233], [141.1825, 38.3218], [141.177, 38.3229], [141.1788, 38.3211], [141.1775, 38.3192], [141.1751, 38.3224], [141.1687, 38.3235], [141.165, 38.3277], [141.1596, 38.3262], [141.1591, 38.3243], [141.1558, 38.3245], [141.1561, 38.322], [141.1508, 38.3238], [141.1507, 38.3259], [141.1452, 38.3296], [141.1491, 38.3329], [141.1486, 38.3341], [141.1442, 38.332], [141.1418, 38.3331], [141.1434, 38.3309], [141.1387, 38.3294], [141.1436, 38.3281], [141.1465, 38.3241], [141.1449, 38.3245], [141.143, 38.3225], [141.1413, 38.3239], [141.1404, 38.321], [141.1378, 38.3211], [141.1372, 38.3236], [141.1393, 38.3271], [141.136, 38.3291], [141.136, 38.3318], [141.1332, 38.3335], [141.1341, 38.3351], [141.1317, 38.3386], [141.1341, 38.3396], [141.1343, 38.3417], [141.1367, 38.3387], [141.1418, 38.3392], [141.1422, 38.3418], [141.1465, 38.3384], [141.149, 38.3423], [141.1428, 38.3483], [141.1404, 38.3543], [141.1439, 38.3543], [141.1466, 38.3567], [141.1531, 38.3558], [141.1436, 38.3597], [141.1323, 38.3601], [141.1313, 38.3617], [141.1338, 38.3629], [141.1379, 38.3715], [141.1317, 38.3779], [141.1239, 38.3792], [141.12, 38.3789], [141.1189, 38.3809], [141.1155, 38.3806], [141.1062, 38.3857], [141.1075, 38.3806], [141.1156, 38.3759], [141.1135, 38.3743], [141.1079, 38.3757], [141.1068, 38.3736], [141.1086, 38.3708], [141.1055, 38.3681], [141.1024, 38.3702], [141.1034, 38.372], [141.101, 38.3742], [141.0984, 38.3731], [141.0966, 38.3746], [141.0962, 38.3757], [141.0995, 38.3763], [141.0988, 38.3776], [141.0845, 38.381], [141.0816, 38.3784], [141.0746, 38.377], [141.0701, 38.3706], [141.0618, 38.369], [141.0613, 38.3671], [141.063, 38.3652], [141.0612, 38.3624], [141.0632, 38.3591], [141.0625273321028, 38.354871801789], [141.0632, 38.3544], [141.0665, 38.3515], [141.0602, 38.3524], [141.0589, 38.3503], [141.0533, 38.3506], [141.0588, 38.3478], [141.056, 38.3476], [141.0525, 38.3434], [141.0537, 38.3468], [141.0497, 38.3451], [141.0483, 38.3474], [141.0459, 38.3463], [141.0428, 38.3489], [141.043, 38.3461], [141.0378, 38.3427], [141.0371, 38.3393], [141.0403, 38.338], [141.0406, 38.3362], [141.043, 38.3371], [141.0433, 38.3348], [141.0463, 38.3363], [141.0462, 38.3393], [141.0478, 38.3375], [141.0496, 38.3391], [141.0485, 38.3369], [141.0517, 38.3326], [141.0459, 38.3246], [141.0303, 38.3222], [141.0241, 38.3197], [141.0352, 38.3199], [141.0354, 38.3181], [141.0389, 38.3188], [141.0393, 38.3166], [141.0416, 38.3188], [141.0451, 38.3183], [141.0448, 38.3148], [141.04, 38.3093], [141.037, 38.3086], [141.0367, 38.3072], [141.041, 38.3082], [141.037, 38.3047], [141.0462, 38.3127], [141.0492, 38.3089], [141.0489, 38.3142], [141.0535, 38.3135], [141.0563, 38.3147], [141.0595, 38.3134], [141.0598, 38.3156], [141.0631, 38.3174], [141.0662, 38.3222], [141.0772, 38.3189], [141.0816, 38.3057], [141.0899, 38.3016], [141.0853, 38.2931], [141.0775, 38.2956], [141.073, 38.2946], [141.0656, 38.2892], [141.0627, 38.2824], [141.0539, 38.2802], [141.0524, 38.2776], [141.0451, 38.2779], [141.0444, 38.2742], [141.0403, 38.272], [141.0292, 38.275], [141.032, 38.2825], [141.0281, 38.2806], [141.0254, 38.2815], [140.9944, 38.2822], [141.0282, 38.2805], [141.0249, 38.2734], [141.0206, 38.2703], [141.009, 38.2731], [140.9986, 38.2717], [141.0003, 38.2694], [141.0067, 38.27], [141.0234, 38.2678], [141.0226, 38.2659], [141.0262, 38.2667], [141.0306, 38.265], [141.0219, 38.2636], [141.0072, 38.2429], [140.995, 38.2308], [140.9725, 38.1983], [140.9731, 38.1969], [140.9697, 38.1947], [140.96, 38.1767], [140.9586, 38.1781], [140.9625, 38.1822], [140.9678, 38.1933], [140.965, 38.1931], [140.9661, 38.1917], [140.9572, 38.1778], [140.9406, 38.1874], [140.9376, 38.1909], [140.9355, 38.1976], [140.9302, 38.1994], [140.9236, 38.1984], [140.9331, 38.1975], [140.9353, 38.1958], [140.9311, 38.193], [140.93095877192982, 38.19245526315789], [140.9347, 38.1947], [140.9358, 38.1894], [140.9389, 38.1858], [140.9461, 38.1831], [140.9497, 38.1789], [140.9592, 38.1753], [140.9567, 38.1742], [140.955, 38.17], [140.9508, 38.1667], [140.9431, 38.1631], [140.9436, 38.1575], [140.9486, 38.1625], [140.9494, 38.1611], [140.9472, 38.1572], [140.9486, 38.1575], [140.9508, 38.1628], [140.9578, 38.1703], [140.9586, 38.1742], [140.9628, 38.174], [140.9626, 38.1694], [140.9678, 38.1708], [140.9674, 38.1693], [140.9639, 38.1682], [140.9592, 38.1692], [140.9486, 38.1525], [140.94, 38.1291], [140.9353, 38.1186], [140.9336, 38.1078], [140.9294, 38.0983], [140.9303, 38.0967], [140.9236, 38.0683], [140.9226, 38.0484], [140.9206, 38.0447], [140.9217, 38.035], [140.9178, 38.0347], [140.9167, 38.0381], [140.9119, 38.0392], [140.9132, 38.0363], [140.9094, 38.0381], [140.9031, 38.0378], [140.8967, 38.0333], [140.9003, 38.0311], [140.9136, 38.0306], [140.9142, 38.0275], [140.9178, 38.0325], [140.9206, 38.0331], [140.9167, 38.0217], [140.9144, 37.9953], [140.9161, 37.9567], [140.9225, 37.9142], [140.9258, 37.9031], [140.9292, 37.9003], [140.9311, 37.9008], [140.9314, 37.8918], [140.9333, 37.8767], [140.9361, 37.8731], [140.9383, 37.8736], [140.9392, 37.8661], [140.9408, 37.8617], [140.945, 37.8572], [140.9505, 37.8406], [140.9319, 37.841], [140.9162, 37.8379], [140.8885, 37.8469], [140.8749, 37.8497], [140.85877619943554, 37.847908466603954], [140.8575, 37.8389], [140.8578, 37.8216], [140.8613, 37.8113], [140.861, 37.8008], [140.8543, 37.792], [140.8313, 37.7928], [140.8214, 37.7952], [140.811, 37.7944], [140.7888, 37.8002], [140.7739, 37.7946], [140.7902, 37.7864], [140.7979, 37.7789], [140.7901, 37.7723], [140.7794, 37.7785], [140.75, 37.7846], [140.7397, 37.7827], [140.7288, 37.7831], [140.7134, 37.7982], [140.6984, 37.8028], [140.6896, 37.8116], [140.6881, 37.8221], [140.6827, 37.8333], [140.6897, 37.8404], [140.6943, 37.8504], [140.6908, 37.8619]], [[140.98023448275862, 38.28056551724138], [140.9816, 38.2803], [140.9944, 38.2822], [140.98023448275862, 38.28056551724138]], [[141.16689856115107, 38.73631654676262], [141.167, 38.7375], [141.16645178849146, 38.73800435458786], [141.16689856115107, 38.73631654676262]], [[141.15847571428583, 38.7307428571429], [141.1667, 38.734], [141.16674676923077, 38.73454564102563], [141.15847571428583, 38.7307428571429]], [[141.13814203233255, 38.72513163972286], [141.1465, 38.726], [141.14774953935245, 38.72649486707028], [141.13814203233255, 38.72513163972286]], [[141.1203, 38.7226], [141.1036, 38.7155], [141.12130367816093, 38.72274241379311], [141.1203, 38.7226]], [[141.0666, 38.6852], [141.06623562202583, 38.68351475186948], [141.0766, 38.6968], [141.0666, 38.6852]], [[141.0658, 38.6815], [141.0788, 38.669], [141.06597525083612, 38.68231053511705], [141.0658, 38.6815]], [[141.11917945814798, 38.6453058633239], [141.117, 38.6462], [141.1104989377845, 38.64536115326252], [141.11917945814798, 38.6453058633239]], [[141.1215216216216, 38.642693693693715], [141.1209, 38.6446], [141.12036126126128, 38.644821021021016], [141.1215216216216, 38.642693693693715]], [[141.1376, 38.6146], [141.13861602734525, 38.61402271173566], [141.1269, 38.6262], [141.1376, 38.6146]], [[141.109, 38.5864], [141.10746831220814, 38.585883055370246], [141.1274, 38.5873], [141.109, 38.5864]], [[141.101, 38.5837], [141.09886070222822, 38.58199581363943], [141.10450980392156, 38.584884558823525], [141.101, 38.5837]], [[141.0951, 38.579], [141.0909, 38.5726], [141.09080108108108, 38.571437702702696], [141.09692550522647, 38.580454216027874], [141.0951, 38.579]], [[141.0496, 38.5905], [141.03613684210518, 38.59233588516747], [141.0501721247793, 38.58997304296645], [141.0496, 38.5905]], [[141.0188, 38.5947], [141.0144, 38.5928], [141.02038009188362, 38.594484532924966], [141.0188, 38.5947]], [[141.0126, 38.5871], [141.013115625, 38.58674508928571], [141.0144, 38.5928], [141.0126, 38.5871]], [[141.082, 38.4509], [141.0708, 38.4462], [141.08290240679187, 38.45077413800008], [141.082, 38.4509]], [[141.04013529411765, 38.44101154684096], [141.0409, 38.4407], [141.0554, 38.4412], [141.04013529411765, 38.44101154684096]], [[141.03486323777412, 38.455215008431814], [141.0297, 38.449], [141.03002004734157, 38.44848379461034], [141.03486323777412, 38.455215008431814]], [[141.0355, 38.4561], [141.036, 38.4592], [141.03511619377161, 38.45556657439444], [141.0355, 38.4561]], [[140.9621, 38.4645], [140.9756885167464, 38.44373444976079], [140.9752, 38.4452], [140.9609985239852, 38.46696330090577], [140.9621, 38.4645]], [[140.9778, 38.428], [140.9777, 38.4377], [140.9764310679612, 38.44150679611647], [140.9778, 38.428]], [[140.97924944512945, 38.420321208384664], [140.9797, 38.4213], [140.97949729043185, 38.4220148179509], [140.97924944512945, 38.420321208384664]], [[140.9746, 38.3838], [140.97882781919844, 38.380263000932025], [140.9714, 38.3889], [140.9746, 38.3838]], [[140.9899, 38.371], [140.99396875000002, 38.36886874999998], [140.9832271380971, 38.37658252499067], [140.9899, 38.371]], [[140.9962, 38.3677], [141.0031, 38.3667], [141.0069506632653, 38.367188112244904], [140.99531140495867, 38.368165454545455], [140.9962, 38.3677]], [[141.0102, 38.3676], [141.0217, 38.3726], [141.00880497754494, 38.36742316616767], [141.0102, 38.3676]], [[140.7311, 38.427], [140.73048095544132, 38.42706692373607], [140.7537, 38.4123], [140.7311, 38.427]], [[140.83885517985613, 38.34626877697843], [140.835, 38.3568], [140.8384, 38.3467], [140.83885517985613, 38.34626877697843]], [[140.84152320441987, 38.34467348066299], [140.83987315068495, 38.34530438356163], [140.8403, 38.3449], [140.84152320441987, 38.34467348066299]], [[140.8499, 38.345], [140.84318837209304, 38.34436511627907], [140.8457, 38.3439], [140.8499, 38.345]], [[140.92694818304173, 38.33378034993271], [140.9251830220713, 38.33337300509338], [140.9263, 38.3333], [140.92694818304173, 38.33378034993271]], [[140.9948, 38.3337], [141.001553423638, 38.34082347424829], [141.0011, 38.3408], [140.9948, 38.3337]], [[141.0073, 38.3095], [140.99928046462512, 38.31413780359029], [140.9997, 38.3134], [141.0073, 38.3095]], [[140.9375, 38.3416], [140.9633, 38.292], [140.9542, 38.3108], [140.9375, 38.3416]], [[140.6854317139738, 38.05864219432317], [140.6852997229917, 38.06027008310249], [140.6851, 38.0593], [140.6854317139738, 38.05864219432317]], [[140.68570674793207, 38.062247061384404], [140.6949, 38.0758], [140.6858, 38.0627], [140.68570674793207, 38.062247061384404]], [[140.71466148185738, 38.07211717838113], [140.7129, 38.0728], [140.6949, 38.0758], [140.71466148185738, 38.07211717838113]], [[140.72136118836917, 38.06952010113779], [140.73329119290176, 38.06369066710482], [140.7307, 38.0659], [140.72136118836917, 38.06952010113779]], [[140.7360918918919, 38.061302702702704], [140.7469, 38.0491], [140.7402, 38.0578], [140.7360918918919, 38.061302702702704]], [[140.83751511254022, 38.08084694533762], [140.8568, 38.0782], [140.8387, 38.0809], [140.83751511254022, 38.08084694533762]], [[140.87477646806687, 38.08894783540506], [140.8769097378277, 38.08922958801498], [140.8757, 38.0895], [140.87477646806687, 38.08894783540506]], [[140.8927, 38.0857], [140.9109, 38.0751], [140.8994, 38.0827], [140.8927, 38.0857]], [[140.70157591240874, 38.03412141119227], [140.7017, 38.0359], [140.7004486814951, 38.03726826415955], [140.70157591240874, 38.03412141119227]], [[140.6872, 37.9694], [140.696, 37.9957], [140.6965563714903, 37.998864362850966], [140.6872, 37.9694]], [[140.69587891133173, 37.961233550154056], [140.6931, 37.9616], [140.6823, 37.9603], [140.69587891133173, 37.961233550154056]], [[140.70342614035087, 37.95904701754385], [140.7022, 37.9604], [140.69978469162993, 37.960718502202646], [140.70342614035087, 37.95904701754385]], [[140.70445375779454, 37.95791309484739], [140.7053, 37.9471], [140.7060207920792, 37.94661089108911], [140.7051, 37.9572], [140.70445375779454, 37.95791309484739]], [[140.7109, 37.9433], [140.71969440559442, 37.94162167832168], [140.7083641509434, 37.94502075471698], [140.7109, 37.9433]], [[140.724, 37.9408], [140.7546, 37.9469], [140.72279940569285, 37.94102912105098], [140.724, 37.9408]], [[140.85199027452447, 37.909850651175894], [140.8515, 37.9107], [140.8378, 37.9204], [140.85199027452447, 37.909850651175894]], [[140.8586, 37.8984], [140.85673157894746, 37.90163684210508], [140.8591333333333, 37.89683333333341], [140.8586, 37.8984]], [[140.8596, 37.8881], [140.8962, 37.8992], [140.8618, 37.889], [140.861524137931, 37.88981034482758], [140.8596, 37.8881]], [[140.8644, 37.8602], [140.8592, 37.8509], [140.8588080227416, 37.84813310170559], [140.8644, 37.8602]], [[140.6353, 38.1338], [140.64254053619302, 38.134630455764075], [140.6003, 38.134], [140.6353, 38.1338]], [[140.7979, 38.1526], [140.79762541099106, 38.16440732738373], [140.7971, 38.1632], [140.7979, 38.1526]], [[140.78637369501968, 38.13246796166353], [140.7685, 38.1185], [140.7826, 38.1283], [140.78637369501968, 38.13246796166353]], [[140.6689, 38.1368], [140.66683923809524, 38.13660057142857], [140.67007707841032, 38.13624519871106], [140.6689, 38.1368]], [[140.7014, 38.1245], [140.70069411764706, 38.12470588235294], [140.70165, 38.12375], [140.7014, 38.1245]], [[140.70143005371784, 38.110746762793376], [140.7017, 38.1115], [140.7026, 38.1209], [140.70222441860466, 38.122026744186016], [140.70143005371784, 38.110746762793376]], [[140.8018, 38.174], [140.79951644458887, 38.16875268118297], [140.8043302013423, 38.17692281879197], [140.8018, 38.174]], [[140.8211, 38.2138], [140.82003563218393, 38.21346133751307], [140.8312, 38.213], [140.8211, 38.2138]], [[140.8496, 38.2058], [140.8464823284823, 38.207019958419984], [140.85349617180213, 38.20330401493926], [140.8496, 38.2058]], [[140.8624, 38.1976], [140.86099582955575, 38.19849954669086], [140.8646259433962, 38.195316981132116], [140.8624, 38.1976]], [[140.8663, 38.1936], [140.8659978743505, 38.19390987246101], [140.86659901823282, 38.192127910238476], [140.8663, 38.1936]], [[140.872, 38.1848], [140.86841060402682, 38.186757852349004], [140.8687, 38.1859], [140.872, 38.1848]], [[140.92467540983606, 38.18190716736561], [140.9127, 38.182], [140.9238, 38.1815], [140.92467540983606, 38.18190716736561]], [[140.92834213381556, 38.184319529837246], [140.92664786885248, 38.18282459016394], [140.9281, 38.1835], [140.92834213381556, 38.184319529837246]], [[140.56194149659868, 38.26090884353742], [140.5314, 38.2544], [140.549, 38.2572], [140.56194149659868, 38.26090884353742]], [[140.568, 38.2622], [140.56676283704573, 38.26193634232121], [140.57095921052635, 38.26204824561403], [140.568, 38.2622]], [[140.5992, 38.2606], [140.57711574394457, 38.26173252595156], [140.6074072726076, 38.25909210214559], [140.5992, 38.2606]], [[140.6373, 38.2536], [140.62495502535432, 38.255868105577946], [140.64513675333805, 38.250929374560776], [140.6373, 38.2536]], [[140.6552, 38.2475], [140.65129080459764, 38.24883218390808], [140.65543136531366, 38.24720553505535], [140.6552, 38.2475]], [[140.9772461686747, 38.30962968674699], [140.9798, 38.3095], [140.9819987189752, 38.30993090472378], [140.9772461686747, 38.30962968674699]], [[140.9395, 38.3554], [140.9416, 38.3803], [140.94132438372438, 38.3814214731215], [140.9395, 38.3554]], [[140.8496002868069, 38.57253064053537], [140.849, 38.5728], [140.8391, 38.5727], [140.8496002868069, 38.57253064053537]], [[140.85789821546595, 38.567785525446155], [140.8568, 38.5693], [140.85435222482437, 38.57039836065573], [140.85789821546595, 38.567785525446155]], [[140.89279085133415, 38.51663113087672], [140.8934, 38.5173], [140.8953, 38.5313], [140.89279085133415, 38.51663113087672]], [[140.8825, 38.5065], [140.8883, 38.5117], [140.88995000000006, 38.51351176470593], [140.8825, 38.5065]], [[140.7096, 38.4859], [140.7006, 38.4797], [140.71416834397294, 38.48734926774314], [140.7096, 38.4859]], [[140.7241, 38.4905], [140.71782385108418, 38.488508945861184], [140.7513, 38.4944], [140.7241, 38.4905]], [[140.86181581581582, 38.407004104104075], [140.86278933663982, 38.40837588344701], [140.8618, 38.4077], [140.86181581581582, 38.407004104104075]], [[140.8771, 38.4271], [140.88129169732002, 38.431149605885444], [140.8805, 38.4307], [140.8771, 38.4271]], [[140.88643492741247, 38.43407045260461], [140.8894914556962, 38.435200949367086], [140.8886, 38.4353], [140.88643492741247, 38.43407045260461]], [[140.9111, 38.4174], [140.93191206256327, 38.40076893214812], [140.9304, 38.4027], [140.9111, 38.4174]], [[140.76572686567164, 38.76029791044776], [140.7531, 38.7688], [140.7648, 38.7606], [140.76572686567164, 38.76029791044776]], [[140.80069033942553, 38.74979332338681], [140.78376372377627, 38.754419230769216], [140.7918, 38.7518], [140.80069033942553, 38.74979332338681]], [[141.0099106508876, 38.63780177514791], [140.9957, 38.6557], [141.0087, 38.6387], [141.0099106508876, 38.63780177514791]], [[141.01981734758456, 38.631594599535894], [141.01498082822084, 38.63404003067487], [141.018, 38.6318], [141.01981734758456, 38.631594599535894]], [[141.0659, 38.6284], [141.0573549424609, 38.62735202124521], [141.0587, 38.6272], [141.0659, 38.6284]], [[140.88818317859094, 38.601751829601305], [140.8893, 38.5978], [140.8886, 38.6015], [140.88818317859094, 38.601751829601305]], [[140.884, 38.5797], [140.8873, 38.5879], [140.8893, 38.5978], [140.884, 38.5797]], [[140.90251176470588, 38.56768823529413], [140.90332222222222, 38.56687777777777], [140.9032, 38.5673], [140.90251176470588, 38.56768823529413]], [[141.09246493288592, 38.54434312080536], [141.0886, 38.5513], [141.0921, 38.5445], [141.09246493288592, 38.54434312080536]], [[141.1722, 38.5163], [141.1587839027215, 38.51303914302258], [141.1605, 38.5129], [141.1722, 38.5163]], [[141.2201, 38.4641], [141.22967096774195, 38.4664], [141.2266, 38.4664], [141.2201, 38.4641]], [[141.23557142857143, 38.4664], [141.23697922646926, 38.46596201843179], [141.2365, 38.4664], [141.23557142857143, 38.4664]], [[141.25449057273187, 38.43133816523061], [141.2542, 38.4309], [141.2527, 38.4262], [141.25449057273187, 38.43133816523061]], [[141.19098226221078, 38.535439588688924], [141.1884, 38.5333], [141.1829, 38.525], [141.19098226221078, 38.535439588688924]], [[141.19950876565295, 38.539333452593915], [141.1954, 38.5391], [141.193771657754, 38.53775080213904], [141.19950876565295, 38.539333452593915]], [[141.2238, 38.5366], [141.2042, 38.5396], [141.20306710593005, 38.53953563101875], [141.2238, 38.5366]], [[141.17488619469026, 38.604057168141594], [141.1951, 38.6015], [141.1905, 38.6031], [141.17488619469026, 38.604057168141594]]], [[[140.9044, 38.0339], [140.9042, 38.0353], [140.9064, 38.0356], [140.9078, 38.0342], [140.9044, 38.0339]]], [[[141.1587, 38.3208], [141.1618, 38.317], [141.1532, 38.318], [141.1516, 38.32], [141.153, 38.3217], [141.1571, 38.3211], [141.1587, 38.3208]]], [[[141.1206, 38.3203], [141.1192, 38.3185], [141.1181, 38.3195], [141.1188, 38.3212], [141.1206, 38.3203]]], [[[141.0678, 38.3243], [141.0691, 38.327], [141.0752, 38.3268], [141.0752, 38.3254], [141.0678, 38.3243]]], [[[141.085, 38.3341], [141.0855, 38.3354], [141.0932, 38.3366], [141.0983, 38.3337], [141.1039, 38.3327], [141.1084, 38.3258], [141.0973, 38.3326], [141.0927, 38.3329], [141.0876, 38.3306], [141.085, 38.3341]]], [[[141.0509, 38.3368], [141.0538, 38.3373], [141.0548, 38.3363], [141.0526, 38.3345], [141.0509, 38.3368]]], [[[141.1306, 38.3318], [141.1263, 38.3307], [141.1284, 38.3268], [141.1236, 38.3246], [141.1213, 38.3272], [141.1217, 38.3297], [141.1177, 38.3301], [141.1152, 38.3349], [141.1196, 38.3394], [141.1214, 38.3348], [141.1232, 38.3344], [141.1215, 38.3395], [141.1229, 38.3397], [141.1222, 38.3415], [141.1245, 38.3415], [141.1281, 38.3445], [141.13, 38.3491], [141.1307, 38.3447], [141.1275, 38.3401], [141.1288, 38.3394], [141.1322, 38.3425], [141.1303, 38.3385], [141.1315, 38.3354], [141.1277, 38.3353], [141.1306, 38.3318]]], [[[141.1042, 38.3392], [141.1083, 38.3387], [141.1113, 38.3403], [141.1119, 38.338], [141.1208, 38.3442], [141.121, 38.3422], [141.1156, 38.337], [141.1145, 38.3353], [141.1114, 38.3358], [141.1092, 38.3344], [141.1103, 38.3319], [141.1093, 38.3304], [141.1042, 38.3392]]], [[[141.0429, 38.3424], [141.0442, 38.3413], [141.043, 38.3403], [141.0407, 38.3402], [141.0429, 38.3424]]], [[[141.1038, 38.3399], [141.1036, 38.3414], [141.1041, 38.3432], [141.1059, 38.3422], [141.1038, 38.3399]]], [[[141.1164, 38.3421], [141.1144, 38.3407], [141.1125, 38.3408], [141.1141, 38.3435], [141.1164, 38.3421]]], [[[141.1375, 38.3439], [141.1361, 38.3439], [141.1356, 38.3447], [141.1364, 38.3461], [141.1375, 38.3439]]], [[[141.1117, 38.3456], [141.1097, 38.3456], [141.1106, 38.3467], [141.1119, 38.3467], [141.1117, 38.3456]]], [[[141.1167, 38.3508], [141.1158, 38.3482], [141.1171, 38.3469], [141.1144, 38.3453], [141.1125, 38.3478], [141.114, 38.3513], [141.1167, 38.3508]]], [[[141.1194, 38.3517], [141.1215, 38.3485], [141.1199, 38.3478], [141.1184, 38.3499], [141.1194, 38.3517]]], [[[141.1243, 38.3482], [141.1207, 38.3531], [141.1236, 38.3541], [141.1272, 38.3519], [141.1243, 38.3482]]], [[[141.0657, 38.3533], [141.0655, 38.3531], [141.0632, 38.3544], [141.0647, 38.3553], [141.0657, 38.3533]]], [[[141.0783, 38.3638], [141.0766, 38.3621], [141.0748, 38.3635], [141.0756, 38.3647], [141.0783, 38.3638]]], [[[141.0809, 38.3657], [141.0847, 38.3643], [141.0869, 38.364], [141.0823, 38.3639], [141.0809, 38.3657]]], [[[141.0732, 38.3665], [141.0721, 38.3654], [141.069, 38.3665], [141.0699, 38.3681], [141.0721, 38.3679], [141.0732, 38.3665]]], [[[141.4936, 38.2602], [141.4932, 38.2573], [141.4951, 38.2555], [141.4969, 38.2572], [141.4991, 38.2567], [141.4964, 38.2511], [141.5, 38.2487], [141.5008, 38.2462], [141.498, 38.246], [141.4944, 38.2507], [141.4902, 38.2489], [141.4879, 38.2508], [141.4846, 38.2498], [141.4812, 38.2515], [141.4794, 38.2502], [141.4761, 38.2523], [141.4715, 38.2639], [141.4678, 38.266], [141.4654, 38.2647], [141.4667, 38.2675], [141.4654, 38.2686], [141.4585, 38.2676], [141.4574, 38.2697], [141.4593, 38.2724], [141.4574, 38.2734], [141.4608, 38.274], [141.4629, 38.2772], [141.46, 38.2804], [141.4599, 38.2829], [141.468, 38.2812], [141.4698, 38.2831], [141.4729, 38.2825], [141.4818, 38.2776], [141.4907, 38.2636], [141.4907, 38.2591], [141.4936, 38.2602]]], [[[141.5832, 38.2932], [141.5826, 38.2883], [141.58, 38.2866], [141.5832, 38.2823], [141.5817, 38.2792], [141.5859, 38.2768], [141.5777, 38.2716], [141.5761, 38.2687], [141.5726, 38.2698], [141.5675, 38.2766], [141.5587, 38.2809], [141.5524, 38.2878], [141.5524, 38.2922], [141.5476, 38.3019], [141.5493, 38.3046], [141.5598, 38.3088], [141.5654, 38.3131], [141.5701, 38.3128], [141.5709, 38.3113], [141.5683, 38.3086], [141.5811, 38.3058], [141.5894, 38.3017], [141.5887, 38.298], [141.5832, 38.2932]]], [[[141.422, 38.2875], [141.4175, 38.2889], [141.4122, 38.2858], [141.4067, 38.2864], [141.4078, 38.2881], [141.4058, 38.2886], [141.407, 38.2914], [141.4125, 38.2983], [141.4097, 38.3022], [141.4094, 38.3061], [141.4114, 38.3086], [141.4158, 38.3103], [141.4158, 38.3117], [141.4189, 38.3114], [141.422, 38.3089], [141.4208, 38.3078], [141.4222, 38.3058], [141.4203, 38.3061], [141.4203, 38.3025], [141.4231, 38.3], [141.4244, 38.2939], [141.4297, 38.2928], [141.4239, 38.2914], [141.422, 38.2875]]], [[[141.1614, 38.3125], [141.1608, 38.3153], [141.1628, 38.3147], [141.1633, 38.3133], [141.1614, 38.3125]]], [[[141.1858, 38.3156], [141.1858, 38.3167], [141.1872, 38.3156], [141.1847, 38.3147], [141.1858, 38.3156]]], [[[141.522, 38.3942], [141.5234, 38.3973], [141.5313, 38.3977], [141.5343, 38.4021], [141.5384, 38.4012], [141.5389, 38.3963], [141.5404, 38.3951], [141.5384, 38.3933], [141.5404, 38.388], [141.5343, 38.3865], [141.5337, 38.384], [141.5304, 38.3812], [141.5271, 38.3839], [141.5262, 38.3888], [141.5224, 38.3895], [141.5167, 38.3863], [141.5163, 38.3891], [141.5122, 38.391], [141.5084, 38.3899], [141.5094, 38.3882], [141.5064, 38.3861], [141.5071, 38.3837], [141.4967, 38.3807], [141.4947, 38.3819], [141.4914, 38.3797], [141.4889, 38.3811], [141.4883, 38.3792], [141.4848, 38.3796], [141.4815, 38.3749], [141.4856, 38.3698], [141.4903, 38.3671], [141.4936, 38.3705], [141.4972, 38.3695], [141.4975, 38.3681], [141.5019, 38.3711], [141.5096, 38.3692], [141.5124, 38.3707], [141.5151, 38.3701], [141.5199, 38.3661], [141.5187, 38.3628], [141.5215, 38.3618], [141.5198, 38.3586], [141.5241, 38.3559], [141.5232, 38.3502], [141.5262, 38.3463], [141.5339, 38.3411], [141.5327, 38.3348], [141.5304, 38.3327], [141.5311, 38.3292], [141.5276, 38.3289], [141.5253, 38.3254], [141.5328, 38.3187], [141.5398, 38.3185], [141.5419, 38.3122], [141.5414, 38.3083], [141.5379, 38.3013], [141.5351, 38.3002], [141.5311, 38.3013], [141.5265, 38.2953], [141.5246, 38.2819], [141.526, 38.2796], [141.5238, 38.2781], [141.527, 38.276], [141.5243, 38.2745], [141.5245, 38.2725], [141.5228, 38.2713], [141.5186, 38.2714], [141.5122, 38.2752], [141.5093, 38.2818], [141.51, 38.2918], [141.508, 38.2967], [141.4962, 38.2917], [141.4921, 38.2935], [141.4949, 38.3001], [141.494, 38.3015], [141.497, 38.3044], [141.4939, 38.3074], [141.4844, 38.3082], [141.4783, 38.3052], [141.4698, 38.3157], [141.4713, 38.3196], [141.4685, 38.3151], [141.4704, 38.3078], [141.4672, 38.3056], [141.4601, 38.3098], [141.4583, 38.3136], [141.4502, 38.315], [141.451, 38.3176], [141.4581, 38.322], [141.4668, 38.3222], [141.4694, 38.3244], [141.468, 38.3267], [141.4742, 38.3295], [141.4734, 38.3339], [141.4636, 38.3357], [141.4634, 38.3478], [141.4613, 38.3515], [141.454, 38.3476], [141.4549, 38.344], [141.4509, 38.3399], [141.4491, 38.3418], [141.4503, 38.3443], [141.449, 38.3491], [141.4473, 38.3501], [141.4481, 38.3521], [141.4461, 38.354], [141.4398, 38.3464], [141.4406, 38.3442], [141.4363, 38.3414], [141.4317, 38.3417], [141.4332, 38.3452], [141.4308, 38.3479], [141.4224, 38.3439], [141.421, 38.3473], [141.4164, 38.3464], [141.4203, 38.35], [141.4182, 38.3504], [141.4157, 38.3554], [141.4194, 38.3544], [141.4233, 38.3561], [141.4294, 38.3644], [141.4327, 38.3636], [141.4364, 38.3659], [141.4403, 38.3649], [141.4443, 38.3708], [141.4532, 38.3712], [141.4585, 38.3731], [141.4468, 38.3761], [141.4399, 38.3749], [141.4368, 38.3718], [141.4318, 38.3734], [141.4382, 38.3788], [141.4384, 38.3807], [141.4334, 38.3825], [141.4278, 38.38], [141.4276, 38.3822], [141.4229, 38.3847], [141.4256, 38.3897], [141.4277, 38.3897], [141.4326, 38.395], [141.4309, 38.3985], [141.4236, 38.3948], [141.4191, 38.3965], [141.4152, 38.3913], [141.4133, 38.3949], [141.4111, 38.3953], [141.4087, 38.4038], [141.4028, 38.3997], [141.4022, 38.3961], [141.3974, 38.3915], [141.3929, 38.3897], [141.3869, 38.3842], [141.3813, 38.3836], [141.3807, 38.3852], [141.3733, 38.3831], [141.3685, 38.3848], [141.364, 38.3887], [141.3671, 38.3905], [141.3701, 38.3995], [141.3677, 38.402], [141.3688, 38.4058], [141.3675, 38.4114], [141.373, 38.4161], [141.3781, 38.4135], [141.3842, 38.4163], [141.3882, 38.4144], [141.3961, 38.4147], [141.3994, 38.4126], [141.4076, 38.4155], [141.4122, 38.4184], [141.4011, 38.4206], [141.4031, 38.4225], [141.4053, 38.4214], [141.4059, 38.4262], [141.4084, 38.4216], [141.4179, 38.4158], [141.4402, 38.4134], [141.4474, 38.4044], [141.459, 38.3938], [141.4695, 38.3879], [141.4751, 38.3879], [141.4887, 38.3926], [141.5046, 38.4016], [141.5066, 38.4019], [141.507, 38.3973], [141.5113, 38.3991], [141.5147, 38.3928], [141.5164, 38.3949], [141.522, 38.3942]]], [[[141.5269, 38.3561], [141.5256, 38.3561], [141.5258, 38.358], [141.5274, 38.358], [141.5269, 38.3561]]], [[[141.5309, 38.3582], [141.5298, 38.3572], [141.5291, 38.3583], [141.5304, 38.3592], [141.5309, 38.3582]]], [[[141.4263, 38.3802], [141.4273, 38.3791], [141.4236, 38.3766], [141.42, 38.3756], [141.4177, 38.3775], [141.4195, 38.3806], [141.4263, 38.3802]]], [[[141.3764, 38.3808], [141.3769, 38.3825], [141.3784, 38.3824], [141.3786, 38.3811], [141.3764, 38.3808]]], [[[141.601, 38.385], [141.5998, 38.3857], [141.6017, 38.3894], [141.606, 38.3922], [141.6063, 38.3891], [141.6047, 38.3864], [141.601, 38.385]]], [[[141.5961, 38.4014], [141.5991, 38.4007], [141.5982, 38.3995], [141.5995, 38.3975], [141.5942, 38.3961], [141.5923, 38.394], [141.5896, 38.3996], [141.5961, 38.4014]]], [[[141.5806, 38.3994], [141.5798, 38.4008], [141.5817, 38.4037], [141.5838, 38.4033], [141.5806, 38.3994]]], [[[141.5513, 38.4043], [141.5536, 38.4055], [141.5547, 38.4032], [141.5529, 38.4017], [141.5519, 38.4025], [141.5513, 38.4043]]], [[[141.5509, 38.4035], [141.55, 38.4022], [141.5481, 38.4028], [141.5486, 38.4053], [141.5509, 38.4035]]], [[[141.5919, 38.4219], [141.5919, 38.4233], [141.595, 38.4236], [141.595, 38.4219], [141.5919, 38.4219]]], [[[141.5134, 38.5531], [141.5135, 38.5555], [141.5165, 38.5547], [141.5115, 38.5492], [141.51, 38.5508], [141.5134, 38.5531]]], [[[141.4949, 38.5593], [141.4935, 38.5566], [141.4918, 38.5569], [141.4918, 38.5586], [141.4949, 38.5593]]], [[[141.5169, 38.5586], [141.5153, 38.5578], [141.5145, 38.5622], [141.5169, 38.5619], [141.5158, 38.5611], [141.5169, 38.5586]]]]}}, {"type": "Feature", "properties": {"metro_id": "JPM06", "metro_name": "Sapporo MMA", "n_members": 14, "n_missing": 0, "n_prefs": 1, "prefs": "Hokkaido"}, "geometry": {"type": "Polygon", "coordinates": [[[141.8255, 42.8997], [141.8072, 42.8816], [141.807, 42.8677], [141.7996, 42.8504], [141.795, 42.8453], [141.7845, 42.8401], [141.7818, 42.8372], [141.7825, 42.8309], [141.788, 42.8221], [141.7858, 42.8147], [141.7609, 42.7999], [141.7589, 42.7965], [141.7594, 42.7925], [141.7196, 42.7741], [141.7106, 42.7717], [141.7016, 42.7714], [141.6926, 42.7719], [141.6799, 42.7767], [141.6727, 42.7778], [141.6258, 42.7771], [141.6092, 42.7689], [141.5941, 42.7584], [141.5839, 42.7485], [141.5789, 42.7466], [141.5546, 42.7556], [141.5365, 42.7525], [141.5183, 42.7562], [141.5019, 42.7523], [141.4586, 42.7656], [141.4276, 42.7663], [141.424, 42.7645], [141.4222, 42.7609], [141.4215, 42.7372], [141.4192, 42.7282], [141.4002, 42.6989], [141.3956, 42.6961], [141.3868, 42.6961], [141.3734, 42.6882], [141.356, 42.6862], [141.3492, 42.688], [141.3236, 42.6891], [141.3084, 42.6977], [141.2959, 42.7094], [141.2719, 42.716], [141.2515, 42.7058], [141.2237, 42.704], [141.2083, 42.6968], [141.2002, 42.691], [141.1994, 42.7145], [141.1921, 42.7275], [141.186, 42.7472], [141.1866, 42.7589], [141.2048, 42.7783], [141.2068, 42.7852], [141.2062, 42.788], [141.2037, 42.7909], [141.1973, 42.7921], [141.1847, 42.7912], [141.1733, 42.788], [141.16, 42.7919], [141.1551, 42.7951], [141.151, 42.8024], [141.1416, 42.8118], [141.1114, 42.8304], [141.1097, 42.8463], [141.1131, 42.8599], [141.1182, 42.8707], [141.1178, 42.8747], [141.1142, 42.8794], [141.0959, 42.8862], [141.0846, 42.8872], [141.0709, 42.8816], [141.0656, 42.8814], [141.0506, 42.8884], [141.0426, 42.9011], [141.0398, 42.9115], [141.0414, 42.9157], [141.0607, 42.9396], [141.0624, 42.9479], [141.0574, 42.9531], [141.0311, 42.9642], [141.018, 42.9751], [141.0107, 42.9835], [141.0093, 42.997], [141.0105, 43.0197], [141.0192, 43.0284], [141.0439, 43.0411], [141.0535, 43.048], [141.0556, 43.0574], [141.05629862097786, 43.05800091175018], [141.0442, 43.066], [141.0304, 43.0782], [141.0201, 43.0962], [141.0177, 43.1059], [141.0112, 43.1202], [141.0005, 43.1278], [140.9942, 43.1292], [140.9831, 43.1263], [140.972, 43.1293], [140.9618, 43.1298], [140.9397, 43.1297], [140.9303, 43.1282], [140.9363, 43.1421], [140.9357, 43.1454], [140.9316, 43.15], [140.9073, 43.1632], [140.8894, 43.1661], [140.88, 43.1653], [140.8704, 43.1703], [140.8637, 43.1774], [140.8602, 43.1839], [140.8561, 43.2014], [140.8574, 43.2037], [140.8535, 43.2114], [140.8553, 43.2119], [140.8588, 43.2094], [140.86, 43.2103], [140.8581, 43.2136], [140.8558, 43.2131], [140.8531, 43.2156], [140.8639, 43.2178], [140.8672, 43.2135], [140.8676, 43.2074], [140.8716, 43.2054], [140.8892, 43.209], [140.892, 43.208], [140.8959, 43.2116], [140.9139, 43.2109], [140.9184, 43.212], [140.9214, 43.2152], [140.9201, 43.2182], [140.9173, 43.2183], [140.9186, 43.2235], [140.9223, 43.2232], [140.9267, 43.2277], [140.9376, 43.2259], [140.9384, 43.2276], [140.9512, 43.2279], [140.9622, 43.232], [140.9681, 43.2368], [140.9787, 43.2395], [141.0153, 43.2388], [141.017, 43.2378], [141.0161, 43.2343], [141.0131, 43.2318], [141.0161, 43.2299], [141.0167, 43.2255], [141.0212, 43.2254], [141.0209, 43.2229], [141.0186, 43.2195], [141.0161, 43.2196], [141.0139, 43.2168], [141.0146, 43.2125], [141.0099, 43.2099], [141.0045, 43.2098], [141.0028, 43.2069], [141.0066, 43.2052], [141.0064, 43.2039], [141.0033, 43.2031], [141.0042, 43.2022], [141.0067, 43.2036], [141.0082, 43.2027], [141.0058, 43.2011], [141.0086, 43.2006], [141.0071, 43.1982], [141.0102, 43.199], [141.0076, 43.1958], [141.0096, 43.1941], [141.0143, 43.1954], [141.016, 43.1934], [141.0109, 43.1912], [141.0118, 43.1894], [141.0124, 43.1912], [141.0141, 43.1901], [141.0188, 43.1916], [141.0299, 43.1866], [141.0256, 43.1842], [141.0292, 43.1824], [141.0311, 43.1839], [141.0348, 43.1835], [141.0421, 43.1791], [141.0573, 43.1795], [141.0658, 43.1776], [141.0734, 43.1732], [141.0896, 43.1715], [141.1125, 43.1627], [141.13, 43.1533], [141.1413, 43.152], [141.1486, 43.1478], [141.1614, 43.1439], [141.1906, 43.152], [141.2358, 43.1695], [141.2737, 43.1891], [141.2744, 43.1905], [141.2713, 43.1946], [141.2761, 43.1908], [141.2775, 43.1913], [141.2788, 43.1932], [141.2762, 43.1965], [141.2782, 43.1989], [141.2829, 43.1957], [141.2869, 43.1963], [141.2885, 43.1887], [141.2902, 43.1867], [141.2935, 43.1875], [141.2922, 43.1923], [141.2939, 43.1933], [141.2929, 43.194], [141.2912, 43.195], [141.2907, 43.2047], [141.2937, 43.2071], [141.3041, 43.209], [141.3084, 43.2122], [141.3042, 43.216], [141.3009, 43.2134], [141.2998, 43.2149], [141.3041, 43.2177], [141.3085, 43.216], [141.3181, 43.2205], [141.3476, 43.2466], [141.3671, 43.2672], [141.3736, 43.2688], [141.3731, 43.2753], [141.3993, 43.2986], [141.4061, 43.3064], [141.407, 43.3101], [141.4143, 43.3159], [141.4208, 43.3241], [141.4241, 43.3295], [141.4211, 43.3429], [141.4221, 43.3474], [141.4274, 43.3544], [141.4269, 43.357], [141.4286, 43.3601], [141.4249, 43.3646], [141.4246, 43.3709], [141.4257, 43.3773], [141.4316, 43.3896], [141.4268, 43.4214], [141.4129, 43.4411], [141.4103, 43.4486], [141.3993, 43.4618], [141.3949, 43.4708], [141.3927, 43.4719], [141.3938, 43.4748], [141.3885, 43.4779], [141.3882, 43.4806], [141.3743, 43.4915], [141.3715, 43.4954], [141.3723, 43.5002], [141.3711, 43.5032], [141.3587, 43.5174], [141.3595, 43.5286], [141.3612, 43.5319], [141.3606, 43.5368], [141.3641, 43.5399], [141.371, 43.554], [141.3776, 43.5595], [141.3857, 43.5828], [141.3863, 43.5889], [141.3836, 43.5944], [141.3842, 43.6], [141.3822, 43.6021], [141.3827, 43.6044], [141.365, 43.6176], [141.3632, 43.6208], [141.3631, 43.6274], [141.3521, 43.6413], [141.3497, 43.6667], [141.3384, 43.6846], [141.3389, 43.6931], [141.3312, 43.7073], [141.3294, 43.7141], [141.3295, 43.725], [141.3372, 43.7343], [141.3368, 43.7369], [141.3395, 43.7431], [141.3413, 43.7394], [141.3438, 43.7381], [141.3555, 43.7366], [141.3667, 43.7331], [141.3769, 43.7343], [141.3906, 43.7387], [141.4042, 43.7383], [141.4091, 43.7354], [141.4185, 43.7213], [141.4233, 43.7173], [141.4385, 43.7135], [141.4537, 43.7064], [141.4697, 43.7039], [141.4857, 43.6951], [141.4936, 43.6946], [141.5329, 43.6571], [141.5603, 43.64], [141.5704, 43.6273], [141.5885, 43.6133], [141.6066, 43.589], [141.6188, 43.5828], [141.6264, 43.5758], [141.631, 43.565], [141.6333, 43.544], [141.6462, 43.5289], [141.6472, 43.5254], [141.6535, 43.5256], [141.6683, 43.5168], [141.6826, 43.5029], [141.6947, 43.5003], [141.7116, 43.4896], [141.7227, 43.4894], [141.7254, 43.4881], [141.7346, 43.4747], [141.7299, 43.4641], [141.712, 43.4646], [141.6866, 43.4463], [141.6693, 43.4409], [141.6649, 43.4367], [141.6558, 43.4224], [141.6432, 43.4105], [141.616, 43.3988], [141.6104, 43.3929], [141.6044, 43.3804], [141.6013, 43.3689], [141.5897, 43.3597], [141.5901, 43.3533], [141.6008, 43.3482], [141.6067, 43.3391], [141.619, 43.2993], [141.6233, 43.2946], [141.6344, 43.2906], [141.6504, 43.2933], [141.6599, 43.2928], [141.6639, 43.2923], [141.6701, 43.2968], [141.6764, 43.2968], [141.6803, 43.2986], [141.6812, 43.3018], [141.6764, 43.3146], [141.6773, 43.3201], [141.688, 43.3284], [141.6942, 43.3375], [141.7007, 43.3425], [141.714, 43.3508], [141.7492, 43.3608], [141.7568, 43.361], [141.7654, 43.3584], [141.7689, 43.3593], [141.773, 43.365], [141.7785, 43.3835], [141.7918, 43.3836], [141.8213, 43.3911], [141.8285, 43.3966], [141.8359, 43.4068], [141.853, 43.4069], [141.8688, 43.4023], [141.8981, 43.4011], [141.9128, 43.3964], [141.929, 43.3943], [141.9455, 43.3854], [141.9778, 43.3793], [141.9846, 43.3822], [141.9953, 43.3934], [142.0163, 43.4044], [142.0206, 43.4093], [142.0217, 43.4161], [142.0294, 43.4208], [142.0404, 43.4251], [142.0613, 43.4263], [142.0645, 43.3977], [142.0735, 43.3817], [142.0747, 43.3765], [142.0735, 43.3594], [142.0705, 43.3542], [142.0637, 43.3517], [142.0576, 43.3583], [142.0511, 43.3606], [142.038, 43.3584], [142.0254, 43.3442], [142.0214, 43.3256], [142.0147, 43.3183], [141.9795, 43.3062], [141.9509, 43.2942], [141.9242, 43.298], [141.913, 43.2954], [141.8893, 43.2806], [141.8805, 43.2711], [141.8728, 43.2671], [141.8477, 43.2646], [141.8343, 43.2583], [141.8183, 43.2615], [141.813, 43.2484], [141.8135, 43.2429], [141.8176, 43.2389], [141.827, 43.2368], [141.8312, 43.2338], [141.8332, 43.2282], [141.833, 43.2169], [141.8348, 43.2135], [141.839, 43.2107], [141.8852, 43.2096], [141.8904, 43.2082], [141.8981, 43.2023], [141.904, 43.2003], [141.9099, 43.2023], [141.9227, 43.2121], [141.9295, 43.2137], [141.9375, 43.2105], [141.9526, 43.1991], [141.9588, 43.1977], [141.972, 43.1982], [141.9841, 43.1933], [141.9968, 43.1922], [142.027, 43.1767], [142.0374, 43.1766], [142.0448, 43.174], [142.0514, 43.167], [142.053, 43.1444], [142.0481, 43.1429], [142.0467, 43.1381], [142.0571, 43.1185], [142.0555, 43.1125], [142.0469, 43.105], [142.039, 43.1023], [142.019, 43.1092], [142.0037, 43.104], [141.9813, 43.1084], [141.9527, 43.1074], [141.9388, 43.103], [141.9305, 43.1021], [141.9259, 43.0987], [141.9249, 43.0933], [141.9283, 43.0821], [141.9271, 43.0734], [141.9219, 43.0559], [141.9165, 43.0523], [141.9146, 43.048], [141.9223, 43.0321], [141.9211, 43.0182], [141.9244, 43.0116], [141.9282, 43.0085], [141.9391, 43.0039], [141.9576, 43.0009], [141.9626, 42.996], [141.964, 42.9901], [141.962, 42.9792], [141.9626, 42.9736], [141.9785, 42.9562], [141.9809, 42.951], [141.982, 42.9346], [141.9799, 42.9246], [141.9626, 42.9252], [141.9404, 42.9162], [141.9344, 42.918], [141.9234, 42.9257], [141.8864, 42.959], [141.8807, 42.9714], [141.8694, 42.9794], [141.868, 42.9843], [141.8707, 42.9909], [141.8685, 42.9959], [141.8538, 43.0005], [141.8463, 43.0075], [141.8224, 43.0216], [141.815, 43.0316], [141.8093, 43.0362], [141.8044, 43.0365], [141.7948, 43.0331], [141.7872, 43.0361], [141.7788, 43.0452], [141.77343121275956, 43.05507473367439], [141.7606, 43.0359], [141.7602, 43.0305], [141.7641, 43.0192], [141.7636, 43.0126], [141.7618, 43.0059], [141.7532, 42.992], [141.7543, 42.9878], [141.7615, 42.9778], [141.7663, 42.9637], [141.7709, 42.959], [141.76983231150882, 42.95854007264995], [141.7855, 42.9487], [141.7964, 42.9438], [141.8257, 42.9365], [141.8361, 42.9362], [141.8597, 42.941], [141.865, 42.94], [141.8738, 42.9341], [141.8786, 42.9272], [141.8806, 42.9209], [141.8537, 42.9129], [141.8392, 42.9072], [141.8255, 42.8997]], [[141.5108, 43.5683], [141.51007663782445, 43.56729245982693], [141.511790052108, 43.56852771198485], [141.5108, 43.5683]], [[141.508, 43.5644], [141.5089, 43.5604], [141.50872994219654, 43.56541670520231], [141.508, 43.5644]], [[141.53527518796992, 43.318549624060104], [141.5386, 43.3251], [141.5387124574025, 43.327439113972005], [141.53527518796992, 43.318549624060104]], [[141.53087028771176, 43.31137679483733], [141.5319, 43.3119], [141.5323016507385, 43.3126913119027], [141.53087028771176, 43.31137679483733]], [[141.5158, 43.3043], [141.5142558032924, 43.302934840591824], [141.52054758092578, 43.30613174382175], [141.5158, 43.3043]], [[141.5089, 43.2982], [141.50819516288257, 43.29715449160912], [141.51114958904097, 43.30018876712317], [141.5089, 43.2982]], [[141.3922, 43.1726], [141.4366, 43.1709], [141.4012, 43.1729], [141.3922, 43.1726]], [[141.6549, 43.1197], [141.67137896904433, 43.12935336056443], [141.6713, 43.1294], [141.6549, 43.1197]], [[141.5939186666667, 43.07137992592596], [141.5947, 43.0724], [141.59464384821771, 43.07383748562662], [141.5939186666667, 43.07137992592596]], [[141.5807, 43.0612], [141.5911, 43.0677], [141.59249375672766, 43.06951962683889], [141.5807, 43.0612]], [[141.576, 43.053], [141.574, 43.0473], [141.5807, 43.0612], [141.576, 43.053]], [[141.5736, 43.039], [141.574, 43.0375428571428], [141.574, 43.0473], [141.5736, 43.039]], [[141.575, 43.0339], [141.57696843291995, 43.03212841037204], [141.57697586206896, 43.03213218390805], [141.574624742268, 43.03526701030931], [141.575, 43.0339]], [[141.65395611448417, 42.953203035559035], [141.6451, 42.9696], [141.64, 42.977], [141.65395611448417, 42.953203035559035]], [[141.6651466547725, 42.931132262860515], [141.6653, 42.9322], [141.66428307854505, 42.93408281497105], [141.6651466547725, 42.931132262860515]], [[141.71, 42.913], [141.71165246636772, 42.91411165919282], [141.7053, 42.9127], [141.71, 42.913]], [[141.7155, 42.9167], [141.7244, 42.9267], [141.713533926355, 42.91537736863882], [141.7155, 42.9167]], [[141.7465, 42.9355], [141.74944602649006, 42.937970860927145], [141.74365318671454, 42.93436642728904], [141.7465, 42.9355]], [[141.2101, 42.7918], [141.20954676966295, 42.79126095505619], [141.2108093462993, 42.7916963263101], [141.2101, 42.7918]], [[141.2509, 42.8346], [141.2363, 42.813], [141.2439, 42.8231], [141.2509, 42.8346]], [[141.3433106666667, 42.87577733333333], [141.3343, 42.8771], [141.3387, 42.8756], [141.3433106666667, 42.87577733333333]], [[141.3677, 42.8826], [141.34646310919186, 42.87589858112276], [141.3491, 42.876], [141.3677, 42.8826]], [[141.4262, 42.8944], [141.4172, 42.8921], [141.4231, 42.8926], [141.4262, 42.8944]], [[141.57307325141778, 43.03014990548204], [141.5555, 43.0292], [141.5714, 43.0293], [141.57307325141778, 43.03014990548204]], [[141.6534, 42.9269], [141.660437037037, 42.93506296296295], [141.6586, 42.9338], [141.6534, 42.9269]], [[141.5311, 42.9237], [141.5331038439273, 42.924452113002204], [141.5062, 42.9212], [141.5311, 42.9237]], [[141.1595, 43.0931], [141.1637, 43.0931], [141.164431478524, 43.09366590737161], [141.1595, 43.0931]], [[141.266, 43.1545], [141.27650228592165, 43.146461937590686], [141.2755, 43.1479], [141.266, 43.1545]], [[141.2839, 43.1408], [141.292, 43.1382], [141.2944197492163, 43.13814796238244], [141.2839, 43.1408]], [[141.358, 43.1619], [141.36672512820513, 43.17340974358974], [141.3658, 43.1728], [141.358, 43.1619]], [[141.36866766169157, 43.17469004975125], [141.37236363636362, 43.17582727272727], [141.3702, 43.1757], [141.36866766169157, 43.17469004975125]], [[141.29445783132527, 43.17793855421685], [141.2965, 43.1793], [141.2988, 43.1831], [141.29445783132527, 43.17793855421685]], [[141.2678, 43.1649], [141.289, 43.1743], [141.29104458598724, 43.17566305732484], [141.2678, 43.1649]], [[141.8746, 43.1361], [141.8574, 43.13], [141.87641935270804, 43.136307926023775], [141.8746, 43.1361]], [[141.8816, 43.1369], [141.87848441422597, 43.13654393305439], [141.8942, 43.1358], [141.8816, 43.1369]], [[141.77347132150888, 43.07598798401196], [141.7777005902192, 43.069931253513204], [141.777, 43.0724], [141.77347132150888, 43.07598798401196]], [[141.77861113360322, 43.06672267206479], [141.77847465437787, 43.063993087557606], [141.7791, 43.065], [141.77861113360322, 43.06672267206479]]]}}, {"type": "Feature", "properties": {"metro_id": "JPM07", "metro_name": "Hiroshima MMA", "n_members": 15, "n_missing": 0, "n_prefs": 2, "prefs": "Hiroshima、Yamaguchi"}, "geometry": {"type": "MultiPolygon", "coordinates": [[[[132.4202, 34.0112], [132.4056, 34.0152], [132.4021, 34.0231], [132.4041, 34.0274], [132.4151, 34.0297], [132.4171, 34.027], [132.4194, 34.0264], [132.4193, 34.0243], [132.4245, 34.0191], [132.427, 34.019], [132.4266, 34.0122], [132.4202, 34.0112]]], [[[132.4274, 34.0342], [132.4228, 34.0321], [132.4168, 34.0347], [132.4186, 34.0369], [132.4237, 34.0358], [132.4274, 34.0342]]], [[[132.3759, 34.0365], [132.3795, 34.0368], [132.3831, 34.0417], [132.3872, 34.0392], [132.3919, 34.0428], [132.3896, 34.0381], [132.3863, 34.0354], [132.3893, 34.0327], [132.3847, 34.0267], [132.3834, 34.0277], [132.3828, 34.0342], [132.3759, 34.0365]]], [[[132.3928, 34.0563], [132.395, 34.0594], [132.3993, 34.0579], [132.3975, 34.0537], [132.3928, 34.0563]]], [[[132.395, 34.0706], [132.3912, 34.0684], [132.3918, 34.07], [132.3939, 34.0717], [132.395, 34.0706]]], [[[132.3187, 34.1191], [132.3135, 34.1186], [132.312, 34.1205], [132.3152, 34.1235], [132.3181, 34.1238], [132.32, 34.1206], [132.3187, 34.1191]]], [[[132.4224, 34.135], [132.4189, 34.1289], [132.4183, 34.129], [132.4161, 34.1321], [132.4224, 34.135]]], [[[132.2402, 34.1416], [132.236, 34.1303], [132.2334, 34.1297], [132.2315, 34.1329], [132.2274, 34.1314], [132.2277, 34.1364], [132.2195, 34.1479], [132.2121, 34.1531], [132.2043, 34.1557], [132.2003, 34.1592], [132.2015, 34.1602], [132.2046, 34.1579], [132.2113, 34.1579], [132.2199, 34.1613], [132.2317, 34.1628], [132.2402, 34.1615], [132.2485, 34.1574], [132.2467, 34.1481], [132.2419, 34.1456], [132.2421, 34.1424], [132.2402, 34.1416]]], [[[132.4128, 34.1697], [132.4112, 34.1672], [132.4146, 34.1635], [132.4147, 34.1598], [132.4175, 34.1577], [132.4134, 34.15], [132.4004, 34.1464], [132.3882, 34.1498], [132.383, 34.159], [132.3839, 34.1673], [132.3817, 34.1716], [132.3839, 34.1771], [132.3907, 34.1753], [132.396, 34.1741], [132.3983, 34.1708], [132.4026, 34.1729], [132.4043, 34.1695], [132.4073, 34.168], [132.4128, 34.1697]]], [[[132.2472, 34.1744], [132.2483, 34.1767], [132.2497, 34.1767], [132.25, 34.175], [132.2472, 34.1744]]], [[[132.3164, 34.1862], [132.3072, 34.1869], [132.3051, 34.1846], [132.3013, 34.1842], [132.2996, 34.1896], [132.2955, 34.187], [132.2924, 34.189], [132.2931, 34.1945], [132.2958, 34.1996], [132.3018, 34.1963], [132.3022, 34.1939], [132.3038, 34.1941], [132.3049, 34.1969], [132.3107, 34.1988], [132.313, 34.1955], [132.3173, 34.1938], [132.3196, 34.1897], [132.3164, 34.1862]]], [[[132.3205, 34.2001], [132.3196, 34.1961], [132.3167, 34.1961], [132.3171, 34.1994], [132.3205, 34.2001]]], [[[132.2424, 34.2192], [132.2458, 34.2147], [132.2323, 34.2104], [132.2204, 34.2088], [132.2167, 34.2056], [132.2213, 34.2076], [132.2349, 34.2089], [132.2454, 34.2077], [132.2473, 34.2054], [132.2402, 34.1966], [132.2345, 34.1964], [132.2332, 34.1923], [132.2317, 34.1885], [132.2374, 34.19], [132.2396, 34.1872], [132.2317, 34.1852], [132.2335, 34.1834], [132.2332, 34.1813], [132.2393, 34.1839], [132.2405, 34.1773], [132.2434, 34.1794], [132.2452, 34.1782], [132.2423, 34.1755], [132.2488, 34.1711], [132.2451, 34.1693], [132.2462, 34.1652], [132.2479, 34.1655], [132.2472, 34.1693], [132.2492, 34.17], [132.2501, 34.1679], [132.2503, 34.1648], [132.2464, 34.1639], [132.228, 34.1648], [132.208, 34.159], [132.2008, 34.1611], [132.1956, 34.1611], [132.1944, 34.1601], [132.1988, 34.1599], [132.1931, 34.1586], [132.1996, 34.1579], [132.205, 34.1531], [132.2173, 34.1481], [132.2212, 34.143], [132.2238, 34.1342], [132.2201, 34.1268], [132.2058, 34.1246], [132.201, 34.1268], [132.2023, 34.1241], [132.2013, 34.1204], [132.2044, 34.1205], [132.2047, 34.1175], [132.2011, 34.1153], [132.2019, 34.1108], [132.2007, 34.1083], [132.2113, 34.0834], [132.2103, 34.0806], [132.2118, 34.0713], [132.2094, 34.0672], [132.2092, 34.0614], [132.2133, 34.055], [132.2141, 34.0525], [132.2126, 34.0509], [132.2158, 34.0497], [132.2051, 34.0444], [132.2193, 34.0494], [132.2211, 34.0473], [132.2202, 34.0434], [132.2168, 34.0434], [132.2198, 34.0407], [132.2202, 34.0377], [132.2167, 34.0328], [132.2191, 34.0206], [132.2156, 34.0078], [132.2104, 33.998], [132.203, 33.9901], [132.1892, 33.9971], [132.1913, 34.0101], [132.1856, 34.0158], [132.1607, 34.0188], [132.1563, 34.0214], [132.1427, 34.0406], [132.1342, 34.0439], [132.1199, 34.0463], [132.099, 34.0469], [132.0927, 34.0423], [132.0873, 34.0298], [132.0842, 34.0272], [132.0511, 34.0121], [132.0347, 34.01], [132.0286, 34.0117], [132.0269, 34.0203], [132.024, 34.0257], [132.0283, 34.0306], [132.0308, 34.042], [132.0304, 34.0512], [132.0275, 34.0637], [132.0255, 34.0652], [132.0213, 34.065], [132.0085, 34.0568], [132.0015, 34.058], [131.9982, 34.0613], [131.9995, 34.0738], [131.9986, 34.0768], [131.9841, 34.083], [131.973, 34.0854], [131.9689, 34.0904], [131.9664, 34.1082], [131.9612, 34.1192], [131.962, 34.1326], [131.957, 34.1496], [131.9602, 34.1583], [131.9632, 34.1754], [131.9586, 34.1901], [131.9478, 34.1967], [131.9436, 34.2109], [131.9368, 34.222], [131.92, 34.2218], [131.8991, 34.2298], [131.8954, 34.2327], [131.8922, 34.2496], [131.8831, 34.2678], [131.879, 34.2871], [131.8802, 34.3018], [131.8933, 34.3208], [131.9026, 34.3159], [131.9132, 34.3237], [131.9224, 34.3336], [131.9328, 34.3297], [131.9414, 34.3238], [131.9576, 34.3072], [131.9643, 34.3152], [131.9742, 34.3233], [131.9773, 34.3333], [132.0026, 34.3625], [132.0137, 34.3634], [132.0144, 34.3739], [132.004, 34.3922], [132.0, 34.4038], [131.9925, 34.4115], [132.0, 34.4248], [132.0102, 34.4284], [132.0185, 34.4343], [132.0187, 34.4455], [132.0245, 34.4547], [132.0434, 34.4649], [132.0577, 34.4646], [132.06540896805896, 34.47339613022114], [132.0598, 34.4824], [132.0566, 34.4926], [132.0409, 34.5], [132.0484, 34.5079], [132.0503, 34.5182], [132.0561, 34.5268], [132.0659, 34.5303], [132.0863, 34.5342], [132.093, 34.5423], [132.1181, 34.5625], [132.1208, 34.5739], [132.1249, 34.5799], [132.125, 34.578], [132.1271, 34.5833], [132.1253, 34.5968], [132.1195, 34.6054], [132.1249, 34.6192], [132.1328, 34.6266], [132.1289, 34.6371], [132.14, 34.6485], [132.15, 34.6595], [132.157, 34.6722], [132.1642, 34.6801], [132.157, 34.6898], [132.1447, 34.6885], [132.1363, 34.6943], [132.1431, 34.7065], [132.1513, 34.7147], [132.1795, 34.7319], [132.1895, 34.7309], [132.199, 34.7361], [132.205, 34.7455], [132.2155, 34.7417], [132.2248, 34.7505], [132.2283, 34.7607], [132.2351, 34.7699], [132.2428, 34.7767], [132.2449, 34.7878], [132.2407, 34.7983], [132.2538, 34.8039], [132.2807, 34.7936], [132.282, 34.7818], [132.2911, 34.7763], [132.3012, 34.7737], [132.312, 34.7923], [132.3221, 34.7941], [132.331, 34.7883], [132.3438, 34.7884], [132.3525, 34.7934], [132.3643, 34.797], [132.375, 34.7978], [132.3856, 34.7916], [132.3899, 34.7795], [132.4015, 34.7802], [132.4176, 34.7945], [132.4274, 34.7983], [132.4237, 34.8087], [132.4445, 34.8145], [132.4523, 34.808], [132.4569, 34.7975], [132.4672, 34.7993], [132.4778, 34.796], [132.4892, 34.7948], [132.5, 34.7961], [132.5096, 34.7928], [132.5187, 34.7993], [132.5397, 34.792], [132.5434, 34.7948], [132.5583, 34.8045], [132.569, 34.8028], [132.5761, 34.8099], [132.5947, 34.8203], [132.6013, 34.8281], [132.6144, 34.8363], [132.6246, 34.839], [132.6355, 34.8368], [132.6511, 34.8367], [132.6624, 34.8289], [132.675, 34.8416], [132.6839, 34.8473], [132.7039, 34.8422], [132.7093, 34.8521], [132.718, 34.8469], [132.7263, 34.84], [132.7268, 34.8325], [132.7192, 34.8257], [132.7094, 34.8216], [132.7069, 34.8186], [132.7082, 34.8155], [132.7172, 34.8129], [132.7372, 34.813], [132.749, 34.8087], [132.7636, 34.8088], [132.7742, 34.8071], [132.778, 34.8053], [132.7814, 34.8], [132.7848, 34.7888], [132.7793, 34.775], [132.7787, 34.7485], [132.7804, 34.7457], [132.7893, 34.7397], [132.7905, 34.7336], [132.7877, 34.724], [132.7813, 34.711], [132.7801, 34.7011], [132.782, 34.6975], [132.7848, 34.696], [132.8001, 34.6945], [132.8065, 34.692], [132.8083, 34.6894], [132.8101, 34.6799], [132.8088, 34.6716], [132.8016, 34.6612], [132.7895, 34.6526], [132.7868, 34.6489], [132.7876, 34.6451], [132.8035, 34.6207], [132.8382, 34.6197], [132.8457, 34.6176], [132.8534, 34.6125], [132.8674, 34.6086], [132.8836, 34.6126], [132.897, 34.6039], [132.8985, 34.5806], [132.8914, 34.576], [132.888, 34.5708], [132.8914, 34.5634], [132.8913, 34.5601], [132.8807, 34.548], [132.8756, 34.5458], [132.8654, 34.5449], [132.8622, 34.5428], [132.859, 34.5338], [132.8591, 34.529], [132.8734, 34.5177], [132.8864, 34.5146], [132.8992, 34.5086], [132.9023, 34.5051], [132.9068, 34.4863], [132.9161, 34.478], [132.946, 34.4603], [132.9464, 34.4557], [132.9416, 34.4511], [132.9312, 34.4508], [132.9223, 34.4518], [132.9091, 34.4595], [132.9002, 34.4587], [132.8987, 34.4544], [132.9052, 34.4426], [132.9064, 34.4283], [132.896, 34.4118], [132.8844, 34.4068], [132.8742, 34.4066], [132.855, 34.4154], [132.8439, 34.4179], [132.8293, 34.4179], [132.8029, 34.421], [132.7948, 34.4185], [132.7927, 34.4156], [132.7971, 34.4086], [132.8136, 34.4059], [132.8175, 34.4016], [132.8147, 34.3938], [132.7931, 34.3746], [132.7926, 34.3706], [132.8125, 34.3699], [132.8214, 34.3654], [132.8374, 34.3629], [132.8513, 34.3566], [132.8622, 34.3469], [132.8629, 34.3398], [132.8586, 34.3268], [132.86, 34.2988], [132.8564, 34.2994], [132.8554, 34.2965], [132.8523, 34.2953], [132.8526, 34.2932], [132.8465, 34.2915], [132.8454, 34.298], [132.8394, 34.3005], [132.8356, 34.3042], [132.8344, 34.3062], [132.8367, 34.3126], [132.8338, 34.312], [132.8338, 34.3152], [132.8316, 34.3137], [132.8272, 34.3158], [132.824, 34.3142], [132.8212, 34.3161], [132.8147, 34.315], [132.8131, 34.3164], [132.812, 34.3114], [132.8048, 34.31], [132.797, 34.3115], [132.7996, 34.3074], [132.7972, 34.3058], [132.7955, 34.2964], [132.7909, 34.2917], [132.7918, 34.2901], [132.7874, 34.2844], [132.7889, 34.2794], [132.78451024734989, 34.28231201413424], [132.7889, 34.2791], [132.7881, 34.2779], [132.7864, 34.2788], [132.7846, 34.2753], [132.7754, 34.28], [132.7685, 34.2789], [132.7623, 34.2819], [132.7541, 34.2821], [132.7551, 34.2794], [132.7536, 34.2763], [132.7461, 34.2789], [132.752, 34.2756], [132.755, 34.2756], [132.759, 34.2707], [132.7601, 34.2664], [132.7585, 34.2635], [132.7553, 34.2626], [132.7539, 34.2586], [132.7561, 34.2574], [132.7601, 34.2615], [132.7665, 34.2621], [132.7678, 34.2609], [132.7668, 34.2592], [132.772, 34.2591], [132.7737, 34.2556], [132.7718, 34.2521], [132.7637, 34.2474], [132.7605, 34.248], [132.7587, 34.2454], [132.761, 34.243], [132.7607, 34.241], [132.7538, 34.2386], [132.7482, 34.2424], [132.744, 34.241], [132.7399, 34.2428], [132.7356, 34.2412], [132.7326, 34.2424], [132.729, 34.2397], [132.7205, 34.2408], [132.7005, 34.2368], [132.701, 34.2342], [132.6954, 34.2341], [132.6971, 34.2308], [132.6891, 34.2233], [132.6855, 34.222], [132.6863, 34.215], [132.6833, 34.2101], [132.6804, 34.21], [132.668, 34.2195], [132.6651, 34.2174], [132.6612, 34.2179], [132.6583, 34.2152], [132.6618, 34.2092], [132.6597, 34.2069], [132.6544, 34.2069], [132.6507, 34.2043], [132.647, 34.2047], [132.6425, 34.2012], [132.6396, 34.2024], [132.6353, 34.2017], [132.6356, 34.2042], [132.634, 34.2052], [132.6264, 34.2064], [132.6269, 34.2094], [132.6252, 34.2112], [132.6222, 34.2119], [132.6188, 34.2099], [132.6153, 34.2143], [132.6154, 34.2194], [132.6181, 34.2228], [132.6159, 34.2252], [132.6185, 34.2292], [132.6149, 34.2287], [132.6142, 34.2236], [132.6118, 34.2229], [132.6093, 34.2182], [132.6078, 34.2184], [132.6089, 34.2216], [132.6044, 34.2237], [132.6111, 34.2386], [132.6278, 34.247], [132.6299, 34.2498], [132.6281, 34.2531], [132.6284, 34.2498], [132.6266, 34.2474], [132.6116, 34.2404], [132.6081, 34.2372], [132.6032, 34.2273], [132.5959, 34.2311], [132.5965, 34.2285], [132.5856, 34.2116], [132.5779, 34.2063], [132.5756, 34.2029], [132.5693, 34.2004], [132.5688, 34.1979], [132.5626, 34.1988], [132.5534, 34.1943], [132.5358, 34.1934], [132.5336, 34.1905], [132.5356, 34.1881], [132.5472, 34.19], [132.5533, 34.1869], [132.5522, 34.1819], [132.5567, 34.18], [132.5561, 34.1744], [132.5581, 34.1719], [132.5569, 34.1706], [132.5475, 34.1764], [132.5406, 34.1719], [132.5428, 34.1703], [132.5394, 34.1636], [132.5339, 34.1617], [132.5305, 34.1656], [132.5222, 34.1572], [132.5223, 34.1549], [132.5256, 34.1558], [132.5283, 34.1547], [132.53, 34.1528], [132.5278, 34.15], [132.5303, 34.15], [132.5314, 34.1469], [132.5481, 34.1511], [132.55, 34.1433], [132.5525, 34.1489], [132.5567, 34.1511], [132.5581, 34.1497], [132.5483, 34.1394], [132.5444, 34.1222], [132.5403, 34.1228], [132.5378, 34.1194], [132.5414, 34.1156], [132.5392, 34.1083], [132.5411, 34.1072], [132.5456, 34.1114], [132.5483, 34.1169], [132.5593, 34.1169], [132.5636, 34.1186], [132.5678, 34.1239], [132.5722, 34.1231], [132.573, 34.1263], [132.5763, 34.1278], [132.5836, 34.1233], [132.5803, 34.1189], [132.5839, 34.1119], [132.5883, 34.1106], [132.5903, 34.1147], [132.5927, 34.1148], [132.59, 34.1089], [132.5867, 34.1089], [132.585, 34.1058], [132.5825, 34.1064], [132.5775, 34.1114], [132.5756, 34.1158], [132.5714, 34.1158], [132.5697, 34.1142], [132.5678, 34.0972], [132.5656, 34.0969], [132.5625, 34.0936], [132.5628, 34.0894], [132.5569, 34.0833], [132.5567, 34.0808], [132.5508, 34.0789], [132.5478, 34.0761], [132.5503, 34.0722], [132.5567, 34.0758], [132.5594, 34.0722], [132.5575, 34.0694], [132.5536, 34.0681], [132.5497, 34.07], [132.5414, 34.0689], [132.5439, 34.0749], [132.5497, 34.0806], [132.5494, 34.0836], [132.5467, 34.0864], [132.5481, 34.0883], [132.5429, 34.0925], [132.545, 34.0958], [132.5442, 34.0983], [132.5419, 34.0992], [132.5381, 34.095], [132.5353, 34.0953], [132.5358, 34.0986], [132.5336, 34.1033], [132.525, 34.0947], [132.5217, 34.0953], [132.5192, 34.0928], [132.5158, 34.0956], [132.5128, 34.0908], [132.5136, 34.0992], [132.5075, 34.1036], [132.5039, 34.1036], [132.5, 34.0978], [132.5005, 34.095], [132.4983, 34.0908], [132.4969, 34.0919], [132.495, 34.09], [132.4917, 34.0919], [132.4903, 34.0897], [132.4858, 34.0914], [132.4847, 34.0894], [132.4872, 34.0886], [132.4817, 34.0847], [132.4806, 34.0856], [132.4817, 34.0878], [132.4778, 34.0892], [132.4622, 34.0822], [132.4572, 34.0842], [132.455, 34.0922], [132.4528, 34.0938], [132.4475, 34.0939], [132.4494, 34.1003], [132.4478, 34.1039], [132.4497, 34.1067], [132.4481, 34.1092], [132.4556, 34.1147], [132.4639, 34.1156], [132.4658, 34.1172], [132.4658, 34.1203], [132.4695, 34.1222], [132.4722, 34.1181], [132.475, 34.1206], [132.4725, 34.1231], [132.4739, 34.1253], [132.4786, 34.1242], [132.4883, 34.1306], [132.4928, 34.1308], [132.4997, 34.1342], [132.5033, 34.1334], [132.5059, 34.1358], [132.5074, 34.1404], [132.5046, 34.1447], [132.5079, 34.1418], [132.5081, 34.1444], [132.505, 34.1469], [132.5028, 34.1456], [132.4953, 34.1475], [132.4931, 34.155], [132.4944, 34.1692], [132.4975, 34.1725], [132.5003, 34.1814], [132.5061, 34.1883], [132.5181, 34.1925], [132.5269, 34.2], [132.5303, 34.1986], [132.5381, 34.1997], [132.5378, 34.1956], [132.5442, 34.2096], [132.5368, 34.2178], [132.5322, 34.2197], [132.5311, 34.2222], [132.5387, 34.2288], [132.5488, 34.2252], [132.5505, 34.2267], [132.5492, 34.2295], [132.5522, 34.2293], [132.5535, 34.2311], [132.5526, 34.2335], [132.556, 34.2338], [132.5586, 34.2377], [132.5571, 34.2391], [132.5595, 34.2425], [132.5566, 34.2401], [132.5568, 34.2419], [132.5556, 34.242], [132.5544, 34.2397], [132.5525, 34.2414], [132.5497, 34.2403], [132.5499, 34.2428], [132.5445, 34.2398], [132.5413, 34.2425], [132.5448, 34.2454], [132.5407, 34.2473], [132.54, 34.2463], [132.542, 34.2451], [132.5401, 34.243], [132.5353, 34.2432], [132.532, 34.2408], [132.5285, 34.2445], [132.5251, 34.2448], [132.5247, 34.2471], [132.53, 34.2498], [132.53, 34.254], [132.5241, 34.2586], [132.5183, 34.2553], [132.5148, 34.2574], [132.5151, 34.2604], [132.5178, 34.2623], [132.5143, 34.2669], [132.5186, 34.2819], [132.5135, 34.285], [132.5136, 34.2885], [132.509, 34.2929], [132.5055, 34.3025], [132.5018, 34.3031], [132.5018, 34.3052], [132.4978, 34.3085], [132.4948, 34.314], [132.4998, 34.3232], [132.5031, 34.3253], [132.504, 34.3361], [132.5001, 34.3373], [132.4959, 34.3334], [132.4921, 34.3359], [132.4914, 34.338], [132.4934, 34.3395], [132.4961, 34.3469], [132.4987, 34.3488], [132.5069, 34.3487], [132.5061, 34.3439], [132.5095, 34.341], [132.508, 34.3382], [132.5109, 34.3402], [132.5116, 34.3432], [132.5167, 34.3446], [132.5298, 34.3297], [132.5177, 34.3445], [132.5128, 34.3463], [132.509, 34.3533], [132.522, 34.3596], [132.5281, 34.3539], [132.5292, 34.3561], [132.5274, 34.3562], [132.523, 34.3615], [132.526, 34.3648], [132.5188, 34.3619], [132.5271, 34.3677], [132.5389, 34.371], [132.5419, 34.373], [132.531, 34.3698], [132.5198, 34.364], [132.517, 34.3643], [132.5082, 34.3567], [132.5025, 34.3547], [132.5006, 34.3559], [132.5001, 34.3602], [132.5027, 34.3683], [132.5021, 34.3742], [132.4997, 34.3801], [132.493, 34.3859], [132.5004, 34.375], [132.5008, 34.3685], [132.498, 34.3577], [132.4924, 34.3535], [132.4816, 34.353], [132.4803, 34.3559], [132.4817, 34.358], [132.4791, 34.3633], [132.4789, 34.3567], [132.47, 34.3514], [132.4654, 34.353], [132.4607, 34.3521], [132.4608, 34.3505], [132.4639, 34.3503], [132.4632, 34.3453], [132.4654, 34.3429], [132.4628, 34.3395], [132.4576, 34.3459], [132.4593, 34.3514], [132.4573, 34.3507], [132.4566, 34.3521], [132.4583, 34.3627], [132.4553, 34.3559], [132.4504, 34.3516], [132.4507, 34.3485], [132.4536, 34.345], [132.4528, 34.3441], [132.4481, 34.3477], [132.4472, 34.351], [132.4397, 34.3525], [132.4556, 34.3622], [132.4615, 34.37], [132.4619, 34.3728], [132.4605, 34.374], [132.4595, 34.3695], [132.4564, 34.368], [132.4525, 34.3781], [132.4508, 34.3858], [132.455, 34.3919], [132.453, 34.3969], [132.4472, 34.3894], [132.4466, 34.384], [132.4414, 34.3747], [132.4394, 34.3661], [132.4361, 34.3603], [132.4259, 34.3648], [132.4356, 34.3791], [132.4361, 34.3822], [132.4192, 34.3602], [132.4078, 34.3653], [132.4031, 34.36], [132.3995, 34.3645], [132.3976, 34.3625], [132.3803, 34.3607], [132.3757, 34.3667], [132.3704, 34.3696], [132.3741, 34.3669], [132.3771, 34.3616], [132.3755, 34.36], [132.3719, 34.3617], [132.3627, 34.3604], [132.3619, 34.3596], [132.3634, 34.359], [132.3603, 34.3573], [132.3519, 34.3569], [132.3455, 34.353], [132.331, 34.3634], [132.3456, 34.3525], [132.3496, 34.3529], [132.3509, 34.3515], [132.3503, 34.35], [132.3419, 34.3475], [132.3378, 34.3444], [132.3392, 34.3425], [132.3447, 34.3444], [132.3469, 34.3433], [132.3395, 34.3374], [132.3362, 34.3384], [132.332, 34.3456], [132.3317, 34.344], [132.3261, 34.3426], [132.3239, 34.3388], [132.3204, 34.3386], [132.3233, 34.3358], [132.32, 34.3357], [132.3222, 34.3318], [132.319, 34.3281], [132.3191, 34.323], [132.3136, 34.3175], [132.31, 34.3174], [132.3074, 34.3152], [132.3063, 34.3114], [132.2999, 34.3046], [132.2889, 34.298], [132.2842, 34.29], [132.2819, 34.2892], [132.2802, 34.2831], [132.2758, 34.28], [132.2722, 34.2811], [132.2743, 34.2787], [132.2724, 34.2766], [132.2675, 34.2778], [132.2663, 34.2807], [132.2644, 34.2783], [132.2664, 34.2774], [132.2664, 34.2739], [132.2622, 34.272], [132.2608, 34.2733], [132.2587, 34.2724], [132.2496, 34.2648], [132.2371, 34.2599], [132.2315, 34.2551], [132.2278, 34.2453], [132.2253, 34.2431], [132.2256, 34.2368], [132.2208, 34.2334], [132.2344, 34.2275], [132.2319578465063, 34.22576231386026], [132.2353, 34.2272], [132.2399, 34.218], [132.2424, 34.2192]], [[132.54961455263557, 34.359990551420346], [132.5494, 34.3608], [132.5389, 34.371], [132.54961455263557, 34.359990551420346]], [[132.2227, 34.2826], [132.2221602466675, 34.28294432540178], [132.2371, 34.2599], [132.2227, 34.2826]], [[132.5707, 34.615], [132.57143812589413, 34.61078834048633], [132.5715, 34.6257], [132.5707, 34.615]], [[132.56993127035827, 34.59991368078171], [132.5714, 34.6016], [132.5714063570613, 34.603132051770125], [132.56993127035827, 34.59991368078171]], [[132.5489, 34.5809], [132.5633, 34.5923], [132.56620358467248, 34.59563374536469], [132.5489, 34.5809]], [[132.49334553314117, 34.604801729106676], [132.4963, 34.5999], [132.4997, 34.5976], [132.49334553314117, 34.604801729106676]], [[132.4892, 34.6095], [132.48804260869562, 34.61009304347829], [132.4899173913044, 34.608686956521694], [132.4892, 34.6095]], [[132.4771, 34.6157], [132.47650960698692, 34.61541048034935], [132.47756230712713, 34.615463115356356], [132.4771, 34.6157]], [[132.4667, 34.6106], [132.4568, 34.6023], [132.47044581066373, 34.61243688792164], [132.4667, 34.6106]], [[132.36749799476897, 34.54273025283348], [132.3686, 34.5428], [132.3836, 34.548], [132.36749799476897, 34.54273025283348]], [[132.35974074074073, 34.5426], [132.3607, 34.5423], [132.36544, 34.5426], [132.35974074074073, 34.5426]], [[132.346, 34.5478], [132.3348, 34.5504], [132.35446705607475, 34.54424929906543], [132.346, 34.5478]], [[132.195, 34.4922], [132.1998, 34.4967], [132.2081, 34.5058], [132.195, 34.4922]], [[132.0712, 34.4641], [132.06638604076582, 34.471827671402245], [132.0806, 34.445], [132.0712, 34.4641]], [[132.1269, 34.2944], [132.12739836601307, 34.31184281045752], [132.1264, 34.3094], [132.1269, 34.2944]], [[132.22962451420028, 34.191291529646236], [132.2293, 34.1912], [132.22745615141952, 34.18835520504728], [132.22962451420028, 34.191291529646236]], [[132.2253155607751, 34.18545648854963], [132.22472183622824, 34.18503548387095], [132.2252, 34.1853], [132.2253155607751, 34.18545648854963]], [[132.21768814123917, 34.181144503664214], [132.21210061349694, 34.17952827663135], [132.2158, 34.1801], [132.21768814123917, 34.181144503664214]], [[132.20626628332462, 34.1786266074229], [132.19962463054185, 34.17940492610838], [132.2048, 34.1784], [132.20626628332462, 34.1786266074229]], [[132.19496604634193, 34.18030950556467], [132.1883, 34.1866], [132.1945, 34.1804], [132.19496604634193, 34.18030950556467]], [[132.1969230958231, 34.21676240786241], [132.1971, 34.2177], [132.19658639365917, 34.21840383091149], [132.1969230958231, 34.21676240786241]], [[132.19493256880733, 34.220670183486234], [132.1944, 34.2214], [132.192279054054, 34.2223587837838], [132.19493256880733, 34.220670183486234]], [[132.17807286486487, 34.53969135135135], [132.1769, 34.54], [132.1662, 34.5383], [132.17807286486487, 34.53969135135135]], [[132.18325751295333, 34.53428458549229], [132.1807, 34.539], [132.179341599073, 34.539357473928156], [132.18325751295333, 34.53428458549229]], [[132.18339435665914, 34.53403227990969], [132.18301169916433, 34.52944038997213], [132.1836, 34.5299], [132.1839, 34.5331], [132.18339435665914, 34.53403227990969]], [[132.1826793690852, 34.529180757097805], [132.1709, 34.5248], [132.170676, 34.524408], [132.1804, 34.5274], [132.1826793690852, 34.529180757097805]], [[132.1689, 34.5213], [132.16919080803763, 34.52060359127835], [132.16963814432987, 34.52259175257728], [132.1689, 34.5213]], [[132.2034, 34.2885], [132.19826599817682, 34.28597189304162], [132.20455593016254, 34.28831162619573], [132.2034, 34.2885]], [[132.148667890625, 34.643746640625004], [132.1493, 34.6434], [132.1574, 34.6426], [132.148667890625, 34.643746640625004]], [[132.1661, 34.6442], [132.1662755186722, 34.64433651452282], [132.1574, 34.6426], [132.1661, 34.6442]], [[132.1724, 34.6491], [132.1796, 34.6582], [132.17978965517239, 34.65860098522162], [132.1724, 34.6491]], [[132.18091095406373, 34.66097173144903], [132.18618052434456, 34.67211310861422], [132.1852, 34.6714], [132.18091095406373, 34.66097173144903]], [[132.187431316726, 34.67302277580071], [132.19220269106566, 34.67315349838536], [132.1885, 34.6738], [132.187431316726, 34.67302277580071]], [[132.19419023001595, 34.67280646777499], [132.1998, 34.6652], [132.1948, 34.6727], [132.19419023001595, 34.67280646777499]], [[132.22908912529553, 34.67969739952719], [132.2307891933029, 34.680485235920855], [132.2298, 34.6805], [132.22908912529553, 34.67969739952719]], [[132.23930240384607, 34.680358173076925], [132.244745587126, 34.67988622076942], [132.2432, 34.6803], [132.23930240384607, 34.680358173076925]], [[132.25563698224852, 34.676970414201186], [132.25620162601626, 34.676518699186985], [132.2559, 34.6769], [132.25563698224852, 34.676970414201186]], [[132.25983344947736, 34.671927526132414], [132.2634, 34.6642], [132.2612, 34.6702], [132.25983344947736, 34.671927526132414]], [[132.5776782059381, 34.56020612760581], [132.5723, 34.5613], [132.5766, 34.56], [132.5776782059381, 34.56020612760581]], [[132.5863, 34.5635], [132.57910071485307, 34.56047807783956], [132.5834, 34.5613], [132.5863, 34.5635]], [[132.60651456953642, 34.585410596026485], [132.5901, 34.5801], [132.6059, 34.5847], [132.60651456953642, 34.585410596026485]], [[132.6089, 34.5946], [132.6091, 34.5884], [132.60937935779816, 34.59510458715595], [132.6089, 34.5946]], [[132.6108, 34.5966], [132.6101837837838, 34.59595135135135], [132.61203593109107, 34.5967816242822], [132.6108, 34.5966]], [[132.6848, 34.597], [132.6745, 34.5989], [132.6877134960306, 34.595576359894146], [132.6848, 34.597]], [[132.6936, 34.5927], [132.69252954186413, 34.59322306477094], [132.6941175757576, 34.591775151515144], [132.6936, 34.5927]], [[132.7037, 34.5326], [132.7074, 34.536], [132.7011, 34.5309], [132.69967818853974, 34.52920172520024], [132.7037, 34.5326]], [[132.6297, 34.4474], [132.62590456692917, 34.44611842519686], [132.632250509287, 34.4468748951468], [132.6297, 34.4474]], [[132.6399, 34.4453], [132.6382361702127, 34.44564255319151], [132.6403181818182, 34.445069999999994], [132.6399, 34.4453]], [[132.6679, 34.4318], [132.66758405491024, 34.43222365364309], [132.66736815642457, 34.43096424581006], [132.6679, 34.4318]], [[132.6651, 34.4274], [132.66521073446327, 34.42757401129942], [132.6643299536117, 34.42672273028501], [132.6651, 34.4274]], [[132.64601607605877, 34.40834606741571], [132.64683409181637, 34.40981285429144], [132.6462, 34.4092], [132.64601607605877, 34.40834606741571]], [[132.6508, 34.3704], [132.6493, 34.3793], [132.65066880466472, 34.36980962099125], [132.6508, 34.3704]], [[132.65, 34.3668], [132.65035687606112, 34.36840594227504], [132.64402906784332, 34.36135079977934], [132.65, 34.3668]], [[132.6397, 34.3574], [132.64110967153286, 34.35868649635038], [132.6385349514563, 34.35735145631068], [132.6397, 34.3574]], [[132.60014448598133, 34.37823682242991], [132.60928162378883, 34.37839619111259], [132.6086, 34.3789], [132.60014448598133, 34.37823682242991]], [[132.5518, 34.3098], [132.55518666666666, 34.31161333333333], [132.5508183318057, 34.31014280476627], [132.5518, 34.3098]], [[132.5408, 34.3842], [132.5366, 34.3776], [132.54120600000002, 34.38436800000001], [132.5408, 34.3842]], [[132.5437, 34.3854], [132.54266349809885, 34.384971102661595], [132.54437290294246, 34.385222485726835], [132.5437, 34.3854]], [[132.5882, 34.3773], [132.5721, 34.3713], [132.59044706766915, 34.3774762406015], [132.5882, 34.3773]], [[132.5095, 34.4103], [132.50722138939665, 34.40844113345518], [132.5126, 34.4116], [132.5233, 34.4193], [132.5095, 34.4103]], [[132.5115, 34.3831], [132.50844408817636, 34.38262985971944], [132.5088, 34.3824], [132.5115, 34.3831]], [[132.500944469526, 34.38747336343113], [132.49909170403586, 34.388857847533636], [132.4992, 34.3886], [132.500944469526, 34.38747336343113]], [[132.4971, 34.3936], [132.50601494965147, 34.40745693261042], [132.5057, 34.4072], [132.4971, 34.3936]], [[132.7482, 34.3319], [132.75602882668255, 34.33419136390708], [132.7558, 34.3344], [132.7482, 34.3319]], [[132.7683, 34.2977], [132.7766, 34.2881], [132.77775392278951, 34.28725566625158], [132.7683, 34.2977]], [[132.59449560752995, 34.30759532230462], [132.5952, 34.3072], [132.5955935767708, 34.307482710074794], [132.59449560752995, 34.30759532230462]], [[132.6000689723319, 34.31069743082997], [132.6023, 34.3123], [132.60293704006546, 34.31327506132466], [132.6000689723319, 34.31069743082997]], [[132.6072, 34.3198], [132.617, 34.3147], [132.6278, 34.3108], [132.6072, 34.3198]], [[132.61504264264263, 34.346196771771766], [132.6146, 34.3459], [132.6088, 34.3302], [132.61504264264263, 34.346196771771766]]], [[[132.2653, 34.2354], [132.2664, 34.2346], [132.2655, 34.2331], [132.264, 34.2345], [132.2653, 34.2354]]], [[[132.3586, 34.2388], [132.3567, 34.2357], [132.3536, 34.2393], [132.3542, 34.2413], [132.3586, 34.2388]]], [[[132.3478, 34.2814], [132.3444, 34.2785], [132.3416, 34.2782], [132.3399, 34.2728], [132.3355, 34.2724], [132.3302, 34.267], [132.3149, 34.2582], [132.3032, 34.244], [132.2842, 34.2349], [132.2813, 34.2355], [132.2763, 34.2326], [132.273, 34.2337], [132.2693, 34.2427], [132.2706, 34.2459], [132.2666, 34.2506], [132.2627, 34.2525], [132.265, 34.2562], [132.2671, 34.2561], [132.2737, 34.2622], [132.2775, 34.2631], [132.2808, 34.2684], [132.2858, 34.283], [132.2903, 34.288], [132.2967, 34.2888], [132.3019, 34.294], [132.3108, 34.2969], [132.3142, 34.2955], [132.3164, 34.2972], [132.3197, 34.2959], [132.3222, 34.3044], [132.3247, 34.3029], [132.3255, 34.3053], [132.3298, 34.3077], [132.3322, 34.3112], [132.3353, 34.3047], [132.3393, 34.305], [132.3411, 34.3021], [132.3399, 34.2978], [132.3442, 34.2933], [132.3461, 34.2943], [132.3482, 34.2927], [132.3478, 34.2814]]], [[[132.3637, 34.2751], [132.3639, 34.2774], [132.3735, 34.2791], [132.3787, 34.2765], [132.3776, 34.2735], [132.3713, 34.2754], [132.369, 34.2752], [132.3674, 34.2732], [132.3637, 34.2751]]], [[[132.3629, 34.291], [132.3618, 34.2891], [132.3605, 34.2897], [132.3611, 34.2913], [132.3629, 34.291]]], [[[132.4325, 33.9808], [132.4304, 33.9796], [132.4292, 33.9813], [132.4303, 33.9844], [132.4325, 33.9808]]], [[[132.4298, 33.9933], [132.4323, 33.9885], [132.4304, 33.9891], [132.4291, 33.9903], [132.4298, 33.9933]]], [[[132.4308, 34.0077], [132.4297, 34.0042], [132.4294, 34.0075], [132.4311, 34.01], [132.4323, 34.0088], [132.4308, 34.0077]]], [[[132.431, 34.015], [132.4299, 34.0145], [132.4289, 34.015], [132.4285, 34.0159], [132.431, 34.015]]], [[[132.4844, 34.0345], [132.4823, 34.036], [132.4824, 34.0379], [132.4923, 34.0454], [132.4962, 34.0451], [132.4919, 34.0395], [132.4857, 34.0366], [132.4844, 34.0345]]], [[[132.5218, 34.0425], [132.5221, 34.0396], [132.5203, 34.0399], [132.5193, 34.0417], [132.5218, 34.0425]]], [[[132.4668, 34.0568], [132.4618, 34.0604], [132.4652, 34.0599], [132.4672, 34.0592], [132.4668, 34.0568]]], [[[132.523, 34.0532], [132.526, 34.0577], [132.5275, 34.0647], [132.5293, 34.0687], [132.5315, 34.0699], [132.5322, 34.0742], [132.5343, 34.0714], [132.5363, 34.0717], [132.5392, 34.0664], [132.5343, 34.047], [132.5297, 34.0461], [132.5209, 34.05], [132.5194, 34.0526], [132.523, 34.0532]]], [[[132.4292, 34.1542], [132.4344, 34.1561], [132.4372, 34.1603], [132.4397, 34.16], [132.4395, 34.1566], [132.4414, 34.155], [132.4416, 34.1516], [132.4292, 34.1467], [132.4303, 34.1483], [132.4272, 34.1514], [132.4308, 34.1522], [132.4292, 34.1542]]], [[[132.5621, 34.1545], [132.5611, 34.1559], [132.5628, 34.1573], [132.5634, 34.1549], [132.5621, 34.1545]]], [[[132.515, 34.1989], [132.5145, 34.1928], [132.5119, 34.1917], [132.5122, 34.195], [132.5125, 34.1972], [132.515, 34.1989]]], [[[132.4919, 34.2482], [132.493, 34.2432], [132.4946, 34.2415], [132.4976, 34.2417], [132.4942, 34.2369], [132.4962, 34.2325], [132.4922, 34.228], [132.4898, 34.2195], [132.4894, 34.2107], [132.491, 34.2041], [132.4891, 34.2013], [132.4874, 34.2017], [132.487, 34.1997], [132.4824, 34.1989], [132.4799, 34.1925], [132.4772, 34.1946], [132.4743, 34.1944], [132.4755, 34.19], [132.4722, 34.1808], [132.4739, 34.1779], [132.4781, 34.1783], [132.4809, 34.1738], [132.48, 34.1712], [132.484, 34.1679], [132.4848, 34.1644], [132.4883, 34.16], [132.491, 34.15], [132.4869, 34.1475], [132.4897, 34.1464], [132.4864, 34.1442], [132.49, 34.1425], [132.4864, 34.1412], [132.4814, 34.1442], [132.4709, 34.1386], [132.4639, 34.1369], [132.46, 34.1336], [132.4496, 34.1356], [132.4462, 34.1323], [132.4464, 34.1396], [132.4433, 34.1353], [132.4295, 34.1286], [132.4337, 34.1359], [132.4371, 34.1386], [132.4384, 34.1444], [132.4446, 34.1513], [132.4431, 34.1568], [132.4466, 34.1604], [132.4458, 34.164], [132.4502, 34.1664], [132.4494, 34.168], [132.4439, 34.169], [132.4457, 34.1788], [132.4512, 34.1804], [132.4522, 34.178], [132.4553, 34.1778], [132.4565, 34.1757], [132.4574, 34.1778], [132.453, 34.1826], [132.4479, 34.1841], [132.4428, 34.1902], [132.4438, 34.1937], [132.4415, 34.1951], [132.4364, 34.1944], [132.4341, 34.1785], [132.4301, 34.1742], [132.429, 34.1784], [132.423, 34.18], [132.4229, 34.1927], [132.4199, 34.1977], [132.4072, 34.2034], [132.3893, 34.2225], [132.3851, 34.2251], [132.3848, 34.2292], [132.3894, 34.232], [132.3884, 34.2408], [132.3815, 34.2524], [132.3753, 34.2533], [132.3723, 34.2583], [132.3778, 34.2645], [132.381, 34.2565], [132.3841, 34.2569], [132.3892, 34.2608], [132.4131, 34.2597], [132.4223, 34.2577], [132.4254, 34.2549], [132.4306, 34.243], [132.4378, 34.2334], [132.4391, 34.2253], [132.442, 34.2254], [132.4451, 34.2232], [132.4548, 34.2273], [132.4585, 34.2305], [132.4651, 34.2167], [132.4698, 34.2143], [132.4733, 34.2087], [132.4747, 34.2099], [132.4793, 34.2312], [132.4769, 34.2345], [132.4773, 34.2366], [132.4736, 34.2385], [132.4721, 34.2427], [132.4608, 34.2502], [132.4557, 34.256], [132.4514, 34.2539], [132.4511, 34.2473], [132.4453, 34.2453], [132.4414, 34.2448], [132.433, 34.25], [132.4335, 34.2549], [132.438, 34.2573], [132.4455, 34.2662], [132.4434, 34.2702], [132.4348, 34.277], [132.4353, 34.2852], [132.4419, 34.2889], [132.4489, 34.2845], [132.452, 34.2872], [132.4641, 34.2878], [132.4716, 34.2868], [132.4753, 34.283], [132.4807, 34.2865], [132.478, 34.2942], [132.4791, 34.2958], [132.4822, 34.2895], [132.4901, 34.2832], [132.4902, 34.2816], [132.4969, 34.2733], [132.4991, 34.266], [132.4961, 34.2613], [132.4976, 34.2584], [132.4964, 34.2536], [132.4919, 34.2482]]], [[[132.5223, 34.2412], [132.5214, 34.242], [132.5223, 34.2428], [132.5231, 34.2428], [132.5223, 34.2412]]], [[[132.433, 34.2971], [132.425, 34.3021], [132.4205, 34.2995], [132.4142, 34.3003], [132.415, 34.3019], [132.4208, 34.3031], [132.4271, 34.3074], [132.4298, 34.3118], [132.4337, 34.3137], [132.4323, 34.3204], [132.4402, 34.3255], [132.444, 34.3252], [132.446, 34.321], [132.4456, 34.318], [132.4483, 34.3162], [132.4452, 34.3119], [132.4446, 34.3076], [132.4386, 34.3049], [132.4429, 34.3019], [132.4424, 34.2964], [132.4371, 34.2999], [132.433, 34.2971]]], [[[132.463, 34.3171], [132.4657, 34.3128], [132.4629, 34.3106], [132.4602, 34.3137], [132.463, 34.3171]]], [[[132.4861, 34.3447], [132.4844, 34.3398], [132.4869, 34.3397], [132.4864, 34.3346], [132.4817, 34.3308], [132.4771, 34.3408], [132.4775, 34.3463], [132.4811, 34.3471], [132.4861, 34.3447]]], [[[132.432, 34.3533], [132.4251, 34.3569], [132.4243, 34.361], [132.4257, 34.3635], [132.4358, 34.3585], [132.4341, 34.3537], [132.432, 34.3533]]], [[[132.4475, 34.3875], [132.4514, 34.3924], [132.4533, 34.391], [132.449, 34.3864], [132.4539, 34.3675], [132.452, 34.3636], [132.4508, 34.3644], [132.4475, 34.3639], [132.4456, 34.3586], [132.4389, 34.3597], [132.4436, 34.3753], [132.4483, 34.3825], [132.4475, 34.3875]]], [[[132.7856, 34.115], [132.7883, 34.1186], [132.7883, 34.1219], [132.7926, 34.1217], [132.7931, 34.1192], [132.7975, 34.1217], [132.8008, 34.1206], [132.7957, 34.1148], [132.7864, 34.1142], [132.7856, 34.115]]], [[[132.7758, 34.1555], [132.7736, 34.1536], [132.7606, 34.1483], [132.7588, 34.1519], [132.7605, 34.1539], [132.7694, 34.1553], [132.7727, 34.1582], [132.7758, 34.1555]]], [[[132.6591, 34.1567], [132.657, 34.1544], [132.6533, 34.1506], [132.6507, 34.1528], [132.6518, 34.1559], [132.6564, 34.1559], [132.6583, 34.1579], [132.6591, 34.1567]]], [[[132.6736, 34.1544], [132.6741, 34.1526], [132.6718, 34.1504], [132.6677, 34.1515], [132.6657, 34.1542], [132.6725, 34.1598], [132.6738, 34.1586], [132.6736, 34.1544]]], [[[132.5766, 34.1588], [132.5732, 34.1555], [132.5706, 34.1564], [132.5711, 34.1627], [132.5776, 34.1676], [132.5792, 34.1664], [132.5794, 34.1598], [132.5766, 34.1588]]], [[[132.8468, 34.16], [132.8409, 34.1594], [132.8287, 34.1537], [132.8237, 34.1538], [132.8196, 34.1509], [132.8114, 34.1538], [132.8076, 34.1526], [132.8025, 34.1547], [132.8028, 34.1567], [132.8003, 34.1591], [132.8067, 34.163], [132.8031, 34.1686], [132.8032, 34.1714], [132.8075, 34.1781], [132.819, 34.1831], [132.8232, 34.1867], [132.8255, 34.1874], [132.8289, 34.1856], [132.8317, 34.1872], [132.8322, 34.19], [132.8426, 34.192], [132.8489, 34.1959], [132.8506, 34.1956], [132.8477, 34.1928], [132.8512, 34.1899], [132.8571, 34.1873], [132.864, 34.1804], [132.8689, 34.1801], [132.8691, 34.1762], [132.8573, 34.1664], [132.8468, 34.16]]], [[[132.7863, 34.1887], [132.7988, 34.1797], [132.8002, 34.1751], [132.7926, 34.165], [132.7817, 34.1608], [132.7726, 34.1615], [132.7708, 34.1745], [132.7737, 34.1788], [132.778, 34.1808], [132.7806, 34.1872], [132.7863, 34.1887]]], [[[132.7465, 34.1932], [132.7519, 34.1945], [132.7584, 34.1931], [132.76, 34.1903], [132.7564, 34.1864], [132.7575, 34.1847], [132.7547, 34.1825], [132.7649, 34.1811], [132.7658, 34.1778], [132.7643, 34.1748], [132.7612, 34.1722], [132.7595, 34.1678], [132.7544, 34.1641], [132.7493, 34.1626], [132.7429, 34.164], [132.7391, 34.158], [132.7358, 34.1592], [132.735, 34.1614], [132.7372, 34.1614], [132.7436, 34.1678], [132.7387, 34.1731], [132.7269, 34.1727], [132.7225, 34.1691], [132.7218, 34.1711], [132.7168, 34.1732], [132.716, 34.1777], [132.7124, 34.1808], [132.7066, 34.1805], [132.7036, 34.1787], [132.6914, 34.1838], [132.6861, 34.1823], [132.6878, 34.1889], [132.686, 34.1958], [132.6908, 34.1978], [132.6931, 34.2014], [132.6999, 34.2045], [132.7073, 34.2038], [132.7104, 34.205], [132.714, 34.2027], [132.7229, 34.1966], [132.7233, 34.2002], [132.7256, 34.2003], [132.7287, 34.1971], [132.7416, 34.1959], [132.7465, 34.1932]]], [[[132.6834, 34.1915], [132.6846, 34.1882], [132.6836, 34.1851], [132.6805, 34.1836], [132.6764, 34.1773], [132.6765, 34.1748], [132.6735, 34.1724], [132.6624, 34.1693], [132.664, 34.1732], [132.6573, 34.1757], [132.6505, 34.1703], [132.6447, 34.1708], [132.6445, 34.1737], [132.6485, 34.18], [132.6486, 34.1878], [132.6544, 34.1942], [132.6576, 34.1965], [132.6636, 34.1967], [132.6671, 34.2], [132.6694, 34.1992], [132.672, 34.2038], [132.677, 34.2026], [132.6771, 34.1981], [132.6738, 34.1934], [132.675, 34.1923], [132.6806, 34.196], [132.6793, 34.1943], [132.6834, 34.1915]]], [[[132.8108, 34.195], [132.8156, 34.1944], [132.82, 34.1964], [132.8212, 34.193], [132.8203, 34.1909], [132.8129, 34.1871], [132.8068, 34.1877], [132.8105, 34.1907], [132.8081, 34.1933], [132.8108, 34.195]]], [[[132.6967, 34.2176], [132.6928, 34.2181], [132.6922, 34.2223], [132.6962, 34.2238], [132.6995, 34.2222], [132.7013, 34.219], [132.6967, 34.2176]]], [[[132.8021, 34.2258], [132.8004, 34.2263], [132.8029, 34.2302], [132.8046, 34.229], [132.8021, 34.2258]]], [[[132.7814, 34.2567], [132.7823, 34.261], [132.7882, 34.26], [132.7865, 34.2582], [132.7879, 34.2562], [132.7863, 34.2556], [132.7814, 34.2567]]], [[[132.7741, 34.2604], [132.7752, 34.2612], [132.779, 34.2594], [132.779, 34.2573], [132.7741, 34.2604]]], [[[132.7993, 34.2659], [132.8002, 34.2643], [132.7989, 34.2639], [132.7985, 34.2654], [132.7993, 34.2659]]], [[[132.7704, 34.2636], [132.7715, 34.2673], [132.7747, 34.2681], [132.7751, 34.2649], [132.7732, 34.2645], [132.7704, 34.2636]]], [[[132.7981, 34.2794], [132.8055, 34.2821], [132.8057, 34.2803], [132.8069, 34.2806], [132.8097, 34.2806], [132.8115, 34.276], [132.8034, 34.2682], [132.7903, 34.2727], [132.7918, 34.2762], [132.7981, 34.2794]]], [[[132.8177, 34.2908], [132.8182, 34.2893], [132.8155, 34.287], [132.814, 34.2883], [132.8177, 34.2908]]], [[[132.8045, 34.2959], [132.8058, 34.2951], [132.8055, 34.2921], [132.8031, 34.294], [132.8045, 34.2959]]]]}}, {"type": "Feature", "properties": {"metro_id": "JPM08", "metro_name": "Okayama MMA", "n_members": 17, "n_missing": 0, "n_prefs": 1, "prefs": "Okayama"}, "geometry": {"type": "MultiPolygon", "coordinates": [[[[133.538, 34.3097], [133.5404, 34.3076], [133.5384, 34.3055], [133.5339, 34.2984], [133.5293, 34.2998], [133.5255, 34.3045], [133.5271, 34.3083], [133.5354, 34.3075], [133.538, 34.3097]]], [[[133.4978, 34.3504], [133.5004, 34.3503], [133.5005, 34.3478], [133.5042, 34.3449], [133.5068, 34.3449], [133.5097, 34.3423], [133.5083, 34.3347], [133.4975, 34.3399], [133.4991, 34.3447], [133.4969, 34.3455], [133.4978, 34.3504]]], [[[133.5228, 34.343], [133.5209, 34.3436], [133.5185, 34.344], [133.5191, 34.3461], [133.5158, 34.3502], [133.5168, 34.3518], [133.5231, 34.3478], [133.5228, 34.343]]], [[[133.5756, 34.3564], [133.579, 34.3555], [133.5813, 34.3575], [133.5814, 34.3623], [133.5887, 34.3634], [133.5909, 34.3606], [133.5905, 34.3585], [133.5846, 34.3579], [133.5805, 34.3512], [133.5734, 34.3476], [133.5667, 34.3526], [133.5733, 34.3597], [133.5756, 34.3564]]], [[[133.5936, 34.3718], [133.5924, 34.3725], [133.5926, 34.374], [133.5943, 34.3726], [133.5936, 34.3718]]], [[[133.5821, 34.3785], [133.5825, 34.38], [133.5883, 34.3814], [133.5886, 34.3801], [133.5865, 34.3775], [133.5875, 34.3731], [133.5856, 34.3715], [133.5835, 34.3722], [133.5857, 34.376], [133.5821, 34.3785]]], [[[133.4958, 34.3849], [133.5007, 34.3824], [133.4985, 34.3817], [133.4957, 34.3829], [133.4958, 34.3849]]], [[[133.5506, 34.3908], [133.5504, 34.3873], [133.545, 34.3797], [133.5482, 34.3759], [133.5519, 34.3768], [133.5548, 34.3751], [133.5601, 34.3766], [133.5583, 34.3735], [133.5602, 34.3699], [133.5581, 34.367], [133.5491, 34.3691], [133.5446, 34.3667], [133.5363, 34.3736], [133.5323, 34.3729], [133.5284, 34.3782], [133.5244, 34.3785], [133.5167, 34.3823], [133.516, 34.384], [133.5168, 34.3871], [133.5206, 34.391], [133.5239, 34.3913], [133.5262, 34.3881], [133.5297, 34.3904], [133.5297, 34.3927], [133.5362, 34.3954], [133.5378, 34.401], [133.5423, 34.4023], [133.5464, 34.4013], [133.5513, 34.3935], [133.5564, 34.3965], [133.5585, 34.3937], [133.5558, 34.3938], [133.5541, 34.3913], [133.5506, 34.3908]]], [[[133.5117, 34.3903], [133.5085, 34.3941], [133.5091, 34.3972], [133.5049, 34.4028], [133.5056, 34.4063], [133.5116, 34.4065], [133.5164, 34.4113], [133.5183, 34.4088], [133.5211, 34.4159], [133.5275, 34.4165], [133.5266, 34.4147], [133.5243, 34.4128], [133.5257, 34.4103], [133.5232, 34.4078], [133.5262, 34.3995], [133.5217, 34.3986], [133.5138, 34.3896], [133.5117, 34.3903]]], [[[133.517, 34.4236], [133.511, 34.4218], [133.5109, 34.4231], [133.5142, 34.4243], [133.517, 34.4236]]], [[[133.5028, 34.4304], [133.507, 34.4332], [133.5104, 34.4317], [133.5126, 34.4347], [133.5145, 34.4331], [133.5166, 34.4341], [133.5161, 34.4292], [133.5132, 34.427], [133.5056, 34.4242], [133.4992, 34.4246], [133.5011, 34.4314], [133.5028, 34.4304]]], [[[133.4888, 34.4317], [133.4911, 34.4324], [133.4906, 34.4309], [133.4895, 34.4306], [133.4888, 34.4317]]], [[[133.498, 34.4364], [133.4994, 34.4369], [133.5008, 34.4336], [133.4986, 34.4307], [133.4967, 34.431], [133.498, 34.4364]]], [[[133.5042, 34.4406], [133.5047, 34.4382], [133.503, 34.4367], [133.5015, 34.4399], [133.5042, 34.4406]]], [[[133.7462, 34.4538], [133.7455, 34.4547], [133.746, 34.4558], [133.7477, 34.454], [133.7462, 34.4538]]], [[[133.6886, 34.461], [133.6908, 34.4646], [133.6928, 34.4631], [133.6908, 34.4603], [133.6886, 34.461]]], [[[133.7171, 34.4613], [133.711, 34.4606], [133.7087, 34.4632], [133.7123, 34.4658], [133.7166, 34.4629], [133.7171, 34.4613]]], [[[133.6769, 34.49], [133.6689, 34.49], [133.6692, 34.4961], [133.6772, 34.4958], [133.6694, 34.4978], [133.6686, 34.5011], [133.6739, 34.5048], [133.6778, 34.5047], [133.6836, 34.5022], [133.6825, 34.4997], [133.6842, 34.4992], [133.6839, 34.4911], [133.6783, 34.4886], [133.6769, 34.49]]], [[[133.5732, 34.4652], [133.5601, 34.468], [133.55, 34.4629], [133.5403, 34.4615], [133.53, 34.4707], [133.5286, 34.4774], [133.5257, 34.4781], [133.5242, 34.4746], [133.5186, 34.4791], [133.515, 34.4928], [133.5139, 34.4936], [133.513, 34.492], [133.5087, 34.4965], [133.5093, 34.4993], [133.5053, 34.4981], [133.5037, 34.499], [133.5024, 34.5041], [133.5011, 34.5009], [133.4936, 34.5051], [133.4895, 34.5127], [133.4867, 34.5138], [133.4903, 34.5065], [133.501, 34.4996], [133.511, 34.4879], [133.5154, 34.4801], [133.5188, 34.4776], [133.5203, 34.4731], [133.5262, 34.4723], [133.5274, 34.4708], [133.5276, 34.4657], [133.525, 34.4597], [133.5287, 34.4548], [133.5222, 34.4503], [133.5147, 34.4487], [133.5076, 34.4518], [133.5012, 34.4513], [133.4947, 34.4441], [133.4894, 34.441], [133.4781, 34.4432], [133.4754, 34.4408], [133.4731, 34.4426], [133.4734, 34.4502], [133.4819, 34.454], [133.4834, 34.4561], [133.4886, 34.457], [133.4897, 34.4602], [133.4854, 34.4645], [133.4772, 34.4625], [133.4677, 34.4575], [133.4566, 34.4605], [133.4544, 34.4662], [133.4587, 34.4669], [133.4562, 34.4683], [133.4546, 34.4719], [133.4537, 34.4869], [133.4584, 34.5], [133.4482, 34.5026], [133.4525, 34.523], [133.452, 34.5396], [133.4507, 34.5426], [133.4805, 34.5481], [133.5032, 34.558], [133.5102, 34.5756], [133.5175, 34.589], [133.5306, 34.596], [133.53678507462686, 34.59657985074627], [133.5327, 34.5967], [133.5328, 34.6128], [133.5274, 34.6244], [133.5364, 34.6318], [133.5344, 34.6393], [133.5353, 34.6406], [133.5552, 34.6434], [133.5626, 34.6471], [133.579, 34.6747], [133.5901, 34.6803], [133.5958, 34.6943], [133.609, 34.7037], [133.5919, 34.7087], [133.5858, 34.7172], [133.571, 34.7139], [133.5594, 34.7163], [133.5573, 34.7179], [133.5549, 34.7241], [133.5596, 34.7335], [133.559, 34.7364], [133.5462, 34.7391], [133.5313, 34.7364], [133.5239, 34.7304], [133.5229, 34.727], [133.5256, 34.7213], [133.532, 34.7159], [133.5314, 34.7125], [133.5014, 34.6955], [133.4869, 34.6848], [133.4725, 34.6812], [133.4599, 34.6819], [133.4436, 34.6869], [133.4255, 34.6972], [133.4159, 34.7114], [133.4125, 34.7245], [133.4099, 34.7281], [133.3846, 34.7388], [133.3717, 34.7399], [133.3658, 34.7561], [133.3782, 34.7907], [133.3807, 34.803], [133.375, 34.8114], [133.3481, 34.8264], [133.3318, 34.8503], [133.337, 34.859], [133.3489, 34.8689], [133.3575, 34.8714], [133.3866, 34.8671], [133.414, 34.8718], [133.4247, 34.8789], [133.4297, 34.8796], [133.4512, 34.877], [133.4558, 34.8731], [133.4628, 34.8715], [133.4728, 34.8792], [133.4811, 34.8707], [133.4928, 34.871], [133.5074, 34.8662], [133.5224, 34.8672], [133.5647, 34.8821], [133.5715, 34.8988], [133.5737, 34.919], [133.5788, 34.9257], [133.5873, 34.9308], [133.5937, 34.9438], [133.5999, 34.9497], [133.6055, 34.9412], [133.6165, 34.9305], [133.6222, 34.9018], [133.6259, 34.8989], [133.6354, 34.9019], [133.6461, 34.9087], [133.6483, 34.9228], [133.6522, 34.9315], [133.6562, 34.9354], [133.6853, 34.944], [133.7005, 34.9461], [133.7115, 34.954], [133.7212, 34.9506], [133.7337, 34.9453], [133.7653, 34.9469], [133.7693, 34.9519], [133.7759, 34.9552], [133.7838, 34.9552], [133.7959, 34.9526], [133.8102, 34.9524], [133.8171, 34.9569], [133.8183, 34.9618], [133.8168, 34.9683], [133.7967, 34.9772], [133.7939, 34.9798], [133.7924, 34.9886], [133.7925, 35.0109], [133.7952, 35.015], [133.8077, 35.018], [133.8222, 35.0263], [133.8309, 35.0428], [133.839, 35.0414], [133.8506, 35.0368], [133.8691, 35.0384], [133.8737, 35.037], [133.8826, 35.0263], [133.884, 34.9907], [133.8912, 34.978], [133.8945, 34.9768], [133.9125, 34.9873], [133.925, 35.0019], [133.9362, 35.0186], [133.9427, 35.0246], [133.9487, 35.0434], [133.9515, 35.0455], [133.958, 35.046], [133.9616, 35.0425], [133.9623, 35.0375], [133.9542, 35.0221], [133.9537, 35.0134], [133.9576, 35.0076], [133.9633, 35.0049], [133.9689, 35.0054], [133.985, 35.0186], [133.993, 35.021], [133.9975, 35.0203], [134.0082, 35.0142], [134.0167, 35.0046], [134.0239, 34.9993], [134.033, 34.9964], [134.0368, 34.9966], [134.0388, 34.9986], [134.0392, 35.01], [134.0407, 35.0142], [134.0513, 35.0208], [134.0566, 35.0208], [134.0672, 35.0163], [134.0758, 35.0207], [134.0811, 35.0209], [134.0924, 35.0136], [134.0965, 35.0129], [134.0962, 34.9959], [134.0913, 34.9864], [134.0937, 34.9845], [134.0995, 34.9869], [134.1028, 34.9863], [134.106, 34.9762], [134.1053, 34.9727], [134.0964, 34.959], [134.0961, 34.9558], [134.1121, 34.9433], [134.1206, 34.9312], [134.1061, 34.9171], [134.1219, 34.9085], [134.1312, 34.9005], [134.1324, 34.8881], [134.1366, 34.8851], [134.1595, 34.8818], [134.1755, 34.8883], [134.1916, 34.8881], [134.1977, 34.8956], [134.1986, 34.9061], [134.2099, 34.9088], [134.2224, 34.9047], [134.2271, 34.9052], [134.2334, 34.9254], [134.2419, 34.9343], [134.2437, 34.9433], [134.258, 34.9413], [134.2592, 34.9331], [134.2697, 34.932], [134.2786, 34.9253], [134.2856, 34.9181], [134.2921, 34.9077], [134.2916, 34.8957], [134.2822, 34.8923], [134.2727, 34.8865], [134.265, 34.8793], [134.2681, 34.8697], [134.2564, 34.8531], [134.2634, 34.8437], [134.2654, 34.8333], [134.2771, 34.8245], [134.2882, 34.826], [134.2928, 34.8169], [134.307, 34.8098], [134.3129, 34.8009], [134.3201, 34.793], [134.3216, 34.7829], [134.3351, 34.7629], [134.3315, 34.7613], [134.3475, 34.7356], [134.3438, 34.7356], [134.3386, 34.7383], [134.3276, 34.729], [134.3274, 34.7268], [134.3219, 34.7217], [134.3186, 34.729], [134.315, 34.7321], [134.2939, 34.7364], [134.2864, 34.7342], [134.2821, 34.7297], [134.2773, 34.7337], [134.2768, 34.7281], [134.2698, 34.7254], [134.2699, 34.7213], [134.2679, 34.7188], [134.2514, 34.7182], [134.2441, 34.7151], [134.2381, 34.7199], [134.2256, 34.7197], [134.2331, 34.7249], [134.2282, 34.7315], [134.2218, 34.7295], [134.2115, 34.7309], [134.2057, 34.7301], [134.1975, 34.7323], [134.1835, 34.7404], [134.1804, 34.7355], [134.1872, 34.735], [134.2052, 34.7264], [134.2037, 34.7229], [134.1978, 34.7203], [134.1939, 34.7203], [134.1981, 34.7174], [134.1987, 34.7152], [134.2022, 34.715], [134.2048, 34.7173], [134.2089, 34.7175], [134.2097, 34.7158], [134.2133, 34.7169], [134.2144, 34.7161], [134.2133, 34.7147], [134.2072, 34.7133], [134.2058, 34.7108], [134.2197, 34.7092], [134.2279, 34.7125], [134.2285, 34.7148], [134.235, 34.7153], [134.2383, 34.7083], [134.2458, 34.7011], [134.2447, 34.6997], [134.2425, 34.7003], [134.245, 34.6978], [134.2411, 34.6939], [134.2401, 34.7], [134.2407, 34.6958], [134.24, 34.6986], [134.2381, 34.6994], [134.238, 34.6953], [134.2349, 34.6912], [134.2286, 34.6917], [134.2269, 34.6909], [134.2278, 34.6878], [134.2183, 34.6839], [134.214, 34.6844], [134.2183, 34.6822], [134.2211, 34.6831], [134.2233, 34.6806], [134.2214, 34.6808], [134.22, 34.6773], [134.2148, 34.6758], [134.214, 34.6733], [134.2114, 34.6719], [134.2081, 34.6725], [134.2081, 34.6761], [134.2059, 34.6759], [134.205, 34.6719], [134.2081, 34.6694], [134.2103, 34.67], [134.2097, 34.6661], [134.2056, 34.6681], [134.2017, 34.6636], [134.193, 34.6659], [134.1921, 34.6629], [134.1986, 34.6592], [134.1886, 34.6507], [134.1836, 34.6514], [134.1833, 34.6539], [134.1808, 34.6528], [134.1775, 34.6567], [134.1761, 34.6534], [134.1706, 34.6523], [134.1758, 34.6333], [134.1744, 34.6317], [134.1758, 34.6303], [134.1783, 34.6314], [134.1794, 34.6347], [134.1832, 34.6366], [134.1853, 34.6358], [134.1853, 34.6328], [134.1875, 34.6314], [134.1789, 34.6296], [134.1772, 34.624], [134.1731, 34.6192], [134.1732, 34.6165], [134.1704, 34.6137], [134.1671, 34.6129], [134.1621, 34.6161], [134.1582, 34.6152], [134.1499, 34.6166], [134.1478, 34.614], [134.1489, 34.6122], [134.1453, 34.6096], [134.1414, 34.6086], [134.1381, 34.6106], [134.1351, 34.6076], [134.1358, 34.6039], [134.1382, 34.6025], [134.138, 34.5992], [134.1342, 34.5967], [134.1322, 34.5983], [134.127, 34.598], [134.1209, 34.5891], [134.1152, 34.5883], [134.1038, 34.5893], [134.1004, 34.5852], [134.0941, 34.5816], [134.0889, 34.5817], [134.0861, 34.58], [134.0839, 34.5806], [134.0852, 34.5843], [134.0817, 34.5844], [134.0796, 34.5862], [134.0636, 34.5839], [134.062, 34.5856], [134.0603, 34.5847], [134.0586, 34.5864], [134.0553, 34.5864], [134.0522, 34.5889], [134.0542, 34.5944], [134.0536, 34.5967], [134.0563, 34.6015], [134.0644, 34.6053], [134.0628, 34.6083], [134.0601, 34.608], [134.0583, 34.61], [134.0577, 34.6062], [134.0493, 34.6032], [134.0501, 34.5996], [134.0478, 34.5974], [134.0314, 34.6063], [134.0022, 34.6125], [134.0014, 34.6133], [134.0033, 34.615], [133.9997, 34.6185], [133.998, 34.6153], [133.9997, 34.6131], [133.9942, 34.6127], [133.9861, 34.6233], [133.9869, 34.645], [133.9845, 34.6403], [133.9832, 34.6256], [133.9872, 34.6106], [133.9892, 34.6105], [133.9862, 34.6087], [133.9851, 34.6134], [133.9813, 34.6098], [133.9828, 34.608], [133.9846, 34.6088], [133.9886, 34.6069], [133.9859, 34.6045], [133.9833, 34.6053], [133.985, 34.6027], [133.9831, 34.6018], [133.9809, 34.604], [133.981, 34.6022], [133.9784, 34.603], [133.9819, 34.6], [133.9771, 34.6002], [133.9537, 34.6249], [133.9347, 34.6411], [133.9304, 34.6493], [133.9292, 34.6477], [133.9319, 34.6416], [133.9459, 34.6287], [133.9691, 34.6], [133.9675, 34.5982], [133.9662, 34.599], [133.9583, 34.597], [133.9519, 34.6022], [133.9465, 34.599], [133.9503, 34.5945], [133.9452, 34.5917], [133.9428, 34.5954], [133.9293, 34.5978], [133.9273, 34.597], [133.9274, 34.5949], [133.9402, 34.5922], [133.942, 34.5905], [133.9368, 34.5892], [133.9166, 34.5897], [133.9084, 34.5961], [133.9065, 34.6079], [133.9077, 34.6104], [133.9064, 34.6105], [133.9056, 34.6076], [133.907, 34.6019], [133.9053, 34.5997], [133.9064, 34.5948], [133.9135, 34.5882], [133.9227, 34.5854], [133.9253, 34.581], [133.9123, 34.5762], [133.8947, 34.5629], [133.8872, 34.5604], [133.8926, 34.5604], [133.9058, 34.5681], [133.9087, 34.5713], [133.9205, 34.5765], [133.9267, 34.5757], [133.9289, 34.5738], [133.9314, 34.5636], [133.9294, 34.5683], [133.9277, 34.5676], [133.9231, 34.5597], [133.9209, 34.5511], [133.9194, 34.5453], [133.9001, 34.536], [133.9016, 34.532], [133.9031, 34.5369], [133.9238, 34.546], [133.9338, 34.5592], [133.9318, 34.5631], [133.9382, 34.5536], [133.9411, 34.5545], [133.944, 34.558], [133.9427, 34.561], [133.9443, 34.5639], [133.9439, 34.5674], [133.9487, 34.5767], [133.9576, 34.5847], [133.9618, 34.5843], [133.9609, 34.588], [133.9633, 34.59], [133.9728, 34.5941], [133.9877, 34.5954], [133.9918, 34.5935], [133.9959, 34.5949], [134.0005, 34.5925], [134.0095, 34.596], [134.0114, 34.5983], [134.0255, 34.5991], [134.0337, 34.5971], [134.0328, 34.5945], [134.0342, 34.5918], [134.0378, 34.5917], [134.0411, 34.5872], [134.0398, 34.5811], [134.0475, 34.5767], [134.0388, 34.5757], [134.0324, 34.5718], [134.0293, 34.5661], [134.0322, 34.5622], [134.0296, 34.5597], [134.0317, 34.5572], [134.0283, 34.5542], [134.03, 34.5519], [134.0322, 34.5525], [134.0314, 34.5511], [134.0294, 34.5506], [134.0258, 34.5533], [134.0241, 34.5526], [134.0212, 34.5484], [134.0225, 34.5456], [134.0194, 34.5439], [134.0153, 34.5456], [134.0164, 34.5481], [134.0153, 34.5499], [134.0103, 34.55], [133.9995, 34.5422], [133.998, 34.5393], [133.9957, 34.5331], [134.0014, 34.5292], [133.996, 34.5288], [133.9957, 34.5251], [133.9984, 34.5247], [133.9976, 34.5221], [134.0, 34.5189], [134.003, 34.5199], [134.0032, 34.5172], [134.0061, 34.5178], [134.0072, 34.5164], [134.0031, 34.5117], [134.0, 34.5161], [133.993, 34.5189], [133.9883, 34.53], [133.9829, 34.5318], [133.9767, 34.5326], [133.9589, 34.5231], [133.9622, 34.5189], [133.958, 34.5173], [133.9577, 34.5133], [133.961, 34.5121], [133.961, 34.51], [133.9568, 34.506], [133.9649, 34.495], [133.9619, 34.492], [133.9582, 34.4925], [133.9548, 34.4905], [133.9513, 34.4926], [133.9497, 34.4864], [133.9472, 34.4881], [133.9477, 34.4845], [133.9399, 34.4817], [133.9382, 34.4791], [133.9401, 34.4756], [133.9354, 34.4734], [133.9438, 34.4642], [133.9424, 34.4592], [133.9433, 34.4555], [133.9375, 34.4544], [133.935, 34.4509], [133.9322, 34.4551], [133.9284, 34.4568], [133.927, 34.4547], [133.9291, 34.4521], [133.9262, 34.4504], [133.9107, 34.4509], [133.9007, 34.4564], [133.8874, 34.4569], [133.8812, 34.4559], [133.8671, 34.4673], [133.8598, 34.4673], [133.8566, 34.4699], [133.8474, 34.4704], [133.8413, 34.4687], [133.8353, 34.4739], [133.8324, 34.4704], [133.8302, 34.4725], [133.8163, 34.467], [133.8149, 34.4637], [133.8104, 34.4644], [133.8148, 34.4602], [133.8104, 34.4609], [133.8088, 34.4597], [133.8111, 34.458], [133.81, 34.4491], [133.8125, 34.4443], [133.8123, 34.441], [133.8185, 34.436], [133.8227, 34.4303], [133.8219, 34.429], [133.818, 34.4318], [133.8087, 34.4335], [133.8072, 34.4355], [133.7968, 34.436], [133.7918, 34.4388], [133.7886, 34.4352], [133.7864, 34.4354], [133.7819, 34.4392], [133.7797, 34.4467], [133.7717, 34.4543], [133.7714, 34.4571], [133.7744, 34.4573], [133.7751, 34.461], [133.7676, 34.4626], [133.765, 34.4686], [133.7661, 34.4714], [133.7642, 34.4717], [133.7597, 34.4681], [133.7572, 34.4685], [133.7592, 34.4749], [133.756, 34.4763], [133.7572, 34.4822], [133.7619, 34.4892], [133.7621, 34.4922], [133.7645, 34.4937], [133.7643, 34.502], [133.7628, 34.5012], [133.7579, 34.4867], [133.7481, 34.4897], [133.7422, 34.501], [133.7423, 34.5077], [133.7449, 34.512], [133.7395, 34.5162], [133.739, 34.5244], [133.7368, 34.5185], [133.7374, 34.5088], [133.7356, 34.5078], [133.7348, 34.5003], [133.7365, 34.4973], [133.7217, 34.5008], [133.7211, 34.5036], [133.7193, 34.5035], [133.719, 34.4984], [133.7194, 34.4961], [133.7318, 34.4928], [133.7388, 34.4884], [133.7429, 34.4703], [133.7374, 34.4709], [133.7334, 34.4745], [133.7279, 34.4763], [133.7261, 34.4755], [133.7259, 34.4729], [133.718, 34.4733], [133.7153, 34.4744], [133.7144, 34.4789], [133.7048, 34.4831], [133.7041, 34.5136], [133.7056, 34.5264], [133.7028, 34.5608], [133.7044, 34.5645], [133.7096, 34.5681], [133.7133, 34.5746], [133.7139, 34.58], [133.716, 34.5802], [133.7162, 34.5869], [133.7192, 34.5916], [133.7349, 34.6033], [133.7187, 34.5943], [133.7146, 34.5904], [133.71, 34.5786], [133.6982, 34.5641], [133.6913, 34.5392], [133.6909, 34.5236], [133.6882, 34.5253], [133.6799, 34.5238], [133.6852, 34.5234], [133.6909, 34.519], [133.6897, 34.512], [133.6875, 34.5108], [133.6844, 34.5118], [133.6843, 34.5071], [133.6704, 34.5077], [133.671, 34.5129], [133.6767, 34.5142], [133.677, 34.5171], [133.6702, 34.5182], [133.6686, 34.5246], [133.6657, 34.5284], [133.6694, 34.5405], [133.6633, 34.5298], [133.6659, 34.5197], [133.6645, 34.5185], [133.6584, 34.5192], [133.6566, 34.5162], [133.649, 34.5124], [133.6508, 34.5089], [133.6482, 34.5045], [133.6416, 34.505], [133.6381, 34.5015], [133.6319, 34.5024], [133.6265, 34.5013], [133.6222, 34.4943], [133.6176, 34.4912], [133.6148, 34.4946], [133.606, 34.4945], [133.5996, 34.4935], [133.6028, 34.4922], [133.6017, 34.49], [133.597, 34.4916], [133.5909, 34.4863], [133.5894, 34.4823], [133.5906, 34.4802], [133.6015, 34.4727], [133.5971, 34.472], [133.5942, 34.4693], [133.5904, 34.4708], [133.5818, 34.471], [133.5779, 34.469], [133.5768, 34.466], [133.5732, 34.4652]], [[133.9032, 34.5461], [133.90106305732485, 34.54439044585987], [133.9209, 34.5511], [133.9032, 34.5461]], [[134.0303, 34.5728], [134.0182539537052, 34.57295184091968], [134.0324, 34.5718], [134.0303, 34.5728]], [[133.8869, 34.4638], [133.88644601990052, 34.464341044776106], [133.8874, 34.4569], [133.8869, 34.4638]], [[133.6066, 34.5005], [133.6065, 34.5047], [133.606, 34.4945], [133.6066, 34.5005]], [[133.6228, 34.5128], [133.62489192906264, 34.514515381831366], [133.6065, 34.5047], [133.6228, 34.5128]], [[133.6715, 34.8723], [133.67131884057972, 34.872010144927536], [133.682, 34.8757], [133.6715, 34.8723]], [[133.6695, 34.8691], [133.6676, 34.8578], [133.67084295612008, 34.87124872979212], [133.6695, 34.8691]], [[133.6486, 34.8369], [133.64857703180212, 34.83591236749112], [133.6518, 34.8442], [133.6486, 34.8369]], [[133.7131, 34.7552], [133.71699999999998, 34.760833333333295], [133.71155905172415, 34.75448556034484], [133.7131, 34.7552]], [[133.72156465863455, 34.76505435073628], [133.7204, 34.7648], [133.72021481481482, 34.764583950617286], [133.72156465863455, 34.76505435073628]], [[133.72977903780068, 34.76642004581901], [133.7291, 34.7667], [133.72816913580246, 34.76649670781893], [133.72977903780068, 34.76642004581901]], [[133.78087816683833, 34.7341010298661], [133.7787, 34.7358], [133.7685, 34.74], [133.78087816683833, 34.7341010298661]], [[133.78403501432666, 34.731276618911146], [133.7837, 34.7319], [133.7820143507972, 34.73321480637819], [133.78403501432666, 34.731276618911146]], [[133.80482759666413, 34.7063959059894], [133.8036, 34.7086], [133.80199184268028, 34.70975251274579], [133.80482759666413, 34.7063959059894]], [[133.80808428571427, 34.69985714285715], [133.808, 34.7007], [133.80646390532547, 34.70345798816563], [133.80808428571427, 34.69985714285715]], [[133.8082, 34.6839], [133.8084, 34.6967], [133.8082, 34.698699999999995], [133.8082, 34.6839]], [[133.8028, 34.6681], [133.80384671841918, 34.666956363208655], [133.8036, 34.6737], [133.8028, 34.6681]], [[133.8203, 34.6214], [133.8107, 34.6119], [133.82079775429327, 34.62142073976222], [133.8203, 34.6214]], [[133.8102, 34.6018], [133.81051278958043, 34.601509821714544], [133.8107, 34.6119], [133.8102, 34.6018]], [[133.8293, 34.5917], [133.83019999999996, 34.5918], [133.82885000000002, 34.5918], [133.8293, 34.5917]], [[133.8338, 34.5922], [133.83422147024504, 34.59241890315053], [133.83363949044585, 34.592182165605095], [133.8338, 34.5922]], [[133.84632375321337, 34.57792424164528], [133.8466, 34.5784], [133.84648956714761, 34.587168368479276], [133.84632375321337, 34.57792424164528]], [[133.8387, 34.551260714285704], [133.841, 34.552], [133.84110103721784, 34.552718486882256], [133.8387, 34.551260714285704]], [[133.8684, 34.4895], [133.8683922325788, 34.48920483799379], [133.8743, 34.4955], [133.8684, 34.4895]], [[133.8683, 34.4857], [133.86999117647056, 34.48089705882364], [133.86836696528556, 34.48824468085103], [133.8683, 34.4857]], [[133.8708, 34.4786], [133.87445392731536, 34.47637338804219], [133.87054912425305, 34.479312487121355], [133.8708, 34.4786]], [[133.88349886363636, 34.467853409090914], [133.8796, 34.4725], [133.8783773426573, 34.473420279720315], [133.88349886363636, 34.467853409090914]], [[133.8079, 34.6452], [133.8082, 34.6622], [133.80752296793437, 34.644210290827786], [133.8079, 34.6452]], [[133.5732, 34.5853], [133.5792, 34.5877], [133.5691765993842, 34.58448494697229], [133.571, 34.584], [133.5732, 34.5853]], [[133.5653, 34.5589], [133.56724003241493, 34.56744294975692], [133.56273779904305, 34.55457942583729], [133.5653, 34.5589]], [[133.5602, 34.5503], [133.56173243243248, 34.55288410174885], [133.55960653220262, 34.55007041026816], [133.5602, 34.5503]], [[133.547102513089, 34.54523308900523], [133.55557074327888, 34.548509119662626], [133.5488, 34.5468], [133.547102513089, 34.54523308900523]], [[133.5463, 34.5392], [133.5464884931507, 34.54466630136987], [133.5462, 34.5444], [133.5463, 34.5392]], [[133.53711855670105, 34.49426288659794], [133.5378, 34.4929], [133.5443, 34.4885], [133.53711855670105, 34.49426288659794]], [[133.53643595348836, 34.49728088372091], [133.536, 34.4965], [133.5362942857143, 34.495911428571425], [133.53643595348836, 34.49728088372091]], [[133.6185, 34.679], [133.61677993254636, 34.677337268128156], [133.62185736677117, 34.679532915360504], [133.6185, 34.679]], [[133.6155, 34.6761], [133.6155, 34.6715625], [133.61595794785535, 34.67654268292684], [133.6155, 34.6761]], [[133.6155, 34.6668], [133.6242, 34.6571], [133.6155, 34.66792666666666], [133.6155, 34.6668]], [[133.7491, 34.6224], [133.7605, 34.6271], [133.74792075949367, 34.62238278481013], [133.7491, 34.6224]], [[133.76790302525671, 34.639794782126], [133.7666, 34.6396], [133.7643, 34.6377], [133.76790302525671, 34.639794782126]], [[133.8019, 34.6366], [133.8027517006803, 34.63666083576288], [133.786, 34.6425], [133.8019, 34.6366]], [[133.8047, 34.6368], [133.80490425531914, 34.63733617021277], [133.80402800000002, 34.636752], [133.8047, 34.6368]], [[133.60595090909126, 34.57512545454537], [133.5926351224105, 34.578583145009425], [133.5929, 34.5783], [133.60595090909126, 34.57512545454537]], [[133.61224490272375, 34.57398653696498], [133.61023288590602, 34.57408389261745], [133.6114, 34.5738], [133.61224490272375, 34.57398653696498]], [[133.6496242343542, 34.599755126498], [133.6478, 34.5941], [133.6498, 34.5991], [133.6496242343542, 34.599755126498]], [[133.6346, 34.6191], [133.6493181556196, 34.60089596541787], [133.6487, 34.6032], [133.6346, 34.6191]], [[133.64190235294112, 34.55889411764714], [133.64440117647064, 34.55444705882343], [133.6433, 34.5572], [133.64190235294112, 34.55889411764714]], [[133.64664702702703, 34.548832432432434], [133.6456, 34.544], [133.6469, 34.5482], [133.64664702702703, 34.548832432432434]], [[133.63057769358278, 34.521128960454675], [133.62636176342207, 34.51572064600609], [133.6278, 34.5169], [133.63057769358278, 34.521128960454675]], [[134.02763671970624, 34.942944430844555], [134.0406, 34.9435], [134.0292, 34.9436], [134.02763671970624, 34.942944430844555]], [[134.02191221374042, 34.939774809160284], [134.02502173913047, 34.94184782608697], [134.023, 34.941], [134.02191221374042, 34.939774809160284]], [[134.0080995827538, 34.89446415159939], [134.0161, 34.9149], [134.0108, 34.904], [134.0080995827538, 34.89446415159939]], [[134.0069, 34.8914], [134.00723780250348, 34.89226286509041], [134.0057102314251, 34.89041924482339], [134.0069, 34.8914]], [[133.9428, 34.8657], [133.9616, 34.8686], [133.9726, 34.8711], [133.942506017192, 34.865823782234955], [133.9428, 34.8657]], [[133.9638, 34.8654], [133.9681, 34.8593], [133.9616, 34.8686], [133.9638, 34.8654]], [[133.9818, 34.7756], [133.97998598832362, 34.77641267723101], [133.98167549194991, 34.77488407871199], [133.9818, 34.7756]], [[133.9834, 34.758], [133.98310690690693, 34.75849662996327], [133.98260971659923, 34.75474008097183], [133.9834, 34.758]], [[133.9818, 34.7514], [133.98196466552315, 34.752079245283], [133.9731, 34.7436], [133.9818, 34.7514]], [[133.9701379310345, 34.728399999999844], [133.9703353783231, 34.73555746421274], [133.9698, 34.734], [133.9701379310345, 34.728399999999844]], [[133.9799, 34.7141], [133.98091248665955, 34.71362241195304], [133.97046478565179, 34.722983552056], [133.9705, 34.7224], [133.9799, 34.7141]], [[133.9865989440338, 34.71184044350581], [133.9842542241379, 34.71204612068966], [133.9852, 34.7116], [133.9865989440338, 34.71184044350581]], [[133.9925166666667, 34.71315833333334], [133.99070432569974, 34.71254605597964], [133.9916, 34.7127], [133.9925166666667, 34.71315833333334]], [[134.0095, 34.7253], [133.99727469879517, 34.71553734939758], [133.9984, 34.7161], [134.0095, 34.7253]], [[134.03263360655748, 34.73737500000008], [134.0247990769978, 34.731817949963556], [134.0264, 34.7325], [134.03263360655748, 34.73737500000008]], [[134.061, 34.7659], [134.05943394406947, 34.76378862102222], [134.06203095153873, 34.76654626812875], [134.061, 34.7659]], [[134.0744, 34.7743], [134.07394658610272, 34.77401577039275], [134.0856, 34.7743], [134.0744, 34.7743]], [[134.1157, 34.7405], [134.1082, 34.7335], [134.107793220339, 34.732593220339], [134.1157, 34.7405]], [[134.0643, 34.6339], [134.06113013983935, 34.636510473073486], [134.061, 34.6363], [134.0643, 34.6339]], [[133.8896, 34.5288], [133.90007574850299, 34.543600598802385], [133.8982, 34.5421], [133.8896, 34.5288]], [[133.823, 34.943], [133.8221694884186, 34.942618413597735], [133.8494, 34.9393], [133.823, 34.943]], [[133.91049006622515, 34.94331986754967], [133.90744266818373, 34.942697041672595], [133.9082, 34.9427], [133.91049006622515, 34.94331986754967]], [[133.9400857142857, 34.86684285714286], [133.93900869565218, 34.86756086956521], [133.939, 34.8673], [133.9400857142857, 34.86684285714286]], [[133.8239, 34.8061], [133.82459108750055, 34.83058424287659], [133.8244, 34.8305], [133.8239, 34.8061]], [[133.87074455732946, 34.898099709724235], [133.871, 34.8987], [133.8701847411444, 34.89953923705724], [133.87074455732946, 34.898099709724235]], [[133.8681062193743, 34.90167889182057], [133.8676, 34.9022], [133.8592, 34.9041], [133.8681062193743, 34.90167889182057]], [[133.9199339191564, 34.945876098418275], [133.9215, 34.9463], [133.9351279319606, 34.96194333034916], [133.9199339191564, 34.945876098418275]], [[133.93582144886363, 34.96267670454546], [133.93748772727272, 34.9637290909091], [133.9366, 34.9635], [133.93582144886363, 34.96267670454546]], [[133.94158417431194, 34.96478623853211], [133.94501574665892, 34.96443428239396], [133.9428, 34.9651], [133.94158417431194, 34.96478623853211]], [[133.96844948453608, 34.95804742268041], [133.9693, 34.9578], [133.97003951715374, 34.95788005082592], [133.96844948453608, 34.95804742268041]], [[133.97525992876226, 34.95844514692787], [133.98771442335766, 34.95979331386861], [133.9867, 34.9601], [133.97525992876226, 34.95844514692787]], [[133.99057367038736, 34.958928890348005], [134.0051, 34.9514], [133.9953, 34.9575], [133.99057367038736, 34.958928890348005]], [[134.11005588235295, 34.71924411764706], [134.11095217391306, 34.71834782608695], [134.1107, 34.7189], [134.11005588235295, 34.71924411764706]], [[134.1297, 34.7569], [134.1225, 34.7508], [134.1211398126464, 34.748739716214374], [134.1348, 34.7599], [134.1297, 34.7569]], [[134.1646, 34.7562], [134.195, 34.7603], [134.1961883130291, 34.76120311790213], [134.1646, 34.7562]], [[134.19705555555555, 34.76186222222223], [134.1975, 34.7622], [134.19776391752578, 34.763420618556694], [134.19705555555555, 34.76186222222223]], [[134.19820335353535, 34.76545301010101], [134.1983, 34.7659], [134.196, 34.7849], [134.19820335353535, 34.76545301010101]], [[134.2141, 34.8275], [134.2146, 34.8373], [134.2142902364139, 34.83796300276324], [134.2141, 34.8275]], [[134.2128310344827, 34.841086206896705], [134.2089, 34.8495], [134.20777694401244, 34.84998425349922], [134.2128310344827, 34.841086206896705]], [[134.19193391304344, 34.85681565217393], [134.1879179755672, 34.85854729493891], [134.1883, 34.8582], [134.19193391304344, 34.85681565217393]], [[134.18572720897618, 34.86563597475458], [134.196, 34.8769], [134.186, 34.8673], [134.18572720897618, 34.86563597475458]], [[134.0435, 34.8315], [134.04378479366875, 34.831021028829845], [134.0442, 34.837], [134.0435, 34.8315]], [[134.0457, 34.8278], [134.04659398105713, 34.827900824931255], [134.0450296398892, 34.828927423822705], [134.0457, 34.8278]], [[134.1505, 34.7775], [134.1481, 34.7799], [134.14636679352998, 34.780393244529016], [134.1505, 34.7775]], [[134.15166264880952, 34.771329017857134], [134.1519, 34.7723], [134.1505, 34.7775], [134.15166264880952, 34.771329017857134]]], [[[133.7058, 34.5691], [133.7051, 34.5662], [133.7025, 34.565], [133.7004, 34.563], [133.7058, 34.5691]]], [[[133.7153, 34.5881], [133.7167, 34.5892], [133.7178, 34.59], [133.7153, 34.5875], [133.7153, 34.5881]]], [[[133.8094, 34.4044], [133.8079, 34.4048], [133.8082, 34.4062], [133.8107, 34.4083], [133.8131, 34.4081], [133.8113, 34.4045], [133.8094, 34.4044]]], [[[133.7808, 34.4151], [133.7824, 34.4135], [133.7784, 34.4119], [133.7769, 34.414], [133.7808, 34.4151]]], [[[133.9239, 34.4211], [133.925, 34.4179], [133.9219, 34.4168], [133.9193, 34.42], [133.9239, 34.4211]]], [[[133.8003, 34.4217], [133.7963, 34.4248], [133.8062, 34.4265], [133.8078, 34.4232], [133.8091, 34.4208], [133.806, 34.4164], [133.8077, 34.4135], [133.8062, 34.4125], [133.8003, 34.418], [133.8003, 34.4217]]], [[[133.8311, 34.4177], [133.8277, 34.4225], [133.8282, 34.4239], [133.8367, 34.4248], [133.835, 34.4223], [133.8311, 34.4177]]], [[[133.8184, 34.426], [133.8177, 34.4239], [133.8156, 34.4243], [133.8151, 34.4258], [133.8184, 34.426]]], [[[133.7621, 34.4266], [133.7596, 34.4269], [133.7594, 34.4311], [133.7627, 34.4317], [133.7636, 34.4294], [133.769, 34.4257], [133.7749, 34.4269], [133.7772, 34.4221], [133.77, 34.4186], [133.7636, 34.4196], [133.7617, 34.4213], [133.7621, 34.4266]]], [[[133.7596, 34.443], [133.7595, 34.4421], [133.7575, 34.4427], [133.7562, 34.444], [133.7596, 34.443]]], [[[133.8515, 34.4488], [133.8538, 34.4503], [133.8555, 34.448], [133.8534, 34.4449], [133.8522, 34.4461], [133.8515, 34.4488]]], [[[133.7511, 34.4492], [133.7539, 34.4486], [133.755, 34.4475], [133.7531, 34.4468], [133.7511, 34.4492]]], [[[133.75, 34.4491], [133.7487, 34.4492], [133.7468, 34.4511], [133.748, 34.4515], [133.75, 34.4491]]], [[[133.7618, 34.4619], [133.7612, 34.4628], [133.7616, 34.4636], [133.7628, 34.4626], [133.7618, 34.4619]]], [[[133.94, 34.47], [133.94, 34.4715], [133.9406, 34.47], [133.9397, 34.4689], [133.94, 34.47]]], [[[133.9563, 34.4763], [133.9562, 34.4739], [133.9592, 34.4703], [133.9592, 34.4686], [133.9571, 34.4687], [133.9556, 34.4683], [133.9556, 34.4707], [133.951, 34.4737], [133.952, 34.4772], [133.9547, 34.4777], [133.9563, 34.4763]]], [[[133.9801, 34.492], [133.9829, 34.4923], [133.9837, 34.494], [133.9855, 34.4933], [133.9816, 34.4878], [133.9765, 34.4921], [133.979, 34.4949], [133.9801, 34.492]]], [[[133.9735, 34.4947], [133.9734, 34.4932], [133.9725, 34.494], [133.9725, 34.4949], [133.9735, 34.4947]]], [[[133.973, 34.4959], [133.9739, 34.4963], [133.97393776493257, 34.496293256262035], [133.973, 34.4959]]], [[[133.9761, 34.4972], [133.9767, 34.4958], [133.97393776493257, 34.496293256262035], [133.9761, 34.4972]]], [[[133.9716, 34.496], [133.9702, 34.5012], [133.9728, 34.5007], [133.9743, 34.4985], [133.9716, 34.496]]], [[[133.9783, 34.4999], [133.974, 34.4994], [133.9732, 34.5019], [133.9761, 34.5015], [133.9787, 34.5054], [133.9795, 34.5009], [133.9783, 34.4999]]], [[[133.9739, 34.5053], [133.9692, 34.5039], [133.971, 34.5063], [133.9691, 34.5101], [133.9732, 34.5128], [133.9762, 34.5068], [133.9739, 34.5053]]], [[[134.0074, 34.4985], [134.0086, 34.5011], [134.0175, 34.5067], [134.0241, 34.5072], [134.0223, 34.4988], [134.0153, 34.4983], [134.0074, 34.4985]]], [[[134.0158, 34.5117], [134.0158, 34.5122], [134.0167, 34.5131], [134.0181, 34.5131], [134.0158, 34.5117]]], [[[134.093, 34.5617], [134.093, 34.5597], [134.0919, 34.56], [134.0911, 34.5608], [134.093, 34.5617]]], [[[134.1088, 34.5641], [134.1109, 34.5619], [134.1094, 34.5606], [134.1081, 34.5631], [134.1088, 34.5641]]], [[[134.1003, 34.5664], [134.1047, 34.5672], [134.1067, 34.5614], [134.0965, 34.5599], [134.0947, 34.5672], [134.0961, 34.5681], [134.0983, 34.5656], [134.1003, 34.5664]]], [[[134.1914, 34.6011], [134.1996, 34.6013], [134.2012, 34.5993], [134.1984, 34.5967], [134.1947, 34.5967], [134.1942, 34.5944], [134.1895, 34.5968], [134.19, 34.6006], [134.1914, 34.6011]]], [[[134.1632, 34.5997], [134.1591, 34.5967], [134.1579, 34.5969], [134.1594, 34.6005], [134.1632, 34.5997]]], [[[133.9891, 34.6058], [133.9913, 34.6022], [133.9897, 34.6013], [133.9884, 34.6041], [133.9891, 34.6058]]], [[[134.1677, 34.6096], [134.1727, 34.6122], [134.1759, 34.609], [134.1854, 34.611], [134.1886, 34.6148], [134.1993, 34.6165], [134.2017, 34.6151], [134.1912, 34.6054], [134.1851, 34.6048], [134.1817, 34.6063], [134.1774, 34.6036], [134.1667, 34.6022], [134.1643, 34.6041], [134.1677, 34.6096]]], [[[134.2091, 34.613], [134.2107, 34.6123], [134.2072, 34.6094], [134.2022, 34.6081], [134.2014, 34.6089], [134.2091, 34.613]]], [[[134.2119, 34.6639], [134.2133, 34.6667], [134.2151, 34.6669], [134.2157, 34.665], [134.2139, 34.6644], [134.2119, 34.6639]]], [[[134.2306, 34.6716], [134.2245, 34.6672], [134.2187, 34.6744], [134.2213, 34.6772], [134.2242, 34.6771], [134.2269, 34.6725], [134.2291, 34.6788], [134.2355, 34.6785], [134.2448, 34.678], [134.2461, 34.6739], [134.243, 34.6721], [134.2376, 34.6729], [134.2337, 34.6696], [134.2306, 34.6716]]], [[[134.2244, 34.6825], [134.2263, 34.6812], [134.2251, 34.6796], [134.2239, 34.6819], [134.2244, 34.6825]]], [[[134.2669, 34.6781], [134.2618, 34.6746], [134.2552, 34.6799], [134.2521, 34.6776], [134.2497, 34.6796], [134.2442, 34.6786], [134.2422, 34.6803], [134.2456, 34.6813], [134.2469, 34.6838], [134.252, 34.6841], [134.2547, 34.6875], [134.2594, 34.6875], [134.2608, 34.6861], [134.2645, 34.6815], [134.2667, 34.6839], [134.2675, 34.6822], [134.2725, 34.6836], [134.2736, 34.6811], [134.2692, 34.6767], [134.2669, 34.6781]]], [[[134.2911, 34.6869], [134.2928, 34.6842], [134.2944, 34.6847], [134.2989, 34.6843], [134.3012, 34.686], [134.3027, 34.6833], [134.295, 34.68], [134.2897, 34.6861], [134.2911, 34.6869]]], [[[134.3214, 34.693], [134.3196, 34.6974], [134.3236, 34.698], [134.3242, 34.6955], [134.3214, 34.693]]], [[[134.2639, 34.6979], [134.2615, 34.6963], [134.2621, 34.6943], [134.259, 34.6932], [134.2585, 34.6906], [134.2512, 34.6921], [134.25, 34.6968], [134.2526, 34.7025], [134.2505, 34.7056], [134.2594, 34.7066], [134.2643, 34.7059], [134.2636, 34.7043], [134.2663, 34.7017], [134.2713, 34.6991], [134.2715, 34.696], [134.2639, 34.6979]]], [[[134.3178, 34.7001], [134.3188, 34.6987], [134.3168, 34.698], [134.3156, 34.7007], [134.3178, 34.7001]]], [[[134.2913, 34.6989], [134.2936, 34.6986], [134.2917, 34.6969], [134.2827, 34.6983], [134.2794, 34.7028], [134.2904, 34.7036], [134.2913, 34.6989]]], [[[134.269, 34.7088], [134.26, 34.7081], [134.2478, 34.7097], [134.2509, 34.7125], [134.2661, 34.7136], [134.269, 34.7088]]], [[[134.3399, 34.7168], [134.3471, 34.7101], [134.3472, 34.7083], [134.343, 34.7061], [134.3419, 34.7033], [134.3401, 34.7069], [134.3376, 34.7072], [134.3361, 34.7114], [134.3315, 34.7086], [134.3265, 34.7121], [134.3235, 34.709], [134.3247, 34.7039], [134.317, 34.7027], [134.3148, 34.7053], [134.313, 34.7031], [134.3117, 34.7053], [134.3088, 34.7057], [134.3103, 34.7081], [134.3089, 34.7094], [134.3103, 34.7106], [134.3054, 34.7139], [134.302, 34.7126], [134.303, 34.7086], [134.2979, 34.7075], [134.2953, 34.7087], [134.2912, 34.7065], [134.2856, 34.7059], [134.2817, 34.7075], [134.2867, 34.7106], [134.2861, 34.7133], [134.28, 34.7091], [134.2751, 34.7135], [134.2766, 34.7191], [134.275, 34.7194], [134.2747, 34.7225], [134.2805, 34.7222], [134.2856, 34.7183], [134.2869, 34.7194], [134.2857, 34.7239], [134.2884, 34.7265], [134.2942, 34.7302], [134.2996, 34.73], [134.3116, 34.727], [134.3176, 34.7174], [134.323, 34.7142], [134.3314, 34.723], [134.3346, 34.7229], [134.3384, 34.7205], [134.3399, 34.7168]]], [[[134.2192, 34.7228], [134.2181, 34.7211], [134.2148, 34.72], [134.2125, 34.7219], [134.21, 34.7194], [134.2089, 34.7214], [134.2113, 34.7254], [134.2132, 34.7258], [134.2192, 34.7228]]]]}}, {"type": "Feature", "properties": {"metro_id": "JPM09", "metro_name": "Shizuoka-Hamamatsu MMA", "n_members": 17, "n_missing": 0, "n_prefs": 3, "prefs": "Aichi、Shizuoka、Yamanashi"}, "geometry": {"type": "MultiPolygon", "coordinates": [[[[137.6053, 34.6877], [137.5998, 34.6904], [137.6031, 34.6967], [137.6076, 34.6947], [137.6053, 34.6877]]], [[[137.5941, 34.695], [137.5981, 34.6989], [137.6017, 34.6967], [137.5977, 34.691], [137.5893, 34.6938], [137.5941, 34.695]]], [[[137.6078, 34.6958], [137.6039, 34.6975], [137.6058, 34.7006], [137.61, 34.6992], [137.6078, 34.6958]]], [[[137.5742, 34.7002], [137.575, 34.7012], [137.5757, 34.697], [137.5746, 34.6955], [137.5742, 34.7002]]], [[[137.5725, 34.6957], [137.5655, 34.6959], [137.5677, 34.7014], [137.5726, 34.7009], [137.5725, 34.6957]]], [[[137.4781, 34.75], [137.4801, 34.7719], [137.4962, 34.7832], [137.4961, 34.7849], [137.4956, 34.7934], [137.4925, 34.8037], [137.5019, 34.8236], [137.5085, 34.8301], [137.5221, 34.8333], [137.5314, 34.8385], [137.5434, 34.8389], [137.5521, 34.8452], [137.5683, 34.8488], [137.5899, 34.8466], [137.5967, 34.8541], [137.5995, 34.8654], [137.6087, 34.8711], [137.6245, 34.8764], [137.6416, 34.8876], [137.6434, 34.898], [137.6596, 34.9369], [137.6676, 34.9437], [137.6785, 34.9421], [137.6851, 34.95], [137.7066, 34.9682], [137.7083, 34.9882], [137.704, 35.0], [137.708, 35.0125], [137.7135024390244, 35.01953089430896], [137.7144, 35.0217], [137.7018, 35.0218], [137.6841, 35.0326], [137.6726, 35.0372], [137.6633, 35.0461], [137.6542, 35.0488], [137.6369, 35.0592], [137.635, 35.0639], [137.6351, 35.0723], [137.6486, 35.0837], [137.6491, 35.0864], [137.6366, 35.1014], [137.6234, 35.1041], [137.6147, 35.111], [137.6149, 35.134], [137.6347, 35.1373], [137.6533, 35.1361], [137.6582, 35.1277], [137.6647, 35.1242], [137.6785, 35.1287], [137.6987, 35.1198], [137.7074, 35.1206], [137.7158, 35.1238], [137.7356, 35.1202], [137.7419, 35.1183], [137.7559, 35.1072], [137.771, 35.1016], [137.7774, 35.0934], [137.7812, 35.0935], [137.7684, 35.0694], [137.7768, 35.0833], [137.7822, 35.0958], [137.7979, 35.0995], [137.8059, 35.1057], [137.8018, 35.1255], [137.8188, 35.1358], [137.8171, 35.1463], [137.831, 35.1493], [137.8276, 35.1592], [137.8171, 35.162], [137.8049, 35.1703], [137.8058, 35.1811], [137.8228, 35.1933], [137.8208, 35.2113], [137.8401, 35.2127], [137.8511, 35.2182], [137.8632, 35.2196], [137.875, 35.2155], [137.8833, 35.223], [137.8879, 35.2329], [137.8859, 35.2435], [137.8983, 35.2546], [137.9141, 35.2505], [137.9243, 35.2547], [137.9347, 35.2727], [137.9451, 35.2727], [137.9535, 35.2786], [137.9654, 35.2807], [137.9743, 35.2861], [137.9847, 35.2892], [138.0, 35.2993], [138.0118, 35.3006], [138.0169, 35.2992], [138.0163, 35.247], [138.0247, 35.2348], [138.0351, 35.2277], [138.0408, 35.2058], [138.0171, 35.1826], [138.0085, 35.1708], [138.0066, 35.164], [138.0069, 35.1488], [138.0091, 35.1436], [138.0142, 35.1382], [138.0255, 35.1294], [138.0379, 35.1237], [138.0478, 35.1137], [138.0572, 35.1099], [138.0609, 35.1032], [138.0604, 35.0977], [138.0547, 35.0844], [138.0414, 35.0665], [138.0417, 35.0576], [138.0495, 35.0475], [138.051, 35.0421], [138.0502, 35.0377], [138.0419, 35.0316], [138.0256, 35.028], [138.0219, 35.0234], [138.0216, 35.018], [138.0253, 35.0114], [138.0404, 34.9965], [138.0259, 34.985], [138.0159, 34.9742], [138.01251907441116, 34.97214927464283], [138.0216, 34.948], [138.0232, 34.9373], [138.0267, 34.9347], [138.0379, 34.9323], [138.0485, 34.9251], [138.0719, 34.9212], [138.0896, 34.915], [138.1106, 34.9201], [138.1196, 34.9324], [138.1329, 34.9407], [138.1408, 34.9539], [138.1416, 34.9673], [138.1443, 34.9709], [138.1517, 34.9748], [138.1677, 34.9875], [138.1882, 34.9888], [138.1891, 34.9984], [138.192, 35.0072], [138.1958, 35.013], [138.2023, 35.0307], [138.2038, 35.0419], [138.2027, 35.0515], [138.2132, 35.0669], [138.215, 35.0759], [138.2131, 35.0826], [138.203, 35.0928], [138.2005, 35.1118], [138.1917, 35.1233], [138.1909, 35.1332], [138.2454, 35.168], [138.2472, 35.1713], [138.2464, 35.1753], [138.2377, 35.194], [138.2286, 35.2038], [138.2169, 35.2034], [138.2075, 35.1915], [138.2041, 35.19], [138.2001, 35.191], [138.1917, 35.1978], [138.1885, 35.2033], [138.1883, 35.2137], [138.2097, 35.2298], [138.2099, 35.2393], [138.1964, 35.2468], [138.1709, 35.2498], [138.1608, 35.2545], [138.1497, 35.2664], [138.1473, 35.2702], [138.146, 35.2779], [138.1424, 35.2821], [138.1346, 35.2875], [138.1111, 35.2977], [138.103, 35.307], [138.0928, 35.3257], [138.0936, 35.3366], [138.099, 35.34], [138.0997, 35.3508], [138.125, 35.3641], [138.1356, 35.3629], [138.145, 35.3677], [138.1483, 35.3783], [138.154, 35.3867], [138.152, 35.3977], [138.1415, 35.4031], [138.1418, 35.4167], [138.125, 35.4253], [138.125, 35.4531], [138.1352, 35.4505], [138.1449, 35.456], [138.156, 35.4558], [138.1628, 35.464], [138.1595, 35.4738], [138.1632, 35.4852], [138.1567, 35.4929], [138.1429, 35.4996], [138.1492, 35.51], [138.1414, 35.5182], [138.1623, 35.5416], [138.1566, 35.5503], [138.1454, 35.5523], [138.1548, 35.5676], [138.1636, 35.5744], [138.174, 35.5792], [138.1812, 35.5719], [138.192, 35.5734], [138.2003, 35.5934], [138.2067, 35.6024], [138.2059, 35.6228], [138.2216, 35.6413], [138.2335, 35.632], [138.2321, 35.6219], [138.238, 35.6131], [138.2396, 35.6027], [138.2455, 35.593], [138.2425, 35.5833], [138.2504, 35.5571], [138.2607, 35.5508], [138.2631, 35.541], [138.2608, 35.5308], [138.2662, 35.5206], [138.2695, 35.5094], [138.2633, 35.5], [138.2613, 35.4776], [138.2584, 35.4672], [138.25, 35.4605], [138.2503, 35.4462], [138.2581, 35.4377], [138.2622, 35.4277], [138.2615, 35.4164], [138.2582, 35.4025], [138.2496, 35.3968], [138.2461, 35.3861], [138.2386, 35.3775], [138.2391, 35.3669], [138.25, 35.3639], [138.2578, 35.3446], [138.2581, 35.3334], [138.2551, 35.3237], [138.2599, 35.3149], [138.2704, 35.3113], [138.2794, 35.3044], [138.2894, 35.3023], [138.2974, 35.3092], [138.3282, 35.3241], [138.3387, 35.3231], [138.3463, 35.315], [138.3574, 35.3132], [138.3667, 35.3088], [138.3738, 35.3003], [138.37350620581304, 35.298595993715644], [138.3814, 35.2935], [138.3978, 35.2925], [138.4063, 35.2952], [138.4203, 35.3042], [138.4411, 35.3089], [138.4509, 35.3078], [138.4679, 35.3021], [138.4773, 35.3028], [138.4808, 35.3057], [138.483, 35.3105], [138.4842, 35.3313], [138.4919, 35.3464], [138.5084, 35.3623], [138.5165, 35.3731], [138.531, 35.3791], [138.5318, 35.3764], [138.53180374712392, 35.37637606004165], [138.5381, 35.3838], [138.5352, 35.4047], [138.5513, 35.4167], [138.5662, 35.4313], [138.5852, 35.4425], [138.5912, 35.4338], [138.6009, 35.4284], [138.6084, 35.403], [138.6145, 35.3901], [138.6422, 35.3951], [138.6666, 35.3951], [138.675, 35.387], [138.6815, 35.3626], [138.6892, 35.3548], [138.6999, 35.3563], [138.7097, 35.3601], [138.732, 35.3614], [138.7322, 35.353], [138.7365, 35.3499], [138.7377, 35.3462], [138.7425, 35.341], [138.7594, 35.3097], [138.7613, 35.3041], [138.7614, 35.2867], [138.7628, 35.2819], [138.7706, 35.2723], [138.7914, 35.2378], [138.7969, 35.2309], [138.8065, 35.2229], [138.8087, 35.2178], [138.7958, 35.2062], [138.7836, 35.2026], [138.7721, 35.1931], [138.7647, 35.1741], [138.7671, 35.1714], [138.7775, 35.1695], [138.7783, 35.1652], [138.7765, 35.1582], [138.7732, 35.1513], [138.7656, 35.143], [138.7561, 35.1377], [138.751, 35.1314], [138.7146, 35.1361], [138.7016, 35.135], [138.695, 35.1397], [138.6996, 35.1433], [138.6952, 35.1415], [138.6947, 35.1447], [138.6892, 35.1432], [138.6855, 35.1452], [138.6852, 35.1435], [138.6974, 35.135], [138.6809, 35.1319], [138.6702, 35.1259], [138.6488, 35.1197], [138.6442, 35.1162], [138.6399, 35.1178], [138.63, 35.1158], [138.6152, 35.1143], [138.6028, 35.1153], [138.5773, 35.1111], [138.5714, 35.1077], [138.5679, 35.1226], [138.5713, 35.1344], [138.571, 35.1489], [138.6062, 35.1303], [138.6153, 35.1287], [138.6315, 35.1291], [138.6272, 35.1428], [138.6266, 35.1622], [138.6158, 35.1765], [138.6125, 35.1879], [138.6093, 35.1927], [138.5909, 35.1936], [138.5858, 35.1964], [138.5813, 35.2026], [138.5797, 35.2079], [138.5786, 35.2189], [138.5796, 35.2389], [138.5691, 35.2514], [138.5636, 35.2642], [138.5577, 35.2859], [138.5569, 35.3015], [138.532, 35.325], [138.5379, 35.3334], [138.5308, 35.3234], [138.5157, 35.308], [138.5237, 35.2781], [138.5232, 35.2673], [138.5183, 35.2584], [138.5245, 35.25], [138.5297, 35.2308], [138.5354, 35.2206], [138.5346, 35.2072], [138.5361, 35.1973], [138.5257, 35.1957], [138.4994, 35.1713], [138.5242, 35.1943], [138.5261, 35.1833], [138.5295, 35.175], [138.5303, 35.1604], [138.5385, 35.1533], [138.5442, 35.1508], [138.5326, 35.1113], [138.5329, 35.0958], [138.5378, 35.0833], [138.5395, 35.0626], [138.5337, 35.0556], [138.5181, 35.0467], [138.5158, 35.0383], [138.5124, 35.043], [138.5107, 35.0429], [138.5125, 35.0354], [138.5104, 35.0359], [138.5087, 35.0436], [138.5047, 35.042], [138.5069, 35.0402], [138.5088, 35.0327], [138.5052, 35.0312], [138.503, 35.0353], [138.5007, 35.0358], [138.5033, 35.0322], [138.5004, 35.0298], [138.4962, 35.0336], [138.4949, 35.0318], [138.4969, 35.0313], [138.4994, 35.0273], [138.4982, 35.0224], [138.4959, 35.0187], [138.4927, 35.0218], [138.4909, 35.0207], [138.4967, 35.0149], [138.4962, 35.011], [138.4943, 35.0125], [138.4926, 35.0112], [138.4949, 35.0104], [138.4941, 35.0084], [138.4975, 35.0102], [138.4984, 35.0068], [138.4968, 35.0021], [138.4982, 34.9971], [138.5012, 34.9935], [138.5061, 34.9916], [138.5053, 34.9903], [138.4995, 34.9897], [138.5014, 34.9879], [138.5039, 34.9896], [138.5017, 34.9872], [138.5044, 34.9847], [138.5064, 34.9875], [138.5094, 34.9883], [138.5114, 34.9933], [138.5061, 35.0], [138.5003, 35.0027], [138.5016, 35.0055], [138.5056, 35.0037], [138.5067, 35.0046], [138.5018, 35.0071], [138.5017, 35.012], [138.5069, 35.0136], [138.5113, 35.0117], [138.5144, 35.0128], [138.5186, 35.0088], [138.517, 35.0118], [138.5177, 35.0175], [138.5151, 35.0205], [138.5161, 35.0208], [138.5228, 35.0199], [138.5327, 35.0144], [138.5324, 35.0106], [138.5215, 34.9893], [138.4963, 34.9713], [138.472, 34.9601], [138.4509, 34.954], [138.4442, 34.9504], [138.439, 34.9504], [138.4341, 34.9476], [138.4146, 34.9424], [138.4073, 34.9391], [138.4002, 34.9301], [138.3955, 34.9312], [138.3904, 34.9301], [138.3889, 34.9276], [138.3757, 34.9229], [138.3724, 34.9236], [138.3557, 34.913], [138.3547, 34.9075], [138.3504, 34.9041], [138.3484, 34.8991], [138.348, 34.8956], [138.3398, 34.8884], [138.3378, 34.8844], [138.3382, 34.8811], [138.3328, 34.8769], [138.3327, 34.8751], [138.3258, 34.8775], [138.3344, 34.8712], [138.3332, 34.8697], [138.331, 34.871], [138.3272, 34.865], [138.3253, 34.8642], [138.3246, 34.854], [138.3293, 34.8495], [138.3276, 34.8471], [138.3245, 34.8503], [138.3238, 34.849], [138.3271, 34.8452], [138.3295, 34.8467], [138.3314, 34.8515], [138.3313, 34.8492], [138.3357, 34.8442], [138.3382, 34.8383], [138.3389, 34.8328], [138.3372, 34.8281], [138.3342, 34.8219], [138.3284, 34.818], [138.3254, 34.8125], [138.2863, 34.8181], [138.2564, 34.8176], [138.2504, 34.8147], [138.2443, 34.8093], [138.23705028780742, 34.81429272632131], [138.2597, 34.797], [138.25533402541063, 34.79670591881004], [138.2625, 34.7965], [138.2834, 34.7801], [138.2952, 34.7726], [138.2997, 34.7717], [138.2865, 34.7619], [138.2685, 34.7524], [138.2699, 34.7562], [138.268, 34.7558], [138.2658, 34.7544], [138.2652, 34.7516], [138.2617, 34.7513], [138.2474, 34.7419], [138.2439, 34.7639], [138.2469, 34.7408], [138.2326, 34.7325], [138.216, 34.7146], [138.214, 34.71], [138.2136, 34.6981], [138.2078, 34.6897], [138.2094, 34.6878], [138.2001, 34.6769], [138.1947, 34.6649], [138.1925, 34.6483], [138.1954, 34.6347], [138.2071, 34.6204], [138.2182, 34.6264], [138.2216, 34.6225], [138.2188, 34.6188], [138.2122, 34.6205], [138.1937, 34.6196], [138.1754, 34.6254], [138.1742, 34.6285], [138.1756, 34.6443], [138.1772, 34.6504], [138.1834, 34.6609], [138.1806, 34.6741], [138.1647, 34.6883], [138.1492, 34.7053], [138.1191, 34.6802], [138.1098, 34.6684], [138.0905, 34.6639], [138.0828, 34.6495], [138.0773, 34.6434], [138.0019, 34.6622], [137.9997, 34.6611], [137.9823, 34.6641], [137.9626, 34.6667], [137.9224, 34.668], [137.9087, 34.6669], [137.9049, 34.6651], [137.9003, 34.6681], [137.8994, 34.6706], [137.8969, 34.6711], [137.8989, 34.68], [137.895, 34.6908], [137.8956, 34.6964], [137.905, 34.7042], [137.9044, 34.7053], [137.8939, 34.6975], [137.8939, 34.6889], [137.8972, 34.6775], [137.8936, 34.6692], [137.8979, 34.6662], [137.8974, 34.6649], [137.8569, 34.6593], [137.8014, 34.6464], [137.7956, 34.6506], [137.7956, 34.6528], [137.7917, 34.6567], [137.7886, 34.6589], [137.7876, 34.6578], [137.78772924528303, 34.6638745283019], [137.7869, 34.6542], [137.7892, 34.6494], [137.7844, 34.65], [137.7803, 34.6483], [137.7501, 34.6556], [137.7487, 34.6573], [137.7521, 34.6629], [137.7509, 34.6652], [137.7489, 34.665], [137.7511, 34.6624], [137.7477, 34.6571], [137.7206, 34.6635], [137.669, 34.6718], [137.6176, 34.6766], [137.5997, 34.6761], [137.599, 34.6795], [137.6048, 34.6803], [137.6086, 34.6825], [137.6068, 34.6863], [137.6093, 34.6914], [137.6121, 34.6922], [137.6109, 34.6934], [137.6118, 34.697], [137.6341, 34.6899], [137.6463, 34.69], [137.6483, 34.6922], [137.6485, 34.6938], [137.6419, 34.6914], [137.6365, 34.6936], [137.6347, 34.6926], [137.6276, 34.6937], [137.6252, 34.6954], [137.6262, 34.6967], [137.6241, 34.6966], [137.6228, 34.6984], [137.614, 34.7006], [137.6134, 34.7035], [137.6153, 34.7115], [137.6171, 34.7139], [137.6194, 34.7121], [137.6198, 34.7147], [137.623, 34.7174], [137.6219, 34.7204], [137.6284, 34.7283], [137.6407, 34.734], [137.6417, 34.7371], [137.6396, 34.7393], [137.6361, 34.7388], [137.6349, 34.7419], [137.6475, 34.7558], [137.651, 34.7572], [137.6507, 34.7612], [137.6298, 34.75], [137.622, 34.7322], [137.6111, 34.7391], [137.6065, 34.7381], [137.6076, 34.7306], [137.6058, 34.7256], [137.6014, 34.7242], [137.5987, 34.7211], [137.5928, 34.72], [137.5988, 34.7169], [137.6056, 34.7198], [137.6076, 34.719], [137.605, 34.7129], [137.5958, 34.7111], [137.5903, 34.7117], [137.5876, 34.7102], [137.5828, 34.7116], [137.5914, 34.7397], [137.6003, 34.7539], [137.6064, 34.7572], [137.6117, 34.7632], [137.6113, 34.7689], [137.6151, 34.7701], [137.614, 34.7675], [137.6177, 34.7654], [137.6182, 34.7628], [137.6285, 34.7658], [137.6282, 34.7677], [137.6175, 34.7686], [137.6162, 34.7757], [137.6251, 34.7737], [137.6261, 34.7761], [137.624, 34.777], [137.627, 34.78], [137.6334, 34.7832], [137.6421, 34.7837], [137.6428, 34.7861], [137.6396, 34.7881], [137.6454, 34.7904], [137.6452, 34.7932], [137.6504, 34.8028], [137.6575, 34.8054], [137.6585, 34.8074], [137.6492, 34.804], [137.6448, 34.7956], [137.6409, 34.7943], [137.6388, 34.7961], [137.6315, 34.7973], [137.6295, 34.8001], [137.6255, 34.8016], [137.6235, 34.799], [137.6205, 34.8007], [137.6193, 34.799], [137.6201, 34.7945], [137.6154, 34.7927], [137.6157, 34.789], [137.6132, 34.7894], [137.6156, 34.7837], [137.614, 34.7829], [137.6139, 34.7807], [137.6055, 34.7799], [137.6062, 34.7853], [137.6036, 34.7874], [137.5982, 34.7884], [137.5971, 34.7856], [137.5942, 34.784], [137.5843, 34.7852], [137.5787, 34.7812], [137.5724, 34.7808], [137.5701, 34.7782], [137.5688, 34.7682], [137.5593, 34.7604], [137.5556, 34.7665], [137.5493, 34.7673], [137.5489, 34.7709], [137.5584, 34.7717], [137.5625, 34.7741], [137.564, 34.7766], [137.5637, 34.7804], [137.5669, 34.7844], [137.5659, 34.7872], [137.5703, 34.7892], [137.5692, 34.7922], [137.5726, 34.7944], [137.566, 34.7962], [137.5608, 34.7928], [137.5586, 34.7964], [137.5548, 34.7973], [137.5558, 34.8015], [137.5497, 34.8006], [137.5472, 34.7936], [137.5494, 34.7906], [137.547, 34.7903], [137.5475, 34.7881], [137.5439, 34.7869], [137.5472, 34.7858], [137.5483, 34.7836], [137.5422, 34.7814], [137.5447, 34.7761], [137.5475, 34.7744], [137.5475, 34.7692], [137.5418, 34.7697], [137.5323, 34.7663], [137.5304, 34.7641], [137.5322, 34.7601], [137.5274, 34.763], [137.5235, 34.7632], [137.5177, 34.7592], [137.5143, 34.7588], [137.5149, 34.7577], [137.513, 34.7566], [137.5152, 34.7542], [137.52, 34.756], [137.5286, 34.7546], [137.5318, 34.7581], [137.5382, 34.757], [137.5298, 34.7516], [137.5295, 34.749], [137.5332, 34.7491], [137.5371, 34.7467], [137.542, 34.7338], [137.5387, 34.7318], [137.5288, 34.7314], [137.5298, 34.7279], [137.5278, 34.726], [137.5391, 34.7241], [137.5455, 34.7188], [137.548, 34.7236], [137.5532, 34.7227], [137.5583, 34.7105], [137.5647, 34.7061], [137.566, 34.7011], [137.5641, 34.6978], [137.5476, 34.6977], [137.5398, 34.6947], [137.537, 34.6913], [137.5348, 34.6783], [137.4883, 34.6749], [137.4909, 34.6859], [137.4936, 34.6915], [137.4912, 34.712], [137.4851, 34.7209], [137.4781, 34.75]], [[138.05778613333334, 34.90575893333333], [138.0574, 34.9074], [138.0485, 34.9183], [138.05778613333334, 34.90575893333333]], [[138.0551, 34.887], [138.0582, 34.904], [138.05808143426296, 34.90450390438247], [138.0551, 34.887]], [[138.0495, 34.876], [138.04966673819743, 34.875544849785406], [138.04987813504823, 34.876742765273306], [138.0495, 34.876]], [[138.0591, 34.8609], [138.07021104191838, 34.85566064690028], [138.069, 34.8571], [138.05723401818796, 34.86248134051868], [138.0591, 34.8609]], [[138.0701, 34.7756], [138.06406942889132, 34.770193281074974], [138.0796, 34.7814], [138.0701, 34.7756]], [[138.0614, 34.7678], [138.0584, 34.7604], [138.06174303195107, 34.76810754588718], [138.0614, 34.7678]], [[137.51258839779004, 34.77115966850829], [137.5129, 34.7709], [137.51367271186442, 34.77071677966101], [137.51258839779004, 34.77115966850829]], [[137.78921267605634, 34.68118122065719], [137.78959660835417, 34.6826316315602], [137.7893, 34.6822], [137.78921267605634, 34.68118122065719]], [[137.794581824981, 34.68988623784553], [137.7999, 34.6971], [137.80093381088832, 34.69912979942705], [137.794581824981, 34.68988623784553]], [[137.9176, 34.8866], [137.906, 34.8749], [137.9228329113924, 34.890960759493666], [137.9176, 34.8866]], [[137.8746, 34.8194], [137.87353035439136, 34.8185154853621], [137.87762438391698, 34.81870739299611], [137.8746, 34.8194]], [[137.9788, 34.747], [138.0072454136466, 34.73654068982755], [138.0066, 34.7373], [137.9788, 34.747]], [[138.00783717277488, 34.73584450261779], [138.0075, 34.7334], [138.0083, 34.7353], [138.00783717277488, 34.73584450261779]], [[137.92769795918366, 34.89603163265305], [137.92747462686566, 34.89538955223881], [137.9278, 34.8957], [137.92769795918366, 34.89603163265305]], [[137.9199, 34.9008], [137.92733177257523, 34.897221739130444], [137.927, 34.8983], [137.9199, 34.9008]], [[137.9115, 34.9252], [137.9114857819905, 34.92469289099526], [137.91271487603305, 34.925307438016524], [137.9115, 34.9252]], [[137.9317, 34.9348], [137.92644855663946, 34.926875094565005], [137.9268, 34.9269], [137.9317, 34.9348]], [[138.1623259579728, 34.94068417799752], [138.16232249357324, 34.94119344473008], [138.1623, 34.941], [138.1623259579728, 34.94068417799752]], [[138.22301875, 34.839146875], [138.2213, 34.8486], [138.2227, 34.8392], [138.22301875, 34.839146875]], [[138.2383, 34.8299], [138.2383, 34.8366], [138.23791723034734, 34.82971014625228], [138.2383, 34.8299]], [[138.22541784232365, 34.820395020746886], [138.22507203791469, 34.82087914691944], [138.225, 34.8206], [138.22541784232365, 34.820395020746886]], [[138.2337, 34.8166], [138.22961366906475, 34.818336690647484], [138.2350523809524, 34.815668643306374], [138.2337, 34.8166]], [[138.16663930269416, 34.79737194928684], [138.1914, 34.7941], [138.1786, 34.7967], [138.16663930269416, 34.79737194928684]], [[138.1283226974622, 34.7930623609923], [138.1291, 34.7926], [138.1352, 34.7919], [138.1283226974622, 34.7930623609923]], [[138.1465, 34.7965], [138.16155129870128, 34.797657792207794], [138.1608, 34.7977], [138.1465, 34.7965]], [[138.3243, 34.9049], [138.3338, 34.9145], [138.3171, 34.9251], [138.2981, 34.9407], [138.2905, 34.9556], [138.2848, 34.9623], [138.2755, 34.9683], [138.2711, 34.9784], [138.2655, 34.9829], [138.2558, 34.9847], [138.2441, 35.0028], [138.233, 35.0047], [138.2214, 35.0032], [138.2189, 35.0112], [138.21842528735633, 35.0114983908046], [138.2217, 35.0013], [138.2222, 34.9827], [138.2291, 34.9571], [138.2522, 34.9371], [138.2574, 34.9287], [138.2585, 34.9207], [138.2615, 34.9159], [138.27, 34.9091], [138.2906, 34.9011], [138.3011, 34.8912], [138.3093, 34.8992], [138.3243, 34.9049]], [[138.21464615384616, 35.013384615384616], [138.21630322580643, 35.01283225806453], [138.2154, 35.0134], [138.21464615384616, 35.013384615384616]], [[138.6629, 35.219], [138.65811626192541, 35.23081864700781], [138.6577, 35.2299], [138.6629, 35.219]], [[138.6750236046925, 35.256223569143266], [138.7034, 35.2712], [138.6756, 35.2569], [138.6750236046925, 35.256223569143266]], [[138.72395134488937, 35.29057955768077], [138.7108, 35.2795], [138.7034, 35.2712], [138.72395134488937, 35.29057955768077]], [[138.7256350442478, 35.29216725663718], [138.7262, 35.2927], [138.72662150537636, 35.29370860215053], [138.7256350442478, 35.29216725663718]], [[138.72969004739338, 35.301051184834144], [138.7318, 35.3061], [138.7336, 35.3163], [138.72969004739338, 35.301051184834144]], [[138.6325, 35.122], [138.63217003367004, 35.12434276094264], [138.63213028169014, 35.12108309859159], [138.6325, 35.122]]]]}}, {"type": "Feature", "properties": {"metro_id": "JPM10", "metro_name": "Niigata MMA", "n_members": 15, "n_missing": 0, "n_prefs": 1, "prefs": "Niigata"}, "geometry": {"type": "Polygon", "coordinates": [[[138.9654, 37.4873], [138.968, 37.4768], [138.9661, 37.4725], [138.9565, 37.4695], [138.946, 37.4709], [138.9429, 37.4746], [138.9419, 37.4834], [138.9395, 37.487], [138.9078, 37.4993], [138.9002, 37.5005], [138.894, 37.5046], [138.8785, 37.5577], [138.8701, 37.5716], [138.871, 37.5887], [138.8729, 37.5953], [138.8789, 37.6007], [138.8894, 37.6145], [138.8584, 37.6097], [138.8434, 37.6027], [138.8355, 37.6034], [138.8331, 37.6094], [138.8326, 37.6224], [138.8339, 37.6305], [138.8317, 37.6389], [138.8295, 37.6411], [138.8106, 37.6476], [138.8053, 37.651], [138.8035, 37.6545], [138.8034, 37.6593], [138.8144, 37.6803], [138.816, 37.7019], [138.7856, 37.7071], [138.7871, 37.7115], [138.7837, 37.715], [138.7857, 37.7205], [138.7884, 37.7224], [138.7876, 37.7254], [138.7949, 37.7332], [138.7961, 37.7414], [138.7951, 37.7428], [138.798, 37.7457], [138.8017, 37.7572], [138.8078, 37.765], [138.8113, 37.775], [138.8154, 37.7807], [138.8158, 37.7876], [138.8182, 37.7894], [138.8173, 37.791], [138.8197, 37.7941], [138.8226, 37.7947], [138.8424, 37.8177], [138.8635, 37.8351], [138.8876, 37.8511], [138.9185, 37.8659], [138.9202, 37.8681], [138.9217, 37.865], [138.9228, 37.8686], [138.9218, 37.8695], [138.9545, 37.8836], [138.9594, 37.8876], [138.9993, 37.9074], [139.0367, 37.9307], [139.0513, 37.9377], [139.0611, 37.9456], [139.0628, 37.9455], [139.0625, 37.9426], [139.0681, 37.9416], [139.069, 37.9468], [139.0722, 37.9461], [139.0725, 37.9486], [139.075, 37.9489], [139.0739, 37.9503], [139.0714, 37.9497], [139.0692, 37.9522], [139.07, 37.9531], [139.0792, 37.9514], [139.0818, 37.9533], [139.0911, 37.9546], [139.0928, 37.9582], [139.1093, 37.9588], [139.1227, 37.9622], [139.1288, 37.9584], [139.1255, 37.9553], [139.1304, 37.9504], [139.1357, 37.956], [139.1353, 37.9592], [139.1417, 37.9642], [139.1502, 37.9678], [139.1638, 37.9702], [139.1683, 37.9731], [139.1905, 37.9784], [139.203, 37.9837], [139.2044, 37.9882], [139.2147, 37.993], [139.2169, 37.9897], [139.2204, 37.99], [139.2224, 37.988], [139.2279, 37.9765], [139.2281, 37.9712], [139.2316, 37.9657], [139.2334, 37.9667], [139.2327, 37.9716], [139.2372, 37.9721], [139.2393, 37.9698], [139.2449, 37.9712], [139.2424, 37.9734], [139.2387, 37.973], [139.235, 37.9752], [139.2337, 37.978], [139.2359, 37.9807], [139.2325, 37.9797], [139.2294, 37.9811], [139.2257, 37.9924], [139.23, 37.9948], [139.2276, 37.9976], [139.2283, 38.0], [139.2412, 38.0068], [139.2465, 38.0047], [139.2771, 38.0229], [139.2802, 38.018], [139.2895, 38.0128], [139.295, 38.0064], [139.2905, 38.0134], [139.2831, 38.0176], [139.2782, 38.0228], [139.2905, 38.0323], [139.3141, 38.0497], [139.349, 38.081], [139.3656, 38.0983], [139.3728, 38.0968], [139.368, 38.1004], [139.368, 38.1019], [139.3916, 38.1289], [139.4059, 38.1481], [139.4284, 38.1783], [139.4285, 38.1873], [139.4314, 38.1878], [139.4318, 38.1893], [139.4303, 38.1936], [139.4292, 38.1933], [139.4299, 38.1914], [139.4269, 38.1901], [139.4283, 38.2005], [139.4367, 38.216], [139.4483, 38.2325], [139.4494, 38.2421], [139.4555, 38.2394], [139.4508, 38.2433], [139.4464, 38.2432], [139.4411, 38.247], [139.4464, 38.2622], [139.4453, 38.2676], [139.4474, 38.2697], [139.4492, 38.2773], [139.4472, 38.2836], [139.4489, 38.2903], [139.4473, 38.2962], [139.4511, 38.3094], [139.4483, 38.315], [139.4518, 38.3345], [139.4509, 38.3616], [139.4541, 38.3671], [139.4532, 38.3701], [139.4565, 38.3727], [139.4594, 38.3795], [139.4547, 38.389], [139.4564, 38.3946], [139.4576, 38.3943], [139.4559, 38.397], [139.4618, 38.4], [139.4626, 38.4062], [139.4664, 38.4089], [139.4662, 38.4131], [139.4685, 38.4152], [139.4675, 38.4186], [139.4697, 38.4192], [139.4747, 38.4253], [139.4747, 38.4272], [139.4783, 38.4283], [139.4822, 38.4332], [139.4818, 38.4407], [139.4839, 38.4435], [139.4821, 38.4453], [139.4858, 38.4458], [139.4969, 38.4572], [139.4997, 38.4661], [139.5044, 38.4723], [139.5042, 38.4761], [139.5086, 38.4809], [139.5069, 38.4832], [139.5113, 38.4848], [139.5093, 38.4883], [139.5134, 38.4894], [139.5203, 38.4997], [139.518, 38.5051], [139.5212, 38.5053], [139.5232, 38.5089], [139.5276, 38.5111], [139.5464, 38.5372], [139.5492, 38.5419], [139.5496, 38.5464], [139.5752, 38.5358], [139.605, 38.5198], [139.625, 38.5223], [139.6354, 38.5168], [139.6416, 38.5083], [139.6534, 38.5051], [139.6656, 38.5055], [139.704, 38.5], [139.7166, 38.4955], [139.729, 38.4838], [139.721, 38.4773], [139.7165, 38.4677], [139.7185, 38.4576], [139.7232, 38.4484], [139.7215, 38.4385], [139.7216, 38.4269], [139.7186, 38.4173], [139.7089, 38.4042], [139.7079, 38.3937], [139.7134, 38.3836], [139.7224, 38.3893], [139.731, 38.3826], [139.7335, 38.3721], [139.7495, 38.359], [139.7636, 38.3582], [139.7725, 38.3517], [139.7925, 38.3472], [139.8131, 38.3526], [139.8238, 38.3488], [139.8324, 38.3414], [139.843, 38.3399], [139.8684, 38.3227], [139.8783, 38.3139], [139.8824, 38.304], [139.9014, 38.2907], [139.9021, 38.28], [139.8938, 38.267], [139.8846, 38.2613], [139.8616, 38.2271], [139.8298, 38.2147], [139.8107, 38.205], [139.792, 38.1928], [139.7674, 38.196], [139.7566, 38.1908], [139.7443, 38.1974], [139.7338, 38.1981], [139.7236, 38.2016], [139.7118, 38.2015], [139.7042, 38.1939], [139.6993, 38.1852], [139.6912, 38.1793], [139.6856, 38.1686], [139.6864, 38.1645], [139.6881, 38.1565], [139.6939, 38.1483], [139.6923, 38.1264], [139.6937, 38.1162], [139.6889, 38.1072], [139.6811, 38.0976], [139.6766, 38.0834], [139.6926, 38.0678], [139.6944, 38.0529], [139.6856, 38.0466], [139.6791, 38.0382], [139.669, 38.0368], [139.6593, 38.0324], [139.6571, 38.0225], [139.6576, 38.0113], [139.6559, 38.0], [139.6481, 37.9925], [139.6426, 37.9825], [139.6438, 37.9714], [139.6478, 37.9619], [139.644, 37.951], [139.644, 37.9409], [139.6409, 37.9306], [139.6335, 37.9231], [139.6316, 37.9146], [139.6296, 37.9052], [139.6359, 37.8936], [139.6389, 37.8827], [139.6481, 37.8752], [139.6584, 37.8695], [139.6629, 37.8587], [139.6779, 37.851], [139.6962, 37.8459], [139.7065, 37.8505], [139.7187, 37.8513], [139.7226, 37.8398], [139.7413, 37.8202], [139.7316, 37.8092], [139.6852, 37.7732], [139.6769, 37.765], [139.6709, 37.7553], [139.6612, 37.7513], [139.6612, 37.74], [139.6544, 37.731], [139.637, 37.7165], [139.6298, 37.7082], [139.6251, 37.6987], [139.6316, 37.6889], [139.6137, 37.6817], [139.6087, 37.6727], [139.5747, 37.6529], [139.5543, 37.6469], [139.5573, 37.6369], [139.55, 37.6274], [139.5526, 37.6175], [139.558, 37.5995], [139.5671, 37.5948], [139.5682, 37.5845], [139.5738, 37.576], [139.5739, 37.564], [139.5693, 37.5431], [139.5828, 37.5267], [139.5914, 37.5201], [139.5882, 37.51], [139.5789, 37.5043], [139.5638, 37.5009], [139.5436, 37.5083], [139.5224, 37.5103], [139.5114, 37.5077], [139.5, 37.5096], [139.4891, 37.5073], [139.4811, 37.5], [139.4694, 37.5054], [139.4614, 37.5129], [139.4509, 37.5133], [139.4377, 37.5113], [139.4171, 37.5049], [139.4157, 37.4929], [139.4103, 37.4835], [139.4087, 37.4734], [139.4093, 37.4626], [139.4008, 37.4568], [139.3902, 37.4599], [139.3788, 37.4605], [139.3665, 37.4667], [139.3567, 37.4644], [139.3493, 37.4576], [139.3385, 37.4549], [139.3253, 37.4579], [139.3157, 37.4535], [139.3058, 37.4548], [139.2866, 37.447], [139.2748, 37.4475], [139.2648, 37.4451], [139.2545, 37.4496], [139.2399, 37.4419], [139.2292, 37.4451], [139.2198, 37.4403], [139.2099, 37.4205], [139.2028, 37.4111], [139.165, 37.4135], [139.1474, 37.4089], [139.1362, 37.4085], [139.1221, 37.418], [139.1158, 37.4443], [139.1025, 37.4584], [139.1014, 37.465], [139.1099, 37.481], [139.1123, 37.4892], [139.1133, 37.5023], [139.1114, 37.5107], [139.1042, 37.5178], [139.0941, 37.5207], [139.057, 37.5264], [139.0407, 37.5332], [139.009, 37.5272], [138.9884, 37.502], [138.966, 37.4913], [138.9654, 37.4873]], [[139.6209, 37.9212], [139.61691207533235, 37.922522577548], [139.6316, 37.9146], [139.6209, 37.9212]], [[138.8584, 37.7028], [138.866, 37.7015], [138.85147357859523, 37.70578929765889], [138.8584, 37.7028]], [[138.90833555555554, 37.715195555555546], [138.9064, 37.7146], [138.9056120910973, 37.714053457556936], [138.90833555555554, 37.715195555555546]], [[138.9274283582089, 37.72073025780189], [138.9259, 37.7206], [138.92387073170738, 37.71997560975611], [138.9274283582089, 37.72073025780189]], [[138.9534924248192, 37.71516444613629], [138.9528, 37.7167], [138.95146429530203, 37.717475570469794], [138.9534924248192, 37.71516444613629]], [[139.0054, 37.6873], [139.0334, 37.6953], [139.00425775401067, 37.687033689839566], [139.0054, 37.6873]], [[139.20942769230768, 37.76619076923077], [139.2067, 37.7671], [139.1885, 37.7691], [139.20942769230768, 37.76619076923077]], [[139.2331, 37.7539], [139.2139, 37.7647], [139.2120742857143, 37.76530857142856], [139.2331, 37.7539]], [[139.248, 37.7436], [139.2487846792801, 37.74370078449469], [139.2422, 37.7463], [139.248, 37.7436]], [[139.35399373219374, 37.63105925925923], [139.354, 37.6322], [139.35337700073873, 37.63274715587295], [139.35399373219374, 37.63105925925923]], [[139.35228608476874, 37.60832684342946], [139.3539, 37.614], [139.3539521999587, 37.62350039248098], [139.35228608476874, 37.60832684342946]], [[139.3342, 37.5939], [139.3506, 37.6024], [139.35087763496142, 37.60337592895536], [139.3342, 37.5939]], [[139.3297666480564, 37.545517516923745], [139.3301, 37.546], [139.3271, 37.5789], [139.3297666480564, 37.545517516923745]], [[139.3167, 37.5329], [139.3263, 37.5405], [139.32889743090692, 37.54425943947057], [139.3167, 37.5329]], [[138.96327472783827, 37.65593308709176], [138.9496, 37.6579], [138.9623, 37.6557], [138.96327472783827, 37.65593308709176]], [[138.96738782608696, 37.65759826086958], [138.96529039451116, 37.65641509433962], [138.9669, 37.6568], [138.96738782608696, 37.65759826086958]], [[138.96924219085608, 37.6641782141761], [138.96830240963854, 37.6590948521358], [138.9691, 37.6604], [138.96924219085608, 37.6641782141761]], [[139.07904014939308, 37.6688045751634], [139.0606, 37.6857], [139.0772, 37.6693], [139.07904014939308, 37.6688045751634]], [[139.08341712328766, 37.66813116438356], [139.0814028409091, 37.66816846590909], [139.0824, 37.6679], [139.08341712328766, 37.66813116438356]], [[139.09735318761383, 37.671657377049186], [139.09166046511632, 37.6700046511628], [139.0956, 37.6709], [139.09735318761383, 37.671657377049186]], [[139.2184, 37.6016], [139.2037, 37.6101], [139.2295780098955, 37.59304183617375], [139.2184, 37.6016]], [[139.2312, 37.5918], [139.23049395017793, 37.59234056939501], [139.23165655940593, 37.59036765676568], [139.2312, 37.5918]], [[138.87320487804874, 37.669968292682924], [138.874, 37.6701], [138.87428823529413, 37.67032941176471], [138.87320487804874, 37.669968292682924]], [[139.32043924050635, 37.9881863572433], [139.3213, 37.9835], [139.3209, 37.9877], [139.32043924050635, 37.9881863572433]], [[139.3165246153846, 37.99051384615385], [139.32006237623762, 37.988584158415854], [139.3191, 37.9896], [139.3165246153846, 37.99051384615385]], [[139.29853489174172, 37.99056326882545], [139.299, 37.9903], [139.31416966507177, 37.99134947368421], [139.3129, 37.9918], [139.29853489174172, 37.99056326882545]], [[139.2937, 37.9933], [139.29419704952582, 37.993018651211806], [139.2926, 37.9971], [139.2937, 37.9933]], [[139.4655, 38.0175], [139.433, 38.0207], [139.46671644791954, 38.01711520524994], [139.4655, 38.0175]], [[139.50216190673575, 37.9074129119171], [139.5082, 37.934], [139.502, 37.9085], [139.50216190673575, 37.9074129119171]], [[139.50354528301887, 37.90265283018869], [139.50243953488373, 37.90554883720931], [139.5027, 37.9038], [139.50354528301887, 37.90265283018869]], [[139.5077935779816, 37.89889908256883], [139.50505342902713, 37.900606060606044], [139.5055, 37.9], [139.5077935779816, 37.89889908256883]], [[139.5831834770908, 37.865596401462874], [139.5397, 37.8861], [139.5825, 37.8654], [139.5831834770908, 37.865596401462874]], [[139.5933047619046, 37.86959999999987], [139.59079736842108, 37.867784301270426], [139.5912, 37.8679], [139.5933047619046, 37.86959999999987]], [[139.6053, 37.8834], [139.5954590252708, 37.871339981949504], [139.5964, 37.8721], [139.6053, 37.8834]], [[139.16283846694796, 37.84628097749648], [139.1628, 37.8448], [139.1721, 37.8155], [139.16283846694796, 37.84628097749648]], [[139.3063, 37.7608], [139.3329, 37.7709], [139.33474643449418, 37.77223623548921], [139.3063, 37.7608]], [[139.3383171428572, 37.774820300751934], [139.3405, 37.7764], [139.34097919126327, 37.77715543093269], [139.3383171428572, 37.774820300751934]], [[139.34309594594598, 37.7804924324325], [139.3575, 37.8032], [139.3491, 37.7917], [139.34309594594598, 37.7804924324325]], [[139.37, 37.8232], [139.39786276612037, 37.823295420431926], [139.3945, 37.824], [139.37, 37.8232]], [[139.354, 37.8546], [139.3529447963801, 37.85541538461539], [139.37, 37.8232], [139.354, 37.8546]], [[139.40117855105535, 37.82260068454078], [139.4082824038046, 37.82008984003458], [139.405, 37.8218], [139.40117855105535, 37.82260068454078]], [[139.41298260869564, 37.817640993788835], [139.4255, 37.8087], [139.4169, 37.8156], [139.41298260869564, 37.817640993788835]], [[139.4323, 37.8057], [139.4469, 37.8014], [139.4255, 37.8087], [139.4323, 37.8057]], [[139.2865, 37.867], [139.28839826968974, 37.86565011933174], [139.2845444680851, 37.8702546615087], [139.2865, 37.867]], [[139.2955, 37.8606], [139.29597288503257, 37.86057635574837], [139.29481685236766, 37.86108579387188], [139.2955, 37.8606]], [[139.3295, 37.8589], [139.33732774551214, 37.85955652059134], [139.32101662971172, 37.85932416851441], [139.3295, 37.8589]], [[139.3489358490566, 37.858513207547176], [139.3474, 37.8597], [139.34620634191177, 37.85968299632353], [139.3489358490566, 37.858513207547176]], [[139.4147, 38.117], [139.4223, 38.1074], [139.4272300699301, 38.1029958041958], [139.4147, 38.117]], [[139.42867856839808, 38.10170181223104], [139.4298, 38.1007], [139.463, 38.0928], [139.42867856839808, 38.10170181223104]], [[139.4736, 38.0876], [139.4818, 38.0803], [139.48256400778212, 38.080022178988315], [139.4736, 38.0876]], [[139.484275, 38.0794], [139.4862, 38.0787], [139.488190625, 38.0794], [139.484275, 38.0794]], [[139.49217394704107, 38.08080072862983], [139.4953, 38.0819], [139.5092, 38.0923], [139.49217394704107, 38.08080072862983]], [[139.5605, 37.9842], [139.5628, 37.9617], [139.56386948861194, 37.9586480446928], [139.5605, 37.9842]], [[139.56512088091355, 37.955076998368625], [139.5669, 37.95], [139.57236743648966, 37.942136720554174], [139.56512088091355, 37.955076998368625]], [[139.5746024303497, 37.93892234736221], [139.5758, 37.9372], [139.57896584628674, 37.935955224525024], [139.5746024303497, 37.93892234736221]], [[139.59274392511458, 37.930537837493645], [139.6081, 37.9245], [139.61310593869732, 37.92378486590038], [139.59274392511458, 37.930537837493645]], [[139.50986569343064, 38.137124452554744], [139.5093, 38.137], [139.50910553505534, 38.136696863468636], [139.50986569343064, 38.137124452554744]]]}}, {"type": "Feature", "properties": {"metro_id": "JPM11", "metro_name": "Kumamoto MMA", "n_members": 26, "n_missing": 0, "n_prefs": 1, "prefs": "Kumamoto"}, "geometry": {"type": "MultiPolygon", "coordinates": [[[[130.4089, 32.3719], [130.4125, 32.3756], [130.4136, 32.3747], [130.4111, 32.3706], [130.4086, 32.3706], [130.4089, 32.3719]]], [[[130.4314, 32.3745], [130.4276, 32.375], [130.4213, 32.3678], [130.4173, 32.3678], [130.416, 32.3698], [130.4194, 32.3775], [130.4183, 32.38], [130.4104, 32.3831], [130.4085, 32.3853], [130.4101, 32.3869], [130.4075, 32.3926], [130.4125, 32.3986], [130.4145, 32.3993], [130.4233, 32.3933], [130.426, 32.3875], [130.4245, 32.3818], [130.4275, 32.3798], [130.4328, 32.3825], [130.437, 32.3822], [130.4358, 32.3806], [130.4322, 32.3806], [130.4332, 32.3767], [130.4314, 32.3745]]], [[[130.3464, 32.3919], [130.3392, 32.385], [130.3364, 32.3844], [130.3442, 32.3925], [130.3464, 32.3919]]], [[[130.4027, 32.3931], [130.4036, 32.3892], [130.4072, 32.3869], [130.405, 32.3861], [130.3992, 32.3876], [130.3999, 32.3934], [130.4027, 32.3931]]], [[[130.345, 32.448], [130.3356, 32.4592], [130.3356, 32.4621], [130.3383, 32.4669], [130.3496, 32.4795], [130.354, 32.4811], [130.3758, 32.4817], [130.394, 32.4957], [130.395, 32.4942], [130.3961, 32.4967], [130.3944, 32.5], [130.3985, 32.5076], [130.4042, 32.5117], [130.4025, 32.5142], [130.4083, 32.5156], [130.411, 32.5178], [130.4103, 32.5197], [130.4124, 32.5194], [130.4183, 32.5242], [130.4292, 32.5185], [130.436, 32.5266], [130.4429, 32.5288], [130.4488, 32.5228], [130.4577, 32.5263], [130.4608, 32.5303], [130.4611, 32.5272], [130.4571, 32.5157], [130.452, 32.5109], [130.452, 32.5062], [130.4377, 32.4855], [130.4353, 32.4744], [130.4369, 32.4679], [130.432, 32.4637], [130.4287, 32.4549], [130.4165, 32.4475], [130.416, 32.4407], [130.4124, 32.4395], [130.4124, 32.4377], [130.4094, 32.4349], [130.4108, 32.4333], [130.415, 32.4335], [130.4161, 32.4305], [130.4228, 32.4336], [130.4236, 32.4317], [130.4188, 32.4282], [130.4147, 32.4218], [130.4076, 32.4223], [130.405, 32.4262], [130.4039, 32.4247], [130.4065, 32.4195], [130.4106, 32.4174], [130.4114, 32.4147], [130.4065, 32.4089], [130.4007, 32.398], [130.4044, 32.3944], [130.395, 32.3953], [130.383, 32.3868], [130.3808, 32.3825], [130.3789, 32.3833], [130.3792, 32.3853], [130.3765, 32.389], [130.3725, 32.3897], [130.3706, 32.3878], [130.3694, 32.3897], [130.3655, 32.3887], [130.3617, 32.3835], [130.362, 32.3812], [130.3559, 32.3766], [130.3527, 32.3787], [130.3537, 32.3799], [130.3515, 32.3826], [130.3516, 32.3849], [130.3539, 32.3864], [130.3479, 32.3923], [130.3503, 32.3986], [130.3456, 32.3942], [130.3445, 32.3947], [130.3516, 32.4041], [130.3624, 32.407], [130.3722, 32.4097], [130.3754, 32.4126], [130.379, 32.4401], [130.3762, 32.4417], [130.3685, 32.4412], [130.345, 32.448]]], [[[130.4137, 32.5247], [130.4119, 32.5236], [130.4109, 32.525], [130.4128, 32.5252], [130.4137, 32.5247]]], [[[130.4319, 32.5272], [130.4286, 32.5203], [130.4261, 32.5206], [130.4222, 32.5242], [130.4283, 32.5306], [130.4319, 32.5272]]], [[[130.433, 32.5276], [130.43, 32.5303], [130.4301, 32.5323], [130.4322, 32.5342], [130.4367, 32.5296], [130.433, 32.5276]]], [[[130.4247, 32.5308], [130.4197, 32.5353], [130.4231, 32.5358], [130.4253, 32.5333], [130.4247, 32.5308]]], [[[130.4397, 32.5394], [130.4414, 32.5355], [130.4376, 32.5312], [130.4353, 32.5328], [130.4397, 32.5394]]], [[[130.4283, 32.5442], [130.4294, 32.5417], [130.4242, 32.5386], [130.4208, 32.5394], [130.4135, 32.5371], [130.4097, 32.5441], [130.4067, 32.5425], [130.4083, 32.5389], [130.4022, 32.5356], [130.3936, 32.5397], [130.3956, 32.54], [130.3992, 32.5444], [130.4008, 32.5433], [130.4116, 32.5477], [130.4206, 32.5433], [130.4206, 32.5414], [130.4217, 32.5436], [130.423, 32.5432], [130.4233, 32.5408], [130.4253, 32.5444], [130.4283, 32.5442]]], [[[130.3895, 32.5426], [130.3888, 32.5467], [130.3921, 32.5472], [130.396, 32.5447], [130.394, 32.544], [130.3895, 32.5426]]], [[[130.458, 32.5726], [130.4548, 32.5667], [130.4527, 32.5687], [130.4561, 32.5732], [130.458, 32.5726]]], [[[130.3883, 32.5863], [130.3898, 32.5877], [130.3923, 32.5855], [130.3927, 32.5837], [130.3853, 32.5793], [130.3801, 32.5816], [130.3866, 32.5875], [130.3883, 32.5863]]], [[[130.4585, 32.6115], [130.4522, 32.6064], [130.4517, 32.6014], [130.4489, 32.6031], [130.4414, 32.6019], [130.445, 32.5989], [130.4467, 32.5956], [130.4461, 32.5925], [130.4492, 32.5917], [130.4517, 32.5936], [130.4539, 32.5919], [130.4533, 32.5878], [130.4561, 32.5897], [130.4592, 32.5883], [130.4567, 32.5844], [130.4581, 32.5817], [130.4525, 32.5789], [130.452, 32.5758], [130.4489, 32.5769], [130.4508, 32.5744], [130.4486, 32.5719], [130.4447, 32.5722], [130.4431, 32.5703], [130.4447, 32.5681], [130.4464, 32.5694], [130.4503, 32.5672], [130.4514, 32.5614], [130.4483, 32.5581], [130.4492, 32.5572], [130.4467, 32.5561], [130.4492, 32.5544], [130.4508, 32.5567], [130.4533, 32.5533], [130.4497, 32.55], [130.4483, 32.5506], [130.4467, 32.5478], [130.4431, 32.5478], [130.4453, 32.55], [130.4417, 32.5536], [130.4397, 32.5519], [130.4392, 32.5478], [130.4336, 32.5475], [130.4317, 32.5492], [130.4314, 32.5469], [130.4217, 32.5525], [130.4203, 32.5514], [130.4258, 32.5472], [130.4231, 32.5439], [130.4161, 32.5506], [130.4131, 32.5497], [130.4108, 32.5514], [130.4078, 32.5497], [130.407, 32.5511], [130.4047, 32.5508], [130.4025, 32.5544], [130.407, 32.5603], [130.407, 32.5675], [130.4083, 32.5689], [130.4139, 32.5681], [130.4139, 32.5703], [130.4158, 32.5711], [130.4139, 32.5728], [130.415, 32.5742], [130.4178, 32.5731], [130.4189, 32.5769], [130.4144, 32.5817], [130.4064, 32.5839], [130.4039, 32.5817], [130.3989, 32.5819], [130.3936, 32.5864], [130.3936, 32.5894], [130.4025, 32.5975], [130.4047, 32.5975], [130.4119, 32.6058], [130.4119, 32.6094], [130.4083, 32.6117], [130.4106, 32.6147], [130.4125, 32.615], [130.4139, 32.6131], [130.4153, 32.6158], [130.4178, 32.6161], [130.4172, 32.6128], [130.4139, 32.61], [130.4164, 32.6058], [130.4181, 32.6058], [130.42, 32.6089], [130.4183, 32.6142], [130.4194, 32.6153], [130.4197, 32.6136], [130.4217, 32.6136], [130.4192, 32.6167], [130.42, 32.6178], [130.4256, 32.6183], [130.4294, 32.6133], [130.4317, 32.6175], [130.4353, 32.6194], [130.435, 32.6214], [130.4375, 32.6244], [130.4422, 32.6261], [130.4458, 32.6244], [130.4469, 32.6231], [130.4456, 32.6197], [130.4478, 32.6206], [130.4536, 32.6156], [130.4574, 32.6151], [130.4585, 32.6115]]], [[[130.3722, 32.5881], [130.3728, 32.5883], [130.3747, 32.5883], [130.3753, 32.5867], [130.3722, 32.5881]]], [[[130.4525, 32.5967], [130.45, 32.5936], [130.4478, 32.5983], [130.4511, 32.5983], [130.4525, 32.5967]]], [[[130.4461, 32.6256], [130.4475, 32.6264], [130.4489, 32.6253], [130.4475, 32.6242], [130.4461, 32.6256]]], [[[130.5001, 32.4891], [130.5027, 32.4876], [130.5013, 32.4843], [130.4919, 32.4828], [130.4906, 32.4836], [130.4939, 32.4867], [130.495, 32.4853], [130.4978, 32.4863], [130.5001, 32.4891]]], [[[130.5097, 32.4922], [130.5112, 32.4917], [130.5084, 32.4894], [130.5071, 32.49], [130.5097, 32.4922]]], [[[130.5531, 32.5094], [130.5442, 32.5117], [130.5425, 32.515], [130.5403, 32.5153], [130.5431, 32.5181], [130.5442, 32.5175], [130.5649, 32.5078], [130.5703, 32.5078], [130.5706, 32.5064], [130.5667, 32.505], [130.5585, 32.5059], [130.5531, 32.5094]]], [[[130.5244, 32.5305], [130.5245, 32.5295], [130.5231, 32.5296], [130.5229, 32.5307], [130.5244, 32.5305]]], [[[130.526, 32.5346], [130.5264, 32.5319], [130.5249, 32.5323], [130.5249, 32.5344], [130.526, 32.5346]]], [[[130.5296, 32.5388], [130.5293, 32.5373], [130.5278, 32.5381], [130.5283, 32.5389], [130.5296, 32.5388]]], [[[130.4639, 32.5392], [130.4622, 32.5417], [130.4648, 32.546], [130.4653, 32.5522], [130.4638, 32.5554], [130.4595, 32.5583], [130.4619, 32.5622], [130.4616, 32.5692], [130.4597, 32.5733], [130.4627, 32.5804], [130.467, 32.5853], [130.473, 32.5882], [130.4756, 32.5875], [130.4748, 32.586], [130.4842, 32.5763], [130.4874, 32.5702], [130.4715, 32.5513], [130.4693, 32.544], [130.4639, 32.5392]]], [[[130.6086, 32.5658], [130.6075, 32.563], [130.6056, 32.5647], [130.6051, 32.566], [130.6086, 32.5658]]], [[[130.6552, 32.5856], [130.6506, 32.5894], [130.6486, 32.5892], [130.6455, 32.594], [130.6211, 32.6134], [130.6172, 32.6183], [130.6235, 32.6222], [130.64, 32.6238], [130.6534, 32.6138], [130.6561, 32.6181], [130.6537, 32.6277], [130.6613, 32.633], [130.6553, 32.635], [130.6497, 32.6416], [130.641, 32.6377], [130.6354, 32.6328], [130.6135, 32.6305], [130.5936, 32.622], [130.591, 32.6252], [130.5876, 32.6227], [130.5806, 32.623], [130.5769, 32.6207], [130.5669, 32.6236], [130.5592, 32.621], [130.5561, 32.6238], [130.5495, 32.622], [130.5433, 32.6241], [130.536, 32.6187], [130.5322, 32.6206], [130.5228, 32.6176], [130.519, 32.6129], [130.5103, 32.6112], [130.5036, 32.6136], [130.4994, 32.6112], [130.4888, 32.6127], [130.4858, 32.6096], [130.4744, 32.6081], [130.467, 32.605], [130.4619, 32.6053], [130.4586, 32.6075], [130.4617, 32.6136], [130.4608, 32.6175], [130.4504, 32.6246], [130.4617, 32.6342], [130.473, 32.6373], [130.4799, 32.6433], [130.4981, 32.6529], [130.5001, 32.6543], [130.5088, 32.6551], [130.5192, 32.6611], [130.5211, 32.6639], [130.5256, 32.6629], [130.5382, 32.6657], [130.5536, 32.6877], [130.5586, 32.6902], [130.5671, 32.6989], [130.583, 32.7055], [130.5843, 32.704], [130.5901, 32.7053], [130.59, 32.7089], [130.5929, 32.7085], [130.5993, 32.7125], [130.6008, 32.7155], [130.6047, 32.7217], [130.6037, 32.732], [130.6069, 32.7424], [130.6048, 32.7505], [130.6023, 32.7531], [130.603, 32.7582], [130.6004, 32.764], [130.5986, 32.7644], [130.6003, 32.7694], [130.5978, 32.774], [130.5981, 32.7775], [130.6044, 32.7786], [130.6178, 32.7764], [130.615, 32.7789], [130.6036, 32.7822], [130.6037, 32.7854], [130.6097, 32.7925], [130.6134, 32.7908], [130.6194, 32.7825], [130.6213, 32.7826], [130.6123, 32.7975], [130.6095, 32.7974], [130.6042, 32.8005], [130.6048, 32.8054], [130.602, 32.8097], [130.596, 32.8103], [130.592, 32.8138], [130.5939, 32.8181], [130.5916, 32.8244], [130.5886, 32.8266], [130.5828, 32.8262], [130.579, 32.8282], [130.5808, 32.8323], [130.5785, 32.8382], [130.5806, 32.8414], [130.5726, 32.8482], [130.5742, 32.8528], [130.576, 32.8567], [130.5743, 32.8587], [130.5686, 32.8443], [130.5653, 32.8422], [130.5271, 32.8499], [130.5243, 32.8516], [130.5224, 32.8557], [130.5223, 32.8648], [130.5247, 32.8741], [130.5207, 32.8816], [130.5014, 32.8919], [130.4951, 32.8931], [130.4811, 32.9031], [130.474, 32.9026], [130.47522417465385, 32.905241640042554], [130.4713, 32.9009], [130.4665, 32.9041], [130.4624, 32.9013], [130.4569, 32.9052], [130.4621, 32.9114], [130.4601, 32.9165], [130.4559, 32.9099], [130.4516, 32.9087], [130.4461, 32.9108], [130.4456, 32.9133], [130.4432, 32.9147], [130.4439, 32.9173], [130.4401, 32.9206], [130.4422, 32.9273], [130.4392, 32.931], [130.4385, 32.9404], [130.4465, 32.9418], [130.4697, 32.942], [130.4807, 32.9503], [130.4893, 32.951], [130.5004, 32.9475], [130.5037, 32.944], [130.506, 32.9378], [130.521, 32.949], [130.5329, 32.9639], [130.5347, 32.9686], [130.5318, 32.9795], [130.5148, 33.0116], [130.5157, 33.013], [130.5097, 33.0219], [130.5, 33.0489], [130.5185, 33.0609], [130.5284, 33.063], [130.5391, 33.0727], [130.5444, 33.0783], [130.5556, 33.08], [130.566, 33.0898], [130.5641, 33.1008], [130.5735, 33.1057], [130.5823, 33.1127], [130.593, 33.1104], [130.6053, 33.1104], [130.6152, 33.1053], [130.6378, 33.1084], [130.6535, 33.1062], [130.6583, 33.1053], [130.664, 33.1264], [130.6711, 33.135], [130.6694, 33.1449], [130.6746, 33.1553], [130.6852, 33.1666], [130.6932, 33.1606], [130.6933, 33.1495], [130.7036, 33.1491], [130.7141, 33.1518], [130.7238, 33.1486], [130.7343, 33.1511], [130.7407, 33.1425], [130.75, 33.1374], [130.7587, 33.1297], [130.768, 33.1252], [130.7802, 33.1202], [130.7915, 33.1207], [130.8218, 33.1089], [130.8316, 33.1032], [130.8456, 33.1032], [130.8453, 33.0907], [130.8507, 33.0911], [130.8646, 33.0919], [130.8895, 33.0833], [130.9026, 33.0608], [130.9135, 33.0585], [130.9202, 33.0498], [130.952, 33.0475], [130.961, 33.0388], [130.9648, 33.0293], [130.9714, 33.0216], [130.9724, 33.0204], [130.9917, 33.0202], [131.0021, 33.027], [130.9967, 33.022], [131.0265, 33.0147], [131.0434, 33.0157], [131.0651, 33.0274], [131.086, 33.0336], [131.0895, 33.0329], [131.0982, 33.0257], [131.1051, 33.0245], [131.1158, 33.0295], [131.1203, 33.0382], [131.1239, 33.0398], [131.1637, 33.0269], [131.1539, 33.0162], [131.1528, 33.0103], [131.1711, 33.0024], [131.1753, 32.9918], [131.1879, 32.9701], [131.1922, 32.9651], [131.1971, 32.9633], [131.2161, 32.9627], [131.2328, 32.9557], [131.25, 32.9509], [131.25, 32.9301], [131.2553, 32.9216], [131.2565, 32.8991], [131.2547, 32.9036], [131.2597, 32.8837], [131.2753, 32.878], [131.2763, 32.8675], [131.287, 32.8628], [131.2952, 32.8554], [131.3159, 32.8479], [131.3245, 32.8405], [131.3309, 32.8293], [131.3114, 32.8247], [131.2977, 32.8252], [131.2874, 32.8278], [131.2773, 32.8225], [131.2672, 32.8225], [131.2601, 32.8148], [131.2577, 32.8041], [131.25, 32.7974], [131.2481, 32.7865], [131.2387, 32.7799], [131.2465, 32.7602], [131.2394, 32.7519], [131.2387, 32.7484], [131.2373, 32.7412], [131.2264, 32.7349], [131.2186, 32.7279], [131.2082, 32.7267], [131.1986, 32.7232], [131.1879, 32.7136], [131.1795, 32.6937], [131.177, 32.6837], [131.1776, 32.6737], [131.1654, 32.6684], [131.1583, 32.6754], [131.1476, 32.6736], [131.1375, 32.6581], [131.1294, 32.6505], [131.125, 32.6407], [131.1184, 32.6121], [131.1231, 32.6019], [131.1166, 32.59], [131.1084, 32.5833], [131.0932, 32.5754], [131.0569, 32.5843], [131.0446, 32.5742], [131.0409, 32.5639], [131.0423, 32.5532], [131.0261, 32.5479], [131.0218, 32.5459], [131.0231, 32.5354], [131.0264, 32.5257], [131.0217, 32.5164], [131.0114, 32.5113], [131.0094, 32.4866], [131.0162, 32.4767], [131.0182, 32.4552], [130.9905, 32.45], [130.9826, 32.4513], [130.9647, 32.4506], [130.9386, 32.4404], [130.9046, 32.4443], [130.9009, 32.4472], [130.8962, 32.4698], [130.879, 32.488], [130.8519, 32.4957], [130.8273, 32.4972], [130.8031, 32.4963], [130.778, 32.4789], [130.7441, 32.4728], [130.7417, 32.469], [130.7423, 32.4607], [130.7411, 32.4579], [130.7247, 32.4517], [130.7259, 32.4148], [130.7295, 32.4085], [130.7389, 32.3998], [130.7397, 32.3972], [130.729, 32.3843], [130.7236, 32.3752], [130.7107, 32.3668], [130.7066, 32.3624], [130.6968, 32.3346], [130.6788, 32.3383], [130.6732, 32.341], [130.6671, 32.3481], [130.6622, 32.3635], [130.6575, 32.3715], [130.6518, 32.3718], [130.6363, 32.3667], [130.6111, 32.3733], [130.5629, 32.3756], [130.5528, 32.3696], [130.5369, 32.365], [130.5301, 32.3674], [130.5253, 32.3734], [130.5362, 32.3921], [130.5371, 32.4085], [130.5433, 32.4161], [130.5448, 32.4204], [130.5486, 32.4231], [130.5552, 32.4233], [130.5601, 32.4277], [130.563, 32.4269], [130.562, 32.4289], [130.5678, 32.4347], [130.5694, 32.4339], [130.5711, 32.4353], [130.5683, 32.4367], [130.5695, 32.4392], [130.5728, 32.4411], [130.5703, 32.4469], [130.5722, 32.4514], [130.5669, 32.4519], [130.5649, 32.4554], [130.5685, 32.4645], [130.5644, 32.4681], [130.5664, 32.4708], [130.5652, 32.4764], [130.5458, 32.4775], [130.5422, 32.4844], [130.5425, 32.4969], [130.5456, 32.5003], [130.5519, 32.5011], [130.5764, 32.4956], [130.5761, 32.4997], [130.5816, 32.5023], [130.583, 32.5053], [130.5725, 32.5068], [130.5715, 32.5096], [130.5536, 32.5164], [130.5372, 32.5242], [130.5361, 32.5264], [130.5403, 32.5333], [130.5419, 32.5319], [130.5475, 32.5347], [130.5481, 32.5378], [130.5515, 32.5418], [130.5568, 32.5428], [130.5624, 32.5402], [130.5645, 32.5415], [130.5841, 32.5698], [130.5897, 32.5711], [130.5961, 32.5694], [130.5994, 32.5675], [130.5996, 32.5655], [130.6036, 32.5662], [130.6087, 32.5608], [130.6109, 32.562], [130.6106, 32.5661], [130.6088, 32.5674], [130.5901, 32.5717], [130.589, 32.5734], [130.5894, 32.5761], [130.5941, 32.5806], [130.5984, 32.5781], [130.5999, 32.5791], [130.5971, 32.5837], [130.5988, 32.5849], [130.6128, 32.5867], [130.6066, 32.5904], [130.6083, 32.5932], [130.6115, 32.5933], [130.6165, 32.5883], [130.6234, 32.5852], [130.6191, 32.5916], [130.6309, 32.601], [130.6407, 32.5945], [130.6509, 32.5841], [130.66806446945336, 32.574769935691336], [130.6553, 32.5822], [130.6567, 32.5836], [130.6552, 32.5856]], [[130.6336289473684, 32.7107], [130.6088, 32.7181], [130.6328, 32.7107], [130.6336289473684, 32.7107]], [[130.63751739130436, 32.71171739130435], [130.63482857142856, 32.7107], [130.6365, 32.7107], [130.63751739130436, 32.71171739130435]], [[130.6559, 32.7109], [130.6699, 32.7051], [130.6814, 32.6951], [130.6899, 32.6913], [130.704, 32.6885], [130.7119, 32.6888], [130.7203, 32.6799], [130.7262, 32.6725], [130.7373, 32.6637], [130.7533, 32.669], [130.767, 32.6656], [130.7739, 32.6659], [130.7861, 32.6635], [130.7811, 32.679], [130.761, 32.6986], [130.7569, 32.7055], [130.7566, 32.7098], [130.7601, 32.7227], [130.7581, 32.729], [130.75971373134328, 32.73285502487561], [130.7582, 32.7318], [130.7231, 32.739], [130.7147, 32.7426], [130.7046, 32.7418], [130.6837, 32.7312], [130.6727, 32.7326], [130.6543, 32.7299], [130.6503, 32.7275], [130.6391181818182, 32.713318181818174], [130.6405, 32.7147], [130.6559, 32.7109]], [[130.853, 32.6936], [130.8378, 32.6976], [130.85458622327795, 32.69288171021376], [130.853, 32.6936]], [[130.8583, 32.6912], [130.85715757685352, 32.691717323688984], [130.8715, 32.6803], [130.8583, 32.6912]], [[130.9821, 32.6467], [130.98131577809795, 32.646921902017304], [130.98216611570248, 32.646377685950405], [130.9821, 32.6467]], [[130.9829, 32.6428], [130.98279248291573, 32.643324145785876], [130.9804, 32.6404], [130.9829, 32.6428]], [[130.95986103169668, 32.637266438781836], [130.96087288918207, 32.63788660949868], [130.9602, 32.6378], [130.95986103169668, 32.637266438781836]], [[130.70945636833042, 32.53946893287427], [130.70785021595165, 32.5369866973798], [130.7086, 32.5373], [130.70945636833042, 32.53946893287427]], [[130.68131794871795, 32.5259], [130.68003428571427, 32.5259], [130.6806, 32.5256], [130.68131794871795, 32.5259]], [[130.6746, 32.52878181818182], [130.6746, 32.5445], [130.674, 32.5291], [130.6746, 32.52878181818182]], [[130.6622, 32.5477], [130.66036091954024, 32.55018275862069], [130.6602, 32.5497], [130.6622, 32.5477]], [[130.6746, 32.5664], [130.6754, 32.5705], [130.67497788758493, 32.57074570722668], [130.6746, 32.5664]], [[130.7503489051095, 32.56429927007301], [130.7451054545454, 32.560803636363616], [130.7482, 32.5621], [130.7503489051095, 32.56429927007301]], [[130.74384573170735, 32.560275914634154], [130.7329, 32.5582], [130.7408, 32.559], [130.74384573170735, 32.560275914634154]], [[130.7182113047002, 32.56529789303077], [130.7193, 32.5644], [130.7329, 32.5582], [130.7182113047002, 32.56529789303077]], [[130.6234, 32.6714], [130.62271106626304, 32.67109579549277], [130.6392, 32.6674], [130.6234, 32.6714]], [[130.66642285558186, 32.65684552904753], [130.6469, 32.6628], [130.666, 32.6566], [130.66642285558186, 32.65684552904753]], [[130.80770265741197, 32.571567635101644], [130.7986, 32.5793], [130.8076, 32.5716], [130.80770265741197, 32.571567635101644]], [[130.82840542728636, 32.56522938530735], [130.81524880763132, 32.56918855325909], [130.8279, 32.5652], [130.82840542728636, 32.56522938530735]], [[130.8531, 32.5706], [130.83164314884468, 32.56541762493283], [130.8365, 32.5657], [130.8531, 32.5706]], [[130.8042, 32.6546], [130.8182, 32.6313], [130.81837498033047, 32.63120157356411], [130.8042, 32.6546]], [[130.82416514522822, 32.627944605809134], [130.8246, 32.6277], [130.8293, 32.6274], [130.82416514522822, 32.627944605809134]], [[130.6463, 32.9041], [130.65, 32.8846], [130.6442, 32.8676], [130.6633, 32.8668], [130.6903, 32.8722], [130.6943, 32.8745], [130.7034, 32.888], [130.7075, 32.8913], [130.7233, 32.893], [130.7241, 32.9023], [130.7307, 32.9256], [130.734, 32.9547], [130.737, 32.9651], [130.7137, 32.9713], [130.6975, 32.97], [130.6838, 32.9668], [130.676, 32.9584], [130.6717, 32.9407], [130.6665, 32.9364], [130.6553, 32.9332], [130.6484, 32.9287], [130.6465, 32.9198], [130.6463, 32.9041]], [[130.6204, 32.8473], [130.628, 32.8547], [130.6180439868975, 32.8464955077211], [130.6204, 32.8473]], [[130.6122, 32.8445], [130.6155251594203, 32.84563542028985], [130.60333529674253, 32.84443757251227], [130.6122, 32.8445]], [[130.5813, 32.849], [130.598, 32.8444], [130.59884847956613, 32.84440597520821], [130.57920238714252, 32.8501226660364], [130.5813, 32.849]], [[130.6605, 33.0896], [130.6607, 33.0932], [130.65943871081365, 33.088627826699515], [130.6605, 33.0896]], [[130.6526, 32.9857], [130.6497, 33.0024], [130.65253770883055, 32.98547159904535], [130.6526, 32.9857]], [[130.6514, 32.9813], [130.65228554216867, 32.9845469879518], [130.6468, 32.9749], [130.6514, 32.9813]], [[130.6281, 32.9445], [130.6388010590356, 32.942634677782785], [130.6378, 32.9435], [130.6163, 32.9467], [130.6281, 32.9445]], [[130.56061468682506, 32.988656587473], [130.5594, 32.9892], [130.5492, 32.9882], [130.56061468682506, 32.988656587473]], [[130.56208308516975, 32.98799967242406], [130.5681, 32.977], [130.5695086501901, 32.9757127851711], [130.5632, 32.9875], [130.56208308516975, 32.98799967242406]], [[130.5739, 32.9717], [130.5743790707237, 32.97199058388158], [130.57304980813507, 32.972476899462784], [130.5739, 32.9717]], [[130.58, 32.9754], [130.58036785714287, 32.97645340909091], [130.5795243754731, 32.975111506434516], [130.58, 32.9754]], [[130.6014, 32.9772], [130.60096315789474, 32.97763684210527], [130.6027, 32.9729], [130.6014, 32.9772]], [[130.6005, 32.9608], [130.6009, 32.95], [130.60118341346154, 32.9494174278846], [130.60068967391302, 32.96184320652164], [130.6005, 32.9608]], [[130.60301065088757, 32.94619349112426], [130.60195824175824, 32.94782472527473], [130.6027, 32.9463], [130.60301065088757, 32.94619349112426]], [[131.0119, 32.7898], [131.0247, 32.7864], [131.01032854996242, 32.79086010518407], [131.0119, 32.7898]], [[131.1026, 32.791], [131.1207, 32.7911], [131.1236916356248, 32.79215692516085], [131.1026, 32.791]], [[131.1260004347826, 32.79297260869564], [131.1260004347826, 32.79297260869565], [131.121, 32.8042], [131.1260004347826, 32.79297260869564]], [[130.7277, 32.8651], [130.7298, 32.8622], [130.7314317174515, 32.861901385041556], [130.7277, 32.8651]], [[130.80503647058822, 32.85250352941176], [130.80648437638703, 32.85193470927653], [130.8062, 32.8522], [130.80503647058822, 32.85250352941176]], [[130.876, 32.84], [130.8776, 32.8363], [130.88057410071943, 32.83035179856112], [130.8804, 32.8329], [130.876, 32.84]], [[130.8646, 32.8508], [130.86005246153846, 32.857351538461536], [130.8604, 32.856], [130.8677, 32.8466], [130.876, 32.84], [130.8646, 32.8508]], [[130.89635581395348, 32.84688837209303], [130.8975, 32.847], [130.9004, 32.8499], [130.89635581395348, 32.84688837209303]], [[130.9004, 32.861274193548375], [130.8999, 32.8605], [130.9004, 32.8499], [130.9004, 32.861274193548375]], [[130.90145, 32.86290000000002], [130.90388488857937, 32.865218941504175], [130.903, 32.8653], [130.90145, 32.86290000000002]], [[130.9161, 32.8641], [130.9584, 32.8719], [130.9282, 32.8667], [130.9161, 32.8641]], [[130.9233, 32.877], [130.9241, 32.8798], [130.9231, 32.8774], [130.9282, 32.8667], [130.9233, 32.877]], [[130.98430476190475, 32.86447142857143], [130.98578264150945, 32.86309547169811], [130.9856, 32.8641], [130.98430476190475, 32.86447142857143]], [[130.98592009925557, 32.86233945409429], [130.9811, 32.85], [130.986, 32.8619], [130.98592009925557, 32.86233945409429]], [[130.98102657544112, 32.82354951386387], [130.981, 32.8233], [130.9811489104116, 32.82298232445523], [130.98102657544112, 32.82354951386387]], [[130.98395477386936, 32.81699648241205], [130.9855, 32.8137], [130.9993, 32.7983], [130.98395477386936, 32.81699648241205]], [[131.14445384615385, 32.80743431952663], [131.1431, 32.8068], [131.14295471923538, 32.80655021903625], [131.14445384615385, 32.80743431952663]], [[131.15927216148026, 32.8139945332212], [131.1574, 32.8135], [131.15172861189797, 32.81084277620394], [131.15927216148026, 32.8139945332212]], [[131.16338148148148, 32.81472962962963], [131.1627, 32.8149], [131.16219938398356, 32.81476776180698], [131.16338148148148, 32.81472962962963]], [[131.1731122260107, 32.812014369215795], [131.1727, 32.8124], [131.1679521739131, 32.81358695652172], [131.1731122260107, 32.812014369215795]], [[131.19855989304813, 32.797478074866305], [131.1961, 32.7992], [131.182, 32.8037], [131.19855989304813, 32.797478074866305]], [[131.2032, 32.787], [131.2001, 32.7964], [131.19942530120483, 32.796872289156624], [131.2032, 32.787]], [[130.7673954556157, 32.7634474688015], [130.7669, 32.7634], [130.7601, 32.7604], [130.7673954556157, 32.7634474688015]], [[130.8259, 32.734], [130.8276, 32.734], [130.8204, 32.7367], [130.8259, 32.734]], [[130.8295, 32.734], [130.83054497936726, 32.73519215955984], [130.82883124999998, 32.734], [130.8295, 32.734]], [[130.87753313390814, 32.77071020587718], [130.8789, 32.7708], [130.8843, 32.774], [130.88518723404255, 32.77499285714285], [130.87753313390814, 32.77071020587718]], [[130.95217527812116, 32.79300482076638], [130.9507, 32.7931], [130.94571295336786, 32.789908290155424], [130.95217527812116, 32.79300482076638]], [[130.8975, 32.7387], [130.8894, 32.7217], [130.89978657433576, 32.741614754098336], [130.8975, 32.7387]], [[130.7608141637011, 32.733621992882576], [130.7846, 32.742], [130.7615, 32.7341], [130.7608141637011, 32.733621992882576]], [[130.94644051094892, 32.889084006011174], [130.9419, 32.8877], [130.934490430622, 32.88441148325357], [130.94644051094892, 32.889084006011174]], [[130.78287836406793, 32.86469240460106], [130.7672, 32.8667], [130.76692411917315, 32.866517047451666], [130.7821, 32.8645], [130.78287836406793, 32.86469240460106]], [[130.78640436363636, 32.865564], [130.791, 32.8667], [130.7921639344262, 32.867543852459], [130.78640436363636, 32.865564]], [[130.79369049858894, 32.86865061147698], [130.795, 32.8696], [130.7998, 32.878], [130.79369049858894, 32.86865061147698]], [[130.80798616891875, 33.01255867704624], [130.8083, 33.0126], [130.8216, 33.0461], [130.80798616891875, 33.01255867704624]]], [[[130.4889, 32.5757], [130.4865, 32.5827], [130.4919, 32.5869], [130.4928, 32.5897], [130.4903, 32.5919], [130.4892, 32.59], [130.4872, 32.5915], [130.4806, 32.59], [130.4797, 32.5914], [130.4817, 32.5928], [130.4794, 32.5936], [130.4797, 32.597], [130.4831, 32.5989], [130.4737, 32.6039], [130.4827, 32.6078], [130.4857, 32.6068], [130.4863, 32.6082], [130.4925, 32.61], [130.4953, 32.6094], [130.5116, 32.6057], [130.5099, 32.6019], [130.5116, 32.5938], [130.5013, 32.586], [130.493, 32.5764], [130.4889, 32.5757]]], [[[130.4697, 32.5933], [130.4703, 32.5956], [130.4731, 32.595], [130.4733, 32.5928], [130.4697, 32.5933]]]]}}, {"type": "Feature", "properties": {"metro_id": "JPM12", "metro_name": "Kagoshima MA", "n_members": 11, "n_missing": 0, "n_prefs": 1, "prefs": "Kagoshima"}, "geometry": {"type": "MultiPolygon", "coordinates": [[[[130.1574, 31.3551], [130.1692, 31.3631], [130.1683, 31.3603], [130.1661, 31.3589], [130.1675, 31.355], [130.1639, 31.3511], [130.1596, 31.3552], [130.1574, 31.3551]]], [[[130.2583, 31.2575], [130.2533, 31.2564], [130.2497, 31.2533], [130.2464, 31.2544], [130.2431, 31.2525], [130.2406, 31.2578], [130.2381, 31.2592], [130.2345, 31.2553], [130.2322, 31.2564], [130.2272, 31.2511], [130.2231, 31.2533], [130.22, 31.2531], [130.2203, 31.2517], [130.2169, 31.2486], [130.2147, 31.2489], [130.2142, 31.2503], [130.2167, 31.2517], [130.2122, 31.2572], [130.2142, 31.2583], [130.215, 31.2614], [130.2203, 31.2628], [130.2197, 31.2675], [130.2222, 31.2667], [130.2242, 31.2692], [130.2253, 31.2672], [130.2286, 31.2683], [130.2269, 31.2717], [130.2208, 31.2732], [130.2153, 31.2711], [130.215, 31.2744], [130.2192, 31.2772], [130.2226, 31.2739], [130.2269, 31.2783], [130.23, 31.2783], [130.2303, 31.2814], [130.2272, 31.2831], [130.2156, 31.2825], [130.2169, 31.2894], [130.2142, 31.2903], [130.2078, 31.2825], [130.2017, 31.2819], [130.2003, 31.2833], [130.2011, 31.2867], [130.1986, 31.2894], [130.1986, 31.2961], [130.2003, 31.2986], [130.2033, 31.2964], [130.2103, 31.2997], [130.2131, 31.2994], [130.2164, 31.3042], [130.2211, 31.2994], [130.2233, 31.3042], [130.2258, 31.3058], [130.225, 31.3094], [130.2225, 31.3108], [130.2169, 31.3103], [130.2195, 31.3125], [130.2192, 31.3142], [130.2139, 31.3211], [130.2075, 31.3222], [130.2042, 31.3181], [130.2064, 31.3153], [130.2056, 31.3136], [130.202, 31.3164], [130.1906, 31.3161], [130.1879, 31.3213], [130.1814, 31.3244], [130.1775, 31.3217], [130.1733, 31.3237], [130.1775, 31.33], [130.1839, 31.33], [130.1911, 31.3328], [130.1961, 31.3297], [130.2003, 31.3344], [130.2036, 31.3344], [130.2064, 31.3372], [130.2059, 31.3421], [130.2094, 31.3436], [130.2097, 31.3475], [130.2028, 31.3497], [130.2039, 31.3519], [130.2011, 31.3539], [130.2014, 31.3583], [130.1994, 31.3583], [130.1972, 31.355], [130.1953, 31.3575], [130.1904, 31.3554], [130.1899, 31.3679], [130.1831, 31.365], [130.175, 31.3658], [130.1731, 31.3675], [130.1722, 31.3725], [130.1697, 31.3747], [130.1644, 31.3744], [130.1592, 31.3822], [130.1525, 31.3844], [130.1469, 31.3964], [130.1405, 31.4056], [130.1331, 31.4092], [130.1317, 31.4119], [130.1236, 31.4164], [130.1197, 31.4167], [130.1106, 31.4131], [130.1078, 31.4086], [130.1061, 31.4128], [130.1095, 31.4206], [130.1081, 31.4222], [130.1111, 31.4219], [130.1139, 31.4244], [130.1231, 31.4231], [130.1255, 31.4208], [130.1317, 31.4197], [130.1333, 31.4181], [130.1322, 31.4153], [130.1356, 31.4128], [130.1372, 31.4142], [130.1342, 31.4161], [130.1397, 31.4183], [130.1447, 31.4272], [130.1489, 31.4306], [130.1554, 31.432], [130.1589, 31.4406], [130.1681, 31.4336], [130.1675, 31.4319], [130.1694, 31.4303], [130.1703, 31.4228], [130.1722, 31.4197], [130.175, 31.4192], [130.1789, 31.4225], [130.1817, 31.4225], [130.1833, 31.415], [130.1864, 31.4142], [130.1872, 31.4097], [130.19, 31.4147], [130.1897, 31.4183], [130.1919, 31.4192], [130.1939, 31.4083], [130.2022, 31.4081], [130.2047, 31.4058], [130.2047, 31.4019], [130.2067, 31.4047], [130.2131, 31.4047], [130.2239, 31.4019], [130.2256, 31.4006], [130.2242, 31.3981], [130.2258, 31.3975], [130.2258, 31.3994], [130.2306, 31.4028], [130.23, 31.4067], [130.2369, 31.4114], [130.2531, 31.4178], [130.2537, 31.4195], [130.2556, 31.4179], [130.2686, 31.4261], [130.2753, 31.4244], [130.2725, 31.4258], [130.2722, 31.4289], [130.2872, 31.4453], [130.2939, 31.4478], [130.2942, 31.4428], [130.2961, 31.4425], [130.2975, 31.4397], [130.3003, 31.44], [130.3025, 31.4383], [130.3031, 31.44], [130.3014, 31.4414], [130.3072, 31.4456], [130.3136, 31.4472], [130.3103, 31.4481], [130.3014, 31.4447], [130.2997, 31.4472], [130.2983, 31.4467], [130.2922, 31.4506], [130.2922, 31.4528], [130.3067, 31.4761], [130.3139, 31.4922], [130.3186, 31.5036], [130.3211, 31.5036], [130.3253, 31.5072], [130.3228, 31.5075], [130.3204, 31.5046], [130.3292, 31.5311], [130.3317, 31.5472], [130.335, 31.5506], [130.3325, 31.5519], [130.3353, 31.5756], [130.3342, 31.6064], [130.3314, 31.6186], [130.3322, 31.6203], [130.3214, 31.6506], [130.3239, 31.6528], [130.3304, 31.6696], [130.3235, 31.6528], [130.3206, 31.6511], [130.3175, 31.6533], [130.3164, 31.6583], [130.313, 31.6589], [130.3111, 31.6615], [130.2994, 31.6617], [130.2978, 31.6653], [130.2997, 31.6697], [130.2908, 31.6853], [130.2911, 31.69], [130.2881, 31.6936], [130.2894, 31.6989], [130.2853, 31.6986], [130.2847, 31.6969], [130.2864, 31.6958], [130.2844, 31.695], [130.28, 31.6981], [130.2794, 31.7017], [130.2753, 31.7058], [130.2586, 31.7081], [130.2631, 31.7089], [130.2636, 31.715], [130.2561, 31.7161], [130.2561, 31.7178], [130.2639, 31.7206], [130.2645, 31.7239], [130.2628, 31.7264], [130.2614, 31.7214], [130.2533, 31.7197], [130.2553, 31.7217], [130.2522, 31.7219], [130.2483, 31.7317], [130.2444, 31.7336], [130.24, 31.7331], [130.2358, 31.7356], [130.2358, 31.7375], [130.2331, 31.7389], [130.2333, 31.7408], [130.2311, 31.7386], [130.2242, 31.7481], [130.2219, 31.7483], [130.218, 31.7528], [130.2142, 31.7533], [130.2131, 31.7558], [130.1994, 31.7553], [130.195, 31.7483], [130.19, 31.7464], [130.1864, 31.7503], [130.1864, 31.7522], [130.1889, 31.7542], [130.1889, 31.7578], [130.1851, 31.7667], [130.1851, 31.7713], [130.1806, 31.7745], [130.1805, 31.7792], [130.1783, 31.7808], [130.1722, 31.78], [130.1739, 31.7831], [130.1717, 31.7844], [130.1708, 31.7883], [130.1672, 31.7911], [130.1667, 31.7947], [130.1711, 31.7975], [130.1703, 31.7994], [130.1733, 31.8008], [130.1725, 31.8036], [130.1744, 31.8083], [130.1731, 31.8111], [130.175, 31.8139], [130.1731, 31.815], [130.1767, 31.8186], [130.1797, 31.8181], [130.1856, 31.8286], [130.1842, 31.8319], [130.187, 31.8336], [130.1872, 31.8367], [130.1897, 31.8383], [130.1942, 31.8466], [130.1964, 31.8564], [130.1914, 31.8586], [130.1922, 31.8603], [130.1975, 31.8592], [130.1969, 31.8614], [130.2006, 31.8622], [130.2025, 31.8647], [130.2006, 31.8706], [130.2025, 31.87], [130.2028, 31.8681], [130.2092, 31.8706], [130.2172, 31.8853], [130.2167, 31.8911], [130.2189, 31.8925], [130.2206, 31.8908], [130.2192, 31.8936], [130.2222, 31.8969], [130.2214, 31.8981], [130.2244, 31.9081], [130.2219, 31.9158], [130.2203, 31.9142], [130.2206, 31.9198], [130.2661, 31.9385], [130.2804, 31.9547], [130.2994, 31.9567], [130.3064, 31.9589], [130.3129, 31.9645], [130.318, 31.9737], [130.3459, 31.9737], [130.3611, 31.9483], [130.3664, 31.9435], [130.3795, 31.9357], [130.4043, 31.9129], [130.4096, 31.9033], [130.4112, 31.8917], [130.4162, 31.8749], [130.4189, 31.8558], [130.4222, 31.8512], [130.4474, 31.8483], [130.4581, 31.8357], [130.4638, 31.8337], [130.4672, 31.8342], [130.4704, 31.8373], [130.4745, 31.8587], [130.489, 31.8868], [130.4968, 31.8932], [130.5171, 31.9007], [130.5238, 31.9001], [130.5491, 31.888], [130.5537, 31.8881], [130.5631, 31.8918], [130.5763, 31.8891], [130.5869, 31.8801], [130.6148, 31.9014], [130.6229, 31.9044], [130.639, 31.9147], [130.6546, 31.9198], [130.705, 31.9182], [130.7328, 31.9079], [130.741, 31.9089], [130.7527, 31.9163], [130.7622, 31.9202], [130.7971, 31.9306], [130.8212, 31.9402], [130.8566, 31.9349], [130.8831, 31.9182], [130.8991, 31.8873], [130.8882, 31.8434], [130.8779, 31.8402], [130.8814, 31.8114], [130.8866, 31.802], [130.8927, 31.8008], [130.8732, 31.7867], [130.8715, 31.7812], [130.8735, 31.778], [130.8901, 31.7673], [130.8952, 31.7611], [130.8953, 31.7174], [130.9003, 31.7109], [130.9079, 31.7047], [130.9114, 31.6982], [130.9145, 31.6874], [130.9133, 31.6702], [130.9085, 31.6664], [130.8874, 31.6666], [130.8819, 31.665], [130.8799, 31.6615], [130.88, 31.6576], [130.8886, 31.6377], [130.8864, 31.6298], [130.8788, 31.6243], [130.8587, 31.6213], [130.8357, 31.595], [130.8278, 31.5738], [130.8259, 31.559], [130.8125, 31.5045], [130.8148, 31.4962], [130.8282, 31.4826], [130.8286, 31.4741], [130.822, 31.4557], [130.8088, 31.4432], [130.8042, 31.4366], [130.7767, 31.4263], [130.771, 31.4219], [130.7622, 31.4114], [130.7561, 31.4246], [130.7439, 31.4383], [130.7369, 31.4431], [130.7358, 31.4472], [130.7328, 31.4506], [130.7197, 31.4558], [130.7067, 31.4583], [130.6986, 31.4628], [130.6939, 31.4858], [130.6986, 31.4864], [130.6911, 31.4889], [130.6981, 31.4953], [130.6983, 31.5008], [130.6958, 31.5092], [130.6989, 31.5206], [130.6981, 31.5289], [130.7039, 31.5297], [130.7072, 31.5328], [130.70470395314788, 31.547576597364575], [130.7044, 31.5473], [130.6989, 31.5521], [130.6919, 31.5503], [130.6903, 31.5519], [130.6875, 31.5469], [130.6847, 31.5464], [130.6853, 31.545], [130.6778, 31.5439], [130.6756, 31.5472], [130.6778, 31.5486], [130.6758, 31.5503], [130.6742, 31.5506], [130.6731, 31.5486], [130.6658, 31.5539], [130.6636, 31.5519], [130.6481, 31.5497], [130.6453, 31.5467], [130.6417, 31.5467], [130.6392, 31.5447], [130.6347, 31.5472], [130.635, 31.5497], [130.6325, 31.5511], [130.6317, 31.555], [130.6278, 31.5564], [130.6233, 31.5522], [130.6206, 31.555], [130.6206, 31.5611], [130.6175, 31.5625], [130.6125, 31.5614], [130.6133, 31.5664], [130.6078, 31.5744], [130.6019, 31.5733], [130.5983, 31.5761], [130.5981, 31.5814], [130.5961, 31.5792], [130.5919, 31.5814], [130.5928, 31.5844], [130.5914, 31.5897], [130.5986, 31.5925], [130.5997, 31.5936], [130.5986, 31.5969], [130.6058, 31.5967], [130.6119, 31.6092], [130.6183, 31.6131], [130.6211, 31.6172], [130.6294, 31.6219], [130.6419, 31.6206], [130.6492, 31.6219], [130.6524, 31.6252], [130.6608, 31.6267], [130.6711, 31.6272], [130.6739, 31.6253], [130.6775, 31.6294], [130.6797, 31.6292], [130.6847, 31.6214], [130.6917, 31.6247], [130.6941, 31.6237], [130.6969, 31.6247], [130.6969, 31.6225], [130.6999, 31.621], [130.7, 31.6172], [130.7092, 31.6114], [130.7075, 31.6092], [130.7111, 31.6069], [130.71, 31.6053], [130.7139, 31.605], [130.7172, 31.6028], [130.7128, 31.5986], [130.71, 31.5994], [130.7117, 31.5964], [130.7189, 31.5914], [130.7153, 31.5833], [130.7111, 31.5806], [130.7108, 31.5786], [130.7161, 31.575], [130.7144, 31.5728], [130.715, 31.5703], [130.7117, 31.5667], [130.715, 31.5675], [130.7175, 31.5647], [130.7214, 31.5658], [130.7219, 31.5647], [130.7178, 31.5603], [130.7072, 31.5575], [130.7159, 31.5576], [130.7144, 31.5564], [130.70519999999985, 31.548027999999874], [130.7172, 31.5583], [130.7249, 31.5572], [130.7331, 31.5572], [130.7356, 31.5589], [130.7505, 31.5579], [130.7658, 31.5631], [130.7689, 31.5678], [130.7756, 31.5717], [130.7811, 31.5781], [130.7822, 31.5817], [130.7871, 31.5856], [130.7881, 31.5989], [130.7858, 31.6027], [130.7961, 31.6125], [130.7967, 31.6225], [130.8008, 31.6319], [130.8081, 31.64], [130.8133, 31.6424], [130.8178, 31.6447], [130.8228, 31.6519], [130.8231, 31.6603], [130.82, 31.6644], [130.8183, 31.6736], [130.8133, 31.6786], [130.8117, 31.6831], [130.8039, 31.6881], [130.7975, 31.6875], [130.7961, 31.6892], [130.8, 31.6944], [130.7978, 31.6997], [130.7928, 31.7031], [130.7847, 31.7047], [130.7803, 31.7022], [130.7664, 31.7069], [130.7531, 31.7061], [130.7503, 31.7081], [130.7417, 31.7092], [130.7419, 31.725], [130.7379, 31.7079], [130.7328, 31.7078], [130.7303, 31.71], [130.7281, 31.7169], [130.7203, 31.72], [130.7158, 31.7281], [130.7053, 31.7253], [130.6978, 31.7289], [130.695, 31.7286], [130.693, 31.7328], [130.7024, 31.7483], [130.7052, 31.758], [130.703, 31.7678], [130.6976, 31.7807], [130.6916, 31.792], [130.6841, 31.7998], [130.6732, 31.8021], [130.6556, 31.8021], [130.6499, 31.7895], [130.6461, 31.7662], [130.6452, 31.7221], [130.6411, 31.7319], [130.6395, 31.7211], [130.6414, 31.7175], [130.6403, 31.7142], [130.6347, 31.7111], [130.6275, 31.7133], [130.6219, 31.7075], [130.6167, 31.7111], [130.6197, 31.7047], [130.6142, 31.6975], [130.6156, 31.6919], [130.6108, 31.6861], [130.6092, 31.681], [130.6124, 31.671], [130.6153, 31.6614], [130.6192, 31.6594], [130.6197, 31.6572], [130.6172, 31.6556], [130.6114, 31.6556], [130.6083, 31.6531], [130.6026, 31.6422], [130.6025, 31.6319], [130.595, 31.6258], [130.5869, 31.6228], [130.5833, 31.6189], [130.5772, 31.6172], [130.5731, 31.6033], [130.5664, 31.6017], [130.5672, 31.6], [130.5614, 31.595], [130.5644, 31.5883], [130.563, 31.5861], [130.5658, 31.5872], [130.5658, 31.5889], [130.5697, 31.5847], [130.5658, 31.5842], [130.5647, 31.5792], [130.5672, 31.5786], [130.5675, 31.5803], [130.5706, 31.5814], [130.5708, 31.58], [130.5694, 31.5731], [130.5583, 31.5797], [130.5547, 31.58], [130.5689, 31.5717], [130.5628, 31.5572], [130.5608, 31.5564], [130.5597, 31.5475], [130.5572, 31.5461], [130.5519, 31.5492], [130.5542, 31.5461], [130.5514, 31.5456], [130.5506, 31.5486], [130.5467, 31.5483], [130.545, 31.545], [130.5483, 31.5442], [130.5486, 31.5422], [130.5464, 31.5372], [130.5422, 31.5389], [130.5372, 31.5336], [130.5406, 31.5353], [130.5358, 31.5294], [130.5369, 31.5286], [130.5383, 31.53], [130.5392, 31.5283], [130.5403, 31.5333], [130.5436, 31.5342], [130.5386, 31.5222], [130.5297, 31.5247], [130.5278, 31.5236], [130.5375, 31.5186], [130.5331, 31.5069], [130.5214, 31.5089], [130.5145, 31.4929], [130.5153, 31.4894], [130.5194, 31.4881], [130.52, 31.4858], [130.515, 31.4872], [130.5186, 31.4836], [130.5136, 31.4806], [130.5133, 31.4781], [130.5175, 31.4769], [130.5169, 31.4742], [130.5192, 31.4736], [130.5194, 31.4717], [130.5325, 31.4689], [130.5325, 31.4633], [130.5311, 31.4622], [130.5175, 31.4633], [130.5145, 31.4667], [130.5131, 31.4664], [130.5131, 31.4619], [130.5161, 31.4611], [130.5133, 31.4583], [130.5161, 31.4506], [130.5183, 31.4494], [130.5169, 31.4464], [130.5183, 31.4378], [130.5214, 31.4342], [130.5222, 31.4275], [130.5244, 31.4244], [130.5242, 31.4175], [130.5261, 31.415], [130.5264, 31.4089], [130.5311, 31.4053], [130.5331, 31.3978], [130.5394, 31.3944], [130.5378, 31.3922], [130.5389, 31.3908], [130.5506, 31.3961], [130.5583, 31.3864], [130.5474, 31.3798], [130.5431, 31.3847], [130.5439, 31.3806], [130.5467, 31.3772], [130.5475, 31.3686], [130.5542, 31.3522], [130.5578, 31.3469], [130.5617, 31.3308], [130.5669, 31.3192], [130.5756, 31.3094], [130.5849, 31.304], [130.5908, 31.3028], [130.5903, 31.3014], [130.5947, 31.2936], [130.6092, 31.2908], [130.6194, 31.2811], [130.6186, 31.2797], [130.62, 31.2772], [130.6253, 31.2744], [130.6369, 31.2714], [130.6592, 31.2717], [130.6589, 31.2667], [130.6667, 31.2664], [130.6575, 31.2569], [130.6567, 31.2528], [130.65, 31.2444], [130.65, 31.2417], [130.6533, 31.2403], [130.6494, 31.24], [130.6497, 31.2347], [130.6522, 31.2294], [130.6575, 31.2247], [130.6578, 31.22], [130.6555, 31.2175], [130.6503, 31.2175], [130.6486, 31.2158], [130.6408, 31.2167], [130.63, 31.2111], [130.6311, 31.2083], [130.6283, 31.2047], [130.6303, 31.2014], [130.6346, 31.2007], [130.6378, 31.2097], [130.6461, 31.2036], [130.6447, 31.1972], [130.64, 31.1942], [130.6405, 31.1897], [130.6356, 31.1856], [130.6289, 31.1839], [130.6272, 31.1811], [130.6086, 31.1833], [130.5945, 31.1789], [130.59, 31.1747], [130.5881, 31.1703], [130.5903, 31.1658], [130.5942, 31.1653], [130.5967, 31.1622], [130.5947, 31.1611], [130.5917, 31.1628], [130.5881, 31.1572], [130.5835, 31.1629], [130.5772, 31.1662], [130.5717, 31.1717], [130.5567, 31.1786], [130.5539, 31.1783], [130.5528, 31.1756], [130.5422, 31.1678], [130.5311, 31.1636], [130.5183, 31.1658], [130.5061, 31.1783], [130.5094, 31.1819], [130.5098, 31.1896], [130.5083, 31.1936], [130.5159, 31.1979], [130.5126, 31.2075], [130.5061, 31.2181], [130.4883, 31.2358], [130.4761, 31.245], [130.4631, 31.2506], [130.4589, 31.2514], [130.455, 31.25], [130.4453, 31.2531], [130.4408, 31.2497], [130.4407, 31.2517], [130.4379, 31.2514], [130.4367, 31.2531], [130.437, 31.2497], [130.4342, 31.2489], [130.4347, 31.2467], [130.4292, 31.2483], [130.4272, 31.2475], [130.4261, 31.2492], [130.4225, 31.2472], [130.4186, 31.2489], [130.4189, 31.2503], [130.4153, 31.2506], [130.4122, 31.2489], [130.4128, 31.2533], [130.4106, 31.2528], [130.4103, 31.2506], [130.4058, 31.2508], [130.4028, 31.2539], [130.4042, 31.2517], [130.4031, 31.2508], [130.3956, 31.2531], [130.3942, 31.2511], [130.3908, 31.2556], [130.3897, 31.255], [130.3911, 31.2519], [130.3883, 31.2508], [130.3825, 31.2525], [130.3758, 31.2514], [130.3823, 31.286], [130.3756, 31.2519], [130.3708, 31.2511], [130.3689, 31.2531], [130.3664, 31.2511], [130.3619, 31.2539], [130.3619, 31.2522], [130.3589, 31.2506], [130.3528, 31.2506], [130.343, 31.2558], [130.3364, 31.2561], [130.3344, 31.2547], [130.3336, 31.2564], [130.33, 31.2553], [130.3256, 31.2575], [130.3244, 31.2558], [130.3203, 31.2561], [130.3161, 31.2572], [130.3092, 31.2667], [130.3022, 31.265], [130.2967, 31.2611], [130.2964, 31.2656], [130.298, 31.2672], [130.2925, 31.2694], [130.2883, 31.2694], [130.2881, 31.2683], [130.2942, 31.2667], [130.2886, 31.2664], [130.2886, 31.2631], [130.2869, 31.2625], [130.2872, 31.2732], [130.2864, 31.2694], [130.2825, 31.2653], [130.2825, 31.2539], [130.2775, 31.2461], [130.2653, 31.255], [130.261, 31.2558], [130.2583, 31.2575]], [[130.652, 31.8146], [130.64462617039837, 31.83443059028783], [130.6556, 31.8021], [130.652, 31.8146]], [[130.60476613924047, 31.675490506329137], [130.6058, 31.6743], [130.6124, 31.671], [130.60476613924047, 31.675490506329137]], [[130.57476749716872, 31.299065911664776], [130.5761, 31.2993], [130.5849, 31.304], [130.57476749716872, 31.299065911664776]], [[130.4555, 31.4741], [130.4574, 31.5194], [130.4558, 31.4905], [130.4555, 31.4741]], [[130.2993, 31.3282], [130.2877, 31.3232], [130.3013772412226, 31.328655084649476], [130.2993, 31.3282]], [[130.2619, 31.2852], [130.26185817843864, 31.28383382899624], [130.2652, 31.3008], [130.2619, 31.2852]], [[130.47154434720488, 31.63736817288802], [130.4521, 31.6321], [130.4712, 31.6368], [130.47154434720488, 31.63736817288802]], [[130.4731096385542, 31.657014457831327], [130.47437278382583, 31.655164852255048], [130.4743, 31.6562], [130.4731096385542, 31.657014457831327]], [[130.4613, 31.6592], [130.47123548387094, 31.65829677419355], [130.4705, 31.6588], [130.4613, 31.6592]], [[130.4275, 31.7036], [130.4283382339449, 31.703042912844065], [130.42700943025542, 31.70484872298621], [130.4275, 31.7036]], [[130.4377, 31.7327], [130.4311, 31.7305], [130.4389867094932, 31.732609236259815], [130.4377, 31.7327]], [[130.5236, 31.7304], [130.5519, 31.7539], [130.5573, 31.7551], [130.5699, 31.7492], [130.5924, 31.7418], [130.5961, 31.778], [130.5937, 31.7972], [130.588, 31.803], [130.5813, 31.8063], [130.5774, 31.8133], [130.5778, 31.8234], [130.5853, 31.8452], [130.5782, 31.865], [130.5828, 31.8709], [130.573, 31.8602], [130.5347, 31.8273], [130.5309, 31.8192], [130.5231, 31.8087], [130.5041, 31.7711], [130.4753, 31.7256], [130.514, 31.7254], [130.5236, 31.7304]], [[130.58212377285852, 31.715421896053922], [130.5849, 31.7281], [130.582, 31.717], [130.58212377285852, 31.715421896053922]], [[130.58320050188203, 31.71107649519032], [130.58228010899182, 31.713428610354185], [130.5824, 31.7119], [130.58320050188203, 31.71107649519032]], [[130.60337845070424, 31.67708845070419], [130.60228386277, 31.679372808132165], [130.6025, 31.6781], [130.60337845070424, 31.67708845070419]], [[130.49368971962613, 31.451357383177605], [130.49478303341908, 31.44908329048831], [130.4942, 31.4508], [130.49368971962613, 31.451357383177605]], [[130.49544375569735, 31.44713783044674], [130.4969, 31.4251], [130.496, 31.4455], [130.49544375569735, 31.44713783044674]], [[130.555, 31.2978], [130.5687, 31.298], [130.5704246406571, 31.29830297741273], [130.555, 31.2978]], [[130.5434, 31.2417], [130.5489, 31.2764], [130.5425944616598, 31.24040992731984], [130.5434, 31.2417]], [[130.21589999999998, 31.7853], [130.2146, 31.7856], [130.21323043478262, 31.7853], [130.21589999999998, 31.7853]], [[130.6417, 31.8423], [130.6373, 31.8506], [130.63669627118642, 31.851285000000026], [130.64198457122353, 31.84153469680661], [130.6417, 31.8423]], [[130.6166, 31.8701], [130.634610106383, 31.853651994680817], [130.6321, 31.8565], [130.6166, 31.8701]]], [[[130.1911, 31.4256], [130.1914, 31.4233], [130.1915, 31.4199], [130.1864, 31.4258], [130.1931, 31.4294], [130.1936, 31.4269], [130.1911, 31.4256]]], [[[130.1789, 31.4276], [130.181, 31.4267], [130.1814, 31.4261], [130.1799, 31.4254], [130.1789, 31.4276]]], [[[130.1866, 31.4332], [130.1866, 31.4315], [130.1851, 31.4311], [130.1852, 31.4331], [130.1866, 31.4332]]], [[[129.7351, 31.4486], [129.7353, 31.4472], [129.7336, 31.4466], [129.7319, 31.4476], [129.7323, 31.4492], [129.7351, 31.4486]]], [[[130.2872, 31.6908], [130.2867, 31.6931], [130.2894, 31.6906], [130.2894, 31.6886], [130.2872, 31.6908]]], [[[129.7969, 31.7823], [129.7939, 31.7772], [129.7975, 31.7731], [129.797, 31.7675], [129.8014, 31.7667], [129.8013, 31.7625], [129.7983, 31.7607], [129.7917, 31.7605], [129.789, 31.7572], [129.7887, 31.7499], [129.778, 31.7436], [129.7808, 31.7352], [129.7759, 31.733], [129.7767, 31.7285], [129.7741, 31.7259], [129.7715, 31.7156], [129.7688, 31.7125], [129.7585, 31.7096], [129.757, 31.711], [129.7567, 31.7171], [129.7501, 31.7177], [129.7479, 31.7166], [129.7418, 31.7063], [129.7388, 31.7049], [129.7391, 31.6997], [129.744, 31.6968], [129.7449, 31.6943], [129.7434, 31.6889], [129.7444, 31.6872], [129.7381, 31.6864], [129.7385, 31.6826], [129.7359, 31.682], [129.7273, 31.6743], [129.7251, 31.6693], [129.7279, 31.6607], [129.7358, 31.6582], [129.7383, 31.6554], [129.7352, 31.6521], [129.7264, 31.6481], [129.7293, 31.6442], [129.7287, 31.6423], [129.7248, 31.6427], [129.7197, 31.6389], [129.7177, 31.6342], [129.7123, 31.633], [129.7164, 31.6314], [129.7151, 31.6299], [129.7166, 31.6291], [129.7166, 31.6252], [129.714, 31.6214], [129.7091, 31.6307], [129.7106, 31.6344], [129.7067, 31.6369], [129.7004, 31.6361], [129.6971, 31.6337], [129.6977, 31.632], [129.7006, 31.6317], [129.6996, 31.626], [129.6973, 31.6228], [129.6868, 31.6226], [129.685, 31.6214], [129.6819, 31.6242], [129.6839, 31.6264], [129.6839, 31.63], [129.6811, 31.6328], [129.6764, 31.6319], [129.6727, 31.6366], [129.6644, 31.6342], [129.6667, 31.6371], [129.6661, 31.6411], [129.66, 31.6494], [129.66, 31.6547], [129.6578, 31.6586], [129.6664, 31.6627], [129.669, 31.6625], [129.672, 31.6596], [129.6767, 31.6628], [129.6783, 31.6612], [129.6821, 31.663], [129.6764, 31.6675], [129.6842, 31.6753], [129.6835, 31.6816], [129.6884, 31.6866], [129.6897, 31.6905], [129.6932, 31.6931], [129.6903, 31.7011], [129.6861, 31.7031], [129.6937, 31.7038], [129.6958, 31.706], [129.6981, 31.7054], [129.702, 31.7073], [129.7015, 31.7111], [129.6966, 31.7163], [129.7056, 31.7191], [129.7059, 31.7229], [129.7194, 31.7286], [129.7231, 31.7275], [129.7385, 31.7318], [129.7428, 31.7367], [129.7495, 31.7378], [129.7514, 31.7347], [129.7533, 31.7361], [129.7557, 31.7349], [129.7578, 31.7384], [129.7634, 31.7373], [129.7632, 31.7396], [129.7669, 31.744], [129.7705, 31.7413], [129.775, 31.7406], [129.7762, 31.7461], [129.779, 31.747], [129.7805, 31.7523], [129.7793, 31.7541], [129.774, 31.7556], [129.7751, 31.7583], [129.7827, 31.7582], [129.7855, 31.761], [129.7844, 31.7635], [129.7868, 31.7638], [129.7891, 31.7685], [129.7869, 31.7721], [129.7823, 31.7735], [129.781, 31.7754], [129.7861, 31.7807], [129.785, 31.7869], [129.7814, 31.7908], [129.7863, 31.7907], [129.7888, 31.7891], [129.7897, 31.785], [129.7933, 31.7844], [129.8018, 31.7854], [129.804, 31.783], [129.8042, 31.781], [129.8021, 31.7832], [129.7969, 31.7823]]], [[[130.1775, 31.7386], [130.1781, 31.7406], [130.1808, 31.7406], [130.1797, 31.7383], [130.1775, 31.7386]]], [[[129.7527, 31.7428], [129.7558, 31.7442], [129.7564, 31.7425], [129.7536, 31.7419], [129.7527, 31.7428]]], [[[129.7778, 31.7739], [129.7766, 31.7756], [129.7793, 31.7766], [129.7795, 31.7744], [129.7778, 31.7739]]], [[[129.8436, 31.8041], [129.8458, 31.8012], [129.8423, 31.7968], [129.8357, 31.7972], [129.8304, 31.7919], [129.8252, 31.7897], [129.8244, 31.7881], [129.8264, 31.7852], [129.8326, 31.7832], [129.83, 31.7809], [129.8293, 31.7751], [129.823, 31.7746], [129.8219, 31.7783], [129.8159, 31.7799], [129.8179, 31.7843], [129.8145, 31.7858], [129.8154, 31.792], [129.8136, 31.7971], [129.8111, 31.7994], [129.8154, 31.7992], [129.8184, 31.8018], [129.8213, 31.8084], [129.8214, 31.8139], [129.8254, 31.8138], [129.8276, 31.8161], [129.8381, 31.8196], [129.8414, 31.8162], [129.8428, 31.8157], [129.8429, 31.812], [129.836, 31.8055], [129.8405, 31.8023], [129.8436, 31.8041]]], [[[129.8456, 31.8294], [129.8433, 31.8252], [129.8439, 31.8236], [129.8403, 31.8194], [129.8394, 31.8236], [129.8361, 31.8258], [129.8456, 31.8294]]], [[[129.9108, 31.8428], [129.9172, 31.8472], [129.9189, 31.8517], [129.9086, 31.8561], [129.9081, 31.86], [129.9106, 31.8644], [129.905, 31.8664], [129.9051, 31.8683], [129.9094, 31.8703], [129.9156, 31.8672], [129.9281, 31.8688], [129.9296, 31.8665], [129.9367, 31.8703], [129.9397, 31.8694], [129.9389, 31.8678], [129.9348, 31.8678], [129.9314, 31.865], [129.9258, 31.8664], [129.9236, 31.8633], [129.9294, 31.8592], [129.9283, 31.8553], [129.9311, 31.8501], [129.9218, 31.8475], [129.9194, 31.845], [129.9217, 31.8428], [129.9197, 31.8408], [129.9203, 31.8394], [129.9275, 31.8394], [129.9314, 31.8369], [129.9294, 31.8317], [129.9308, 31.8256], [129.9278, 31.8214], [129.9186, 31.8169], [129.9147, 31.8219], [129.9081, 31.82], [129.9063, 31.8242], [129.904, 31.8245], [129.9025, 31.8233], [129.9035, 31.82], [129.9002, 31.8141], [129.8833, 31.8106], [129.8717, 31.8006], [129.8714, 31.8039], [129.8742, 31.8078], [129.8715, 31.8128], [129.8734, 31.8202], [129.8697, 31.8219], [129.8696, 31.8203], [129.8628, 31.8192], [129.8572, 31.8222], [129.8617, 31.8278], [129.8636, 31.8331], [129.8619, 31.8336], [129.8625, 31.8355], [129.8611, 31.8367], [129.8593, 31.8365], [129.8603, 31.8356], [129.8597, 31.8347], [129.8578, 31.8375], [129.8464, 31.8306], [129.8489, 31.8353], [129.8489, 31.8417], [129.8406, 31.851], [129.8423, 31.8535], [129.8447, 31.8514], [129.8589, 31.8522], [129.8575, 31.8539], [129.8617, 31.8556], [129.8656, 31.8597], [129.8636, 31.86], [129.8531, 31.8539], [129.8466, 31.8554], [129.846, 31.8571], [129.8436, 31.8565], [129.8425, 31.86], [129.8443, 31.8629], [129.8424, 31.8699], [129.8381, 31.8611], [129.8386, 31.8568], [129.8336, 31.8528], [129.835, 31.8511], [129.8336, 31.8472], [129.8358, 31.8431], [129.8344, 31.8414], [129.8364, 31.8392], [129.8353, 31.8372], [129.8308, 31.8383], [129.8283, 31.8433], [129.8206, 31.8422], [129.8223, 31.8469], [129.8208, 31.8492], [129.8183, 31.8494], [129.8198, 31.8527], [129.8183, 31.8543], [129.8192, 31.8569], [129.8172, 31.8617], [129.8233, 31.8633], [129.8261, 31.8661], [129.835, 31.8822], [129.8523, 31.8832], [129.8622, 31.8786], [129.8736, 31.8683], [129.8814, 31.8575], [129.8875, 31.8546], [129.8956, 31.8536], [129.9003, 31.8461], [129.9108, 31.8428]]], [[[129.9507, 31.8532], [129.9523, 31.8506], [129.9505, 31.8499], [129.9477, 31.8509], [129.9507, 31.8532]]], [[[129.9743, 31.8618], [129.974, 31.863], [129.9784, 31.8615], [129.9762, 31.8611], [129.9743, 31.8618]]], [[[129.9852, 31.865], [129.9845, 31.8637], [129.9841, 31.8638], [129.9839, 31.8653], [129.9852, 31.865]]], [[[129.9596, 31.8673], [129.9633, 31.8656], [129.9606, 31.8647], [129.9578, 31.8653], [129.9596, 31.8673]]], [[[129.9499, 31.868], [129.9521, 31.8685], [129.9543, 31.8677], [129.953, 31.8656], [129.9499, 31.868]]], [[[130.2162, 31.8915], [130.2162, 31.8942], [130.2177, 31.8935], [130.2182, 31.893], [130.2162, 31.8915]]], [[[130.6722, 31.2783], [130.6761, 31.2803], [130.6819, 31.2781], [130.6819, 31.2758], [130.6767, 31.2719], [130.6717, 31.2756], [130.6722, 31.2783]]], [[[130.2987, 31.4456], [130.2999, 31.4459], [130.3009, 31.4441], [130.2991, 31.444], [130.2987, 31.4456]]], [[[130.5331, 31.4933], [130.532, 31.4842], [130.5264, 31.4847], [130.5247, 31.4858], [130.5239, 31.4911], [130.5206, 31.4919], [130.5189, 31.4897], [130.5153, 31.4939], [130.5203, 31.5042], [130.5331, 31.5006], [130.5342, 31.5008], [130.5333, 31.4972], [130.5367, 31.4958], [130.5364, 31.4931], [130.5331, 31.4933]]], [[[130.6964, 31.5314], [130.6964, 31.53], [130.695, 31.5283], [130.6944, 31.5304], [130.6964, 31.5314]]], [[[130.6159, 31.5455], [130.6163, 31.5428], [130.6151, 31.5422], [130.6144, 31.5436], [130.6159, 31.5455]]], [[[130.7244, 31.6192], [130.7236, 31.6161], [130.7217, 31.6156], [130.7214, 31.6197], [130.7239, 31.6214], [130.7244, 31.6192]]], [[[130.7131, 31.6989], [130.7114, 31.7011], [130.7142, 31.7019], [130.7161, 31.7003], [130.7131, 31.6989]]], [[[130.7183, 31.7042], [130.7189, 31.7014], [130.7175, 31.7011], [130.7169, 31.7028], [130.7183, 31.7042]]], [[[130.7192, 31.7114], [130.7228, 31.7119], [130.7239, 31.7108], [130.7192, 31.7061], [130.7192, 31.7114]]]]}}, {"type": "Feature", "properties": {"metro_id": "JPM13", "metro_name": "Matsuyama MA", "n_members": 8, "n_missing": 0, "n_prefs": 1, "prefs": "Ehime"}, "geometry": {"type": "MultiPolygon", "coordinates": [[[[132.8414, 33.5263], [132.8316, 33.5094], [132.812, 33.5067], [132.7833, 33.4866], [132.7588, 33.4806], [132.7564, 33.4763], [132.7527, 33.4591], [132.7439, 33.4479], [132.7406, 33.4475], [132.7327, 33.4528], [132.7278, 33.4541], [132.7176, 33.4514], [132.7045, 33.444], [132.6881, 33.4284], [132.6691, 33.4223], [132.6631, 33.4231], [132.6459, 33.4335], [132.6344, 33.4383], [132.6058, 33.4377], [132.5931, 33.4404], [132.5876, 33.4432], [132.582, 33.4499], [132.5785, 33.4517], [132.5702, 33.4495], [132.5574, 33.4407], [132.5455, 33.4392], [132.5363, 33.4414], [132.5295, 33.4478], [132.5241, 33.4506], [132.5022, 33.4512], [132.5001, 33.4606], [132.4913, 33.4753], [132.4834, 33.4802], [132.4701, 33.4847], [132.4654, 33.4893], [132.4655, 33.4933], [132.477, 33.5026], [132.4798, 33.51], [132.4657, 33.5322], [132.4617, 33.5351], [132.4405, 33.5348], [132.4348, 33.5363], [132.4307, 33.5401], [132.4261, 33.5534], [132.4336, 33.5605], [132.4335, 33.5689], [132.4417, 33.5728], [132.4417, 33.5764], [132.4575, 33.59], [132.4568, 33.5952], [132.4722, 33.605], [132.4758, 33.611], [132.4968, 33.595], [132.5056, 33.5922], [132.5146, 33.5857], [132.5142, 33.5875], [132.5106, 33.5889], [132.5064, 33.5931], [132.4989, 33.5952], [132.4867, 33.6044], [132.4791, 33.6119], [132.4787, 33.6151], [132.4832, 33.6184], [132.483, 33.616], [132.4851, 33.6154], [132.4879, 33.6174], [132.4906, 33.6173], [132.4928, 33.6213], [132.5022, 33.6256], [132.5078, 33.6304], [132.5111, 33.6284], [132.5159, 33.6295], [132.533, 33.6386], [132.5406, 33.6409], [132.5644, 33.6489], [132.5687, 33.6487], [132.5864, 33.6542], [132.6029, 33.6638], [132.6172, 33.6769], [132.628, 33.6805], [132.6301, 33.6837], [132.6358, 33.6866], [132.6368, 33.6892], [132.6479, 33.6925], [132.6592, 33.703], [132.6653, 33.7182], [132.676, 33.733], [132.6781, 33.7415], [132.6796, 33.7423], [132.678, 33.7446], [132.6933, 33.7526], [132.6944, 33.7561], [132.6961, 33.7561], [132.7006, 33.7613], [132.7004, 33.7656], [132.697, 33.7649], [132.7002, 33.7678], [132.6994, 33.773], [132.6976, 33.7815], [132.6935, 33.784], [132.6989, 33.7841], [132.7, 33.7864], [132.6951, 33.7863], [132.6909, 33.7883], [132.6889, 33.7925], [132.6929, 33.7953], [132.6908, 33.8025], [132.7004, 33.8041], [132.69912953964194, 33.80562455242966], [132.6927, 33.806], [132.6852, 33.8084], [132.6845, 33.8104], [132.685, 33.8142], [132.6864, 33.8147], [132.6891, 33.8097], [132.6961, 33.8102], [132.6931, 33.8164], [132.6894, 33.8184], [132.6927, 33.8236], [132.6912, 33.826], [132.6931, 33.8306], [132.6883, 33.834], [132.6906, 33.836], [132.6944, 33.8345], [132.6957, 33.8393], [132.6994, 33.8402], [132.7009, 33.839], [132.7, 33.843], [132.702, 33.852], [132.7099, 33.8545], [132.7083, 33.8608], [132.7115, 33.8583], [132.7132, 33.859], [132.7071, 33.8638], [132.7068, 33.8671], [132.7082, 33.8655], [132.7103, 33.8664], [132.7082, 33.8739], [132.702, 33.8755], [132.6986, 33.878], [132.7006, 33.8869], [132.7067, 33.8931], [132.7064, 33.8956], [132.7096, 33.8995], [132.711, 33.906], [132.7175, 33.9055], [132.7205, 33.9037], [132.7275, 33.9041], [132.7328, 33.8988], [132.7327, 33.9028], [132.7466, 33.905], [132.7549, 33.911], [132.7577, 33.9181], [132.7568, 33.9239], [132.7684, 33.9467], [132.7719, 33.9627], [132.7692, 33.975], [132.7716, 33.9789], [132.7723, 33.9846], [132.7753, 33.9889], [132.7708, 33.9964], [132.7665, 33.9973], [132.7666, 33.9991], [132.7744, 34.0], [132.7864, 34.0085], [132.7992, 34.01], [132.8067, 34.0176], [132.8138, 34.0209], [132.8268, 34.0094], [132.8383, 34.0], [132.8531, 34.0012], [132.8634, 33.9952], [132.8794, 33.9936], [132.8925, 33.9873], [132.8949, 33.9837], [132.8954, 33.9767], [132.8877, 33.9598], [132.8904, 33.9489], [132.8946, 33.9439], [132.9176, 33.9385], [132.923, 33.9346], [132.9274, 33.9252], [132.9243, 33.915], [132.9246, 33.9095], [132.9335, 33.8973], [132.942, 33.9027], [132.9507, 33.905], [132.968, 33.8996], [132.9639, 33.8836], [132.972, 33.8644], [132.9738, 33.8559], [132.9729, 33.8443], [132.9748, 33.8385], [132.9913, 33.815], [132.9955, 33.8134], [133.0087, 33.815], [133.0152, 33.8104], [133.0243, 33.7958], [133.0281, 33.779], [133.0354, 33.7616], [133.0503, 33.7576], [133.062, 33.7571], [133.0776, 33.7601], [133.104, 33.7621], [133.1087, 33.7634], [133.1157, 33.7698], [133.1191, 33.7704], [133.1461, 33.7518], [133.1636, 33.7465], [133.1614, 33.7386], [133.1631, 33.7281], [133.1517, 33.7204], [133.1426, 33.7111], [133.144, 33.6997], [133.1335, 33.6959], [133.125, 33.6899], [133.122, 33.6666], [133.111, 33.6546], [133.101, 33.655], [133.08, 33.6503], [133.0725, 33.6328], [133.071, 33.6228], [133.0742, 33.613], [133.0819, 33.6058], [133.0583, 33.5919], [133.0488, 33.5722], [133.0633, 33.56], [133.0652, 33.5381], [133.047, 33.5265], [133.0409, 33.5185], [133.0368, 33.5086], [133.0181, 33.4889], [133.0176, 33.4776], [132.9897, 33.4697], [132.9567, 33.4632], [132.9463, 33.4686], [132.9244, 33.4648], [132.9125, 33.4654], [132.8986, 33.4685], [132.9019, 33.4839], [132.902, 33.498], [132.8918, 33.4967], [132.8801, 33.4978], [132.8688, 33.5069], [132.8549, 33.5139], [132.8452, 33.522], [132.8248, 33.547], [132.8414, 33.5263]], [[132.85302272727273, 33.76194886363637], [132.87, 33.7445], [132.8556, 33.7602], [132.85302272727273, 33.76194886363637]], [[132.8448, 33.7704], [132.8464128, 33.768742399999994], [132.84457161500814, 33.771176508972275], [132.8448, 33.7704]], [[132.8438, 33.7738], [132.84416552748885, 33.77255720653787], [132.845, 33.7822], [132.8438, 33.7738]], [[132.7305, 33.8057], [132.7194, 33.8073], [132.73411020408165, 33.80470408163265], [132.7305, 33.8057]], [[132.7985, 33.7868], [132.79781707317073, 33.787035920177374], [132.79942715231783, 33.785279470198724], [132.7985, 33.7868]], [[132.801, 33.7827], [132.80066915524648, 33.783242585395755], [132.8027, 33.761], [132.801, 33.7827]], [[132.8316, 33.7179], [132.8159, 33.7412], [132.8317382413088, 33.716863190184036], [132.8316, 33.7179]], [[132.8326, 33.7104], [132.83212757352942, 33.71394319852944], [132.8309, 33.6993], [132.8326, 33.7104]], [[132.8815, 33.728], [132.8887, 33.724], [132.8918354085603, 33.72328560311284], [132.8815, 33.728]], [[132.7739, 33.7896], [132.73905657894738, 33.77361414473684], [132.741, 33.7741], [132.7739, 33.7896]], [[132.83872127659575, 33.646495744680855], [132.83822939001848, 33.65006192236603], [132.8381, 33.6475], [132.83872127659575, 33.646495744680855]], [[132.83865831739962, 33.658554684512396], [132.8398, 33.6641], [132.83906329426281, 33.66657322640345], [132.83865831739962, 33.658554684512396]], [[132.8386027540361, 33.66811932573598], [132.8384, 33.6688], [132.83554532019693, 33.67315714285732], [132.8386027540361, 33.66811932573598]], [[132.83085514465958, 33.680885273004115], [132.8313, 33.6848], [132.8303, 33.6818], [132.83085514465958, 33.680885273004115]], [[132.8937288939052, 33.72285417607223], [132.8966, 33.7222], [132.9082, 33.7238], [132.8937288939052, 33.72285417607223]], [[133.00256902452938, 33.75481152310326], [133.00390347787805, 33.75546392251816], [133.0033, 33.7555], [133.00256902452938, 33.75481152310326]], [[132.7146, 33.7714], [132.7334, 33.7722], [132.73573846153846, 33.772784615384616], [132.7146, 33.7714]], [[132.77620344827588, 33.78585689655168], [132.77703896713615, 33.78147042253527], [132.7771, 33.7844], [132.77620344827588, 33.78585689655168]], [[132.77700445816185, 33.77981399176954], [132.768, 33.7711], [132.777, 33.7796], [132.77700445816185, 33.77981399176954]], [[132.7638748924521, 33.76179452483379], [132.7629300552486, 33.761181657458565], [132.7637, 33.7614], [132.7638748924521, 33.76179452483379]], [[132.75540168674704, 33.759046746987956], [132.7522, 33.7586], [132.7509588642659, 33.75778684210525], [132.75540168674704, 33.759046746987956]], [[132.75011158021715, 33.757231724969856], [132.7493, 33.7567], [132.7488294532628, 33.7547257495591], [132.75011158021715, 33.757231724969856]], [[132.74823859196462, 33.75224670106892], [132.7447, 33.7374], [132.7486, 33.7495], [132.74823859196462, 33.75224670106892]], [[132.746, 33.7316], [132.7514, 33.7249], [132.75255509535737, 33.72469529955692], [132.746, 33.7316]], [[132.76117177700345, 33.72316829268293], [132.76439533811475, 33.722597028688526], [132.7636, 33.723], [132.76117177700345, 33.72316829268293]], [[132.6178, 33.634], [132.61799436619717, 33.63452816901406], [132.61700990099013, 33.63362574257428], [132.6178, 33.634]], [[132.62393735849056, 33.64787264150943], [132.6235, 33.6477], [132.62336526634908, 33.64736184495454], [132.62393735849056, 33.64787264150943]], [[132.6499101321586, 33.651477973568284], [132.6493, 33.6516], [132.639, 33.6496], [132.6499101321586, 33.651477973568284]], [[132.73059499582985, 33.619172977481234], [132.7286, 33.6176], [132.725, 33.6106], [132.73059499582985, 33.619172977481234]], [[132.7437, 33.6245], [132.7338, 33.6217], [132.73223101868172, 33.62046291857596], [132.7437, 33.6245]], [[132.85723, 33.63245], [132.8571, 33.6326], [132.85509765100676, 33.63313053691273], [132.85723, 33.63245]], [[132.8597232142857, 33.62825357142858], [132.8597, 33.6296], [132.85816363636363, 33.63137272727274], [132.8597232142857, 33.62825357142858]], [[132.85909156626505, 33.622459036144576], [132.8598, 33.6238], [132.85975693606755, 33.626297708082], [132.85909156626505, 33.622459036144576]], [[132.90597617217526, 33.58719246733282], [132.9052, 33.588], [132.90381599785263, 33.58802053415649], [132.90597617217526, 33.58719246733282]], [[132.92574845627658, 33.56585146977261], [132.925, 33.5674], [132.91574320160748, 33.57703081044878], [132.92574845627658, 33.56585146977261]], [[132.92791577698694, 33.56111714116255], [132.9279, 33.5614], [132.9276053475936, 33.562009625668374], [132.92791577698694, 33.56111714116255]], [[132.9094, 33.5175], [132.90866541903986, 33.51556427990232], [132.9099005128205, 33.517927068004454], [132.9094, 33.5175]]], [[[132.6361, 33.8947], [132.6389, 33.8951], [132.6455, 33.8915], [132.6451, 33.8869], [132.642, 33.8863], [132.6384, 33.8903], [132.6361, 33.8947]]], [[[132.5868, 33.9119], [132.5882, 33.9104], [132.5866, 33.9095], [132.5855, 33.9106], [132.5868, 33.9119]]], [[[132.5593, 33.9274], [132.5623, 33.9263], [132.5611, 33.9253], [132.5559, 33.9278], [132.5593, 33.9274]]], [[[132.5295, 33.9257], [132.5216, 33.9291], [132.5177, 33.9273], [132.5154, 33.932], [132.5171, 33.9318], [132.5226, 33.9366], [132.5265, 33.9341], [132.5311, 33.9355], [132.5364, 33.9331], [132.5432, 33.9359], [132.5478, 33.9356], [132.5498, 33.9378], [132.5538, 33.937], [132.5549, 33.9355], [132.5533, 33.9332], [132.5432, 33.9322], [132.5368, 33.9273], [132.5295, 33.9257]]], [[[132.6354, 33.9478], [132.6341, 33.9482], [132.6332, 33.9502], [132.6366, 33.949], [132.637, 33.9477], [132.6354, 33.9478]]], [[[132.5625, 33.9685], [132.5632, 33.9697], [132.5649, 33.9695], [132.5637, 33.9672], [132.5625, 33.9685]]], [[[132.5126, 33.9754], [132.5065, 33.9747], [132.505, 33.9708], [132.4962, 33.9682], [132.493, 33.9646], [132.493, 33.9685], [132.4913, 33.9703], [132.4939, 33.9691], [132.4979, 33.9701], [132.5006, 33.974], [132.4957, 33.9813], [132.5003, 33.9833], [132.5042, 33.9876], [132.5078, 33.9875], [132.5131, 33.9902], [132.5182, 33.9893], [132.5228, 33.9888], [132.5231, 33.9871], [132.5195, 33.9828], [132.5131, 33.9807], [132.5126, 33.9754]]], [[[132.556, 33.9788], [132.5501, 33.9738], [132.5501, 33.9702], [132.5443, 33.9688], [132.5426, 33.9623], [132.541, 33.961], [132.534, 33.9688], [132.5411, 33.9737], [132.5363, 33.9796], [132.5373, 33.982], [132.5348, 33.986], [132.5354, 33.9876], [132.5451, 33.9915], [132.5508, 33.9892], [132.5534, 33.9932], [132.5592, 33.9952], [132.5631, 33.9927], [132.5663, 33.9932], [132.5631, 33.9896], [132.5643, 33.9862], [132.5588, 33.9872], [132.556, 33.9788]]], [[[132.6409, 33.9928], [132.6451, 33.9872], [132.6447, 33.9811], [132.6424, 33.9787], [132.6359, 33.979], [132.6318, 33.9763], [132.6301, 33.9719], [132.633, 33.9691], [132.6419, 33.9702], [132.6421, 33.9635], [132.644, 33.9608], [132.6416, 33.9565], [132.6377, 33.9572], [132.6329, 33.9539], [132.6267, 33.9565], [132.6144, 33.9569], [132.609, 33.9518], [132.6052, 33.9503], [132.6035, 33.9439], [132.6001, 33.9426], [132.5906, 33.9517], [132.5922, 33.954], [132.5916, 33.9574], [132.5793, 33.9676], [132.5794, 33.9698], [132.5861, 33.9694], [132.591, 33.9731], [132.591, 33.9748], [132.6039, 33.9833], [132.6066, 33.9868], [132.6044, 33.9919], [132.6092, 33.995], [132.6094, 33.9929], [132.6144, 33.9918], [132.6222, 33.9925], [132.6261, 33.996], [132.6266, 33.9994], [132.6311, 34.0], [132.6331, 34.0031], [132.6328, 34.0058], [132.6446, 34.0095], [132.6456, 34.0115], [132.6433, 34.0161], [132.6444, 34.0181], [132.6521, 34.0137], [132.6484, 34.0078], [132.6449, 34.0056], [132.6417, 34.0059], [132.6425, 34.0], [132.6402, 33.9979], [132.6409, 33.9928]]], [[[132.519, 33.9947], [132.5207, 33.992], [132.5188, 33.9914], [132.5181, 33.9929], [132.519, 33.9947]]], [[[132.596, 34.0313], [132.5945, 34.0283], [132.5945, 34.0265], [132.5887, 34.0243], [132.5868, 34.0259], [132.5914, 34.03], [132.596, 34.0313]]], [[[132.6017, 34.0382], [132.603, 34.0365], [132.5994, 34.0352], [132.5994, 34.0372], [132.6017, 34.0382]]], [[[132.6909, 33.9137], [132.6938, 33.9056], [132.693, 33.9043], [132.6876, 33.9036], [132.6841, 33.9013], [132.6783, 33.903], [132.6743, 33.9006], [132.673, 33.8959], [132.6728, 33.893], [132.6749, 33.8896], [132.6831, 33.8853], [132.6813, 33.8841], [132.6817, 33.8806], [132.6896, 33.8757], [132.6708, 33.8743], [132.6684, 33.8703], [132.6639, 33.8725], [132.6614, 33.8772], [132.6651, 33.8821], [132.666, 33.8901], [132.6672, 33.8936], [132.6691, 33.8945], [132.6684, 33.8973], [132.6662, 33.9008], [132.6615, 33.903], [132.6548, 33.8989], [132.6533, 33.9], [132.6577, 33.9033], [132.6606, 33.9103], [132.6722, 33.9089], [132.6779, 33.91], [132.6803, 33.9128], [132.6797, 33.9217], [132.6889, 33.9217], [132.6919, 33.9265], [132.6945, 33.9251], [132.6992, 33.9266], [132.7026, 33.9258], [132.7015, 33.9226], [132.6991, 33.9233], [132.6956, 33.9217], [132.6941, 33.9151], [132.6909, 33.9137]]], [[[132.6562, 33.9509], [132.6498, 33.9569], [132.6487, 33.9615], [132.6525, 33.9673], [132.6594, 33.9699], [132.6601, 33.9734], [132.6616, 33.9741], [132.6729, 33.9691], [132.6725, 33.9605], [132.6751, 33.9541], [132.6748, 33.953], [132.6676, 33.9566], [132.6644, 33.9559], [132.6616, 33.9517], [132.6562, 33.9509]]], [[[132.6867, 33.9678], [132.6833, 33.9694], [132.6828, 33.9731], [132.687, 33.9719], [132.6894, 33.9736], [132.6884, 33.9754], [132.6865, 33.9744], [132.6875, 33.9769], [132.6904, 33.9759], [132.6939, 33.9753], [132.6932, 33.9724], [132.6971, 33.9655], [132.6867, 33.9647], [132.6867, 33.9678]]], [[[132.7625, 33.9746], [132.7665, 33.9754], [132.7661, 33.9724], [132.7632, 33.9721], [132.7625, 33.9746]]], [[[132.726, 34.0519], [132.7274, 34.0513], [132.7266, 34.0487], [132.7245, 34.0494], [132.726, 34.0519]]], [[[132.7053, 34.0725], [132.7103, 34.0729], [132.7125, 34.0703], [132.7109, 34.0688], [132.7065, 34.0696], [132.7025, 34.065], [132.7017, 34.0658], [132.7053, 34.0725]]]]}}, {"type": "Feature", "properties": {"metro_id": "JPM14", "metro_name": "Utsunomiya MA", "n_members": 21, "n_missing": 0, "n_prefs": 1, "prefs": "Tochigi"}, "geometry": {"type": "Polygon", "coordinates": [[[139.88, 36.3107], [139.8537, 36.3085], [139.8399, 36.2924], [139.8413, 36.2699], [139.8348, 36.2612], [139.8321, 36.25], [139.8257, 36.2389], [139.7954, 36.227], [139.7929, 36.2419], [139.7903, 36.2449], [139.7862, 36.2443], [139.7836, 36.2366], [139.777, 36.2358], [139.7668, 36.2399], [139.7503, 36.24], [139.7482, 36.2428], [139.7473, 36.2498], [139.7404, 36.2512], [139.7217, 36.2412], [139.7169, 36.2369], [139.7135, 36.2289], [139.71, 36.2268], [139.699, 36.2235], [139.6963, 36.2284], [139.6959, 36.2352], [139.6989, 36.2452], [139.7129, 36.2501], [139.7324, 36.2616], [139.7302, 36.2716], [139.7335, 36.2845], [139.7278, 36.298], [139.7288, 36.3004], [139.7349, 36.3044], [139.7373, 36.317], [139.746, 36.3206], [139.7506, 36.3244], [139.7547, 36.3399], [139.7667, 36.3498], [139.7525, 36.3529], [139.7368, 36.3635], [139.7322, 36.3644], [139.7155, 36.3617], [139.7055, 36.3557], [139.6992, 36.3567], [139.6891, 36.3619], [139.6805, 36.3568], [139.6703, 36.3565], [139.6649, 36.3593], [139.652, 36.3825], [139.6321, 36.3832], [139.6377, 36.3902], [139.6435, 36.4027], [139.6436, 36.4167], [139.6397, 36.432], [139.6187, 36.4497], [139.5992, 36.4603], [139.5898, 36.4679], [139.5705, 36.4919], [139.5504, 36.5081], [139.5387, 36.5211], [139.5329, 36.5346], [139.5169, 36.5607], [139.496, 36.576], [139.4903, 36.5782], [139.4835, 36.5785], [139.4781, 36.5864], [139.4756, 36.5965], [139.468, 36.6031], [139.4613, 36.6016], [139.4578, 36.6009], [139.4462, 36.6028], [139.4368, 36.5986], [139.4249, 36.6004], [139.4151, 36.6047], [139.406, 36.6004], [139.3958, 36.6028], [139.3861, 36.6089], [139.375, 36.6088], [139.3542, 36.6134], [139.3491, 36.6225], [139.3313, 36.6306], [139.3332, 36.6407], [139.3309, 36.6513], [139.342, 36.6766], [139.3404, 36.6867], [139.3563, 36.7016], [139.3704, 36.7228], [139.3702, 36.7333], [139.3673, 36.7446], [139.3581, 36.7498], [139.355, 36.7594], [139.3563, 36.7705], [139.3652, 36.7752], [139.3801, 36.7883], [139.3806, 36.7988], [139.3902, 36.802], [139.3948, 36.8118], [139.4038, 36.8183], [139.408, 36.8281], [139.375, 36.837], [139.3666, 36.8443], [139.3559, 36.846], [139.3644, 36.8717], [139.375, 36.8869], [139.3829, 36.8948], [139.3855, 36.9088], [139.413, 36.924], [139.4235, 36.921], [139.4334, 36.9265], [139.438, 36.9358], [139.445, 36.9444], [139.4555, 36.9473], [139.4691, 36.968], [139.4904, 36.9697], [139.5, 36.9653], [139.5096, 36.9683], [139.518, 36.9746], [139.5273, 36.9784], [139.5379, 36.9778], [139.546, 36.9846], [139.5748, 36.9982], [139.5845, 37.0081], [139.6053, 37.0122], [139.6164, 37.0118], [139.625, 37.0187], [139.6281, 37.0295], [139.6477, 37.0331], [139.6578, 37.037], [139.6682, 37.0374], [139.6815, 37.0544], [139.6925, 37.058], [139.7033, 37.0564], [139.7217, 37.0664], [139.7571, 37.0706], [139.7674, 37.0756], [139.7757, 37.0833], [139.7854, 37.0867], [139.7957, 37.0866], [139.8065, 37.0834], [139.8214, 37.0889], [139.8233, 37.0897], [139.8235, 37.1004], [139.8197, 37.1108], [139.8241, 37.1198], [139.8327, 37.1265], [139.8517, 37.1357], [139.8619, 37.1364], [139.8696, 37.1442], [139.8819, 37.1439], [139.9018, 37.1505], [139.9119, 37.1454], [139.9537, 37.1512], [139.9645, 37.1502], [139.9661, 37.1495], [139.957, 37.139], [139.9483, 37.135], [139.9402, 37.1334], [139.9351, 37.1302], [139.9302, 37.1206], [139.9373, 37.1068], [139.9482, 37.0948], [139.9484, 37.0828], [139.9455, 37.0692], [139.9488, 37.053], [139.952, 37.0476], [139.9605, 37.0423], [139.9775, 37.0406], [140.0056, 37.0248], [140.0137, 37.0091], [140.0301, 36.9914], [140.0468, 36.9778], [140.0636, 36.9712], [140.0747, 36.9644], [140.0804, 36.9641], [140.0828, 36.9661], [140.078, 36.9773], [140.0784, 36.9823], [140.081, 36.9848], [140.0846, 36.9847], [140.1001, 36.974], [140.1106, 36.9715], [140.1146, 36.9742], [140.118, 36.9804], [140.1251, 36.9846], [140.1293, 36.9851], [140.1355, 36.9829], [140.1382, 36.9799], [140.1392, 36.9639], [140.1208, 36.9543], [140.1159, 36.94], [140.1107, 36.9342], [140.1109, 36.9246], [140.1158, 36.9168], [140.1193, 36.9145], [140.1254, 36.9142], [140.129, 36.9158], [140.1361, 36.9304], [140.139, 36.933], [140.1576, 36.9375], [140.1702, 36.9439], [140.2032, 36.9448], [140.2206, 36.9376], [140.2288, 36.9371], [140.2373, 36.9397], [140.2445, 36.9465], [140.2511, 36.9386], [140.2607, 36.9337], [140.2517, 36.9183], [140.2522, 36.9051], [140.2569, 36.8842], [140.2578, 36.8633], [140.2561, 36.8527], [140.265, 36.8342], [140.2688, 36.8231], [140.2701, 36.8123], [140.2681, 36.8021], [140.2683, 36.7918], [140.2607, 36.7781], [140.2581, 36.77], [140.2587, 36.7593], [140.2625, 36.7499], [140.2882, 36.7282], [140.2905, 36.7183], [140.2857, 36.7054], [140.2745, 36.7037], [140.2646, 36.6983], [140.2498, 36.699], [140.2376, 36.6968], [140.2234, 36.6812], [140.2243, 36.675], [140.2248, 36.6712], [140.2348, 36.6666], [140.2362, 36.656], [140.2438, 36.6411], [140.2394, 36.6312], [140.2408, 36.6285], [140.2474, 36.6156], [140.2522, 36.6013], [140.248, 36.5743], [140.2526, 36.5472], [140.2513, 36.5373], [140.2533, 36.5273], [140.2505, 36.5114], [140.2447, 36.4999], [140.234, 36.4934], [140.2308, 36.4837], [140.2224, 36.4773], [140.2163, 36.4692], [140.2066, 36.4513], [140.2079, 36.4402], [140.2053, 36.4296], [140.2056, 36.4166], [140.1958, 36.4033], [140.1884, 36.3951], [140.1617, 36.3949], [140.1538, 36.4017], [140.1475, 36.4109], [140.1397, 36.4113], [140.125, 36.41], [140.1152, 36.4053], [140.1144, 36.3951], [140.104, 36.3909], [140.0962, 36.3979], [140.0733, 36.4005], [140.0697, 36.4007], [140.0708, 36.3897], [140.066, 36.3787], [140.0565, 36.3937], [140.0505, 36.3996], [140.0282, 36.4023], [140.0101, 36.4175], [140.0023, 36.4148], [139.9905, 36.4073], [139.9703, 36.387], [139.9662, 36.3869], [139.954, 36.3909], [139.9387, 36.3983], [139.9232, 36.3744], [139.9165, 36.3571], [139.9205, 36.3349], [139.9174, 36.3332], [139.9112, 36.297], [139.8926, 36.3076], [139.88, 36.3107]], [[140.1055, 36.9388], [140.10445671714703, 36.93877254518808], [140.1107, 36.9342], [140.1055, 36.9388]], [[139.7753617485225, 36.900246545751166], [139.7753, 36.9039], [139.7744, 36.9133], [139.77414226203808, 36.91373263157897], [139.7753617485225, 36.900246545751166]], [[139.7967, 36.9056], [139.8111, 36.9134], [139.79648018170295, 36.9055504331291], [139.7967, 36.9056]], [[139.837399973631, 36.9219055902259], [139.8371, 36.9223], [139.8222, 36.922], [139.837399973631, 36.9219055902259]], [[139.9038, 36.8835], [139.8895, 36.8914], [139.88727347868092, 36.89235675451907], [139.9038, 36.8835]], [[139.95033523956727, 36.729269860896444], [139.9515, 36.7291], [139.95233733333333, 36.72939306666667], [139.95033523956727, 36.729269860896444]], [[139.92774376434585, 36.726159143075755], [139.929, 36.7269], [139.9323, 36.7319], [139.92774376434585, 36.726159143075755]], [[139.92155763779527, 36.724665196850395], [139.9251, 36.7246], [139.9266033519553, 36.72548659217877], [139.92155763779527, 36.724665196850395]], [[139.9377334565619, 36.704297042513886], [139.9363, 36.7057], [139.9354283595922, 36.70617405004633], [139.9377334565619, 36.704297042513886]], [[140.01304638497652, 36.52398], [140.0131, 36.5354], [140.01281824059893, 36.5361286881062], [140.01304638497652, 36.52398]], [[140.01269780608635, 36.51372845010617], [140.013, 36.5141], [140.01300418910833, 36.51499228007178], [140.01269780608635, 36.51372845010617]], [[140.0048, 36.5019], [140.00499527027026, 36.50114554668301], [140.00569429967427, 36.503147312703604], [140.0048, 36.5019]], [[139.9883, 36.5023], [139.97924210298572, 36.50141038511467], [140.0048, 36.5019], [139.9883, 36.5023]], [[139.9771, 36.5012], [139.9727, 36.4993], [139.97249648586708, 36.49871489686784], [139.97857192353644, 36.50134456391876], [139.9771, 36.5012]], [[139.96626189541732, 36.45673678864136], [139.9666, 36.4571], [139.9706, 36.4738], [139.96626189541732, 36.45673678864136]], [[139.9513, 36.4416], [139.9493293409658, 36.438546866285016], [139.96120332625614, 36.451302583156355], [139.9513, 36.4416]], [[139.9442, 36.4306], [139.94408888888887, 36.42953333333329], [139.94499320920048, 36.4318289156627], [139.9442, 36.4306]], [[139.633, 36.4801], [139.63279155313353, 36.4797689373297], [139.63415486725663, 36.48029911504425], [139.633, 36.4801]], [[139.703, 36.4307], [139.7085, 36.4198], [139.7327, 36.4172], [139.7451, 36.4135], [139.7497, 36.4066], [139.7548, 36.4025], [139.7611, 36.4018], [139.7636, 36.4036], [139.7606, 36.4142], [139.7615, 36.4191], [139.7782, 36.4217], [139.7848, 36.4246], [139.781, 36.4376], [139.7656, 36.4473], [139.7663, 36.4647], [139.7428, 36.4843], [139.7378, 36.4847], [139.7104, 36.4804], [139.6823, 36.4916], [139.6769, 36.4922], [139.6535, 36.4863], [139.6475, 36.4826], [139.6607, 36.4641], [139.703, 36.4307]], [[139.81620677342565, 36.50411672798095], [139.8013, 36.5016], [139.8155, 36.5034], [139.81620677342565, 36.50411672798095]], [[139.8385, 36.5013], [139.83810774526677, 36.50152943201378], [139.83859005235604, 36.5010270287958], [139.8385, 36.5013]], [[139.8725, 36.4764], [139.8637, 36.4752], [139.87337461716936, 36.47586394431555], [139.8725, 36.4764]], [[139.8756, 36.4745], [139.87426611694153, 36.47531754122939], [139.8764955423477, 36.47177072808322], [139.8756, 36.4745]], [[139.9121, 36.4842], [139.9096, 36.4808], [139.91335555555554, 36.48480048309178], [139.9121, 36.4842]], [[139.9167, 36.4864], [139.91531309012876, 36.48573669527897], [139.9233, 36.486], [139.9167, 36.4864]], [[139.79344242424241, 36.37270606060606], [139.8039, 36.3742], [139.7942, 36.3731], [139.79344242424241, 36.37270606060606]], [[139.83381934065935, 36.404614285714274], [139.8343, 36.405], [139.835, 36.4238], [139.83381934065935, 36.404614285714274]], [[139.84894306049824, 36.46275348754449], [139.8494, 36.4631], [139.84935580541534, 36.464032996787495], [139.84894306049824, 36.46275348754449]], [[139.87235164414173, 36.45258556454188], [139.8722, 36.4524], [139.8769, 36.4337], [139.87235164414173, 36.45258556454188]], [[139.8202, 36.3725], [139.8458, 36.3596], [139.81983936548667, 36.37292319356155], [139.8202, 36.3725]], [[139.8074, 36.3915], [139.80781312056737, 36.391252127659584], [139.8018, 36.4058], [139.8074, 36.3915]], [[139.49615435056754, 36.6250913619168], [139.505266367713, 36.62827107623318], [139.4978, 36.6259], [139.49615435056754, 36.6250913619168]], [[139.5126206445586, 36.63083741242409], [139.5128, 36.6309], [139.51265256410255, 36.631204487179495], [139.5126206445586, 36.63083741242409]], [[139.4994, 36.66106320754718], [139.5203, 36.6794], [139.4994, 36.6617], [139.4994, 36.66106320754718]], [[139.5347, 36.7102], [139.56130321027288, 36.71386276083467], [139.5608, 36.714], [139.5347, 36.7102]], [[139.58943805227423, 36.66534889777694], [139.5901, 36.6642], [139.5955498894853, 36.660377328702246], [139.58943805227423, 36.66534889777694]], [[139.6067378511833, 36.65252984845909], [139.6112, 36.6494], [139.61696980376456, 36.64656483780534], [139.6067378511833, 36.65252984845909]], [[139.6305602621876, 36.63988676771815], [139.6344, 36.638], [139.63689190439476, 36.63756391673092], [139.6305602621876, 36.63988676771815]], [[139.6531096469418, 36.63825897563401], [139.6440622516556, 36.636309105960265], [139.6464, 36.6359], [139.6529, 36.638], [139.6531096469418, 36.63825897563401]], [[139.6545375000001, 36.64002279411778], [139.6563, 36.6422], [139.6568667202572, 36.64326543408356], [139.6545375000001, 36.64002279411778]], [[139.65847391304348, 36.64628695652173], [139.6588, 36.6469], [139.6586166666667, 36.648], [139.65847391304348, 36.64628695652173]], [[139.65842614107885, 36.64914315352698], [139.6583, 36.6499], [139.6499, 36.6536], [139.65842614107885, 36.64914315352698]], [[139.6476774498229, 36.656533766233764], [139.6502, 36.6627], [139.6474, 36.6569], [139.6476774498229, 36.656533766233764]], [[139.70472445316884, 36.66013617498598], [139.70820023923446, 36.65902392344498], [139.7058, 36.6603], [139.70472445316884, 36.66013617498598]], [[139.71254133333335, 36.656715999999996], [139.7150254847645, 36.65392132963994], [139.7137, 36.6561], [139.71254133333335, 36.656715999999996]], [[139.72163122750902, 36.64306361455415], [139.72251704381318, 36.641065816080896], [139.7224, 36.6418], [139.72163122750902, 36.64306361455415]], [[139.7235, 36.6349], [139.7202, 36.6252], [139.72031439501276, 36.62452402947012], [139.7235, 36.6349]], [[139.7694, 36.5876], [139.76987774647887, 36.58764507042254], [139.76916924413553, 36.58784187662902], [139.7694, 36.5876]], [[139.7795756232687, 36.59896537396122], [139.7792, 36.5991], [139.7768, 36.5973], [139.7795756232687, 36.59896537396122]], [[139.80263978972906, 36.5901339668419], [139.8018, 36.591], [139.78609614561023, 36.59662837259102], [139.80263978972906, 36.5901339668419]], [[139.8046551020408, 36.58665204081631], [139.805, 36.5877], [139.80425045045044, 36.58847297297297], [139.8046551020408, 36.58665204081631]], [[139.802, 36.5772], [139.8024, 36.576364912280674], [139.8024, 36.57845714285718], [139.802, 36.5772]], [[139.8265432150313, 36.56081858037578], [139.8259, 36.561], [139.8151, 36.5594], [139.8265432150313, 36.56081858037578]], [[139.82993195219123, 36.55922557768923], [139.8298, 36.5599], [139.828006, 36.560406], [139.82993195219123, 36.55922557768923]], [[139.83013384271337, 36.55409836004469], [139.8307, 36.5553], [139.83025216693417, 36.55758892455865], [139.83013384271337, 36.55409836004469]], [[139.81105575243328, 36.74247689044171], [139.8143, 36.7412], [139.81905953488368, 36.74006006201551], [139.81105575243328, 36.74247689044171]], [[139.74336002190583, 36.76853767798467], [139.7435, 36.7679], [139.74472982678498, 36.76764203633291], [139.74336002190583, 36.76853767798467]], [[139.7406, 36.8396], [139.7337, 36.832], [139.73365726256984, 36.83126871508379], [139.7406, 36.8396]], [[139.7759, 36.8684], [139.7758, 36.874316666666665], [139.7758, 36.86798666666665], [139.7759, 36.8684]], [[139.9211, 36.7373], [139.92244424440807, 36.736651882160395], [139.9153, 36.7458], [139.9211, 36.7373]], [[140.10154759358286, 36.93837379679143], [140.10222777777778, 36.938713888888884], [140.1017, 36.9387], [140.10154759358286, 36.93837379679143]], [[140.0932, 36.9234], [140.09370114170582, 36.9243106111484], [140.09259752233956, 36.9232595450853], [140.0932, 36.9234]], [[140.0769, 36.9196], [140.08141111111107, 36.920651670074975], [140.0762339980701, 36.9197305886137], [140.0769, 36.9196]], [[140.0718, 36.9206], [140.07448952270082, 36.92007264260768], [140.0703065934066, 36.92202917405176], [140.0718, 36.9206]], [[140.03947684824902, 36.927488910505836], [140.0433, 36.9274], [140.0397, 36.9277], [140.03947684824902, 36.927488910505836]], [[140.00919807692307, 36.901498076923076], [140.01023309859156, 36.90253309859155], [140.0094, 36.9024], [140.00919807692307, 36.901498076923076]], [[140.0165, 36.8458], [140.0153, 36.8487], [140.01608510638297, 36.84538510638297], [140.0165, 36.8458]], [[140.0143, 36.8436], [140.015, 36.8443], [140.01362333333333, 36.84361166666667], [140.0143, 36.8436]], [[140.0085, 36.8437], [140.0116320998279, 36.84364599827883], [139.996, 36.8476], [140.0085, 36.8437]], [[139.9747, 36.8413], [139.9846, 36.8413], [139.97393885983263, 36.84185143828452], [139.9747, 36.8413]], [[140.01971339449543, 36.585625871559635], [140.0184264800861, 36.585656512378904], [140.019, 36.5853], [140.01971339449543, 36.585625871559635]], [[140.0762, 36.6177], [140.0753598130841, 36.61648317757008], [140.0772709090909, 36.61807575757577], [140.0762, 36.6177]], [[140.0819, 36.6197], [140.08052306855276, 36.61921686615887], [140.08361649484536, 36.618384020618564], [140.0819, 36.6197]], [[140.0849, 36.6174], [140.08449769512836, 36.61770843373493], [140.088, 36.609], [140.0849, 36.6174]], [[140.08167579020494, 36.53380479333104], [140.0899, 36.549], [140.08995620501008, 36.54996778001729], [140.0835, 36.5389], [140.08167579020494, 36.53380479333104]], [[140.0794, 36.5296], [140.07964925816023, 36.530060534124615], [140.07911603053435, 36.52964580152672], [140.0794, 36.5296]], [[140.15937820448875, 36.532831371571056], [140.1467, 36.5246], [140.1589, 36.5321], [140.15937820448875, 36.532831371571056]], [[140.1593995478523, 36.53584709871892], [140.15997701863353, 36.533747204968954], [140.1606, 36.5347], [140.1593995478523, 36.53584709871892]], [[140.1485, 36.5417], [140.15700355029588, 36.53813660749506], [140.1561, 36.539], [140.1485, 36.5417]], [[140.14259620615607, 36.547080672870436], [140.1434, 36.5456], [140.1485, 36.5417], [140.14259620615607, 36.547080672870436]], [[140.1396, 36.5526], [140.14048501628665, 36.550969706840384], [140.1398, 36.5633], [140.1396, 36.5526]], [[140.1358, 36.6061], [140.13629734121122, 36.60557577548005], [140.13595376344085, 36.606421505376346], [140.1358, 36.6061]], [[140.1369, 36.6084], [140.1363024279211, 36.60715053110774], [140.13977307286166, 36.609571911298836], [140.1369, 36.6084]], [[140.1445, 36.6115], [140.14081287128712, 36.60999603960396], [140.14630534829976, 36.61150647078244], [140.1445, 36.6115]], [[140.1724, 36.6116], [140.17225829787233, 36.611599492107075], [140.175, 36.6093], [140.1724, 36.6116]], [[140.19953354037267, 36.587575155279495], [140.19915092250923, 36.58728819188192], [140.1994, 36.5871], [140.19953354037267, 36.587575155279495]], [[140.2011, 36.5949], [140.20103732833957, 36.592925842696616], [140.2037, 36.6024], [140.2011, 36.5949]], [[140.01157043343653, 36.488646749226], [140.012, 36.4882], [140.01346447552447, 36.488137902097904], [140.01157043343653, 36.488646749226]], [[140.04460029325512, 36.488970967741935], [140.0451, 36.4892], [140.0507, 36.5026], [140.04460029325512, 36.488970967741935]], [[140.15603304405877, 36.48336582109473], [140.156, 36.4835], [140.15584624553034, 36.4837556615019], [140.15603304405877, 36.48336582109473]], [[140.16679645237585, 36.44820247258651], [140.1673, 36.4514], [140.1658, 36.4597], [140.16679645237585, 36.44820247258651]], [[140.03306666666666, 36.67753333333333], [140.031975, 36.678625000000025], [140.0323, 36.6779], [140.03306666666666, 36.67753333333333]], [[140.03173272727278, 36.679165454545306], [140.02981767388826, 36.68449429874571], [140.0297, 36.6837], [140.03173272727278, 36.679165454545306]], [[140.02995698924732, 36.685434677419366], [140.03476564774374, 36.68994279475977], [140.0301, 36.6864], [140.02995698924732, 36.685434677419366]], [[140.0726, 36.7665], [140.0835, 36.7507], [140.0928, 36.7373], [140.09305054195804, 36.737214029720285], [140.0726, 36.7665]], [[140.09851200000017, 36.735339999999944], [140.103, 36.7338], [140.103690376569, 36.733721757322186], [140.09851200000017, 36.735339999999944]], [[140.17039540059346, 36.69363167655789], [140.1712, 36.6899], [140.17483106796115, 36.68451391585761], [140.17039540059346, 36.69363167655789]], [[140.17685277777778, 36.6815150462963], [140.1772, 36.681], [140.17890504871568, 36.68093356953055], [140.17685277777778, 36.6815150462963]], [[140.208, 36.6798], [140.2183, 36.6737], [140.21902368168745, 36.673856797698946], [140.208, 36.6798]], [[140.1393421227387, 36.62082813144035], [140.1377, 36.6218], [140.1093, 36.6215], [140.1393421227387, 36.62082813144035]], [[140.0165, 36.779], [140.0177680672269, 36.777959534583054], [140.008, 36.7897], [140.0165, 36.779]], [[140.0282, 36.7694], [140.02910232558142, 36.76917441860464], [140.0277022368421, 36.76980842105264], [140.0282, 36.7694]], [[140.0354, 36.7676], [140.03550048504448, 36.767680032336294], [140.03516842105265, 36.76765789473684], [140.0354, 36.7676]], [[140.047, 36.7869], [140.0455, 36.7841], [140.0478832844575, 36.78692463343109], [140.047, 36.7869]], [[140.0825, 36.7946], [140.08227754010696, 36.79445026737969], [140.08339867841408, 36.79456828193833], [140.0825, 36.7946]]]}}]}